t,omega_ref_rpm,omega_rpm,iq_ref,iq,Te,T_L
0.0,0.0,0.0,0.0,0.0,0.0,0.0
0.001,0.0,0.0,0.0,0.0,0.0,0.0
0.002,0.0,0.0,0.0,0.0,0.0,0.0
0.003,0.0,0.0,0.0,0.0,0.0,0.0
0.004,0.0,0.0,0.0,0.0,0.0,0.0
0.005,0.0,0.0,0.0,0.0,0.0,0.0
0.006,0.0,0.0,0.0,0.0,0.0,0.0
0.007,0.0,0.0,0.0,0.0,0.0,0.0
0.008,0.0,0.0,0.0,0.0,0.0,0.0
0.009000000000000001,0.0,0.0,0.0,0.0,0.0,0.0
0.010000000000000002,0.0,0.0,0.0,0.0,0.0,0.0
0.011000000000000003,0.0,0.0,0.0,0.0,0.0,0.0
0.012000000000000004,0.0,0.0,0.0,0.0,0.0,0.0
0.013000000000000005,0.0,0.0,0.0,0.0,0.0,0.0
0.014000000000000005,0.0,0.0,0.0,0.0,0.0,0.0
0.015000000000000006,0.0,0.0,0.0,0.0,0.0,0.0
0.016000000000000007,0.0,0.0,0.0,0.0,0.0,0.0
0.017000000000000008,0.0,0.0,0.0,0.0,0.0,0.0
0.01800000000000001,0.0,0.0,0.0,0.0,0.0,0.0
0.01900000000000001,0.0,0.0,0.0,0.0,0.0,0.0
0.02000000000000001,0.0,0.0,0.0,0.0,0.0,0.0
0.02100000000000001,0.0,0.0,0.0,0.0,0.0,0.0
0.022000000000000013,0.0,0.0,0.0,0.0,0.0,0.0
0.023000000000000013,0.0,0.0,0.0,0.0,0.0,0.0
0.024000000000000014,0.0,0.0,0.0,0.0,0.0,0.0
0.025000000000000015,0.0,0.0,0.0,0.0,0.0,0.0
0.026000000000000016,0.0,0.0,0.0,0.0,0.0,0.0
0.027000000000000017,0.0,0.0,0.0,0.0,0.0,0.0
0.028000000000000018,0.0,0.0,0.0,0.0,0.0,0.0
0.02900000000000002,0.0,0.0,0.0,0.0,0.0,0.0
0.03000000000000002,0.0,0.0,0.0,0.0,0.0,0.0
0.03100000000000002,0.0,0.0,0.0,0.0,0.0,0.0
0.03200000000000002,0.0,0.0,0.0,0.0,0.0,0.0
0.03300000000000002,0.0,0.0,0.0,0.0,0.0,0.0
0.03400000000000002,0.0,0.0,0.0,0.0,0.0,0.0
0.035000000000000024,0.0,0.0,0.0,0.0,0.0,0.0
0.036000000000000025,0.0,0.0,0.0,0.0,0.0,0.0
0.037000000000000026,0.0,0.0,0.0,0.0,0.0,0.0
0.03800000000000003,0.0,0.0,0.0,0.0,0.0,0.0
0.03900000000000003,0.0,0.0,0.0,0.0,0.0,0.0
0.04000000000000003,0.0,0.0,0.0,0.0,0.0,0.0
0.04100000000000003,0.0,0.0,0.0,0.0,0.0,0.0
0.04200000000000003,0.0,0.0,0.0,0.0,0.0,0.0
0.04300000000000003,0.0,0.0,0.0,0.0,0.0,0.0
0.04400000000000003,0.0,0.0,0.0,0.0,0.0,0.0
0.04500000000000003,0.0,0.0,0.0,0.0,0.0,0.0
0.046000000000000034,0.0,0.0,0.0,0.0,0.0,0.0
0.047000000000000035,0.0,0.0,0.0,0.0,0.0,0.0
0.048000000000000036,0.0,0.0,0.0,0.0,0.0,0.0
0.04900000000000004,0.0,0.0,0.0,0.0,0.0,0.0
0.05000000000000004,0.0,0.0,0.0,0.0,0.0,0.0
0.05100000000000004,0.0,0.0,0.0,0.0,0.0,0.0
0.05200000000000004,0.0,0.0,0.0,0.0,0.0,0.0
0.05300000000000004,0.0,0.0,0.0,0.0,0.0,0.0
0.05400000000000004,0.0,0.0,0.0,0.0,0.0,0.0
0.05500000000000004,0.0,0.0,0.0,0.0,0.0,0.0
0.05600000000000004,0.0,0.0,0.0,0.0,0.0,0.0
0.057000000000000044,0.0,0.0,0.0,0.0,0.0,0.0
0.058000000000000045,0.0,0.0,0.0,0.0,0.0,0.0
0.059000000000000045,0.0,0.0,0.0,0.0,0.0,0.0
0.060000000000000046,0.0,0.0,0.0,0.0,0.0,0.0
0.06100000000000005,0.0,0.0,0.0,0.0,0.0,0.0
0.06200000000000005,0.0,0.0,0.0,0.0,0.0,0.0
0.06300000000000004,0.0,0.0,0.0,0.0,0.0,0.0
0.06400000000000004,0.0,0.0,0.0,0.0,0.0,0.0
0.06500000000000004,0.0,0.0,0.0,0.0,0.0,0.0
0.06600000000000004,0.0,0.0,0.0,0.0,0.0,0.0
0.06700000000000005,0.0,0.0,0.0,0.0,0.0,0.0
0.06800000000000005,0.0,0.0,0.0,0.0,0.0,0.0
0.06900000000000005,0.0,0.0,0.0,0.0,0.0,0.0
0.07000000000000005,0.0,0.0,0.0,0.0,0.0,0.0
0.07100000000000005,0.0,0.0,0.0,0.0,0.0,0.0
0.07200000000000005,0.0,0.0,0.0,0.0,0.0,0.0
0.07300000000000005,0.0,0.0,0.0,0.0,0.0,0.0
0.07400000000000005,0.0,0.0,0.0,0.0,0.0,0.0
0.07500000000000005,0.0,0.0,0.0,0.0,0.0,0.0
0.07600000000000005,0.0,0.0,0.0,0.0,0.0,0.0
0.07700000000000005,0.0,0.0,0.0,0.0,0.0,0.0
0.07800000000000006,0.0,0.0,0.0,0.0,0.0,0.0
0.07900000000000006,0.0,0.0,0.0,0.0,0.0,0.0
0.08000000000000006,0.0,0.0,0.0,0.0,0.0,0.0
0.08100000000000006,0.0,0.0,0.0,0.0,0.0,0.0
0.08200000000000006,0.0,0.0,0.0,0.0,0.0,0.0
0.08300000000000006,0.0,0.0,0.0,0.0,0.0,0.0
0.08400000000000006,0.0,0.0,0.0,0.0,0.0,0.0
0.08500000000000006,0.0,0.0,0.0,0.0,0.0,0.0
0.08600000000000006,0.0,0.0,0.0,0.0,0.0,0.0
0.08700000000000006,0.0,0.0,0.0,0.0,0.0,0.0
0.08800000000000006,0.0,0.0,0.0,0.0,0.0,0.0
0.08900000000000007,0.0,0.0,0.0,0.0,0.0,0.0
0.09000000000000007,0.0,0.0,0.0,0.0,0.0,0.0
0.09100000000000007,0.0,0.0,0.0,0.0,0.0,0.0
0.09200000000000007,0.0,0.0,0.0,0.0,0.0,0.0
0.09300000000000007,0.0,0.0,0.0,0.0,0.0,0.0
0.09400000000000007,0.0,0.0,0.0,0.0,0.0,0.0
0.09500000000000007,0.0,0.0,0.0,0.0,0.0,0.0
0.09600000000000007,0.0,0.0,0.0,0.0,0.0,0.0
0.09700000000000007,0.0,0.0,0.0,0.0,0.0,0.0
0.09800000000000007,0.0,0.0,0.0,0.0,0.0,0.0
0.09900000000000007,0.0,0.0,0.0,0.0,0.0,0.0
0.10000000000000007,0.0,0.0,0.0,0.0,0.0,0.0
0.10100000000000008,0.0,0.0,0.0,0.0,0.0,0.0
0.10200000000000008,0.0,0.0,0.0,0.0,0.0,0.0
0.10300000000000008,0.0,0.0,0.0,0.0,0.0,0.0
0.10400000000000008,0.0,0.0,0.0,0.0,0.0,0.0
0.10500000000000008,0.0,0.0,0.0,0.0,0.0,0.0
0.10600000000000008,0.0,0.0,0.0,0.0,0.0,0.0
0.10700000000000008,0.0,0.0,0.0,0.0,0.0,0.0
0.10800000000000008,0.0,0.0,0.0,0.0,0.0,0.0
0.10900000000000008,0.0,0.0,0.0,0.0,0.0,0.0
0.11000000000000008,0.0,0.0,0.0,0.0,0.0,0.0
0.11100000000000008,0.0,0.0,0.0,0.0,0.0,0.0
0.11200000000000009,0.0,0.0,0.0,0.0,0.0,0.0
0.11300000000000009,0.0,0.0,0.0,0.0,0.0,0.0
0.11400000000000009,0.0,0.0,0.0,0.0,0.0,0.0
0.11500000000000009,0.0,0.0,0.0,0.0,0.0,0.0
0.11600000000000009,0.0,0.0,0.0,0.0,0.0,0.0
0.11700000000000009,0.0,0.0,0.0,0.0,0.0,0.0
0.11800000000000009,0.0,0.0,0.0,0.0,0.0,0.0
0.11900000000000009,0.0,0.0,0.0,0.0,0.0,0.0
0.12000000000000009,0.0,0.0,0.0,0.0,0.0,0.0
0.1210000000000001,0.0,0.0,0.0,0.0,0.0,0.0
0.1220000000000001,0.0,0.0,0.0,0.0,0.0,0.0
0.1230000000000001,0.0,0.0,0.0,0.0,0.0,0.0
0.1240000000000001,0.0,0.0,0.0,0.0,0.0,0.0
0.12500000000000008,0.0,0.0,0.0,0.0,0.0,0.0
0.12600000000000008,0.0,0.0,0.0,0.0,0.0,0.0
0.12700000000000009,0.0,0.0,0.0,0.0,0.0,0.0
0.12800000000000009,0.0,0.0,0.0,0.0,0.0,0.0
0.1290000000000001,0.0,0.0,0.0,0.0,0.0,0.0
0.1300000000000001,0.0,0.0,0.0,0.0,0.0,0.0
0.1310000000000001,0.0,0.0,0.0,0.0,0.0,0.0
0.1320000000000001,0.0,0.0,0.0,0.0,0.0,0.0
0.1330000000000001,0.0,0.0,0.0,0.0,0.0,0.0
0.1340000000000001,0.0,0.0,0.0,0.0,0.0,0.0
0.1350000000000001,0.0,0.0,0.0,0.0,0.0,0.0
0.1360000000000001,0.0,0.0,0.0,0.0,0.0,0.0
0.1370000000000001,0.0,0.0,0.0,0.0,0.0,0.0
0.1380000000000001,0.0,0.0,0.0,0.0,0.0,0.0
0.1390000000000001,0.0,0.0,0.0,0.0,0.0,0.0
0.1400000000000001,0.0,0.0,0.0,0.0,0.0,0.0
0.1410000000000001,0.0,0.0,0.0,0.0,0.0,0.0
0.1420000000000001,0.0,0.0,0.0,0.0,0.0,0.0
0.1430000000000001,0.0,0.0,0.0,0.0,0.0,0.0
0.1440000000000001,0.0,0.0,0.0,0.0,0.0,0.0
0.1450000000000001,0.0,0.0,0.0,0.0,0.0,0.0
0.1460000000000001,0.0,0.0,0.0,0.0,0.0,0.0
0.1470000000000001,0.0,0.0,0.0,0.0,0.0,0.0
0.1480000000000001,0.0,0.0,0.0,0.0,0.0,0.0
0.1490000000000001,0.0,0.0,0.0,0.0,0.0,0.0
0.1500000000000001,0.0,0.0,0.0,0.0,0.0,0.0
0.1510000000000001,0.0,0.0,0.0,0.0,0.0,0.0
0.1520000000000001,0.0,0.0,0.0,0.0,0.0,0.0
0.1530000000000001,0.0,0.0,0.0,0.0,0.0,0.0
0.1540000000000001,0.0,0.0,0.0,0.0,0.0,0.0
0.1550000000000001,0.0,0.0,0.0,0.0,0.0,0.0
0.1560000000000001,0.0,0.0,0.0,0.0,0.0,0.0
0.1570000000000001,0.0,0.0,0.0,0.0,0.0,0.0
0.1580000000000001,0.0,0.0,0.0,0.0,0.0,0.0
0.1590000000000001,0.0,0.0,0.0,0.0,0.0,0.0
0.16000000000000011,0.0,0.0,0.0,0.0,0.0,0.0
0.16100000000000012,0.0,0.0,0.0,0.0,0.0,0.0
0.16200000000000012,0.0,0.0,0.0,0.0,0.0,0.0
0.16300000000000012,0.0,0.0,0.0,0.0,0.0,0.0
0.16400000000000012,0.0,0.0,0.0,0.0,0.0,0.0
0.16500000000000012,0.0,0.0,0.0,0.0,0.0,0.0
0.16600000000000012,0.0,0.0,0.0,0.0,0.0,0.0
0.16700000000000012,0.0,0.0,0.0,0.0,0.0,0.0
0.16800000000000012,0.0,0.0,0.0,0.0,0.0,0.0
0.16900000000000012,0.0,0.0,0.0,0.0,0.0,0.0
0.17000000000000012,0.0,0.0,0.0,0.0,0.0,0.0
0.17100000000000012,0.0,0.0,0.0,0.0,0.0,0.0
0.17200000000000013,0.0,0.0,0.0,0.0,0.0,0.0
0.17300000000000013,0.0,0.0,0.0,0.0,0.0,0.0
0.17400000000000013,0.0,0.0,0.0,0.0,0.0,0.0
0.17500000000000013,0.0,0.0,0.0,0.0,0.0,0.0
0.17600000000000013,0.0,0.0,0.0,0.0,0.0,0.0
0.17700000000000013,0.0,0.0,0.0,0.0,0.0,0.0
0.17800000000000013,0.0,0.0,0.0,0.0,0.0,0.0
0.17900000000000013,0.0,0.0,0.0,0.0,0.0,0.0
0.18000000000000013,0.0,0.0,0.0,0.0,0.0,0.0
0.18100000000000013,0.0,0.0,0.0,0.0,0.0,0.0
0.18200000000000013,0.0,0.0,0.0,0.0,0.0,0.0
0.18300000000000013,0.0,0.0,0.0,0.0,0.0,0.0
0.18400000000000014,0.0,0.0,0.0,0.0,0.0,0.0
0.18500000000000014,0.0,0.0,0.0,0.0,0.0,0.0
0.18600000000000014,0.0,0.0,0.0,0.0,0.0,0.0
0.18700000000000014,0.0,0.0,0.0,0.0,0.0,0.0
0.18800000000000014,0.0,0.0,0.0,0.0,0.0,0.0
0.18900000000000014,0.0,0.0,0.0,0.0,0.0,0.0
0.19000000000000014,0.0,0.0,0.0,0.0,0.0,0.0
0.19100000000000014,0.0,0.0,0.0,0.0,0.0,0.0
0.19200000000000014,0.0,0.0,0.0,0.0,0.0,0.0
0.19300000000000014,0.0,0.0,0.0,0.0,0.0,0.0
0.19400000000000014,0.0,0.0,0.0,0.0,0.0,0.0
0.19500000000000015,0.0,0.0,0.0,0.0,0.0,0.0
0.19600000000000015,0.0,0.0,0.0,0.0,0.0,0.0
0.19700000000000015,0.0,0.0,0.0,0.0,0.0,0.0
0.19800000000000015,0.0,0.0,0.0,0.0,0.0,0.0
0.19900000000000015,0.0,0.0,0.0,0.0,0.0,0.0
0.20000000000000015,0.0,0.0,0.0,0.0,0.0,0.0
0.20100000000000015,0.0,0.0,0.0,0.0,0.0,0.0
0.20200000000000015,0.0,0.0,0.0,0.0,0.0,0.0
0.20300000000000015,0.0,0.0,0.0,0.0,0.0,0.0
0.20400000000000015,0.0,0.0,0.0,0.0,0.0,0.0
0.20500000000000015,0.0,0.0,0.0,0.0,0.0,0.0
0.20600000000000016,0.0,0.0,0.0,0.0,0.0,0.0
0.20700000000000016,0.0,0.0,0.0,0.0,0.0,0.0
0.20800000000000016,0.0,0.0,0.0,0.0,0.0,0.0
0.20900000000000016,0.0,0.0,0.0,0.0,0.0,0.0
0.21000000000000016,0.0,0.0,0.0,0.0,0.0,0.0
0.21100000000000016,0.0,0.0,0.0,0.0,0.0,0.0
0.21200000000000016,0.0,0.0,0.0,0.0,0.0,0.0
0.21300000000000016,0.0,0.0,0.0,0.0,0.0,0.0
0.21400000000000016,0.0,0.0,0.0,0.0,0.0,0.0
0.21500000000000016,0.0,0.0,0.0,0.0,0.0,0.0
0.21600000000000016,0.0,0.0,0.0,0.0,0.0,0.0
0.21700000000000016,0.0,0.0,0.0,0.0,0.0,0.0
0.21800000000000017,0.0,0.0,0.0,0.0,0.0,0.0
0.21900000000000017,0.0,0.0,0.0,0.0,0.0,0.0
0.22000000000000017,0.0,0.0,0.0,0.0,0.0,0.0
0.22100000000000017,0.0,0.0,0.0,0.0,0.0,0.0
0.22200000000000017,0.0,0.0,0.0,0.0,0.0,0.0
0.22300000000000017,0.0,0.0,0.0,0.0,0.0,0.0
0.22400000000000017,0.0,0.0,0.0,0.0,0.0,0.0
0.22500000000000017,0.0,0.0,0.0,0.0,0.0,0.0
0.22600000000000017,0.0,0.0,0.0,0.0,0.0,0.0
0.22700000000000017,0.0,0.0,0.0,0.0,0.0,0.0
0.22800000000000017,0.0,0.0,0.0,0.0,0.0,0.0
0.22900000000000018,0.0,0.0,0.0,0.0,0.0,0.0
0.23000000000000018,0.0,0.0,0.0,0.0,0.0,0.0
0.23100000000000018,0.0,0.0,0.0,0.0,0.0,0.0
0.23200000000000018,0.0,0.0,0.0,0.0,0.0,0.0
0.23300000000000018,0.0,0.0,0.0,0.0,0.0,0.0
0.23400000000000018,0.0,0.0,0.0,0.0,0.0,0.0
0.23500000000000018,0.0,0.0,0.0,0.0,0.0,0.0
0.23600000000000018,0.0,0.0,0.0,0.0,0.0,0.0
0.23700000000000018,0.0,0.0,0.0,0.0,0.0,0.0
0.23800000000000018,0.0,0.0,0.0,0.0,0.0,0.0
0.23900000000000018,0.0,0.0,0.0,0.0,0.0,0.0
0.24000000000000019,0.0,0.0,0.0,0.0,0.0,0.0
0.2410000000000002,0.0,0.0,0.0,0.0,0.0,0.0
0.2420000000000002,0.0,0.0,0.0,0.0,0.0,0.0
0.2430000000000002,0.0,0.0,0.0,0.0,0.0,0.0
0.2440000000000002,0.0,0.0,0.0,0.0,0.0,0.0
0.2450000000000002,0.0,0.0,0.0,0.0,0.0,0.0
0.2460000000000002,0.0,0.0,0.0,0.0,0.0,0.0
0.2470000000000002,0.0,0.0,0.0,0.0,0.0,0.0
0.2480000000000002,0.0,0.0,0.0,0.0,0.0,0.0
0.2490000000000002,0.0,0.0,0.0,0.0,0.0,0.0
0.25000000000000017,0.0,0.0,0.0,0.0,0.0,0.0
0.25100000000000017,0.0,0.0,0.0,0.0,0.0,0.0
0.25200000000000017,0.0,0.0,0.0,0.0,0.0,0.0
0.25300000000000017,0.0,0.0,0.0,0.0,0.0,0.0
0.25400000000000017,0.0,0.0,0.0,0.0,0.0,0.0
0.25500000000000017,0.0,0.0,0.0,0.0,0.0,0.0
0.25600000000000017,0.0,0.0,0.0,0.0,0.0,0.0
0.2570000000000002,0.0,0.0,0.0,0.0,0.0,0.0
0.2580000000000002,0.0,0.0,0.0,0.0,0.0,0.0
0.2590000000000002,0.0,0.0,0.0,0.0,0.0,0.0
0.2600000000000002,0.0,0.0,0.0,0.0,0.0,0.0
0.2610000000000002,0.0,0.0,0.0,0.0,0.0,0.0
0.2620000000000002,0.0,0.0,0.0,0.0,0.0,0.0
0.2630000000000002,0.0,0.0,0.0,0.0,0.0,0.0
0.2640000000000002,0.0,0.0,0.0,0.0,0.0,0.0
0.2650000000000002,0.0,0.0,0.0,0.0,0.0,0.0
0.2660000000000002,0.0,0.0,0.0,0.0,0.0,0.0
0.2670000000000002,0.0,0.0,0.0,0.0,0.0,0.0
0.2680000000000002,0.0,0.0,0.0,0.0,0.0,0.0
0.2690000000000002,0.0,0.0,0.0,0.0,0.0,0.0
0.2700000000000002,0.0,0.0,0.0,0.0,0.0,0.0
0.2710000000000002,0.0,0.0,0.0,0.0,0.0,0.0
0.2720000000000002,0.0,0.0,0.0,0.0,0.0,0.0
0.2730000000000002,0.0,0.0,0.0,0.0,0.0,0.0
0.2740000000000002,0.0,0.0,0.0,0.0,0.0,0.0
0.2750000000000002,0.0,0.0,0.0,0.0,0.0,0.0
0.2760000000000002,0.0,0.0,0.0,0.0,0.0,0.0
0.2770000000000002,0.0,0.0,0.0,0.0,0.0,0.0
0.2780000000000002,0.0,0.0,0.0,0.0,0.0,0.0
0.2790000000000002,0.0,0.0,0.0,0.0,0.0,0.0
0.2800000000000002,0.0,0.0,0.0,0.0,0.0,0.0
0.2810000000000002,0.0,0.0,0.0,0.0,0.0,0.0
0.2820000000000002,0.0,0.0,0.0,0.0,0.0,0.0
0.2830000000000002,0.0,0.0,0.0,0.0,0.0,0.0
0.2840000000000002,0.0,0.0,0.0,0.0,0.0,0.0
0.2850000000000002,0.0,0.0,0.0,0.0,0.0,0.0
0.2860000000000002,0.0,0.0,0.0,0.0,0.0,0.0
0.2870000000000002,0.0,0.0,0.0,0.0,0.0,0.0
0.2880000000000002,0.0,0.0,0.0,0.0,0.0,0.0
0.2890000000000002,0.0,0.0,0.0,0.0,0.0,0.0
0.2900000000000002,0.0,0.0,0.0,0.0,0.0,0.0
0.2910000000000002,0.0,0.0,0.0,0.0,0.0,0.0
0.2920000000000002,0.0,0.0,0.0,0.0,0.0,0.0
0.2930000000000002,0.0,0.0,0.0,0.0,0.0,0.0
0.2940000000000002,0.0,0.0,0.0,0.0,0.0,0.0
0.2950000000000002,0.0,0.0,0.0,0.0,0.0,0.0
0.2960000000000002,0.0,0.0,0.0,0.0,0.0,0.0
0.2970000000000002,0.0,0.0,0.0,0.0,0.0,0.0
0.2980000000000002,0.0,0.0,0.0,0.0,0.0,0.0
0.2990000000000002,0.0,0.0,0.0,0.0,0.0,0.0
0.3000000000000002,0.0,0.0,0.0,0.0,0.0,0.0
0.3010000000000002,0.0,0.0,0.0,0.0,0.0,0.0
0.3020000000000002,0.0,0.0,0.0,0.0,0.0,0.0
0.3030000000000002,0.0,0.0,0.0,0.0,0.0,0.0
0.3040000000000002,0.0,0.0,0.0,0.0,0.0,0.0
0.3050000000000002,0.0,0.0,0.0,0.0,0.0,0.0
0.3060000000000002,0.0,0.0,0.0,0.0,0.0,0.0
0.3070000000000002,0.0,0.0,0.0,0.0,0.0,0.0
0.3080000000000002,0.0,0.0,0.0,0.0,0.0,0.0
0.3090000000000002,0.0,0.0,0.0,0.0,0.0,0.0
0.3100000000000002,0.0,0.0,0.0,0.0,0.0,0.0
0.3110000000000002,0.0,0.0,0.0,0.0,0.0,0.0
0.3120000000000002,0.0,0.0,0.0,0.0,0.0,0.0
0.3130000000000002,0.0,0.0,0.0,0.0,0.0,0.0
0.3140000000000002,0.0,0.0,0.0,0.0,0.0,0.0
0.3150000000000002,0.0,0.0,0.0,0.0,0.0,0.0
0.3160000000000002,0.0,0.0,0.0,0.0,0.0,0.0
0.3170000000000002,0.0,0.0,0.0,0.0,0.0,0.0
0.3180000000000002,0.0,0.0,0.0,0.0,0.0,0.0
0.31900000000000023,0.0,0.0,0.0,0.0,0.0,0.0
0.32000000000000023,0.0,0.0,0.0,0.0,0.0,0.0
0.32100000000000023,0.0,0.0,0.0,0.0,0.0,0.0
0.32200000000000023,0.0,0.0,0.0,0.0,0.0,0.0
0.32300000000000023,0.0,0.0,0.0,0.0,0.0,0.0
0.32400000000000023,0.0,0.0,0.0,0.0,0.0,0.0
0.32500000000000023,0.0,0.0,0.0,0.0,0.0,0.0
0.32600000000000023,0.0,0.0,0.0,0.0,0.0,0.0
0.32700000000000023,0.0,0.0,0.0,0.0,0.0,0.0
0.32800000000000024,0.0,0.0,0.0,0.0,0.0,0.0
0.32900000000000024,0.0,0.0,0.0,0.0,0.0,0.0
0.33000000000000024,0.0,0.0,0.0,0.0,0.0,0.0
0.33100000000000024,0.0,0.0,0.0,0.0,0.0,0.0
0.33200000000000024,0.0,0.0,0.0,0.0,0.0,0.0
0.33300000000000024,0.0,0.0,0.0,0.0,0.0,0.0
0.33400000000000024,0.0,0.0,0.0,0.0,0.0,0.0
0.33500000000000024,0.0,0.0,0.0,0.0,0.0,0.0
0.33600000000000024,0.0,0.0,0.0,0.0,0.0,0.0
0.33700000000000024,0.0,0.0,0.0,0.0,0.0,0.0
0.33800000000000024,0.0,0.0,0.0,0.0,0.0,0.0
0.33900000000000025,0.0,0.0,0.0,0.0,0.0,0.0
0.34000000000000025,0.0,0.0,0.0,0.0,0.0,0.0
0.34100000000000025,0.0,0.0,0.0,0.0,0.0,0.0
0.34200000000000025,0.0,0.0,0.0,0.0,0.0,0.0
0.34300000000000025,0.0,0.0,0.0,0.0,0.0,0.0
0.34400000000000025,0.0,0.0,0.0,0.0,0.0,0.0
0.34500000000000025,0.0,0.0,0.0,0.0,0.0,0.0
0.34600000000000025,0.0,0.0,0.0,0.0,0.0,0.0
0.34700000000000025,0.0,0.0,0.0,0.0,0.0,0.0
0.34800000000000025,0.0,0.0,0.0,0.0,0.0,0.0
0.34900000000000025,0.0,0.0,0.0,0.0,0.0,0.0
0.35000000000000026,0.0,0.0,0.0,0.0,0.0,0.0
0.35100000000000026,0.0,0.0,0.0,0.0,0.0,0.0
0.35200000000000026,0.0,0.0,0.0,0.0,0.0,0.0
0.35300000000000026,0.0,0.0,0.0,0.0,0.0,0.0
0.35400000000000026,0.0,0.0,0.0,0.0,0.0,0.0
0.35500000000000026,0.0,0.0,0.0,0.0,0.0,0.0
0.35600000000000026,0.0,0.0,0.0,0.0,0.0,0.0
0.35700000000000026,0.0,0.0,0.0,0.0,0.0,0.0
0.35800000000000026,0.0,0.0,0.0,0.0,0.0,0.0
0.35900000000000026,0.0,0.0,0.0,0.0,0.0,0.0
0.36000000000000026,0.0,0.0,0.0,0.0,0.0,0.0
0.36100000000000027,0.0,0.0,0.0,0.0,0.0,0.0
0.36200000000000027,0.0,0.0,0.0,0.0,0.0,0.0
0.36300000000000027,0.0,0.0,0.0,0.0,0.0,0.0
0.36400000000000027,0.0,0.0,0.0,0.0,0.0,0.0
0.36500000000000027,0.0,0.0,0.0,0.0,0.0,0.0
0.36600000000000027,0.0,0.0,0.0,0.0,0.0,0.0
0.36700000000000027,0.0,0.0,0.0,0.0,0.0,0.0
0.36800000000000027,0.0,0.0,0.0,0.0,0.0,0.0
0.36900000000000027,0.0,0.0,0.0,0.0,0.0,0.0
0.3700000000000003,0.0,0.0,0.0,0.0,0.0,0.0
0.3710000000000003,0.0,0.0,0.0,0.0,0.0,0.0
0.3720000000000003,0.0,0.0,0.0,0.0,0.0,0.0
0.3730000000000003,0.0,0.0,0.0,0.0,0.0,0.0
0.3740000000000003,0.0,0.0,0.0,0.0,0.0,0.0
0.3750000000000003,0.0,0.0,0.0,0.0,0.0,0.0
0.3760000000000003,0.0,0.0,0.0,0.0,0.0,0.0
0.3770000000000003,0.0,0.0,0.0,0.0,0.0,0.0
0.3780000000000003,0.0,0.0,0.0,0.0,0.0,0.0
0.3790000000000003,0.0,0.0,0.0,0.0,0.0,0.0
0.3800000000000003,0.0,0.0,0.0,0.0,0.0,0.0
0.3810000000000003,0.0,0.0,0.0,0.0,0.0,0.0
0.3820000000000003,0.0,0.0,0.0,0.0,0.0,0.0
0.3830000000000003,0.0,0.0,0.0,0.0,0.0,0.0
0.3840000000000003,0.0,0.0,0.0,0.0,0.0,0.0
0.3850000000000003,0.0,0.0,0.0,0.0,0.0,0.0
0.3860000000000003,0.0,0.0,0.0,0.0,0.0,0.0
0.3870000000000003,0.0,0.0,0.0,0.0,0.0,0.0
0.3880000000000003,0.0,0.0,0.0,0.0,0.0,0.0
0.3890000000000003,0.0,0.0,0.0,0.0,0.0,0.0
0.3900000000000003,0.0,0.0,0.0,0.0,0.0,0.0
0.3910000000000003,0.0,0.0,0.0,0.0,0.0,0.0
0.3920000000000003,0.0,0.0,0.0,0.0,0.0,0.0
0.3930000000000003,0.0,0.0,0.0,0.0,0.0,0.0
0.3940000000000003,0.0,0.0,0.0,0.0,0.0,0.0
0.3950000000000003,0.0,0.0,0.0,0.0,0.0,0.0
0.3960000000000003,0.0,0.0,0.0,0.0,0.0,0.0
0.3970000000000003,0.0,0.0,0.0,0.0,0.0,0.0
0.3980000000000003,0.0,0.0,0.0,0.0,0.0,0.0
0.3990000000000003,0.0,0.0,0.0,0.0,0.0,0.0
0.4000000000000003,0.0,0.0,0.0,0.0,0.0,0.0
0.4010000000000003,0.0,0.0,0.0,0.0,0.0,0.0
0.4020000000000003,0.0,0.0,0.0,0.0,0.0,0.0
0.4030000000000003,0.0,0.0,0.0,0.0,0.0,0.0
0.4040000000000003,0.0,0.0,0.0,0.0,0.0,0.0
0.4050000000000003,0.0,0.0,0.0,0.0,0.0,0.0
0.4060000000000003,0.0,0.0,0.0,0.0,0.0,0.0
0.4070000000000003,0.0,0.0,0.0,0.0,0.0,0.0
0.4080000000000003,0.0,0.0,0.0,0.0,0.0,0.0
0.4090000000000003,0.0,0.0,0.0,0.0,0.0,0.0
0.4100000000000003,0.0,0.0,0.0,0.0,0.0,0.0
0.4110000000000003,0.0,0.0,0.0,0.0,0.0,0.0
0.4120000000000003,0.0,0.0,0.0,0.0,0.0,0.0
0.4130000000000003,0.0,0.0,0.0,0.0,0.0,0.0
0.4140000000000003,0.0,0.0,0.0,0.0,0.0,0.0
0.4150000000000003,0.0,0.0,0.0,0.0,0.0,0.0
0.4160000000000003,0.0,0.0,0.0,0.0,0.0,0.0
0.4170000000000003,0.0,0.0,0.0,0.0,0.0,0.0
0.4180000000000003,0.0,0.0,0.0,0.0,0.0,0.0
0.4190000000000003,0.0,0.0,0.0,0.0,0.0,0.0
0.4200000000000003,0.0,0.0,0.0,0.0,0.0,0.0
0.4210000000000003,0.0,0.0,0.0,0.0,0.0,0.0
0.4220000000000003,0.0,0.0,0.0,0.0,0.0,0.0
0.4230000000000003,0.0,0.0,0.0,0.0,0.0,0.0
0.4240000000000003,0.0,0.0,0.0,0.0,0.0,0.0
0.4250000000000003,0.0,0.0,0.0,0.0,0.0,0.0
0.4260000000000003,0.0,0.0,0.0,0.0,0.0,0.0
0.4270000000000003,0.0,0.0,0.0,0.0,0.0,0.0
0.4280000000000003,0.0,0.0,0.0,0.0,0.0,0.0
0.4290000000000003,0.0,0.0,0.0,0.0,0.0,0.0
0.4300000000000003,0.0,0.0,0.0,0.0,0.0,0.0
0.4310000000000003,0.0,0.0,0.0,0.0,0.0,0.0
0.43200000000000033,0.0,0.0,0.0,0.0,0.0,0.0
0.43300000000000033,0.0,0.0,0.0,0.0,0.0,0.0
0.43400000000000033,0.0,0.0,0.0,0.0,0.0,0.0
0.43500000000000033,0.0,0.0,0.0,0.0,0.0,0.0
0.43600000000000033,0.0,0.0,0.0,0.0,0.0,0.0
0.43700000000000033,0.0,0.0,0.0,0.0,0.0,0.0
0.43800000000000033,0.0,0.0,0.0,0.0,0.0,0.0
0.43900000000000033,0.0,0.0,0.0,0.0,0.0,0.0
0.44000000000000034,0.0,0.0,0.0,0.0,0.0,0.0
0.44100000000000034,0.0,0.0,0.0,0.0,0.0,0.0
0.44200000000000034,0.0,0.0,0.0,0.0,0.0,0.0
0.44300000000000034,0.0,0.0,0.0,0.0,0.0,0.0
0.44400000000000034,0.0,0.0,0.0,0.0,0.0,0.0
0.44500000000000034,0.0,0.0,0.0,0.0,0.0,0.0
0.44600000000000034,0.0,0.0,0.0,0.0,0.0,0.0
0.44700000000000034,0.0,0.0,0.0,0.0,0.0,0.0
0.44800000000000034,0.0,0.0,0.0,0.0,0.0,0.0
0.44900000000000034,0.0,0.0,0.0,0.0,0.0,0.0
0.45000000000000034,0.0,0.0,0.0,0.0,0.0,0.0
0.45100000000000035,0.0,0.0,0.0,0.0,0.0,0.0
0.45200000000000035,0.0,0.0,0.0,0.0,0.0,0.0
0.45300000000000035,0.0,0.0,0.0,0.0,0.0,0.0
0.45400000000000035,0.0,0.0,0.0,0.0,0.0,0.0
0.45500000000000035,0.0,0.0,0.0,0.0,0.0,0.0
0.45600000000000035,0.0,0.0,0.0,0.0,0.0,0.0
0.45700000000000035,0.0,0.0,0.0,0.0,0.0,0.0
0.45800000000000035,0.0,0.0,0.0,0.0,0.0,0.0
0.45900000000000035,0.0,0.0,0.0,0.0,0.0,0.0
0.46000000000000035,0.0,0.0,0.0,0.0,0.0,0.0
0.46100000000000035,0.0,0.0,0.0,0.0,0.0,0.0
0.46200000000000035,0.0,0.0,0.0,0.0,0.0,0.0
0.46300000000000036,0.0,0.0,0.0,0.0,0.0,0.0
0.46400000000000036,0.0,0.0,0.0,0.0,0.0,0.0
0.46500000000000036,0.0,0.0,0.0,0.0,0.0,0.0
0.46600000000000036,0.0,0.0,0.0,0.0,0.0,0.0
0.46700000000000036,0.0,0.0,0.0,0.0,0.0,0.0
0.46800000000000036,0.0,0.0,0.0,0.0,0.0,0.0
0.46900000000000036,0.0,0.0,0.0,0.0,0.0,0.0
0.47000000000000036,0.0,0.0,0.0,0.0,0.0,0.0
0.47100000000000036,0.0,0.0,0.0,0.0,0.0,0.0
0.47200000000000036,0.0,0.0,0.0,0.0,0.0,0.0
0.47300000000000036,0.0,0.0,0.0,0.0,0.0,0.0
0.47400000000000037,0.0,0.0,0.0,0.0,0.0,0.0
0.47500000000000037,0.0,0.0,0.0,0.0,0.0,0.0
0.47600000000000037,0.0,0.0,0.0,0.0,0.0,0.0
0.47700000000000037,0.0,0.0,0.0,0.0,0.0,0.0
0.47800000000000037,0.0,0.0,0.0,0.0,0.0,0.0
0.47900000000000037,0.0,0.0,0.0,0.0,0.0,0.0
0.48000000000000037,0.0,0.0,0.0,0.0,0.0,0.0
0.48100000000000037,0.0,0.0,0.0,0.0,0.0,0.0
0.4820000000000004,0.0,0.0,0.0,0.0,0.0,0.0
0.4830000000000004,0.0,0.0,0.0,0.0,0.0,0.0
0.4840000000000004,0.0,0.0,0.0,0.0,0.0,0.0
0.4850000000000004,0.0,0.0,0.0,0.0,0.0,0.0
0.4860000000000004,0.0,0.0,0.0,0.0,0.0,0.0
0.4870000000000004,0.0,0.0,0.0,0.0,0.0,0.0
0.4880000000000004,0.0,0.0,0.0,0.0,0.0,0.0
0.4890000000000004,0.0,0.0,0.0,0.0,0.0,0.0
0.4900000000000004,0.0,0.0,0.0,0.0,0.0,0.0
0.4910000000000004,0.0,0.0,0.0,0.0,0.0,0.0
0.4920000000000004,0.0,0.0,0.0,0.0,0.0,0.0
0.4930000000000004,0.0,0.0,0.0,0.0,0.0,0.0
0.4940000000000004,0.0,0.0,0.0,0.0,0.0,0.0
0.4950000000000004,0.0,0.0,0.0,0.0,0.0,0.0
0.4960000000000004,0.0,0.0,0.0,0.0,0.0,0.0
0.4970000000000004,0.0,0.0,0.0,0.0,0.0,0.0
0.4980000000000004,0.0,0.0,0.0,0.0,0.0,0.0
0.4990000000000004,0.0,0.0,0.0,0.0,0.0,0.0
0.5000000000000003,300.0,7.837758873393955,19.999999999999996,19.659036670819514,19.789370513900973,0.0
0.5010000000000003,300.0,17.29457214807955,19.999999999999996,19.678208914248565,19.811113510917707,0.0
0.5020000000000003,300.0,26.753002217316496,19.999999999999996,19.677210825380044,19.812588411010616,0.0
0.5030000000000003,300.0,36.211686726609024,19.999999999999996,19.676281386219586,19.814170274361608,0.0
0.5040000000000003,300.0,45.6706811889193,19.999999999999996,19.675428805757527,19.815866090354078,0.0
0.5050000000000003,300.0,55.13003785923357,19.999999999999996,19.674645558721018,19.817667032657514,0.0
0.5060000000000003,300.0,64.58980495563404,19.999999999999996,19.67392483519164,19.81956502546741,0.0
0.5070000000000003,300.0,74.05002700605586,19.999999999999996,19.673260484251113,19.82155268569355,0.0
0.5080000000000003,300.0,83.51074516352973,19.999999999999996,19.672646950817185,19.823623258357127,0.0
0.5090000000000003,300.0,92.97199749205258,19.999999999999996,19.672079218510966,19.825770558127765,0.0
0.5100000000000003,300.0,102.43381922588112,19.999999999999996,19.671552757988767,19.82798891642347,0.0
0.5110000000000003,300.0,111.89624300477675,19.999999999999996,19.671063480216237,19.830273133541795,0.0
0.5120000000000003,300.0,121.35929908748805,19.999999999999996,19.67060769421189,19.832618435341026,0.0
0.5130000000000003,300.0,130.8230155455391,19.999999999999996,19.670182068833004,19.835020434036867,0.0
0.5140000000000003,300.0,140.28741843919383,19.999999999999996,19.66978359821719,19.83747509272112,0.0
0.5150000000000003,300.0,149.75253197728833,19.999999999999996,19.669409570530167,19.83997869324695,0.0
0.5160000000000003,300.0,159.21837866246122,19.999999999999996,19.669057539703687,19.84252780715912,0.0
0.5170000000000003,300.0,168.68497942316552,19.999999999999996,19.66872529987761,19.845119269378383,0.0
0.5180000000000003,300.0,178.15235373371473,19.999999999999996,19.668410862287747,19.84775015437715,0.0
0.5190000000000003,300.0,187.62051972349457,19.999999999999996,19.66811243436547,19.85041775460856,0.0
0.5200000000000004,300.0,197.0894942763654,19.999999999999996,19.667828400837735,19.853119560973887,0.0
0.5210000000000004,300.0,206.55929312118096,19.999999999999996,19.66755730663628,19.855853245133883,0.0
0.5220000000000004,300.0,216.0299309142622,19.999999999999996,19.667297841442906,19.858616643488073,0.0
0.5230000000000004,300.0,225.50142131458423,19.999999999999996,19.66704882571454,19.86140774266297,0.0
0.5240000000000004,300.0,234.97377705236187,19.999999999999996,19.66680919804659,19.864224666365352,0.0
0.5250000000000004,300.0,244.44700999165545,19.999999999999996,19.66657800374653,19.8670656634705,0.0
0.5260000000000004,300.0,253.92113118755623,19.999999999999996,19.666354384502156,19.86992909722764,0.0
0.5270000000000004,300.0,263.1597485042631,19.415735775942533,19.093001725443255,19.29325671497179,0.0
0.5280000000000004,300.0,271.56724936221303,17.459943382005758,17.173707443723107,17.355096525756377,0.0
0.5290000000000004,300.0,278.79393710505343,14.875944964751996,14.636834949952153,14.79147324332411,0.0
0.5300000000000004,300.0,284.7362715501507,12.145079155847606,11.9550930113765,12.080485665808215,0.0
0.5310000000000004,300.0,289.4415655390924,9.557357564741595,9.413365529378963,9.510498812645404,0.0
0.5320000000000004,300.0,293.04028567308967,7.268186377040417,7.164377498809876,7.236225434089305,0.0
0.5330000000000004,300.0,295.7000161422892,5.342334144926444,5.271850443767804,5.322295184672254,0.0
0.5340000000000004,300.0,297.59578417661527,3.786867578488955,3.742833144736338,3.77594699711018,0.0
0.5350000000000004,300.0,298.89231282438607,2.5749703732830587,2.5510854804516896,2.570697531924706,0.0
0.5360000000000004,300.0,299.7346404224815,1.6625127381198666,1.653347434339335,1.6628163221729453,0.0
0.5370000000000004,300.0,300.2443509081415,0.9990554230254142,1.000145294750082,1.0022708742789344,0.0
0.5380000000000004,300.0,300.51935562506293,0.5347247083419477,0.5425445941470771,0.5395664711116338,0.0
0.5390000000000004,300.0,300.635741972134,0.22413179662076757,0.236001361720103,0.22964673092792373,0.0
0.5400000000000004,300.0,300.65066002387107,0.028260189302947183,0.04221814747894066,0.03377332227681638,0.0
0.5410000000000004,300.0,300.6055670988398,-0.08497664323371701,-0.07030582697804244,-0.07991670690579902,0.0
0.5420000000000004,300.0,300.5294082048759,-0.14099124521557876,-0.1265238010774852,-0.13666281011257403,0.0
0.5430000000000004,300.0,300.4414942686703,-0.1592262520941847,-0.14553098896153718,-0.15577856492260375,0.0
0.5440000000000004,300.0,300.3539660218267,-0.15405830174930285,-0.14145069959166387,-0.1515482320823351,0.0
0.5450000000000004,300.0,300.27381341671685,-0.13574189264496764,-0.12436003086083004,-0.13416331076395382,0.0
0.5460000000000004,300.0,300.2044702541783,-0.11129761321223416,-0.10116123957046495,-0.11060407846799986,0.0
0.5470000000000004,300.0,300.1470307939388,-0.08529423716331457,-0.07634914039184006,-0.08541589773525776,0.0
0.5480000000000004,300.0,300.1011468447986,-0.0605043920165469,-0.05265455546208818,-0.061360095170481965,0.0
0.5490000000000004,300.0,300.06566571899543,-0.038432630439630626,-0.03156261861119012,-0.03993821973860266,0.0
0.5500000000000004,300.0,300.0390654900022,-0.01972586416395087,-0.01371567442508277,-0.021799547506689984,0.0
0.5510000000000004,300.0,300.01973701222875,-0.004481711693120894,0.0007839897132393112,-0.007047257674207972,0.0
0.5520000000000004,300.0,300.00615401106904,0.00752775903574673,0.012154438353548732,0.004539374906520358,0.0
0.5530000000000004,300.0,299.9969644065336,0.016699755322089692,0.020780600277749518,0.01334976343695727,0.0
0.5540000000000004,300.0,299.9910285701978,0.023496440448815395,0.027111781070692918,0.01983837433609479,0.0
0.5550000000000004,300.0,299.9874237670621,0.028379290417380215,0.031597145367597834,0.024459492523886583,0.0
0.5560000000000004,300.0,299.9854287090161,0.031771240695691955,0.03464848582803357,0.02762958112418819,0.0
0.5570000000000004,300.0,299.98449791355563,0.034038025609564794,0.03662184074133079,0.02970870111455811,0.0
0.5580000000000004,300.0,299.9842323111089,0.03548215000783002,0.03781152063234523,0.030994478149812717,0.0
0.5590000000000004,300.0,299.9843501319382,0.03634465489854513,0.038451793991096106,0.031723813029534656,0.0
0.5600000000000004,300.0,299.98466037568767,0.036811235597136206,0.03872285306509826,0.032078918798892214,0.0
0.5610000000000004,300.0,299.9850399777006,0.03702036371202518,0.03875875320649891,0.03219535223823197,0.0
0.5620000000000004,300.0,299.98541500731955,0.037071890570325734,0.03865583034361213,0.0321705277566214,0.0
0.5630000000000004,300.0,299.9857457559898,0.03703521333243391,0.03848069376435595,0.03207180099227119,0.0
0.5640000000000004,300.0,299.9860153093317,0.036956509928225564,0.03827730858148053,0.03194363127087525,0.0
0.5650000000000004,300.0,299.9862210790127,0.03686483527860626,0.03807296344139856,0.03181361638664743,0.0
0.5660000000000004,300.0,299.9863687456082,0.036777053790653345,0.03788309833136584,0.031697374435740985,0.0
0.5670000000000004,300.0,299.9864680951342,0.03670169053167492,0.03771507289609487,0.031602354133254185,0.0
0.5680000000000004,300.0,299.98653029317956,0.03664183861454651,0.03757100988785038,0.03153070983151503,0.0
0.5690000000000004,300.0,299.9865662138915,0.0365972806883162,0.03744986844467978,0.03148139772451485,0.0
0.5700000000000004,300.0,299.9865855152451,0.03656598103065414,0.037348900587390606,0.031451648382521596,0.0
0.5710000000000004,300.0,299.98659622052384,0.03654509090285078,0.037264630797790146,0.03143795706482629,0.0
0.5720000000000004,300.0,299.98660462544757,0.0365315899658182,0.037193479084926796,0.031436713573401755,0.0
0.5730000000000004,300.0,299.98661539975524,0.036522664870939,0.037132126691288236,0.031444571909943195,0.0
0.5740000000000004,300.0,299.9866317914532,0.03651590520885307,0.03707770306813467,0.03145863924173868,0.0
0.5750000000000004,300.0,299.9866558723135,0.03650937824714713,0.037027854358662626,0.031476545083197395,0.0
0.5760000000000004,300.0,299.9866887858417,0.03650162795468967,0.03698073799960476,0.0314964357960825,0.0
0.5770000000000004,300.0,299.9867309752139,0.0364916308303184,0.03693497531918626,0.03151692663650163,0.0
0.5780000000000004,300.0,299.9867823799461,0.036478730858922684,0.03688958400836326,0.031537033464522746,0.0
0.5790000000000004,300.0,299.98684259748245,0.03646256817937552,0.03684390475045217,0.0315560985564958,0.0
0.5800000000000004,300.0,299.98691101049224,0.03644301037178023,0.03679753072496447,0.03157371932958397,0.0
0.5810000000000004,300.0,299.98698688323844,0.036420091256406203,0.03675024476274224,0.03158968480619128,0.0
0.5820000000000004,300.0,299.98706943159016,0.03639395937547718,0.03670196626034506,0.03160392194780694,0.0
0.5830000000000004,300.0,299.9871578715575,0.036364836580034025,0.036652708246596714,0.03161645225424633,0.0
0.5840000000000004,300.0,299.987251450995,0.03633298610211463,0.03660254397291788,0.03162735799209383,0.0
0.5850000000000004,300.0,299.98734946859497,0.036298688944972034,0.036551581863040784,0.03163675687451948,0.0
0.5860000000000004,300.0,299.98745128364106,0.03626222720708872,0.036499947446077534,0.03164478380092373,0.0
0.5870000000000004,300.0,299.9875563193266,0.03622387294764907,0.0364477708902447,0.031651578258298035,0.0
0.5880000000000004,300.0,299.98766406181846,0.03618388131395592,0.03639517886653906,0.03165727609953825,0.0
0.5890000000000004,300.0,299.987774056706,0.03614248682431319,0.03634228964269002,0.03166200458694313,0.0
0.5900000000000004,300.0,299.9878859040209,0.03609990189312143,0.03628921049850365,0.03166587978206725,0.0
0.5910000000000004,300.0,299.9879992526523,0.03605631687382303,0.03623603674021168,0.03166900555167315,0.0
0.5920000000000004,300.0,299.9881137947012,0.0360119010655166,0.036182851759477636,0.031671473629423436,0.0
0.5930000000000004,300.0,299.9882292601127,0.03596680427443224,0.03612972772634319,0.0316733643181626,0.0
0.5940000000000004,300.0,299.98834541176916,0.035921158640132615,0.036076726622765856,0.03167474753628785,0.0
0.5950000000000004,300.0,299.9884620411295,0.03587508053000016,0.036023901416165655,0.03167568400548475,0.0
0.5960000000000004,300.0,299.98857896442877,0.035828672376303015,0.03597129724255166,0.031676226448015384,0.0
0.5970000000000004,300.0,299.98869601941095,0.035782024382239846,0.03591895252063408,0.031676420714141035,0.0
0.5980000000000004,300.0,299.98881306254526,0.03573521606027305,0.03586689995516364,0.03167630679749058,0.0
0.5990000000000004,300.0,299.9889299666671,0.035688317590562874,0.03581516741233335,0.031675919721043125,0.0
0.6000000000000004,300.0,299.9890466189809,0.03564139100323877,0.03576377866622833,0.03167529029271346,0.0
0.6010000000000004,300.0,299.98916291936825,0.03559449119738103,0.0357127540247276,0.03167444573904572,0.0
0.6020000000000004,300.0,299.9892787789474,0.03554766681422047,0.03566211084821029,0.03167341023052049,0.0
0.6030000000000004,300.0,299.9893941188415,0.03550096098359996,0.03561186397631109,0.0316722053138902,0.0
0.6040000000000004,300.0,299.98950886911575,0.03545441196235927,0.035562026077923976,0.0316708502669103,0.0
0.6050000000000004,300.0,299.98962296785436,0.03540805368178205,0.03551260793845655,0.031669362389623146,0.0
0.6060000000000004,300.0,299.98973636035123,0.03536191621918767,0.0354636186965981,0.03166775724459073,0.0
0.6070000000000004,300.0,299.98984899839587,0.03531602620661142,0.03541506604100131,0.0316660488565915,0.0
0.6080000000000004,300.0,299.9899608396376,0.03527040718731365,0.035366956375348875,0.03166424988034382,0.0
0.6090000000000004,300.0,299.99007184701725,0.03522507992887423,0.035319294958518085,0.03166237174304262,0.0
0.6100000000000004,300.0,299.99018198825615,0.03518006270007847,0.03527208602521594,0.03166042476714077,0.0
0.6110000000000004,300.0,299.9902912353945,0.035135371517162305,0.03522533289102089,0.03165841827735378,0.0
0.6120000000000004,300.0,299.99039956437406,0.03509102036408686,0.03517903804502507,0.03165636069511721,0.0
0.6130000000000004,300.0,299.99050695465917,0.035047021390389385,0.035133203232307,0.03165425962275066,0.0
0.6140000000000004,300.0,299.99061338889345,0.03500338508955667,0.03508782952798449,0.031652121919098414,0.0
0.6150000000000004,300.0,299.99071885258763,0.034960120460192215,0.0350429174040614,0.03164995376787303,0.0
0.6160000000000004,300.0,299.9908233338361,0.03491723515197419,0.034998466790096314,0.03164776073974215,0.0
0.6170000000000004,300.0,299.99092682305877,0.0348747355979273,0.03495447712835064,0.03164554784882337,0.0
0.6180000000000004,300.0,299.9910293127686,0.034832627134509214,0.03491094742412924,0.031643319604308634,0.0
0.6190000000000004,300.0,299.99113079735895,0.03479091411042875,0.03486787629153078,0.03164108005743767,0.0
0.6200000000000004,300.0,299.99123127291153,0.034749599985449325,0.034825261995217904,0.03163883284443822,0.0
0.6210000000000004,300.0,299.9913307370223,0.03470868741999057,0.034783102488444184,0.03163658122567241,0.0
0.6220000000000004,300.0,299.99142918864396,0.034668178356369705,0.03474139544765737,0.031634328121312706,0.0
0.6230000000000004,300.0,299.9915266279437,0.03462807409238021,0.03470013830390359,0.03163207614377536,0.0
0.6240000000000004,300.0,299.9916230561738,0.034588375347930155,0.034659328271330045,0.031629827627211574,0.0
0.6250000000000004,300.0,299.99171847555544,0.03454908232539714,0.03461896237305608,0.03162758465432998,0.0
0.6260000000000004,300.0,299.9918128891733,0.034510194764164566,0.034579037464526625,0.03162534908066577,0.0
0.6270000000000004,300.0,299.9919063008804,0.03447171198999741,0.03453955025469256,0.03162312255664537,0.0
0.6280000000000004,300.0,299.99199871521245,0.0344336329596344,0.03450049732510624,0.03162090654753497,0.0
0.6290000000000004,300.0,299.99209013731036,0.03439595630107581,0.034461875147157074,0.03161870235150185,0.0
0.6300000000000004,300.0,299.99218057285043,0.034358680349959654,0.034423680097602084,0.03161651111594409,0.0
0.6310000000000004,300.0,299.992270027981,0.034321803182402494,0.03438590847255852,0.031614333852258515,0.0
0.6320000000000005,300.0,299.992358509266,0.03428532264466997,0.03434855650012956,0.03161217144921921,0.0
0.6330000000000005,300.0,299.9924460236333,0.03424923637991725,0.03431162035173579,0.031610024685041004,0.0
0.6340000000000005,300.0,299.9925325783287,0.034213541852322206,0.034275096152311335,0.031607894238287824,0.0
0.6350000000000005,300.0,299.9926181808745,0.034178236368840036,0.03423897998946102,0.03160578069772412,0.0
0.6360000000000005,300.0,299.99270283903155,0.034143317098805685,0.034203267921665545,0.031603684571196985,0.0
0.6370000000000005,300.0,299.9927865607658,0.034108781091644315,0.03416795598569179,0.031601606293708145,0.0
0.6380000000000005,300.0,299.99286935421776,0.0340746252927854,0.034133040203191065,0.03159954623465837,0.0
0.6390000000000005,300.0,299.992951227675,0.03404084655805059,0.03409851658665935,0.031597504704440414,0.0
0.6400000000000005,300.0,299.99303218954753,0.03400744166653901,0.03406438114470822,0.03159548196032873,0.0
0.6410000000000005,300.0,299.99311224834616,0.033974407332310524,0.0340306298868565,0.03159347821187832,0.0
0.6420000000000005,300.0,299.9931914126616,0.03394174021481114,0.0339972588277292,0.03159149362571827,0.0
0.6430000000000005,300.0,299.9932696911477,0.03390943692835864,0.03396426399090607,0.03158952832998457,0.0
0.6440000000000005,300.0,299.9933470925045,0.03387749405052653,0.03393164141221284,0.031587582418184004,0.0
0.6450000000000005,300.0,299.9934236254641,0.03384590812983208,0.033899387142802634,0.03158565595283924,0.0
0.6460000000000005,300.0,299.9934992987782,0.033814675692544136,0.033867497251794755,0.0315837489686811,0.0
0.6470000000000005,300.0,299.9935741212059,0.033783793248802145,0.03383596782862813,0.031581861475545994,0.0
0.6480000000000005,300.0,299.9936481015034,0.033753257298134116,0.03380479498517019,0.03157999346102077,0.0
0.6490000000000005,300.0,299.99372124841557,0.033723064334388535,0.03377397485756504,0.031578144892817836,0.0
0.6500000000000005,300.0,299.99379357066647,0.03369321085013667,0.033743503607849376,0.03157631572091019,0.0
0.6510000000000005,300.0,299.993865076953,0.03366369334062552,0.033713377425383474,0.03157450587947356,0.0
0.6520000000000005,300.0,299.99393577593787,0.03363450830731485,0.03368359252810653,0.031572715288645685,0.0
0.6530000000000005,300.0,299.9940056762439,0.033605652260986774,0.033654145163584365,0.03157094385607005,0.0
0.6540000000000005,300.0,299.9940747864489,0.03357712172458254,0.03362503160997871,0.03156919147835505,0.0
0.6550000000000005,300.0,299.9941431150811,0.03354891323566801,0.03359624817682461,0.031567458042333574,0.0
0.6560000000000005,300.0,299.9942106706152,0.033521023348659,0.03356779120572895,0.03156574342623787,0.0
0.6570000000000005,300.0,299.9942774614684,0.03349344863676249,0.033539657070929,0.03156404750072743,0.0
0.6580000000000005,300.0,299.9943434959981,0.03346618569374149,0.03351184217980629,0.03156237012986654,0.0
0.6590000000000005,300.0,299.9944087824987,0.03343923113538928,0.03348434297323113,0.03156071117192563,0.0
0.6600000000000005,300.0,299.99447332919897,0.03341258160089059,0.03345715592589915,0.031559070480169385,0.0
0.6610000000000005,300.0,299.99453714426056,0.0333862337540031,0.03343027754658611,0.03155744790355714,0.0
0.6620000000000005,300.0,299.9946002357761,0.03336018428409033,0.03340370437834255,0.03155584328737765,0.0
0.6630000000000005,300.0,299.99466261176764,0.03333442990697286,0.03337743299858525,0.0315542564737746,0.0
0.6640000000000005,300.0,299.9947242801854,0.0333089673656971,0.03335146001917932,0.03155268730225771,0.0
0.6650000000000005,300.0,299.9947852489068,0.033283793431199984,0.033325782086482035,0.03155113561017045,0.0
0.6660000000000005,300.0,299.99484552573557,0.03325890490285793,0.03330039588132695,0.03154960123309258,0.0
0.6670000000000005,300.0,299.9949051184012,0.03323429860895175,0.03327529811897906,0.031548084005208726,0.0
0.6680000000000005,300.0,299.99496403455817,0.03320997140701662,0.033250485549023524,0.03154658375960527,0.0
0.6690000000000005,300.0,299.9950222817858,0.03318592018419249,0.03322595495529794,0.031545100328606475,0.0
0.6700000000000005,300.0,299.9950798675878,0.0331621418574651,0.03320170315575191,0.031543633544032716,0.0
0.6710000000000005,300.0,299.9951367993922,0.03313863337383001,0.03317772700227057,0.03154218323741776,0.0
0.6720000000000005,300.0,299.9951930845513,0.033115391710444565,0.03315402338051415,0.03154074924023771,0.0
0.6730000000000005,300.0,299.9952487303419,0.0330924138747197,0.03313058920972529,0.0315393313841032,0.0
0.6740000000000005,300.0,299.99530374396494,0.03306969690433774,0.033107421442494775,0.03153792950090489,0.0
0.6750000000000005,300.0,299.995358132546,0.03304723786728822,0.033084517064562786,0.03153654342299086,0.0
0.6760000000000005,300.0,299.9954119031356,0.03302503386183689,0.03306187309457712,0.03153517298329602,0.0
0.6770000000000005,300.0,299.99546506270934,0.03300308201646174,0.03303948658383888,0.03153381801545487,0.0
0.6780000000000005,300.0,299.99551761816826,0.032981379489747296,0.03301735461602505,0.031532478353886575,0.0
0.6790000000000005,300.0,299.99556957633934,0.03295992347035092,0.03299547430699205,0.03153115383395781,0.0
0.6800000000000005,300.0,299.9956209439758,0.03293871117679166,0.032973842804427216,0.03152984429198792,0.0
0.6810000000000005,300.0,299.9956717277578,0.03291773985737071,0.032952457287634976,0.03152854956538611,0.0
0.6820000000000005,300.0,299.9957219342925,0.032897006789932674,0.032931314967182684,0.03152726949264284,0.0
0.6830000000000005,300.0,299.99577157011515,0.03287650928176788,0.03291041308469351,0.03152600391346591,0.0
0.6840000000000005,300.0,299.9958206416892,0.03285624466935884,0.03288974891249508,0.031524752668766934,0.0
0.6850000000000005,300.0,299.9958691554068,0.03283621031821793,0.032869319753369514,0.03152351560074633,0.0
0.6860000000000005,300.0,299.99591711759007,0.032816403622671006,0.032849122940252586,0.03152229255292315,0.0
0.6870000000000005,300.0,299.9959645344908,0.032796822005599906,0.03282915583590512,0.03152108337013321,0.0
0.6880000000000005,300.0,299.9960114122916,0.03277746291825531,0.03280941583265578,0.03151988789859536,0.0
0.6890000000000005,300.0,299.99605775710654,0.032758323839996335,0.03278990035208186,0.03151870598591175,0.0
0.6900000000000005,300.0,299.99610357498153,0.032739402278049015,0.032770606844707846,0.031517537481082145,0.0
0.6910000000000005,300.0,299.9961488718952,0.032720695767277076,0.03275153278972596,0.03151638223453716,0.0
0.6920000000000005,300.0,299.99619365375895,0.03270220186991239,0.03273267569468056,0.03151524009813107,0.0
0.6930000000000005,300.0,299.99623792641876,0.03268391817533823,0.03271403309520577,0.03151411092518512,0.0
0.6940000000000005,300.0,299.9962816956546,0.0326658422997797,0.0326956025546769,0.031512994570440225,0.0
0.6950000000000005,300.0,299.996324967182,0.03264797188608463,0.03267738166395568,0.03151189089010101,0.0
0.6960000000000005,300.0,299.99636774665186,0.03263030460345228,0.03265936804108465,0.031510799741824996,0.0
0.6970000000000005,300.0,299.996410039652,0.03261283814719404,0.03264155933101527,0.03150972098474256,0.0
0.6980000000000005,300.0,299.99645185170715,0.032595570238451485,0.032623953205299636,0.03150865447943693,0.0
0.6990000000000005,300.0,299.99649318828,0.032578498623922564,0.03260654736178962,0.031507600087928106,0.0
0.7000000000000005,300.0,299.9965340547716,0.03256162107561715,0.0325893395243682,0.03150655767368632,0.0
0.7010000000000005,300.0,299.996574456522,0.032544935390605746,0.03257232744267471,0.03150552710163602,0.0
0.7020000000000005,300.0,299.99661439881123,0.032528439390745734,0.0325555088918097,0.031504508238136095,0.0
0.7030000000000005,300.0,299.9966538868596,0.03251213092241109,0.032538881672047146,0.03150350095096438,0.0
0.7040000000000005,300.0,299.99669292582826,0.03249600785624879,0.03252244360857159,0.03150250510932428,0.0
0.7050000000000005,300.0,299.99673152082033,0.0324800680869271,0.032506192551207666,0.031501520583840543,0.0
0.7060000000000005,300.0,299.996769676881,0.03246430953285348,0.032490126374126654,0.031500547246528884,0.0
0.7070000000000005,300.0,299.9968073989986,0.03244873013595231,0.03247424297560426,0.03149958497081432,0.0
0.7080000000000005,300.0,299.99684469210484,0.03243332786137859,0.03245854027772462,0.031498633631492225,0.0
0.7090000000000005,300.0,299.99688156107555,0.03241810069729566,0.03244301622614143,0.03149769310474409,0.0
0.7100000000000005,300.0,299.9969180107315,0.032403046654602356,0.03242766878979553,0.03149676326810648,0.0
0.7110000000000005,300.0,299.9969540458388,0.03238816376670052,0.03241249596067025,0.03149584400047523,0.0
0.7120000000000005,300.0,299.9969896711096,0.03237345008922544,0.032397495753508865,0.03149493518206856,0.0
0.7130000000000005,300.0,299.99702489120256,0.03235890369982076,0.032382666205582306,0.03149403669443802,0.0
0.7140000000000005,300.0,299.99705971072336,0.032344522697897046,0.03236800537643595,0.03149314842045571,0.0
0.7150000000000005,300.0,299.99709413422585,0.032330305204401534,0.0323535113476488,0.03149227024431122,0.0
0.7160000000000005,300.0,299.99712816621184,0.03231624936153985,0.03233918222255006,0.03149140205146262,0.0
0.7170000000000005,300.0,299.9971618111325,0.0323023533325888,0.0323250161260185,0.03149054372866874,0.0
0.7180000000000005,300.0,299.997195073388,0.03228861530160901,0.032311011204191754,0.03148969516392759,0.0
0.7190000000000005,300.0,299.9972279573291,0.03227503347326978,0.03229716562427923,0.03148885624651684,0.0
0.7200000000000005,300.0,299.9972604672566,0.032261606072557625,0.032283477574268034,0.03148802686692365,0.0
0.7210000000000005,300.0,299.997292607423,0.032248331344633334,0.03226994526276639,0.03148720691691094,0.0
0.7220000000000005,300.0,299.9973243820323,0.0322352075545194,0.03225656691868928,0.031486396289421535,0.0
0.7230000000000005,300.0,299.9973557952407,0.032222232986933164,0.032243340791081744,0.031485594878619086,0.0
0.7240000000000005,300.0,299.99738685115744,0.03220940594603507,0.03223026514886468,0.03148480257984796,0.0
0.7250000000000005,300.0,299.99741755384497,0.03219672475522928,0.03221733828062449,0.031484019289635276,0.0
0.7260000000000005,300.0,299.9974479073196,0.03218418775692557,0.0322045584943711,0.03148324490565837,0.0
0.7270000000000005,300.0,299.99747791555194,0.03217179331235809,0.03219192411735207,0.031482479326766497,0.0
0.7280000000000005,300.0,299.9975075824677,0.032159539801372386,0.03217943349583121,0.03148172245296451,0.0
0.7290000000000005,300.0,299.9975369119477,0.032147425622179454,0.032167084994837836,0.03148097418536426,0.0
0.7300000000000005,300.0,299.997565907829,0.03213544919117297,0.032154876997981176,0.03148023442619978,0.0
0.7310000000000005,300.0,299.997594573905,0.032123608942736526,0.032142807907248175,0.03147950307882316,0.0
0.7320000000000005,300.0,299.99762291392585,0.032111903328994454,0.03213087614275224,0.03147878004764881,0.0
0.7330000000000005,300.0,299.9976509315991,0.032100330819663625,0.032119080142579755,0.0314780652381941,0.0
0.7340000000000005,300.0,299.99767863059037,0.03208888990184493,0.03210741836257437,0.03147735855705495,0.0
0.7350000000000005,300.0,299.9977060145235,0.03207757907979823,0.032095889276109194,0.03147665991186703,0.0
0.7360000000000005,300.0,299.99773308698116,0.03206639687476365,0.0320844913739035,0.03147596921130984,0.0
0.7370000000000005,300.0,299.99775985150535,0.03205534182478518,0.03207322316383968,0.031475286365108775,0.0
0.7380000000000005,300.0,299.9977863115977,0.03204441248449537,0.03206208317074607,0.03147461128400064,0.0
0.7390000000000005,300.0,299.99781247072013,0.03203360742495761,0.03205106993623294,0.0314739438797508,0.0
0.7400000000000005,300.0,299.9978383322953,0.03202292523345524,0.03204018201847641,0.03147328406511569,0.0
0.7410000000000005,300.0,299.9978638997069,0.03201236451330027,0.03202941799202715,0.03147263175382819,0.0
0.7420000000000005,300.0,299.99788917629996,0.032001923883690796,0.03201877644765723,0.031471986860619625,0.0
0.7430000000000005,300.0,299.997914165382,0.03199160197949868,0.03200825599214935,0.03147134930118156,0.0
0.7440000000000005,300.0,299.9979388702223,0.03198139745108365,0.03199785524810434,0.03147071899214409,0.0
0.7450000000000006,300.0,299.9979632940536,0.03197130896416652,0.03198757285380942,0.031470095851113315,0.0
0.7460000000000006,300.0,299.9979874400714,0.03196133519960391,0.031977407463010483,0.031469479796610404,0.0
0.7470000000000006,300.0,299.99801131143533,0.031951474853231354,0.031967357744751734,0.03146887074807618,0.0
0.7480000000000006,300.0,299.99803491126863,0.03194172663571051,0.03195742238321833,0.03146826862587748,0.0
0.7490000000000006,300.0,299.99805824265934,0.031932089272355295,0.031947600077557176,0.03146767335128907,0.0
0.7500000000000006,300.0,299.99808130866035,0.0319225615029522,0.03193788954169621,0.03146708484647245,0.0
0.7510000000000006,300.0,299.99810411228987,0.031913142081594154,0.03192828950417321,0.03146650303446242,0.0
0.7520000000000006,300.0,299.9981266565317,0.03190382977654256,0.03191879870799462,0.0314659278391821,0.0
0.7530000000000006,300.0,299.99814894433587,0.03189462337005024,0.03190941591045418,0.0314653591854156,0.0
0.7540000000000006,300.0,299.9981709786186,0.031885521658199335,0.031900139882968574,0.031464796998796084,0.0
0.7550000000000006,300.0,299.99819276226316,0.03187652345075803,0.031890969410928525,0.03146424120580777,0.0
0.7560000000000006,300.0,299.9982142981202,0.031867627571025896,0.03188190329354299,0.031463691733779164,0.0
0.7570000000000006,300.0,299.99823558900766,0.031858832855642505,0.03187294034364451,0.0314631485108353,0.0
0.7580000000000006,300.0,299.99825663771156,0.031850138154487465,0.03186407938758311,0.03146261146593791,0.0
0.7590000000000006,300.0,299.9982774469863,0.03184154233050783,0.03185531926505269,0.03146208052885559,0.0
0.7600000000000006,300.0,299.99829801955497,0.03183304425955023,0.031846658828920876,0.0314615556301358,0.0
0.7610000000000006,300.0,299.99831835810954,0.0318246428302666,0.03183809694512811,0.031461036701145265,0.0
0.7620000000000006,300.0,299.9983384653115,0.031816336943906835,0.031829632492480435,0.03146052367400137,0.0
0.7630000000000006,300.0,299.99835834379223,0.031808125514225155,0.03182126436255098,0.03146001648161169,0.0
0.7640000000000006,300.0,299.9983779961529,0.0318000074673099,0.03181299145950597,0.03145951505763574,0.0
0.7650000000000006,300.0,299.9983974249653,0.03179198174144161,0.03180481269996342,0.03145901933647821,0.0
0.7660000000000006,300.0,299.99841663277175,0.03178404728699056,0.031796727012882504,0.03145852925331164,0.0
0.7670000000000006,300.0,299.99843562208605,0.03177620306625321,0.03178873333940199,0.03145804474404605,0.0
0.7680000000000006,300.0,299.99845439539314,0.03176844805329545,0.03178083063267524,0.0314575657452937,0.0
0.7690000000000006,300.0,299.9984729551498,0.03176078123384856,0.031773017857768565,0.0314570921943963,0.0
0.7700000000000006,300.0,299.9984913037847,0.03175320160517256,0.03176529399151872,0.03145662402940946,0.0
0.7710000000000006,300.0,299.9985094436991,0.03174570817594698,0.03175765802242097,0.03145616118911658,0.0
0.7720000000000006,300.0,299.99852737726695,0.031738299966087916,0.031750108950443764,0.03145570361296718,0.0
0.7730000000000006,300.0,299.9985451068351,0.031730976006661235,0.0317426457869397,0.031455251241111065,0.0
0.7740000000000006,300.0,299.9985626347239,0.03172373533974365,0.031735267554502775,0.03145480401437683,0.0
0.7750000000000006,300.0,299.99857996322714,0.03171657701827416,0.03172797328681833,0.03145436187424157,0.0
0.7760000000000006,300.0,299.9985970946124,0.031709500105993,0.03172076202859874,0.03145392476288583,0.0
0.7770000000000006,300.0,299.998614031122,0.031702503677262,0.03171363283540063,0.03145349262312759,0.0
0.7780000000000006,300.0,299.99863077497207,0.031695586816957395,0.031706584773515505,0.031453065398428945,0.0
0.7790000000000006,300.0,299.9986473283541,0.031688748620372235,0.031699616919869764,0.031452643032911044,0.0
0.7800000000000006,300.0,299.99866369343437,0.03168198819307237,0.031692728361877864,0.0314522254713203,0.0
0.7810000000000006,300.0,299.99867987235467,0.03167530465078895,0.0316859181973333,0.03145181265903159,0.0
0.7820000000000006,300.0,299.99869586723236,0.03166869711929878,0.03167918553428387,0.031451404542034204,0.0
0.7830000000000006,300.0,299.9987116801607,0.03166216473431988,0.031672529490928074,0.03145100106693801,0.0
0.7840000000000006,300.0,299.99872731320914,0.0316557066414046,0.03166594919550319,0.031450602180969706,0.0
0.7850000000000006,300.0,299.99874276842377,0.031649321995808125,0.03165944378615256,0.031450207831947116,0.0
0.7860000000000006,300.0,299.99875804782727,0.03164300996236703,0.03165301241080206,0.03144981796826136,0.0
0.7870000000000006,300.0,299.9987731534192,0.03163676971544404,0.03164665422710176,0.0314494325389237,0.0
0.7880000000000006,300.0,299.99878808717676,0.03163060043876777,0.031640368402263974,0.03144905149350655,0.0
0.7890000000000006,300.0,299.99880285105417,0.03162450132533978,0.031634154112967154,0.03144867478214978,0.0
0.7900000000000006,300.0,299.9988174469838,0.03161847157736399,0.03162801054528337,0.03144830235558971,0.0
0.7910000000000006,300.0,299.99883187687595,0.03161251040608338,0.03162193689451401,0.031447934165094144,0.0
0.7920000000000006,300.0,299.99884614261913,0.031606617031713136,0.03161593236511877,0.031447570162490654,0.0
0.7930000000000006,300.0,299.99886024608037,0.03160079068333472,0.031609996170608785,0.03144721030015732,0.0
0.7940000000000006,300.0,299.99887418910566,0.031595030598791506,0.031604127533440135,0.03144685453101287,0.0
0.7950000000000006,300.0,299.99888797351986,0.03158933602458449,0.03159832568490609,0.03144650280850435,0.0
0.7960000000000006,300.0,299.998901601127,0.03158370621578334,0.03159258986504764,0.03144615508661228,0.0
0.7970000000000006,300.0,299.99891507371063,0.031578140435926036,0.03158691932255058,0.031445811319841005,0.0
0.7980000000000006,300.0,299.99892839303413,0.03157263795692727,0.031581313314651575,0.031445471463217106,0.0
0.7990000000000006,300.0,299.9989415608407,0.03156719805898198,0.03157577110703891,0.03144513547228138,0.0
0.8000000000000006,300.0,299.9989545788539,0.03156182003045454,0.031570291973740894,0.03144480330306744,0.0
0.8010000000000006,300.0,299.9989674487775,0.03155650316779358,0.031564875197039474,0.03144447491210442,0.0
0.8020000000000006,300.0,299.99898017229583,0.03155124677546198,0.03155952006739581,0.031444150256431075,0.0
0.8030000000000006,300.0,299.9989927510743,0.03154605016582779,0.03155422588334119,0.03144382929357367,0.0
0.8040000000000006,300.0,299.99900518675923,0.03154091265907091,0.03154899195138108,0.031443511981536165,0.0
0.8050000000000006,300.0,299.99901748097835,0.03153583358310981,0.031543817585918836,0.031443198278809356,0.0
0.8060000000000006,300.0,299.99902963534066,0.031530812273480195,0.03153870210913558,0.03144288814433463,0.0
0.8070000000000006,300.0,299.99904165143704,0.03152584807329022,0.031533644850940616,0.03144258153753808,0.0
0.8080000000000006,300.0,299.99905353084034,0.031520940333109815,0.031528645148858635,0.03144227841829983,0.0
0.8090000000000006,300.0,299.99906527510524,0.03151608841087876,0.031523702347940226,0.03144197874694595,0.0
0.8100000000000006,300.0,299.999076885769,0.03151129167186395,0.03151881580071192,0.03144168248427927,0.0
0.8110000000000006,300.0,299.9990883643513,0.031506549488529274,0.03151398486704792,0.03144138959153033,0.0
0.8120000000000006,300.0,299.99909971235456,0.031501861240475736,0.03150920891410671,0.03144110003037278,0.0
0.8130000000000006,300.0,299.99911093126406,0.031497226314349674,0.03150448731623898,0.03144081376290913,0.0
0.8140000000000006,300.0,299.99912202254814,0.031492644103778694,0.03149981945492056,0.031440530751680566,0.0
0.8150000000000006,300.0,299.99913298765875,0.031488114009309856,0.03149520471868886,0.031440250959679686,0.0
0.8160000000000006,300.0,299.9991438280309,0.031483635438254526,0.031490642502987345,0.03143997435026935,0.0
0.8170000000000006,300.0,299.99915454508357,0.03147920780469401,0.03148613221016866,0.031439700887260946,0.0
0.8180000000000006,300.0,299.9991651402195,0.031474830529369696,0.03148167324938337,0.03143943053487621,0.0
0.8190000000000006,300.0,299.9991756148254,0.031470503039610256,0.031477265036503894,0.031439163257743916,0.0
0.8200000000000006,300.0,299.9991859702725,0.031466224769242164,0.03147290699403705,0.03143889902088394,0.0
0.8210000000000006,300.0,299.99919620791604,0.03146199515852712,0.03146859855105742,0.03143863778971187,0.0
0.8220000000000006,300.0,299.99920632909624,0.03145781365410686,0.03146433914314951,0.031438379530051436,0.0
0.8230000000000006,300.0,299.99921633513765,0.031453679708892936,0.031460128212299064,0.031438124208094845,0.0
0.8240000000000006,300.0,299.9992262273502,0.031449592782051124,0.03145596520687278,0.03143787179045164,0.0
0.8250000000000006,300.0,299.9992360070286,0.03144555233884534,0.0314518495814649,0.03143762224406234,0.0
0.8260000000000006,300.0,299.999245675453,0.03144155785066129,0.031447780796913814,0.031437375536282876,0.0
0.8270000000000006,300.0,299.99925523388885,0.031437608794882325,0.03144375832018113,0.03143713163482948,0.0
0.8280000000000006,300.0,299.99926468358734,0.03143370465483057,0.031439781624289766,0.031436890507782464,0.0
0.8290000000000006,300.0,299.99927402578527,0.03142984491971535,0.03143585018826964,0.03143665212359672,0.0
0.8300000000000006,300.0,299.9992832617056,0.03142602908454008,0.03143196349706553,0.03143641645107348,0.0
0.8310000000000006,300.0,299.9992923925572,0.031422256650059606,0.03142812104149027,0.031436183459377,0.0
0.8320000000000006,300.0,299.99930141953536,0.03141852712270323,0.031424322318148956,0.03143595311802128,0.0
0.8330000000000006,300.0,299.9993103438216,0.03141484001449161,0.031420566829353735,0.03143572539684658,0.0
0.8340000000000006,300.0,299.99931916658403,0.03141119484300719,0.03141685408309215,0.031435500266049285,0.0
0.8350000000000006,300.0,299.9993278889775,0.031407591131329654,0.03141318359296198,0.03143527769617718,0.0
0.8360000000000006,300.0,299.99933651214394,0.03140402840795692,0.03140955487808972,0.031435057658107626,0.0
0.8370000000000006,300.0,299.9993450372119,0.0314005062067285,0.03140596746305449,0.03143484012303043,0.0
0.8380000000000006,300.0,299.99935346529736,0.03139702406679715,0.03140242087785746,0.03143462506247603,0.0
0.8390000000000006,300.0,299.9993617975035,0.031393581532565516,0.031398914657855756,0.03143441244830719,0.0
0.8400000000000006,300.0,299.999370034921,0.03139017815360129,0.0313954483436802,0.031434202252693624,0.0
0.8410000000000006,300.0,299.99937817862804,0.03138681348460532,0.03139202148119833,0.03143399444813175,0.0
0.8420000000000006,300.0,299.9993862296907,0.031383487085352366,0.031388633621454935,0.03143378900744105,0.0
0.8430000000000006,300.0,299.9993941891629,0.03138019852059594,0.0313852843205769,0.031433585903723804,0.0
0.8440000000000006,300.0,299.9994020580865,0.031376947360042304,0.03138197313974486,0.03143338511039158,0.0
0.8450000000000006,300.0,299.99940983749144,0.03137373317829438,0.031378699645137495,0.031433186601163496,0.0
0.8460000000000006,300.0,299.9994175283961,0.03137055555480987,0.031375463407885204,0.031432990350073395,0.0
0.8470000000000006,300.0,299.99942513180724,0.031367414073803064,0.03137226400397397,0.031432796331426045,0.0
0.8480000000000006,300.0,299.99943264872013,0.031364308324236805,0.031369101014235366,0.03143260451983969,0.0
0.8490000000000006,300.0,299.9994400801187,0.03136123789973227,0.03136597402425431,0.03143241489020506,0.0
0.8500000000000006,300.0,299.9994474269758,0.03135820239855401,0.031362882624352585,0.031432227417720185,0.0
0.8510000000000006,300.0,299.99945469025306,0.031355201423487064,0.031359826409468126,0.031432042077819376,0.0
0.8520000000000006,300.0,299.9994618709013,0.03135223458187722,0.031356804979190224,0.03143185884625916,0.0
0.8530000000000006,300.0,299.99946896986046,0.03134930148552686,0.03135381793765582,0.03143167769906333,0.0
0.8540000000000006,300.0,299.99947598805977,0.03134640175064329,0.03135086489349774,0.03143149861251982,0.0
0.8550000000000006,300.0,299.999482926418,0.0313435349978033,0.03134794545980695,0.031431321563191214,0.0
0.8560000000000006,300.0,299.99948978584337,0.03134070085189889,0.03134505925407667,0.03143114652790646,0.0
0.8570000000000007,300.0,299.9994965672338,0.03133789894208567,0.0313422058981524,0.03143097348375794,0.0
0.8580000000000007,300.0,299.9995032714769,0.031335128901730756,0.03133938501817538,0.031430802408091256,0.0
0.8590000000000007,300.0,299.99950989945035,0.03133239036838468,0.03133659624455675,0.03143063327852573,0.0
0.8600000000000007,300.0,299.9995164520217,0.03132968298371309,0.031333839211905135,0.03143046607292717,0.0
0.8610000000000007,300.0,299.99952293004884,0.03132700639345041,0.03133111355898258,0.03143030076940875,0.0
0.8620000000000007,300.0,299.99952933437976,0.03132436024735866,0.03132841892865933,0.03143013734633028,0.0
0.8630000000000007,300.0,299.99953566585265,0.03132174419917646,0.03132575496786418,0.03142997578229247,0.0
0.8640000000000007,300.0,299.99954192529646,0.03131915790660767,0.03132312132757048,0.03142981605616662,0.0
0.8650000000000007,300.0,299.9995481135305,0.03131660103123236,0.03132051766270684,0.031429658147047894,0.0
0.8660000000000007,300.0,299.9995542313649,0.03131407323846624,0.0313179436321165,0.03142950203425711,0.0
0.8670000000000007,300.0,299.9995602796006,0.031311574197544656,0.031315398898539085,0.0314293476973648,0.0
0.8680000000000007,300.0,299.9995662590291,0.03130910358145732,0.031312883128545195,0.031429195116167,0.0
0.8690000000000007,300.0,299.9995721704333,0.031306661066921794,0.031310395992508434,0.03142904427069852,0.0
0.8700000000000007,300.0,299.999578014587,0.03130424633434311,0.031307937164564495,0.03142889514123254,0.0
0.8710000000000007,300.0,299.9995837922552,0.03130185906772393,0.03130550632252076,0.0314287477082298,0.0
0.8720000000000007,300.0,299.9995895041943,0.031299498954689274,0.031303103147879506,0.03142860195240224,0.0
0.8730000000000007,300.0,299.99959515115205,0.03129716568639673,0.03130072732574761,0.031428457854661196,0.0
0.8740000000000007,300.0,299.99960073386757,0.031294858957523014,0.03129837854482231,0.03142831539614232,0.0
0.8750000000000007,300.0,299.99960625307176,0.03129257846623679,0.03129605649736235,0.03142817455821506,0.0
0.8760000000000007,300.0,299.99961170948706,0.03129032391411225,0.0312937608791031,0.03142803532243524,0.0
0.8770000000000007,300.0,299.99961710382775,0.03128809500613284,0.03129149138925727,0.03142789767058351,0.0
0.8780000000000007,300.0,299.9996224367999,0.0312858914506339,0.031289247730456465,0.03142776158464389,0.0
0.8790000000000007,300.0,299.99962770910184,0.03128371295928237,0.03128702960873109,0.031427627046820256,0.0
0.8800000000000007,300.0,299.99963292142365,0.03128155924699052,0.03128483673342363,0.03142749403948549,0.0
0.8810000000000007,300.0,299.9996380744477,0.031279430031921074,0.03128266881719332,0.03142736254522215,0.0
0.8820000000000007,300.0,299.9996431688485,0.031277325035460206,0.031280525575986075,0.03142723254682796,0.0
0.8830000000000007,300.0,299.999648205293,0.03127524398216045,0.031278406728978365,0.03142710402729437,0.0
0.8840000000000007,300.0,299.9996531844405,0.03127318659968391,0.031276311998520774,0.03142697696978452,0.0
0.8850000000000007,300.0,299.9996581069428,0.03127115261880774,0.03127424111013973,0.03142685135766944,0.0
0.8860000000000007,300.0,299.9996629734443,0.03126914177336817,0.03127219379248411,0.03142672717450831,0.0
0.8870000000000007,300.0,299.9996677845821,0.031267153800228716,0.031270169777290135,0.031426604404046724,0.0
0.8880000000000007,300.0,299.9996725409859,0.03126518843924888,0.03126816879935047,0.03142648303021881,0.0
0.8890000000000007,300.0,299.9996772432784,0.03126324543325247,0.03126619059648112,0.03142636303714685,0.0
0.8900000000000007,300.0,299.9996818920753,0.031261324527974754,0.03126423490946949,0.0314262444091213,0.0
0.8910000000000007,300.0,299.999686487985,0.03125942547204807,0.03126230148205675,0.03142612713061535,0.0
0.8920000000000007,300.0,299.9996910316093,0.03125754801695249,0.03126039006089133,0.031426011186269684,0.0
0.8930000000000007,300.0,299.99969552354287,0.03125569191701,0.0312585003955193,0.031425896560914365,0.0
0.8940000000000007,300.0,299.99969996437386,0.031253856929334745,0.031256632238334574,0.03142578323954965,0.0
0.8950000000000007,300.0,299.99970435468356,0.03125204281378308,0.031254785344530314,0.03142567120732769,0.0
0.8960000000000007,300.0,299.99970869504676,0.03125024933296545,0.03125295947210718,0.0314255604495913,0.0
0.8970000000000007,300.0,299.99971298603157,0.031248476252184135,0.03125115438181254,0.03142545095184267,0.0
0.8980000000000007,300.0,299.9997172281998,0.03124672333940199,0.031249369837107823,0.031425342699740136,0.0
0.8990000000000007,300.0,299.9997214221068,0.031244990365241712,0.031247605604167665,0.03142523567912671,0.0
0.9000000000000007,300.0,299.9997255683015,0.0312432771029235,0.031245861451815477,0.03142512987599415,0.0
0.9010000000000007,300.0,299.99972966732673,0.031241583328240684,0.031244137151500196,0.03142502527648814,0.0
0.9020000000000007,300.0,299.9997337197192,0.031239908819553814,0.031242432477289372,0.03142492186692978,0.0
0.9030000000000007,300.0,299.99973772600924,0.03123825335771905,0.031240747205796622,0.03142481963377038,0.0
0.9040000000000007,300.0,299.99974168672145,0.031236616726095717,0.031239081116188214,0.031424718563625935,0.0
0.9050000000000007,300.0,299.9997456023743,0.031234998710513634,0.031237433990150106,0.03142461864327126,0.0
0.9060000000000007,300.0,299.99974947348034,0.03123339909923454,0.031235805611849545,0.03142451985962834,0.0
0.9070000000000007,300.0,299.9997533005465,0.0312318176829204,0.031234195767901946,0.031424422199759765,0.0
0.9080000000000007,300.0,299.9997570840736,0.031230254254621014,0.031232604247358138,0.03142432565088235,0.0
0.9090000000000007,300.0,299.99976082455714,0.031228708609744103,0.031231030841673755,0.03142423020036246,0.0
0.9100000000000007,300.0,299.99976452248654,0.031227180546007708,0.031229475344661944,0.031424135835694186,0.0
0.9110000000000007,300.0,299.9997681783461,0.031225669863463725,0.031227937552514826,0.03142404254454666,0.0
0.9120000000000007,300.0,299.99977179261435,0.031224176364408458,0.031226417263713977,0.031423950314698995,0.0
0.9130000000000007,300.0,299.9997753657645,0.031222699853398993,0.031224914279047816,0.03142385913408287,0.0
0.9140000000000007,300.0,299.9997788982643,0.03122124013720178,0.031223428401557982,0.031423768990753234,0.0
0.9150000000000007,300.0,299.9997823905762,0.031219797024781185,0.031221959436528376,0.03142367987290161,0.0
0.9160000000000007,300.0,299.99978584315727,0.031218370327301327,0.031220507191484868,0.0314235917688801,0.0
0.9170000000000007,300.0,299.9997892564597,0.031216959858052035,0.0312190714761228,0.031423504667152095,0.0
0.9180000000000007,300.0,299.99979263093024,0.031215565432452245,0.03121765210230798,0.03142341855631692,0.0
0.9190000000000007,300.0,299.9997959670106,0.03121418686800681,0.031216248884035545,0.031423333425091696,0.0
0.9200000000000007,300.0,299.99979926513754,0.031212823984323426,0.031214861637442998,0.031423249262347616,0.0
0.9210000000000007,300.0,299.99980252574284,0.031211476603039807,0.031213490180739455,0.03142316605706144,0.0
0.9220000000000007,300.0,299.99980574925354,0.03121014454783195,0.031212134334212466,0.03142308379834486,0.0
0.9230000000000007,300.0,299.99980893609137,0.031208827644355227,0.03121079392017006,0.03142300247540841,0.0
0.9240000000000007,300.0,299.9998120866736,0.03120752572030169,0.031209468762995074,0.03142292207763839,0.0
0.9250000000000007,300.0,299.99981520141273,0.031206238605280656,0.031208158689025857,0.031422842594498276,0.0
0.9260000000000007,300.0,299.99981828071657,0.0312049661308533,0.031206863526593444,0.031422764015587815,0.0
0.9270000000000007,300.0,299.99982132498815,0.031203708130490736,0.031205583105974186,0.03142268633061656,0.0
0.9280000000000007,300.0,299.99982433462617,0.03120246443955378,0.03120431725937366,0.03142260952940866,0.0
0.9290000000000007,300.0,299.99982731002444,0.031201234895279463,0.031203065820910595,0.03142253360190764,0.0
0.9300000000000007,300.0,299.9998302515726,0.03120001933677034,0.031201828626604984,0.03142245853818484,0.0
0.9310000000000007,300.0,299.9998331596557,0.03119881760494234,0.031200605514327618,0.031422384328408985,0.0
0.9320000000000007,300.0,299.9998360346544,0.031197629542537044,0.031199396323809043,0.031422310962875365,0.0
0.9330000000000007,300.0,299.9998388769452,0.031196454994065953,0.031198200896587626,0.031422238431973226,0.0
0.9340000000000007,300.0,299.9998416869002,0.031195293805807503,0.031197019076001774,0.031422166726197756,0.0
0.9350000000000007,300.0,299.9998444648871,0.031194145825807706,0.03119585070719318,0.03142209583617276,0.0
0.9360000000000007,300.0,299.9998472112697,0.031193010903844864,0.031194695637068337,0.03142202575263109,0.0
0.9370000000000007,300.0,299.9998499264075,0.031191888891379378,0.031193553714251736,0.03142195646638636,0.0
0.9380000000000007,300.0,299.99985261065603,0.0311907796415749,0.03119242478910344,0.031421887968369575,0.0
0.9390000000000007,300.0,299.99985526436666,0.031189683009265008,0.03119130871368627,0.031421820249614624,0.0
0.9400000000000007,300.0,299.9998578878868,0.03118859885091836,0.03119020534173119,0.031421753301241674,0.0
0.9410000000000007,300.0,299.99986048155995,0.03118752702466531,0.031189114528663284,0.03142168711450158,0.0
0.9420000000000007,300.0,299.9998630457256,0.031186467390236304,0.031188036131539122,0.03142162168073067,0.0
0.9430000000000007,300.0,299.9998655807194,0.031185419808947373,0.031186970009032706,0.031421556991354266,0.0
0.9440000000000007,300.0,299.99986808687333,0.031184384143708662,0.03118591602144346,0.0314214930379124,0.0
0.9450000000000007,300.0,299.99987056451545,0.031183360258980487,0.0311848740306506,0.03142142981203103,0.0
0.9460000000000007,300.0,299.9998730139702,0.031182348020771137,0.031183843900111974,0.03142136730543814,0.0
0.9470000000000007,300.0,299.9998754355581,0.031181347296587756,0.03118282549481659,0.03142130550993267,0.0
0.9480000000000007,300.0,299.99987782959624,0.031180357955477148,0.031181818681319185,0.031421244417436316,0.0
0.9490000000000007,300.0,299.999880196398,0.0311793798679731,0.031180823327693234,0.03142118401996259,0.0
0.9500000000000007,300.0,299.9998825362734,0.031178412906069423,0.03117983930350001,0.031421124309602075,0.0
0.9510000000000007,300.0,299.99988484952866,0.031177456943205194,0.031178866479775857,0.03142106527852568,0.0
0.9520000000000007,300.0,299.99988713646644,0.031176511854266942,0.03117790472903203,0.031421006919000634,0.0
0.9530000000000007,300.0,299.99988939738637,0.031175577515594913,0.031176953925261684,0.03142094922341332,0.0
0.9540000000000007,300.0,299.9998916325845,0.031174653804901063,0.031176013943857293,0.03142089218420157,0.0
0.9550000000000007,300.0,299.9998938423532,0.03117374060128255,0.03117508466162424,0.031420835793883876,0.0
0.9560000000000007,300.0,299.999896026982,0.031172837785247202,0.031174165956804997,0.0314207800450992,0.0
0.9570000000000007,300.0,299.9998981867568,0.031171945238622413,0.031173257708987965,0.031420724930529956,0.0
0.9580000000000007,300.0,299.9999003219603,0.031171062844603272,0.03117235979915714,0.031420670442967244,0.0
0.9590000000000007,300.0,299.99990243287215,0.0311701904877202,0.031171472109656533,0.03142061657528959,0.0
0.9600000000000007,300.0,299.9999045197686,0.031169328053796592,0.031170594524148446,0.03142056332043558,0.0
0.9610000000000007,300.0,299.999906582923,0.031168475429974456,0.031169726927640588,0.03142051067144564,0.0
0.9620000000000007,300.0,299.9999086226054,0.031167632504646648,0.03116886920641638,0.03142045862140597,0.0
0.9630000000000007,300.0,299.9999106390827,0.031166799167505015,0.031168021248082677,0.031420407163510855,0.0
0.9640000000000007,300.0,299.99991263261904,0.031165975309496146,0.031167182941525394,0.0314203562910319,0.0
0.9650000000000007,300.0,299.9999146034754,0.03116516082278903,0.031166354176878023,0.03142030599729998,0.0
0.9660000000000007,300.0,299.9999165519098,0.031164355600793798,0.03116553484553827,0.031420256275735754,0.0
0.9670000000000007,300.0,299.9999184781772,0.031163559538117815,0.031164724840126272,0.031420207119820937,0.0
0.9680000000000007,300.0,299.9999203825299,0.03116277253059746,0.03116392405451145,0.03142015852313885,0.0
0.9690000000000007,300.0,299.9999222652172,0.031161994475220913,0.031163132383741923,0.03142011047931623,0.0
0.9700000000000008,300.0,299.99992412648567,0.031161225270166373,0.03116234972407565,0.031420062982067815,0.0
0.9710000000000008,300.0,299.99992596657876,0.031160464814750863,0.031161575972934428,0.031420016025162756,0.0
0.9720000000000008,300.0,299.9999277857375,0.03115971300946786,0.031160811028937117,0.031419969602470975,0.0
0.9730000000000008,300.0,299.99992958420006,0.031158969755924467,0.031160054791838702,0.03141992370791412,0.0
0.9740000000000008,300.0,299.99993136220195,0.031158234956840804,0.031159307162529903,0.03141987833547779,0.0
0.9750000000000008,300.0,299.9999331199758,0.03115750851604194,0.0311585680430269,0.03141983347921337,0.0
0.9760000000000008,300.0,299.9999348577519,0.031156790338462404,0.03115783733647703,0.031419789133256035,0.0
0.9770000000000008,300.0,299.99993657575766,0.03115608033011205,0.031157114947124354,0.031419745291802,0.0
0.9780000000000008,300.0,299.99993827421787,0.031155378398072312,0.031156400780305012,0.031419701949115725,0.0
0.9790000000000008,300.0,299.9999399533551,0.03115468445048769,0.031155694742437425,0.03141965909953183,0.0
0.9800000000000008,300.0,299.9999416133891,0.031153998396520527,0.031154996740980778,0.03141961673742479,0.0
0.9810000000000008,300.0,299.99994325453724,0.031153320146389822,0.03115430668446895,0.03141957485725469,0.0
0.9820000000000008,300.0,299.9999448770143,0.031152649611330234,0.031153624482472386,0.03141953345354015,0.0
0.9830000000000008,300.0,299.99994648103274,0.031151986703589932,0.031152950045594065,0.03141949252086543,0.0
0.9840000000000008,300.0,299.9999480668026,0.031151331336400932,0.031152283285440632,0.03141945205386247,0.0
0.9850000000000008,300.0,299.99994963453145,0.031150683423992357,0.03115162411463482,0.03141941204723437,0.0
0.9860000000000008,300.0,299.9999511844245,0.031150042881564435,0.031150972446789195,0.03141937249573979,0.0
0.9870000000000008,300.0,299.9999527166848,0.031149409625281517,0.03115032819649991,0.031419333394197314,0.0
0.9880000000000008,300.0,299.9999542315128,0.031148783572277055,0.03114969127934995,0.03141929473749945,0.0
0.9890000000000008,300.0,299.9999557291068,0.031148164640609526,0.03114906161186535,0.03141925652057887,0.0
0.9900000000000008,300.0,299.9999572096629,0.031147552749286496,0.03114843911154,0.031419218738443826,0.0
0.9910000000000008,300.0,299.99995867337503,0.03114694781822271,0.03114782369679231,0.03141918138614465,0.0
0.9920000000000008,300.0,299.9999601204347,0.031146349768249582,0.03114721528697511,0.03141914445879389,0.0
0.9930000000000008,300.0,299.99996155103145,0.031145758521092727,0.031146613802353063,0.03141910795155363,0.0
0.9940000000000008,300.0,299.99996296535255,0.031145173999370092,0.03114601916410044,0.03141907185964301,0.0
0.9950000000000008,300.0,299.9999643635832,0.03114459612657525,0.03114543129428321,0.0314190361783301,0.0
0.9960000000000008,300.0,299.9999657459064,0.031144024827078343,0.031144850115862974,0.031419000902945374,0.0
0.9970000000000008,300.0,299.9999671125031,0.031143460026108356,0.031144275552674214,0.03141896602886853,0.0
0.9980000000000008,300.0,299.9999684635523,0.031142901649752183,0.031143707529426887,0.031418931551540435,0.0
0.9990000000000008,300.0,299.99996979923077,0.031142349624927387,0.031143145971678304,0.03141889746644412,0.0
1.0000000000000007,800.0,306.8480060136946,19.999999999999996,19.670773180866206,19.86460290858272,2.0
1.0010000000000006,800.0,315.371534105423,19.999999999999996,19.692528495423392,19.888385955023296,2.0
1.0020000000000004,800.0,323.8972672462212,19.999999999999996,19.693072320750755,19.89077546463628,2.0
1.0030000000000003,800.0,332.4237017717979,19.999999999999996,19.693539143645786,19.893122656481935,2.0
1.0040000000000002,800.0,340.9508256501345,19.999999999999996,19.69395175012419,19.895449478331585,2.0
1.0050000000000001,800.0,349.47863011071365,19.999999999999996,19.694315202091975,19.897759982574705,2.0
1.006,800.0,358.0071082010326,19.999999999999996,19.69463407177879,19.900057748574106,2.0
1.007,800.0,366.5362545774068,19.999999999999996,19.694912500946877,19.90234594201707,2.0
1.0079999999999998,800.0,375.06606531731387,19.999999999999996,19.695154241845128,19.904627355823024,2.0
1.0089999999999997,800.0,383.59653775031944,19.999999999999996,19.695362694246707,19.906904447111,2.0
1.0099999999999996,800.0,392.1276703057984,19.999999999999996,19.695540938954117,19.909179370613934,2.0
1.0109999999999995,800.0,400.6594623758386,19.999999999999996,19.69569176810895,19.91145400887983,2.0
1.0119999999999993,800.0,409.1919141918652,19.999999999999996,19.695817712611277,19.91372999956695,2.0
1.0129999999999992,800.0,417.72502671366414,19.999999999999996,19.695921066924424,19.916008760110955,2.0
1.0139999999999991,800.0,426.2588015296136,19.999999999999996,19.696003911514804,19.918291510015493,2.0
1.014999999999999,800.0,434.7932407670399,19.999999999999996,19.696068133152387,19.920579290993537,2.0
1.015999999999999,800.0,443.32834701172254,19.999999999999996,19.69611544327601,19.922872985164936,2.0
1.0169999999999988,800.0,451.8641232356662,19.999999999999996,19.696147394608236,19.92517333149639,2.0
1.0179999999999987,800.0,460.40057273233793,19.999999999999996,19.696165396186668,19.927480940651748,2.0
1.0189999999999986,800.0,468.93769905865065,19.999999999999996,19.696170726963032,19.92979630840499,2.0
1.0199999999999985,800.0,477.4755059830369,19.999999999999996,19.696164548106474,19.93211982775321,2.0
1.0209999999999984,800.0,486.01399743902385,19.999999999999996,19.696147914134862,19.934451799854244,2.0
1.0219999999999982,800.0,494.553177483774,19.999999999999996,19.696121782985877,19.93679244390134,2.0
1.0229999999999981,800.0,503.09305026111025,19.999999999999996,19.696087025129035,19.93914190603665,2.0
1.023999999999998,800.0,511.63361996858697,19.999999999999996,19.69604443181011,19.941500267395618,2.0
1.024999999999998,800.0,520.1748908282125,19.999999999999996,19.695994722510854,19.943867551365578,2.0
1.0259999999999978,800.0,528.7168670604668,19.999999999999993,19.695938551698685,19.94624373013371,2.0
1.0269999999999977,800.0,537.2595528612909,19.999999999999996,19.6958765149343,19.94862873059264,2.0
1.0279999999999976,800.0,545.8029523817554,19.999999999999996,19.69580915439823,19.95102243966506,2.0
1.0289999999999975,800.0,554.3470697101448,19.999999999999996,19.69573696389195,19.953424709103317,2.0
1.0299999999999974,800.0,562.8919088562199,19.999999999999996,19.695660393363564,19.95583535981416,2.0
1.0309999999999973,800.0,571.4374737374408,19.999999999999996,19.695579853003416,19.95825418575437,2.0
1.0319999999999971,800.0,579.9837681669568,19.999999999999996,19.69549571695067,19.960680957438306,2.0
1.032999999999997,800.0,588.5307958431857,19.999999999999996,19.695408326647932,19.963115425094816,2.0
1.033999999999997,800.0,597.078560340825,19.999999999999996,19.695317993877488,19.965557321507205,2.0
1.0349999999999968,800.0,605.6270651031494,19.999999999999996,19.695225003509524,19.96800636456661,2.0
1.0359999999999967,800.0,614.1763134354647,19.999999999999996,19.69512961598974,19.970462259566556,2.0
1.0369999999999966,800.0,622.7263084996018,19.999999999999996,19.695032069591253,19.97292470126348,2.0
1.0379999999999965,800.0,631.2770533093411,19.999999999999996,19.69493258245324,19.975393375725893,2.0
1.0389999999999964,800.0,639.8285507266763,19.999999999999996,19.694831354426636,19.97786796199246,2.0
1.0399999999999963,800.0,648.380803458827,19.999999999999996,19.694728568745255,19.980348133557637,2.0
1.0409999999999962,800.0,656.933814055923,19.999999999999996,19.694624393539012,19.98283355970132,2.0
1.041999999999996,800.0,665.4875849092883,19.999999999999996,19.694518983204276,19.98532390667778,2.0
1.042999999999996,800.0,674.0421182502647,19.999999999999996,19.6944124796449,19.98781883877746,2.0
1.0439999999999958,800.0,682.5974161495111,19.999999999999996,19.69430501339637,19.99031801927401,2.0
1.0449999999999957,800.0,691.153480516732,19.999999999999996,19.69419670464405,19.992821111267624,2.0
1.0459999999999956,800.0,699.7103131007866,19.999999999999996,19.69408766414571,19.995327778434916,2.0
1.0469999999999955,800.0,708.267915490133,19.999999999999996,19.693977994067428,19.99783768569435,2.0
1.0479999999999954,800.0,716.8262891135731,19.999999999999996,19.693867788741077,20.000350499795566,2.0
1.0489999999999953,800.0,725.3854352412628,19.999999999999996,19.693757135350886,20.00286588983997,2.0
1.0499999999999952,800.0,733.945354985954,19.999999999999996,19.693646114555772,20.005383527739426,2.0
1.050999999999995,800.0,742.5060493044435,19.999999999999996,19.693534801053627,20.00790308861906,2.0
1.051999999999995,800.0,751.0675189991999,19.99999999999999,19.693423264093006,20.010424251169816,2.0
1.0529999999999948,800.0,759.6297647201504,19.999999999999996,19.693311567937272,20.012946697955673,2.0
1.0539999999999947,800.0,767.8970950075964,19.273597848505013,18.980661600991024,19.29056824211103,2.0
1.0549999999999946,800.0,775.3557119077311,17.409808648398727,17.15168973751544,17.432044245744883,2.0
1.0559999999999945,800.0,781.7227209535176,15.04679976621162,14.831960531464604,15.073464481390474,2.0
1.0569999999999944,800.0,786.926456699901,12.594288281045767,12.423848750207007,12.624309873145403,2.0
1.0579999999999943,800.0,791.0231432923041,10.295940212100883,10.166703815699202,10.328333258999495,2.0
1.0589999999999942,800.0,794.1380355262858,8.279264311653554,8.185823889263576,8.313223380143631,2.0
1.059999999999994,800.0,796.4256760327386,6.594123118630817,6.530260280261436,6.62901935851138,2.0
1.060999999999994,800.0,798.0445225163537,5.241447102549852,5.201006496799258,5.27679715579103,2.0
1.0619999999999938,800.0,799.1419947819704,4.193889534622695,4.171276857591563,4.229324415096139,2.0
1.0629999999999937,800.0,799.8467845919655,3.4101018723684993,3.4005231190790592,3.44534305996814,2.0
1.0639999999999936,800.0,800.2659966478535,2.8441344144440763,2.8436659115603526,2.8789766421027143,2.0
1.0649999999999935,800.0,800.4853129404873,2.4512391034993017,2.4567941834111884,2.4855375237158066,2.0
1.0659999999999934,800.0,800.5708848970182,2.1911124188696607,2.200351386522545,2.224772210269896,2.0
1.0669999999999933,800.0,800.5720619475849,2.0293912846568665,2.0406063233677583,2.062358574090794,2.0
1.0679999999999932,800.0,800.5243729031181,1.9380169526520101,1.9500123030676593,1.9702705818534536,2.0
1.068999999999993,800.0,800.4524028108809,1.8949161261148901,1.9068956446165168,1.9264601713717084,2.0
1.069999999999993,800.0,800.3723682615471,1.8833154274315003,1.894783873465833,1.9141725403940404,2.0
1.0709999999999928,800.0,800.2943029728406,1.8909020770916551,1.901582630238303,1.921107739760409,2.0
1.0719999999999927,800.0,800.2238355579549,1.9089663224677054,1.9187344039841214,1.9385640691707817,2.0
1.0729999999999926,800.0,800.1635832652646,1.9316052383578302,1.9404373088856672,1.9606428375632885,2.0
1.0739999999999925,800.0,800.1142075991918,1.9550286302458346,1.962963939139665,1.9835551641944078,2.0
1.0749999999999924,800.0,800.0751866235363,1.9769819498675671,1.9840949807830044,2.005045690875127,2.0
1.0759999999999923,800.0,800.0453592740596,1.9962850058261594,2.00266641970748,2.0239319667587687,2.0
1.0769999999999922,800.0,800.0232926703472,2.01247606235777,2.0182201561660804,2.0397490929000544,2.0
1.077999999999992,800.0,800.0075166433593,2.0255464968169052,2.030743487852407,2.0524848027166227,2.0
1.078999999999992,800.0,799.9966620857855,2.035749881181412,2.040481636703675,2.0623888564960753,2.0
1.0799999999999919,800.0,799.9895322796358,2.0434699530545006,2.0478080793216695,2.069841232001224,2.0
1.0809999999999917,800.0,799.9851296177866,2.0491335893805283,2.0531390550562274,2.075265242028385,2.0
1.0819999999999916,800.0,799.9826543752432,2.0531570093205262,2.056880697794026,2.079073822264419,2.0
1.0829999999999915,800.0,799.9814874705204,2.0559156370687375,2.05939939965458,2.081639435316485,2.0
1.0839999999999914,800.0,799.981165439846,2.0577301274908617,2.0610080477097794,2.0832801065683535,2.0
1.0849999999999913,800.0,799.9813530155943,2.058862879720142,2.0619625629223526,2.084255927329119,2.0
1.0859999999999912,800.0,799.9818166170684,2.059520889440024,2.0624646676658993,2.0847718840130858,2.0
1.086999999999991,800.0,799.9824005840591,2.0598620173880686,2.062668012266644,2.0849840968394484,2.0
1.087999999999991,800.0,799.9830069786635,2.060002703455087,2.0626857253063595,2.085007501650022,2.0
1.0889999999999909,800.0,799.9835791325607,2.0600258693932734,2.0625981529860287,2.0849237206906914,2.0
1.0899999999999908,800.0,799.9840887284465,2.0599882697276852,2.0624600600180614,2.084788383707038,2.0
1.0909999999999906,800.0,799.9845259981297,2.059926910211861,2.06230691775156,2.0846375196533877,2.0
1.0919999999999905,800.0,799.9848925358879,2.0598643923946667,2.0621601401706537,2.0844928779759027,2.0
1.0929999999999904,800.0,799.985196219301,2.059813192597294,2.0620312754857837,2.0843661877835533,2.0
1.0939999999999903,800.0,799.9854477686034,2.0597789692130983,2.061925245166784,2.0842624485993677,2.0
1.0949999999999902,800.0,799.9856585372289,2.0597630337327324,2.061842763069161,2.084182387744854,2.0
1.09599999999999,800.0,799.985839195821,2.0597641334806944,2.0617820797190447,2.084124231939579,2.0
1.09699999999999,800.0,799.9859990403777,2.059779688921024,2.0617401918372473,2.08408493556487,2.0
1.0979999999999899,800.0,799.9861457171392,2.059806613478677,2.061713642583759,2.084060993155623,2.0
1.0989999999999898,800.0,799.9862852098878,2.0598418245242733,2.06169901908858,2.084048944428435,2.0
1.0999999999999897,800.0,799.9864219788251,2.059882533956044,2.0616932340138043,2.084045659990615,2.0
1.1009999999999895,800.0,799.9865591745155,2.059926387762758,2.061693659207296,2.0840484768752505,2.0
1.1019999999999894,800.0,799.9866988765893,2.0599715071684916,2.06169816304482,2.0840552363118636,2.0
1.1029999999999893,800.0,799.9868423261877,2.0600164698855217,2.0617050892492648,2.084064262109253,2.0
1.1039999999999892,800.0,799.9869901348446,2.060060258668454,2.061713203855966,2.0840743067291205,2.0
1.104999999999989,800.0,799.9871424618567,2.0601021955568166,2.061721628352763,2.0840844833518615,2.0
1.105999999999989,800.0,799.9872991582356,2.0601418735805397,2.0617297705346345,2.084094195645701,2.0
1.1069999999999889,800.0,799.9874598789776,2.0601790929078274,2.061737259907752,2.084103072172842,2.0
1.1079999999999888,800.0,799.9876241673419,2.0602138050694503,2.061743891195113,2.0841109090337095,2.0
1.1089999999999887,800.0,799.987791515635,2.0602460666618443,2.061749577306336,2.0841176221281392,2.0
1.1099999999999886,800.0,799.9879614070921,2.060276002529858,2.0617543117593087,2.0841232090174167,2.0
1.1109999999999884,800.0,799.9881333431081,2.0603037776223876,2.0617581397494495,2.0841277195679577,2.0
1.1119999999999883,800.0,799.9883068595162,2.060329576318949,2.0617611366751833,2.08413123416522,2.0
1.1129999999999882,800.0,799.9884815349918,2.060353587897549,2.0617633928036536,2.0841338481605978,2.0
1.113999999999988,800.0,799.9886569940238,2.060375996853784,2.0617650028003043,2.084135661254824,2.0
1.114999999999988,800.0,799.9888329063427,2.060396976912746,2.061766058975904,2.0841367706536733,2.0
1.115999999999988,800.0,799.9890089842016,2.0604166877484382,2.0617666472752822,2.084137267005335,2.0
1.1169999999999878,800.0,799.9891849785095,2.060435273608909,2.061766845212839,2.0841372323125227,2.0
1.1179999999999877,800.0,799.9893606745047,2.060452863218764,2.061766721130848,2.0841367391860457,2.0
1.1189999999999876,800.0,799.9895358874141,2.0604695704837335,2.061766334307394,2.084135850959699,2.0
1.1199999999999875,800.0,799.9897104583636,2.060485495650762,2.0617657355678096,2.084134622315314,2.0
1.1209999999999873,800.0,799.9898842506879,2.0605007266808157,2.06176496815582,2.084133100170682,2.0
1.1219999999999872,800.0,799.9900571466969,2.060515340671791,2.061764068699884,2.0841313246635154,2.0
1.1229999999999871,800.0,799.9902290448981,2.0605294052297096,2.0617630681702948,2.084129330125581,2.0
1.123999999999987,800.0,799.9903998576516,2.0605429797304815,2.0617619927663955,2.0841271459855455,2.0
1.124999999999987,800.0,799.9905695092074,2.0605561164437467,2.061760864702286,2.0841247975685313,2.0
1.1259999999999868,800.0,799.9907379340729,2.060568861512214,2.061759702881273,2.0841223067825556,2.0
1.1269999999999867,800.0,799.9909050756596,2.0605812557908316,2.0617585234603846,2.0841196926932115,2.0
1.1279999999999866,800.0,799.9910708851553,2.0605933355584405,2.0617573403146574,2.0841169719965262,2.0
1.1289999999999865,800.0,799.9912353205874,2.0606051331173543,2.0617561654139696,2.0841141594029393,2.0
1.1299999999999863,800.0,799.9913983460299,2.0606166772964065,2.0617550091254833,2.0841112679456995,2.0
1.1309999999999862,800.0,799.9915599309322,2.06062799387417,2.0617538804561337,2.08410830922834,2.0
1.1319999999999861,800.0,799.9917200495444,2.060639105935742,2.0617527872465367,2.0841052936227813,2.0
1.132999999999986,800.0,799.9918786804158,2.0606500341752167,2.061751736326613,2.0841022304285106,2.0
1.133999999999986,800.0,799.9920358059574,2.060660797154483,2.061750733641913,2.084099128001972,2.0
1.1349999999999858,800.0,799.9921914120544,2.060671411526193,2.061749784357062,2.084095993862678,2.0
1.1359999999999857,800.0,799.9923454877189,2.06068189222796,2.0617488929420364,2.08409283478184,2.0
1.1369999999999856,800.0,799.9924980247797,2.0606922526528115,2.0617480632451812,2.084089656857497,2.0
1.1379999999999855,800.0,799.9926490176008,2.060702504800333,2.061747298556312,2.0840864655795306,2.0
1.1389999999999854,800.0,799.9927984628271,2.0607126594111724,2.0617466016616945,2.0840832658863855,2.0
1.1399999999999852,800.0,799.9929463591526,2.060722726088063,2.0617459748931823,2.084080062215834,2.0
1.1409999999999851,800.0,799.9930927071114,2.0607327134049203,2.0617454201723477,2.084076858550599,2.0
1.141999999999985,800.0,799.9932375088856,2.0607426290052513,2.061744939050163,2.0840736584594404,2.0
1.142999999999985,800.0,799.993380768132,2.060752479691614,2.0617445327433663,2.0840704651348343,2.0
1.1439999999999848,800.0,799.9935224898234,2.0607622715067286,2.06174420216758,2.0840672814273296,2.0
1.1449999999999847,800.0,799.9936626801056,2.060772009807404,2.061743947967835,2.084064109877233,2.0
1.1459999999999846,800.0,799.9938013461672,2.0607816993313057,2.061743770546109,2.084060952743252,2.0
1.1469999999999845,800.0,799.9939384961211,2.0607913442580754,2.061743670086972,2.0840578120291764,2.0
1.1479999999999844,800.0,799.9940741388988,2.0608009482644256,2.0617436465806085,2.0840546895078838,2.0
1.1489999999999843,800.0,799.994208284152,2.060810514574298,2.0617436998439866,2.084051586743441,2.0
1.1499999999999841,800.0,799.9943409421674,2.060820046004527,2.0617438295402923,2.084048505111424,2.0
1.150999999999984,800.0,799.9944721237853,2.060829545005793,2.0617440351961935,2.0840454458170203,2.0
1.151999999999984,800.0,799.9946018403309,2.0608390137001256,2.06174431621791,2.0840424099118957,2.0
1.1529999999999838,800.0,799.9947301035479,2.060848453914604,2.0617446719055397,2.0840393983092844,2.0
1.1539999999999837,800.0,799.9948569255437,2.060857867211903,2.061745101466083,2.0840364117977375,2.0
1.1549999999999836,800.0,799.9949823187343,2.060867254917601,2.0617456040249222,2.084033451053293,2.0
1.1559999999999835,800.0,799.9951062957986,2.0608766181453926,2.0617461786367155,2.084030516651034,2.0
1.1569999999999834,800.0,799.9952288696372,2.060885957819478,2.0617468242948283,2.0840276090751577,2.0
1.1579999999999833,800.0,799.9953500533334,2.0608952746947833,2.0617475399398555,2.084024728728103,2.0
1.1589999999999832,800.0,799.9954698601193,2.0609045693752215,2.0617483244672963,2.084021875938813,2.0
1.159999999999983,800.0,799.9955883033462,2.060913842330341,2.0617491767346277,2.0840190509703738,2.0
1.160999999999983,800.0,799.9957053964563,2.060923093910072,2.061750095567395,2.084016254026646,2.0
1.1619999999999828,800.0,799.9958211529579,2.0609323243580344,2.061751079764697,2.0840134852582777,2.0
1.1629999999999827,800.0,799.9959355864041,2.0609415338238986,2.061752128104456,2.084010744768478,2.0
1.1639999999999826,800.0,799.9960487103727,2.0609507223740726,2.061753239347708,2.0840080326178043,2.0
1.1649999999999825,800.0,799.9961605384484,2.0609598900015205,2.0617544122426255,2.084005348828659,2.0
1.1659999999999824,800.0,799.9962710842077,2.0609690366346882,2.061755645528203,2.0840026933894347,2.0
1.1669999999999823,800.0,799.9963803612042,2.060978162145289,2.0617569379373037,2.0840000662580134,2.0
1.1679999999999822,800.0,799.9964883829558,2.0609872663554962,2.0617582881995595,2.0839974673651014,2.0
1.168999999999982,800.0,799.9965951629347,2.0609963490444736,2.061759695044018,2.083994896617301,2.0
1.169999999999982,800.0,799.9967007145558,2.0610054099540003,2.0617611572012597,2.0839923538996477,2.0
1.1709999999999818,800.0,799.9968050511692,2.0610144487938022,2.0617626734055454,2.0839898390781535,2.0
1.1719999999999817,800.0,799.996908186052,2.0610234652462007,2.0617642423965847,2.083987352001974,2.0
1.1729999999999816,800.0,799.9970101324008,2.0610324589701996,2.0617658629210203,2.0839848925052813,2.0
1.1739999999999815,800.0,799.997110903327,2.0610414296053925,2.0617675337339696,2.0839824604091777,2.0
1.1749999999999814,800.0,799.9972105118501,2.061050376775151,2.0617692536000813,2.0839800555231194,2.0
1.1759999999999813,800.0,799.9973089708933,2.061059300089755,2.0617710212947244,2.083977677646471,2.0
1.1769999999999812,800.0,799.9974062932804,2.061068199149208,2.0617728356050464,2.0839753265699157,2.0
1.177999999999981,800.0,799.997502491731,2.0610770735454262,2.0617746953305773,2.083973002076402,2.0
1.178999999999981,800.0,799.9975975788585,2.061085922864506,2.0617765992840544,2.083970703942309,2.0
1.1799999999999808,800.0,799.997691567167,2.0610947466886067,2.0617785462919898,2.0839684319383487,2.0
1.1809999999999807,800.0,799.9977844690485,2.0611035445977666,2.0617805351953065,2.0839661858305254,2.0
1.1819999999999806,800.0,799.9978762967826,2.061112316171347,2.0617825648497017,2.0839639653808213,2.0
1.1829999999999805,800.0,799.9979670625335,2.061121060989388,2.0617846341260284,2.08396177034789,2.0
1.1839999999999804,800.0,799.99805677835,2.06112977863387,2.0617867419106664,2.0839596004877388,2.0
1.1849999999999803,800.0,799.9981454561632,2.06113846868967,2.061788887105671,2.0839574555541764,2.0
1.1859999999999802,800.0,799.9982331077872,2.061147130745524,2.061791068629008,2.083955335299351,2.0
1.18699999999998,800.0,799.9983197449171,2.06115576439498,2.0617932854148284,2.083953239474313,2.0
1.18799999999998,800.0,799.9984053791296,2.0611643692369594,2.0617955364134306,2.083951167829268,2.0
1.1889999999999799,800.0,799.9984900218828,2.0611729448765006,2.061797820591452,2.0839491201140485,2.0
1.1899999999999797,800.0,799.9985736845159,2.0611814909252675,2.061800136931865,2.0839470960783917,2.0
1.1909999999999796,800.0,799.9986563782496,2.061190007001993,2.06180248443397,2.083945095472204,2.0
1.1919999999999795,800.0,799.9987381141856,2.0611984927328852,2.061804862113377,2.0839431180458075,2.0
1.1929999999999794,800.0,799.9988189033078,2.06120694775205,2.0618072690020464,2.0839411635502527,2.0
1.1939999999999793,800.0,799.9988987564826,2.061215371701685,2.061809704148132,2.08393923173742,2.0
1.1949999999999792,800.0,799.9989776844586,2.061223764232401,2.0618121666159817,2.083937322360272,2.0
1.195999999999979,800.0,799.9990556978684,2.0612321250034467,2.0618146554860672,2.0839354351730415,2.0
1.196999999999979,800.0,799.9991328072279,2.061240453682735,2.0618171698547454,2.0839335699312374,2.0
1.1979999999999789,800.0,799.999209022938,2.061248749947126,2.0618197088342862,2.083931726391917,2.0
1.1989999999999787,800.0,799.9992843552853,2.06125701348256,2.0618222715527827,2.0839299043138424,2.0
1.1999999999999786,800.0,799.9993588144428,2.0612652439838617,2.0618248571537485,2.083928103457303,2.0
1.2009999999999785,800.0,799.9994324104697,2.06127344115503,2.0618274647962074,2.0839263235844503,2.0
1.2019999999999784,800.0,799.9995051533143,2.0612816047092264,2.061830093654506,2.083924564459332,2.0
1.2029999999999783,800.0,799.9995770528134,2.0612897343687075,2.0618327429180834,2.083922825847894,2.0
1.2039999999999782,800.0,799.9996481186937,2.0612978298648645,2.061835411791356,2.0839211075180804,2.0
1.204999999999978,800.0,799.9997183605727,2.061305890938117,2.061838099493469,2.083919409239811,2.0
1.205999999999978,800.0,799.999787787959,2.0613139173379063,2.0618408052581594,2.0839177307850534,2.0
1.2069999999999779,800.0,799.9998564102556,2.061321908822789,2.0618435283337218,2.083916071928009,2.0
1.2079999999999778,800.0,799.9999242367575,2.061329865160109,2.061846267982573,2.083914432444881,2.0
1.2089999999999776,800.0,799.9999912766555,2.061337786126111,2.061849023481252,2.0839128121140815,2.0
1.2099999999999775,800.0,800.0000575390362,2.061345671505807,2.061851794120187,2.0839112107162014,2.0
1.2109999999999774,800.0,800.0001230328825,2.0613535210927685,2.061854579203398,2.0839096280339175,2.0
1.2119999999999773,800.0,800.0001877670758,2.0613613346892663,2.0618573780485403,2.083908063852223,2.0
1.2129999999999772,800.0,800.0002517503956,2.0613691121059565,2.0618601899865165,2.083906517958242,2.0
1.213999999999977,800.0,800.0003149915221,2.061376853161869,2.0618630143613723,2.0839049901413134,2.0
1.214999999999977,800.0,800.0003774990366,2.0613845576842857,2.0618658505301095,2.083903480192992,2.0
1.2159999999999769,800.0,800.0004392814216,2.061392225508506,2.061868697862382,2.0839019879069256,2.0
1.2169999999999768,800.0,800.0005003470629,2.061399856477981,2.061871555740554,2.0839005130791044,2.0
1.2179999999999767,800.0,800.000560704251,2.0614074504439297,2.061874423559256,2.0838990555075876,2.0
1.2189999999999765,800.0,800.0006203611803,2.06141500726537,2.0618773007253592,2.083897614992659,2.0
1.2199999999999764,800.0,800.0006793259524,2.0614225268090243,2.061880186657808,2.0838961913368346,2.0
1.2209999999999763,800.0,800.0007376065759,2.061430008949018,2.0618830807872772,2.083894784344687,2.0
1.2219999999999762,800.0,800.0007952109664,2.0614374535669318,2.061885982556161,2.0838933938230086,2.0
1.222999999999976,800.0,800.0008521469505,2.06144486055158,2.061888891418302,2.083892019580702,2.0
1.223999999999976,800.0,800.0009084222635,2.061452229798861,2.061891806838793,2.0838906614287485,2.0
1.2249999999999759,800.0,800.0009640445522,2.0614595612116835,2.0618947282938467,2.083889319180239,2.0
1.2259999999999758,800.0,800.0010190213764,2.0614668546998485,2.0618976552706396,2.083887992650376,2.0
1.2269999999999757,800.0,800.001073360207,2.0614741101798884,2.061900587267101,2.0838866816564163,2.0
1.2279999999999756,800.0,800.0011270684307,2.0614813275749966,2.0619035237917975,2.083885386017718,2.0
1.2289999999999754,800.0,800.0011801533483,2.0614885068148268,2.0619064643636893,2.0838841055556387,2.0
1.2299999999999753,800.0,800.0012326221778,2.0614956478354554,2.061909408512051,2.0838828400936107,2.0
1.2309999999999752,800.0,800.0012844820526,2.0615027505790486,2.0619123557760997,2.0838815894569156,2.0
1.2319999999999751,800.0,800.0013357400244,2.061509814994005,2.061915305705094,2.0838803534729284,2.0
1.232999999999975,800.0,800.0013864030641,2.0615168410347735,2.0619182578581126,2.0838791319710377,2.0
1.233999999999975,800.0,800.0014364780615,2.0615238286615627,2.0619212118037304,2.0838779247824624,2.0
1.2349999999999748,800.0,800.0014859718282,2.0615307778404848,2.0619241671201154,2.0838767317404883,2.0
1.2359999999999747,800.0,800.0015348910963,2.0615376885431163,2.0619271233945655,2.0838755526801367,2.0
1.2369999999999746,800.0,800.0015832425203,2.0615445607466514,2.061930080223617,2.0838743874384145,2.0
1.2379999999999745,800.0,800.0016310326787,2.061551394433701,2.0619330372128033,2.083873235854198,2.0
1.2389999999999743,800.0,800.001678268073,2.061558189592139,2.06193599397648,2.0838720977681904,2.0
1.2399999999999742,800.0,800.0017249551308,2.0615649462150367,2.061938950137714,2.0838709730229406,2.0
1.2409999999999741,800.0,800.001771100205,2.0615716643004944,2.0619419053280854,2.083869861462767,2.0
1.241999999999974,800.0,800.0018167095752,2.0615783438516173,2.0619448591876304,2.0838687629338266,2.0
1.242999999999974,800.0,800.0018617894485,2.0615849848763226,2.0619478113646155,2.0838676772840143,2.0
1.2439999999999738,800.0,800.0019063459605,2.061591587387313,2.0619507615154733,2.083866604363014,2.0
1.2449999999999737,800.0,800.001950385176,2.06159815140192,2.0619537093046203,2.083865544022237,2.0
1.2459999999999736,800.0,800.0019939130892,2.061604676941943,2.0619566544042702,2.0838644961147503,2.0
1.2469999999999735,800.0,800.0020369356265,2.0616111640337262,2.0619595964944617,2.0838634604954223,2.0
1.2479999999999734,800.0,800.002079458644,2.0616176127078005,2.0619625352626865,2.0838624370206587,2.0
1.2489999999999732,800.0,800.002121487931,2.061624022999086,2.0619654704040506,2.0838614255486814,2.0
1.2499999999999731,800.0,800.0021630292106,2.06163039494657,2.0619684016209314,2.083860425939288,2.0
1.250999999999973,800.0,800.0022040881389,2.0616367285932955,2.06197132862293,2.083859438053918,2.0
1.251999999999973,800.0,800.0022446703067,2.0616430239861603,2.0619742511266437,2.0838584617555247,2.0
1.2529999999999728,800.0,800.0022847812411,2.0616492811760474,2.0619771688557638,2.0838574969087835,2.0
1.2539999999999727,800.0,800.0023244264041,2.061655500217482,2.0619800815407094,2.083856543379824,2.0
1.2549999999999726,800.0,800.0023636111953,2.0616616811686757,2.0619829889186425,2.08385560103635,2.0
1.2559999999999725,800.0,800.0024023409517,2.061667824091519,2.0619858907334288,2.0838546697476934,2.0
1.2569999999999724,800.0,800.0024406209486,2.0616739290512944,2.061988786735323,2.083853749384606,2.0
1.2579999999999723,800.0,800.0024784564006,2.061679996116717,2.0619916766809863,2.083852839819366,2.0
1.2589999999999721,800.0,800.0025158524619,2.0616860253598315,2.061994560333352,2.083851940925742,2.0
1.259999999999972,800.0,800.0025528142269,2.061692016855867,2.0619974374614563,2.0838510525789156,2.0
1.260999999999972,800.0,800.0025893467313,2.0616979706832357,2.0620003078404094,2.0838501746555425,2.0
1.2619999999999718,800.0,800.002625454952,2.0617038869234623,2.062003171251299,2.0838493070337547,2.0
1.2629999999999717,800.0,800.0026611438092,2.0617097656610954,2.0620060274810688,2.0838484495931153,2.0
1.2639999999999716,800.0,800.0026964181659,2.0617156069835687,2.0620088763223654,2.083847602214563,2.0
1.2649999999999715,800.0,800.0027312828286,2.0617214109811064,2.062011717573412,2.0838467647803665,2.0
1.2659999999999714,800.0,800.0027657425481,2.061727177746773,2.0620145510380286,2.083845937174232,2.0
1.2669999999999713,800.0,800.0027998020215,2.0617329073763555,2.062017376525495,2.083845119281249,2.0
1.2679999999999712,800.0,800.00283346589,2.0617385999681233,2.0620201938502873,2.083844310987703,2.0
1.268999999999971,800.0,800.0028667387415,2.0617442556229983,2.0620230028322166,2.0838435121813075,2.0
1.269999999999971,800.0,800.0028996251118,2.061749874444413,2.0620258032962653,2.0838427227511067,2.0
1.2709999999999708,800.0,800.0029321294829,2.0617554565380822,2.0620285950723387,2.0838419425873127,2.0
1.2719999999999707,800.0,800.002964256286,2.0617610020121835,2.062031377995414,2.083841171581529,2.0
1.2729999999999706,800.0,800.0029960099006,2.0617665109771326,2.062034151905297,2.0838404096265823,2.0
1.2739999999999705,800.0,800.0030273946547,2.0617719835455066,2.062036916646522,2.083839656616497,2.0
1.2749999999999704,800.0,800.003058414828,2.0617774198321586,2.0620396720684377,2.0838389124466548,2.0
1.2759999999999703,800.0,800.0030890746494,2.061782819953905,2.0620424180248764,2.083838177013536,2.0
1.2769999999999702,800.0,800.003119378299,2.061788184029638,2.062045154374243,2.083837450214877,2.0
1.27799999999997,800.0,800.0031493299085,2.0617935121802375,2.0620478809794,2.083836731949627,2.0
1.27899999999997,800.0,800.0031789335624,2.0617988045284514,2.062050597707531,2.0838360221178824,2.0
1.2799999999999698,800.0,800.003208193297,2.061804061198915,2.0620533044301323,2.083835320620937,2.0
1.2809999999999697,800.0,800.0032371131027,2.0618092823179945,2.062056001022839,2.0838346273611843,2.0
1.2819999999999696,800.0,800.0032656969237,2.061814468013807,2.0620586873654183,2.08383394224217,2.0
1.2829999999999695,800.0,800.0032939486576,2.0618196184161395,2.06206136334167,2.0838332651685576,2.0
1.2839999999999694,800.0,800.0033218721576,2.0618247336564557,2.0620640288394108,2.083832596046176,2.0
1.2849999999999693,800.0,800.0033494712326,2.06182981386775,2.062066683750304,2.083831934781912,2.0
1.2859999999999692,800.0,800.0033767496466,2.06183485918449,2.062069327969787,2.0838312812836968,2.0
1.286999999999969,800.0,800.0034037111205,2.0618398697426867,2.0620719613971144,2.08383063546061,2.0
1.287999999999969,800.0,800.0034303593324,2.061844845679695,2.062074583935142,2.0838299972227237,2.0
1.2889999999999688,800.0,800.0034566979167,2.0618497871342987,2.0620771954903865,2.083829366481216,2.0
1.2899999999999687,800.0,800.0034827304665,2.061854694246603,2.0620797959729016,2.083828743148311,2.0
1.2909999999999686,800.0,800.0035084605342,2.061859567157977,2.062082385296195,2.0838281271372434,2.0
1.2919999999999685,800.0,800.0035338916297,2.06186440601092,2.062084963377083,2.083827518362173,2.0
1.2929999999999684,800.0,800.0035590272222,2.0618692109491543,2.0620875301357584,2.0838269167383072,2.0
1.2939999999999683,800.0,800.0035838707415,2.061873982117599,2.0620900854957407,2.083826322181901,2.0
1.2949999999999682,800.0,800.0036084255776,2.0618787196622077,2.062092629383699,2.0838257346101363,2.0
1.295999999999968,800.0,800.0036326950802,2.061883423729982,2.0620951617294487,2.0838251539411665,2.0
1.296999999999968,800.0,800.0036566825617,2.0618880944690257,2.0620976824659727,2.083824580094191,2.0
1.2979999999999678,800.0,800.0036803912952,2.061892732028243,2.0621001915291215,2.0838240129892003,2.0
1.2989999999999677,800.0,800.0037038245163,2.0618973365575415,2.06210268885778,2.0838234525471977,2.0
1.2999999999999676,800.0,800.0037269854229,2.061901908207677,2.0621051743937038,2.083822898690079,2.0
1.3009999999999675,800.0,800.0037498771754,2.0619064471302653,2.0621076480815024,2.0838223513406633,2.0
1.3019999999999674,800.0,800.0037725028985,2.0619109534777507,2.062110109868598,2.0838218104227026,2.0
1.3029999999999673,800.0,800.0037948656804,2.0619154274033433,2.062112559705142,2.0838212758608385,2.0
1.3039999999999672,800.0,800.0038169685727,2.061919869060908,2.062114997543886,2.083820747580518,2.0
1.304999999999967,800.0,800.003838814593,2.0619242786051273,2.062117423340323,2.083820225508184,2.0
1.305999999999967,800.0,800.0038604067231,2.0619286561912245,2.0621198370523968,2.083819709571022,2.0
1.3069999999999669,800.0,800.0038817479101,2.0619330019750626,2.0621222386405846,2.0838191996970865,2.0
1.3079999999999667,800.0,800.0039028410677,2.0619373161131356,2.0621246280678625,2.0838186958153124,2.0
1.3089999999999666,800.0,800.0039236890751,2.0619415987624814,2.0621270052996152,2.0838181978554604,2.0
1.3099999999999665,800.0,800.0039442947785,2.06194585008064,2.062129370303562,2.0838177057480842,2.0
1.3109999999999664,800.0,800.0039646609913,2.0619500702256457,2.06213172304974,2.0838172194245583,2.0
1.3119999999999663,800.0,800.0039847904934,2.0619542593559945,2.0621340635104564,2.083816738817061,2.0
1.3129999999999662,800.0,800.0040046860337,2.0619584176306622,2.062136391660278,2.0838162638586093,2.0
1.313999999999966,800.0,800.0040243503286,2.061962545208932,2.0621387074758615,2.0838157944829216,2.0
1.314999999999966,800.0,800.0040437860627,2.0619666422504666,2.0621410109359926,2.083815330624497,2.0
1.3159999999999659,800.0,800.0040629958901,2.06197070891533,2.0621433020216005,2.0838148722186633,2.0
1.3169999999999658,800.0,800.0040819824342,2.0619747453638904,2.062145580715634,2.0838144192014925,2.0
1.3179999999999656,800.0,800.0041007482866,2.061978751756733,2.0621478470029757,2.083813971509745,2.0
1.3189999999999655,800.0,800.0041192960114,2.0619827282548324,2.06215010087058,2.083813529081045,2.0
1.3199999999999654,800.0,800.0041376281405,2.0619866750191997,2.062152342307119,2.08381309185356,2.0
1.3209999999999653,800.0,800.0041557471775,2.0619905922111808,2.0621545713032554,2.083812659766305,2.0
1.3219999999999652,800.0,800.0041736555969,2.0619944799923324,2.0621567878515115,2.083812232759046,2.0
1.322999999999965,800.0,800.0041913558453,2.061998338524323,2.0621589919461405,2.083811810772202,2.0
1.323999999999965,800.0,800.0042088503394,2.062002167968828,2.06216118358303,2.083811393746778,2.0
1.3249999999999649,800.0,800.0042261414684,2.0620059684877923,2.0621633627599243,2.083810981624623,2.0
1.3259999999999648,800.0,800.0042432315952,2.062009740243249,2.062165529476243,2.0838105743482744,2.0
1.3269999999999647,800.0,800.0042601230533,2.062013483397147,2.062167683732892,2.0838101718607995,2.0
1.3279999999999645,800.0,800.0042768181502,2.0620171981115254,2.062169825532419,2.0838097741059807,2.0
1.3289999999999644,800.0,800.0042933191662,2.0620208845485224,2.0621719548790116,2.083809381028343,2.0
1.3299999999999643,800.0,800.0043096283556,2.0620245428702244,2.062174071778331,2.083808992573012,2.0
1.3309999999999642,800.0,800.0043257479465,2.062028173238677,2.0621761762375077,2.0838086086857435,2.0
1.331999999999964,800.0,800.0043416801409,2.062031775815874,2.0621782682651197,2.083808229312922,2.0
1.332999999999964,800.0,800.0043574271152,2.0620353507637277,2.062180347871144,2.0838078544015417,2.0
1.3339999999999639,800.0,800.0043729910209,2.0620388982441273,2.0621824150670016,2.0838074838992777,2.0
1.3349999999999638,800.0,800.0043883739845,2.0620424184188013,2.062184469865411,2.0838071177543664,2.0
1.3359999999999637,800.0,800.0044035781073,2.06204591144935,2.0621865122804044,2.0838067559156426,2.0
1.3369999999999636,800.0,800.0044186054669,2.062049377497332,2.062188542327398,2.0838063983326376,2.0
1.3379999999999634,800.0,800.0044334581169,2.0620528167240573,2.0621905600229735,2.083806044955384,2.0
1.3389999999999633,800.0,800.0044481380861,2.062056229290624,2.0621925653849074,2.0838056957344655,2.0
1.3399999999999632,800.0,800.0044626473806,2.0620596153579984,2.062194558432228,2.0838053506211054,2.0
1.340999999999963,800.0,800.0044769879828,2.062062975086972,2.062196539185161,2.0838050095671266,2.0
1.341999999999963,800.0,800.0044911618531,2.0620663086380544,2.0621985076650167,2.0838046725248627,2.0
1.342999999999963,800.0,800.0045051709278,2.0620696161714824,2.062200463894184,2.0838043394471777,2.0
1.3439999999999628,800.0,800.0045190171211,2.0620728978473037,2.062202407896195,2.0838040102875475,2.0
1.3449999999999627,800.0,800.0045327023254,2.0620761538253216,2.062204339695663,2.083803685000022,2.0
1.3459999999999626,800.0,800.004546228411,2.0620793842650054,2.0622062593181782,2.0838033635391415,2.0
1.3469999999999624,800.0,800.0045595972264,2.0620825893254895,2.0622081667902945,2.083803045859941,2.0
1.3479999999999623,800.0,800.0045728105989,2.062085769165659,2.0622100621396062,2.0838027319180483,2.0
1.3489999999999622,800.0,800.0045858703344,2.0620889239440023,2.062211945394585,2.0838024216695405,2.0
1.3499999999999621,800.0,800.0045987782177,2.0620920538186827,2.062213816584642,2.083802115071025,2.0
1.350999999999962,800.0,800.0046115360128,2.0620951589476,2.06221567574017,2.083801812079701,2.0
1.351999999999962,800.0,800.004624145464,2.062098239488229,2.0622175228923836,2.0838015126532157,2.0
1.3529999999999618,800.0,800.0046366082945,2.0621012955976328,2.0622193580733055,2.0838012167496736,2.0
1.3539999999999617,800.0,800.004648926208,2.062104327432516,2.062221181315822,2.083800924327703,2.0
1.3549999999999616,800.0,800.0046611008879,2.0621073351492045,2.0622229926536417,2.083800635346437,2.0
1.3559999999999615,800.0,800.004673133999,2.06211031890359,2.0622247921212327,2.0838003497654634,2.0
1.3569999999999613,800.0,800.0046850271857,2.062113278851139,2.0622265797538213,2.0838000675448445,2.0
1.3579999999999612,800.0,800.0046967820741,2.06211621514691,2.062228355587394,2.083799788645131,2.0
1.3589999999999611,800.0,800.0047084002709,2.0621191279454476,2.0622301196585857,2.08379951302727,2.0
1.359999999999961,800.0,800.0047198833647,2.0621220174009656,2.0622318720048436,2.083799240652782,2.0
1.360999999999961,800.0,800.0047312329255,2.0621248836671238,2.062233612664204,2.0837989714835525,2.0
1.3619999999999608,800.0,800.0047424505046,2.062127726897067,2.0622353416753127,2.0837987054818696,2.0
1.3629999999999607,800.0,800.0047535376358,2.0621305472435787,2.062237059077573,2.0837984426105827,2.0
1.3639999999999606,800.0,800.0047644958348,2.0621333448588586,2.062238764910906,2.0837981828328824,2.0
1.3649999999999605,800.0,800.0047753266005,2.0621361198946673,2.062240459215891,2.0837979261124517,2.0
1.3659999999999604,800.0,800.0047860314128,2.062138872502172,2.0622421420336017,2.083797672413313,2.0
1.3669999999999602,800.0,800.0047966117357,2.0621416028321735,2.062243813405813,2.0837974217000577,2.0
1.3679999999999601,800.0,800.0048070690161,2.0621443110348534,2.062245473374748,2.0837971739375942,2.0
1.36899999999996,800.0,800.0048174046836,2.062146997259842,2.062247121983136,2.0837969290912297,2.0
1.36999999999996,800.0,800.0048276201518,2.062149661656309,2.0622487592742837,2.083796687126746,2.0
1.3709999999999598,800.0,800.0048377168177,2.0621523043727836,2.062250385291895,2.0837964480102356,2.0
1.3719999999999597,800.0,800.0048476960618,2.062154925557233,2.0622520000801385,2.083796211708181,2.0
1.3729999999999596,800.0,800.0048575592484,2.062157525357156,2.0622536036837262,2.083795978187541,2.0
1.3739999999999595,800.0,800.0048673077263,2.0621601039195245,2.062255196147846,2.083795747415705,2.0
1.3749999999999594,800.0,800.004876942829,2.062162661390673,2.062256777518047,2.083795519360377,2.0
1.3759999999999593,800.0,800.0048864658742,2.0621651979162867,2.0622583478402157,2.0837952939895708,2.0
1.3769999999999591,800.0,800.0048958781641,2.0621677136415637,2.0622599071607253,2.0837950712717666,2.0
1.377999999999959,800.0,800.0049051809859,2.0621702087110583,2.062261455526274,2.083794851175763,2.0
1.378999999999959,800.0,800.0049143756116,2.0621726832687566,2.0622629929839498,2.083794633670747,2.0
1.3799999999999588,800.0,800.0049234632994,2.062175137458122,2.0622645195812646,2.083794418726346,2.0
1.3809999999999587,800.0,800.004932445292,2.0621775714218553,2.0622660353659117,2.083794206312387,2.0
1.3819999999999586,800.0,800.0049413228177,2.062179985302132,2.062267540385987,2.083793996399131,2.0
1.3829999999999585,800.0,800.0049500970908,2.06218237924051,2.0622690346898933,2.083793788957187,2.0
1.3839999999999584,800.0,800.0049587693118,2.0621847533779145,2.0622705183263106,2.083793583957492,2.0
1.3849999999999583,800.0,800.0049673406662,2.0621871078546707,2.062271991344226,2.0837933813713487,2.0
1.3859999999999582,800.0,800.0049758123265,2.062189442810494,2.062273453792911,2.0837931811704102,2.0
1.386999999999958,800.0,800.0049841854518,2.062191758384498,2.062274905721924,2.0837929833266937,2.0
1.387999999999958,800.0,800.0049924611876,2.0621940547150683,2.062276347180971,2.083792787812449,2.0
1.3889999999999578,800.0,800.0050006406657,2.0621963319399543,2.062277778219996,2.083792594600255,2.0
1.3899999999999577,800.0,800.0050087250052,2.062198590196314,2.062279198889213,2.083792403663061,2.0
1.3909999999999576,800.0,800.0050167153117,2.0622008296206498,2.062280609239034,2.0837922149741233,2.0
1.3919999999999575,800.0,800.0050246126783,2.06220305034883,2.0622820093200795,2.0837920285070246,2.0
1.3929999999999574,800.0,800.0050324181856,2.0622052525160735,2.062283399183163,2.083791844235659,2.0
1.3939999999999573,800.0,800.005040132901,2.06220743625691,2.062284778879235,2.0837916621341908,2.0
1.3949999999999572,800.0,800.0050477578802,2.062209601705283,2.0622861484594806,2.083791482177157,2.0
1.395999999999957,800.0,800.0050552941665,2.0622117489944056,2.062287507975172,2.0837913043393232,2.0
1.396999999999957,800.0,800.0050627427909,2.0622138782568418,2.062288857477736,2.0837911285957627,2.0
1.3979999999999568,800.0,800.0050701047726,2.062215989624474,2.0622901970187155,2.0837909549218216,2.0
1.3989999999999567,800.0,800.0050773811183,2.062218083228553,2.0622915266498145,2.0837907832931686,2.0
1.3999999999999566,800.0,800.0050845728241,2.062220159199698,2.062292846422884,2.0837906136857933,2.0
1.4009999999999565,800.0,800.0050916808738,2.0622222176677645,2.0622941563897936,2.0837904460758754,2.0
1.4019999999999564,800.0,800.0050987062401,2.062224258762016,2.06229545660258,2.083790280439947,2.0
1.4029999999999563,800.0,800.0051056498837,2.0622262826109705,2.0622967471133027,2.083790116754748,2.0
1.4039999999999562,800.0,800.0051125127551,2.062228289342596,2.06229802797422,2.083789954997412,2.0
1.404999999999956,800.0,800.0051192957932,2.0622302790840843,2.0622992992375635,2.0837897951452415,2.0
1.405999999999956,800.0,800.0051259999263,2.0622322519620426,2.062300560955713,2.0837896371758924,2.0
1.4069999999999558,800.0,800.0051326260719,2.0622342081022484,2.0623018131809565,2.083789481067138,2.0
1.4079999999999557,800.0,800.0051391751363,2.0622361476298954,2.062303055965721,2.0837893267971017,2.0
1.4089999999999556,800.0,800.0051456480159,2.062238070669555,2.062304289362528,2.083789174344221,2.0
1.4099999999999555,800.0,800.0051520455961,2.06223997734499,2.062305513423802,2.083789023687061,2.0
1.4109999999999554,800.0,800.0051583687527,2.0622418677793966,2.0623067282021035,2.083788874804549,2.0
1.4119999999999553,800.0,800.0051646183515,2.06224374209523,2.0623079337499517,2.0837887276758003,2.0
1.4129999999999552,800.0,800.0051707952471,2.0622456004141863,2.0623091301197958,2.0837885822801,2.0
1.413999999999955,800.0,800.0051769002845,2.0622474428574553,2.0623103173642634,2.0837884385971517,2.0
1.414999999999955,800.0,800.0051829342997,2.0622492695454895,2.0623114955359187,2.083788296606839,2.0
1.4159999999999549,800.0,800.0051888981185,2.0622510805979983,2.062312664687257,2.0837881562892244,2.0
1.4169999999999547,800.0,800.0051947925568,2.062252876134039,2.062313824870784,2.0837880176246344,2.0
1.4179999999999546,800.0,800.0052006184219,2.062254656271956,2.0623149761389508,2.0837878805935937,2.0
1.4189999999999545,800.0,800.0052063765106,2.0622564211294065,2.0623161185441754,2.0837877451768563,2.0
1.4199999999999544,800.0,800.005212067611,2.062258170823437,2.062317252138905,2.083787611355467,2.0
1.4209999999999543,800.0,800.0052176925022,2.062259905470392,2.062318376975526,2.0837874791106747,2.0
1.4219999999999542,800.0,800.0052232519538,2.0622616251859136,2.0623194931063575,2.0837873484239338,2.0
1.422999999999954,800.0,800.0052287467272,2.0622633300849627,2.0623206005836607,2.083787219276907,2.0
1.423999999999954,800.0,800.0052341775738,2.0622650202817816,2.062321699459601,2.0837870916514425,2.0
1.4249999999999539,800.0,800.0052395452375,2.062266695890019,2.062322789786363,2.083786965529683,2.0
1.4259999999999537,800.0,800.0052448504529,2.062268357022588,2.0623238716160057,2.0837868408939255,2.0
1.4269999999999536,800.0,800.0052500939458,2.0622700037917356,2.0623249450005248,2.0837867177266913,2.0
1.4279999999999535,800.0,800.0052552764342,2.062271636309037,2.062326009991838,2.083786596010707,2.0
1.4289999999999534,800.0,800.0052603986278,2.0622732546853726,2.062327066641764,2.0837864757288886,2.0
1.4299999999999533,800.0,800.0052654612273,2.062274859030929,2.062328115002009,2.083786356864333,2.0
1.4309999999999532,800.0,800.0052704649258,2.0622764494552923,2.062329155124263,2.083786239400414,2.0
1.431999999999953,800.0,800.0052754104084,2.062278026067269,2.0623301870600033,2.083786123320586,2.0
1.432999999999953,800.0,800.0052802983521,2.0622795889750907,2.0623312108607097,2.083786008608606,2.0
1.4339999999999529,800.0,800.0052851294257,2.0622811382862345,2.0623322265776656,2.083785895248334,2.0
1.4349999999999528,800.0,800.0052899042906,2.062282674107608,2.06233323426214,2.083785783223919,2.0
1.4359999999999526,800.0,800.0052946236009,2.062284196545379,2.0623342339652178,2.083785672519627,2.0
1.4369999999999525,800.0,800.0052992880019,2.062285705705053,2.062335225737869,2.083785563119916,2.0
1.4379999999999524,800.0,800.0053038981328,2.0622872016915172,2.0623362096309825,2.0837854550094708,2.0
1.4389999999999523,800.0,800.0053084546244,2.062288684608899,2.06233718569523,2.0837853481730653,2.0
1.4399999999999522,800.0,800.0053129581007,2.0622901545607766,2.06233815398126,2.0837852425957646,2.0
1.440999999999952,800.0,800.005317409178,2.0622916116499486,2.0623391145394705,2.0837851382626917,2.0
1.441999999999952,800.0,800.005321808466,2.0622930559786568,2.0623400674202186,2.0837850351592437,2.0
1.4429999999999519,800.0,800.0053261565669,2.0622944876484035,2.062341012673641,2.0837849332709117,2.0
1.4439999999999518,800.0,800.0053304540756,2.0622959067600712,2.062341950349767,2.0837848325833974,2.0
1.4449999999999517,800.0,800.0053347015811,2.0622973134139486,2.06234288049853,2.083784733082621,2.0
1.4459999999999515,800.0,800.0053388996649,2.062298707709542,2.062343803169594,2.0837846347545512,2.0
1.4469999999999514,800.0,800.0053430489013,2.062300089745765,2.062344718412518,2.083784537585372,2.0
1.4479999999999513,800.0,800.0053471498588,2.0623014596209224,2.0623456262767417,2.083784441561471,2.0
1.4489999999999512,800.0,800.0053512030985,2.0623028174326294,2.062346526811507,2.083784346669357,2.0
1.449999999999951,800.0,800.005355209176,2.062304163277915,2.062347420065948,2.0837842528957506,2.0
1.450999999999951,800.0,800.005359168639,2.0623054972530515,2.0623483060889214,2.083784160227423,2.0
1.4519999999999509,800.0,800.0053630820302,2.0623068194538248,2.062349184929264,2.0837840686514473,2.0
1.4529999999999508,800.0,800.0053669498853,2.0623081299752695,2.0623500566355335,2.083783978154939,2.0
1.4539999999999507,800.0,800.0053707727343,2.0623094289117576,2.0623509212560873,2.083783888725143,2.0
1.4549999999999506,800.0,800.0053745511003,2.0623107163570626,2.0623517788391443,2.083783800349488,2.0
1.4559999999999504,800.0,800.0053782855003,2.0623119924043567,2.062352629432775,2.0837837130155816,2.0
1.4569999999999503,800.0,800.0053819764462,2.0623132571462115,2.0623534730848965,2.0837836267112047,2.0
1.4579999999999502,800.0,800.0053856244433,2.062314510674529,2.0623543098432022,2.0837835414242414,2.0
1.4589999999999501,800.0,800.0053892299908,2.0623157530805534,2.0623551397551725,2.0837834571426903,2.0
1.45999999999995,800.0,800.0053927935829,2.062316984454989,2.0623559628681782,2.083783373854769,2.0
1.46099999999995,800.0,800.0053963157076,2.062318204887799,2.062356779229286,2.083783291548717,2.0
1.4619999999999498,800.0,800.0053997968467,2.062319414468374,2.062357588885419,2.0837832102129594,2.0
1.4629999999999497,800.0,800.0054032374776,2.0623206132855536,2.0623583918833686,2.0837831298361165,2.0
1.4639999999999496,800.0,800.0054066380713,2.062321801427488,2.062359188269659,2.083783050406872,2.0
1.4649999999999495,800.0,800.0054099990936,2.0623229789816895,2.0623599780905923,2.0837829719140135,2.0
1.4659999999999493,800.0,800.0054133210043,2.0623241460351416,2.062360761392353,2.0837828943465437,2.0
1.4669999999999492,800.0,800.0054166042587,2.0623253026742114,2.062361538220919,2.083782817693582,2.0
1.4679999999999491,800.0,800.0054198493062,2.0623264489846673,2.062362308622068,2.083782741944381,2.0
1.468999999999949,800.0,800.0054230565913,2.0623275850516345,2.0623630726413356,2.083782667088277,2.0
1.469999999999949,800.0,800.0054262265537,2.0623287109596813,2.0623638303240988,2.083782593114775,2.0
1.4709999999999488,800.0,800.005429359627,2.062329826792706,2.0623645817154554,2.0837825200134312,2.0
1.4719999999999487,800.0,800.0054324562406,2.062330932634098,2.0623653268603817,2.0837824477740066,2.0
1.4729999999999486,800.0,800.005435516818,2.0623320285666367,2.0623660658036265,2.0837823763863623,2.0
1.4739999999999485,800.0,800.0054385417793,2.0623331146725166,2.0623667985897365,2.083782305840487,2.0
1.4749999999999484,800.0,800.005441531538,2.062334191033297,2.0623675252630003,2.0837822361264338,2.0
1.4759999999999482,800.0,800.0054444865042,2.0623352577300005,2.0623682458675394,2.08378216723442,2.0
1.4769999999999481,800.0,800.0054474070821,2.062336314843066,2.062368960447266,2.0837820991547753,2.0
1.477999999999948,800.0,800.0054502936721,2.062337362452357,2.0623696690458746,2.0837820318779423,2.0
1.478999999999948,800.0,800.0054531466693,2.062338400637114,2.0623703717068094,2.083781965394434,2.0
1.4799999999999478,800.0,800.0054559664649,2.0623394294760873,2.0623710684733716,2.0837818996949475,2.0
1.4809999999999477,800.0,800.005458753445,2.062340449047376,2.0623717593885758,2.083781834770218,2.0
1.4819999999999476,800.0,800.0054615079911,2.062341459428492,2.0623724444951956,2.083781770611063,2.0
1.4829999999999475,800.0,800.0054642304805,2.0623424606964726,2.0623731238358816,2.083781707208499,2.0
1.4839999999999474,800.0,800.0054669212863,2.0623434529278244,2.062373797453093,2.0837816445536763,2.0
1.4849999999999473,800.0,800.0054695807771,2.0623444361983836,2.062374465388965,2.08378158263774,2.0
1.4859999999999471,800.0,800.0054722093168,2.0623454105834877,2.062375127685468,2.0837815214519937,2.0
1.486999999999947,800.0,800.005474807266,2.062346376157931,2.0623757843843666,2.083781460987856,2.0
1.487999999999947,800.0,800.00547737498,2.062347332995956,2.062376435527204,2.0837814012368416,2.0
1.4889999999999468,800.0,800.0054799128113,2.062348281171228,2.0623770811552733,2.083781342190536,2.0
1.4899999999999467,800.0,800.0054824211071,2.0623492207568304,2.0623777213096113,2.083781283840586,2.0
1.4909999999999466,800.0,800.0054849002108,2.062350151825367,2.062378356031099,2.083781226178801,2.0
1.4919999999999465,800.0,800.0054873504628,2.0623510744489337,2.0623789853604215,2.0837811691971106,2.0
1.4929999999999464,800.0,800.0054897721978,2.0623519886989863,2.062379609337947,2.0837811128874435,2.0
1.4939999999999463,800.0,800.0054921657479,2.0623528946465552,2.062380228003927,2.083781057241926,2.0
1.4949999999999461,800.0,800.0054945314411,2.062353792362118,2.0623808413983657,2.0837810022527523,2.0
1.495999999999946,800.0,800.0054968696013,2.062354681915586,2.0623814495610113,2.0837809479121727,2.0
1.496999999999946,800.0,800.0054991805488,2.0623555633763977,2.0623820525314427,2.0837808942125817,2.0
1.4979999999999458,800.0,800.0055014646006,2.06235643681344,2.0623826503489826,2.0837808411464294,2.0
1.4989999999999457,800.0,800.0055037220693,2.06235730229503,2.062383243052687,2.083780788706206,2.0
1.4999999999999456,800.0,798.717074467981,2.0623581598890084,2.0659962311238993,2.0874966539694704,2.0
1.5009999999999455,1500.0,804.2524007050482,19.999999999999996,19.717339394796895,19.915013982478786,5.0
1.5019999999999454,1500.0,811.3424101855375,19.999999999999996,19.738428153201802,19.938016338836242,5.0
1.5029999999999453,1500.0,818.4347105335717,19.999999999999996,19.739254288576987,19.940559863232476,5.0
1.5039999999999452,1500.0,825.5278485449085,19.999999999999996,19.73997775487979,19.943023536054433,5.0
1.504999999999945,1500.0,832.6217946046714,19.999999999999996,19.740622983840044,19.945431400021697,5.0
1.505999999999945,1500.0,839.7165236986443,19.999999999999996,19.741197433513797,19.947790324330303,5.0
1.5069999999999448,1500.0,846.8120139156564,19.999999999999996,19.741707842205336,19.95010645436773,5.0
1.5079999999999447,1500.0,853.9082461238684,19.999999999999996,19.742160308613936,19.952385293576224,5.0
1.5089999999999446,1500.0,861.0052036792599,19.999999999999996,19.742560352742654,19.954631765743684,5.0
1.5099999999999445,1500.0,868.1028721624226,19.999999999999996,19.74291297099191,19.956850271329266,5.0
1.5109999999999444,1500.0,875.2012391409501,19.999999999999996,19.743222686001452,19.959044738402206,5.0
1.5119999999999443,1500.0,882.3002939549795,19.999999999999996,19.743493591741576,19.961218668707602,5.0
1.5129999999999442,1500.0,889.4000275236667,19.999999999999996,19.743729394306612,19.963375179324252,5.0
1.513999999999944,1500.0,896.5004321705933,19.999999999999996,19.743933448820485,19.965517040334973,5.0
1.514999999999944,1500.0,903.6015014662918,19.999999999999996,19.74410879282516,19.967646708889873,5.0
1.5159999999999438,1500.0,910.7032300862511,19.999999999999996,19.744258176487236,19.969766360006805,5.0
1.5169999999999437,1500.0,917.8056136829184,19.999999999999996,19.744384089926182,19.971877914420194,5.0
1.5179999999999436,1500.0,924.9086487703544,19.999999999999996,19.744488787938614,19.97398306375998,5.0
1.5189999999999435,1500.0,932.0123326203305,19.999999999999996,19.744574312366844,19.97608329331537,5.0
1.5199999999999434,1500.0,939.116663168771,19.999999999999996,19.7446425123364,19.978179902613853,5.0
1.5209999999999433,1500.0,946.2216389315423,19.999999999999996,19.74469506256562,19.98027402402406,5.0
1.5219999999999432,1500.0,953.3272589286984,19.999999999999996,19.744733479931092,19.982366639570948,5.0
1.522999999999943,1500.0,960.4335226163616,19.999999999999996,19.7447591384553,19.98445859613395,5.0
1.523999999999943,1500.0,967.5404298255124,19.999999999999996,19.744773282866817,19.986550619182456,5.0
1.5249999999999428,1500.0,974.6479807070162,19.999999999999996,19.744777040869142,19.988643325188285,5.0
1.5259999999999427,1500.0,981.7561756822897,19.999999999999996,19.744771434241272,19.99073723284131,5.0
1.5269999999999426,1500.0,988.8650153990612,19.999999999999996,19.744757388881364,19.992832773182684,5.0
1.5279999999999425,1500.0,995.9745006917352,19.999999999999996,19.744735743894243,19.994930298758845,5.0
1.5289999999999424,1500.0,1003.0846325459128,19.999999999999996,19.744707259813836,19.99703009188998,5.0
1.5299999999999423,1500.0,1010.1954120666679,19.999999999999996,19.744672626043055,19.999132372137367,5.0
1.5309999999999422,1500.0,1017.3068404502143,19.999999999999996,19.744632467585646,20.00123730304633,5.0
1.531999999999942,1500.0,1024.418918958636,19.999999999999996,19.74458735113749,20.0033449982338,5.0
1.532999999999942,1500.0,1031.5316488973776,19.999999999999996,19.74453779059844,20.00545552688328,5.0
1.5339999999999419,1500.0,1038.6450315952338,19.999999999999996,19.74448425205984,20.00756891870383,5.0
1.5349999999999417,1500.0,1045.7590683865872,19.999999999999996,19.74442715831773,20.009685168404253,5.0
1.5359999999999416,1500.0,1052.8737605956767,19.999999999999996,19.74436689295694,20.01180423972898,5.0
1.5369999999999415,1500.0,1059.9891095226997,19.999999999999996,19.744303804046858,20.01392606909744,5.0
1.5379999999999414,1500.0,1067.105116431562,19.999999999999996,19.74423820748609,20.01605056888507,5.0
1.5389999999999413,1500.0,1074.2217825391206,19.999999999999996,19.744170390029133,20.01817763038,5.0
1.5399999999999412,1500.0,1081.339109005762,19.999999999999996,19.74410061202565,20.0203071264468,5.0
1.540999999999941,1500.0,1088.4570969271945,19.999999999999996,19.74402910989956,20.0224389139251,5.0
1.541999999999941,1500.0,1095.5757473273227,19.999999999999996,19.74395609839276,20.02457283578873,5.0
1.5429999999999409,1500.0,1102.6950611521045,19.999999999999996,19.74388177259588,20.026708723088106,5.0
1.5439999999999408,1500.0,1109.8150392642858,19.999999999999996,19.74380630978642,20.028846396697,5.0
1.5449999999999406,1500.0,1116.935682438928,19.999999999999996,19.74372987109248,20.03098566888209,5.0
1.5459999999999405,1500.0,1124.0569913596455,19.999999999999996,19.743652602998793,20.033126344712777,5.0
1.5469999999999404,1500.0,1131.1789666154805,19.999999999999996,19.743574638710104,20.0352682233263,5.0
1.5479999999999403,1500.0,1138.3016086983528,19.999999999999996,19.743496099385286,20.03741109906217,5.0
1.5489999999999402,1500.0,1145.4249180010208,19.999999999999996,19.743417095254728,20.03955476247864,5.0
1.54999999999994,1500.0,1152.5488948155019,19.999999999999996,19.74333772663195,20.041699001262508,5.0
1.55099999999994,1500.0,1159.673539331905,19.999999999999996,19.74325808482956,20.043843601042557,5.0
1.5519999999999399,1500.0,1166.7988516376302,19.999999999999996,19.743178252988642,20.045988346115955,5.0
1.5529999999999398,1500.0,1173.9248317168947,19.999999999999996,19.743098306829847,20.048133020096152,5.0
1.5539999999999397,1500.0,1181.051479450553,19.999999999999996,19.74301831533356,20.050277406489748,5.0
1.5549999999999395,1500.0,1188.1787946161758,19.999999999999996,19.742938341355966,20.05242128920935,5.0
1.5559999999999394,1500.0,1195.3067768883602,19.999999999999996,19.742858442187025,20.05456445302858,5.0
1.5569999999999393,1500.0,1202.4354258392434,19.999999999999996,19.742778670056012,20.056706683985027,5.0
1.5579999999999392,1500.0,1209.5647409391986,19.999999999999996,19.74269907258942,20.058847769735983,5.0
1.558999999999939,1500.0,1216.6947215576904,19.999999999999996,19.74261969322589,20.060987499871857,5.0
1.559999999999939,1500.0,1223.825366964269,19.999999999999996,19.74254057159224,20.06312566619127,5.0
1.5609999999999389,1500.0,1230.956676329689,19.999999999999996,19.74246174384422,20.065262062941713,5.0
1.5619999999999388,1500.0,1238.0886487271355,19.999999999999996,19.742383242975368,20.067396487029058,5.0
1.5629999999999387,1500.0,1245.2212831335407,19.999999999999996,19.74230509909704,20.06952873819915,5.0
1.5639999999999386,1500.0,1252.354578430985,19.999999999999996,19.742227339692313,20.071658619194192,5.0
1.5649999999999384,1500.0,1259.4885334081634,19.999999999999996,19.742149989846165,20.073785935886413,5.0
1.5659999999999383,1500.0,1266.623146761916,19.999999999999996,19.742073072454385,20.075910497391465,5.0
1.5669999999999382,1500.0,1273.7584170987996,19.999999999999996,19.741996608412954,20.078032116163335,5.0
1.567999999999938,1500.0,1280.8943429367089,19.999999999999996,19.74192061679001,20.080150608072962,5.0
1.568999999999938,1500.0,1288.0309227065275,19.999999999999996,19.74184511498184,20.082265792471958,5.0
1.569999999999938,1500.0,1295.1681547538078,19.999999999999996,19.741770118854532,20.08437749224318,5.0
1.5709999999999378,1500.0,1302.3060373404685,19.999999999999996,19.741695642872646,20.086485533839337,5.0
1.5719999999999377,1500.0,1309.444568646512,19.999999999999996,19.74162170021599,20.08858974731107,5.0
1.5729999999999376,1500.0,1316.5837467717502,19.999999999999996,19.741548302885825,20.090689966325417,5.0
1.5739999999999374,1500.0,1323.7235697375395,19.999999999999996,19.74147546180136,20.092786028175922,5.0
1.5749999999999373,1500.0,1330.8640354885165,19.999999999999996,19.741403186887457,20.094877773785043,5.0
1.5759999999999372,1500.0,1338.0051418943337,19.999999999999996,19.741331487154454,20.096965047699886,5.0
1.5769999999999371,1500.0,1345.14688675139,19.999999999999996,19.741260370770778,20.099047698081954,5.0
1.577999999999937,1500.0,1352.2892677845587,19.999999999999996,19.74118984512908,20.101125576691583,5.0
1.578999999999937,1500.0,1359.4322826489047,19.999999999999996,19.741119916906392,20.103198538867566,5.0
1.5799999999999368,1500.0,1366.5759289313903,19.999999999999996,19.74105059211902,20.105266443502774,5.0
1.5809999999999367,1500.0,1373.7202041525684,19.999999999999996,19.74098187617257,20.107329153015964,5.0
1.5819999999999366,1500.0,1380.8651057682628,19.999999999999996,19.74091377390755,20.109386533320507,5.0
1.5829999999999365,1500.0,1388.010631171231,19.999999999999996,19.740846289641034,20.111438453790164,5.0
1.5839999999999363,1500.0,1395.1567776928125,19.999999999999996,19.740779427204707,20.113484787222532,5.0
1.5849999999999362,1500.0,1402.3035426045567,19.999999999999996,19.74071318997958,20.115525409800263,5.0
1.5859999999999361,1500.0,1409.4509231198308,19.999999999999996,19.74064758092785,20.11756020105055,5.0
1.586999999999936,1500.0,1416.5989163954134,19.999999999999996,19.740582602621938,20.119589043802982,5.0
1.587999999999936,1500.0,1423.7475195330592,19.999999999999996,19.74051825727117,20.121611824146065,5.0
1.5889999999999358,1500.0,1430.8967295810514,19.999999999999996,19.740454546746225,20.123628431382716,5.0
1.5899999999999357,1500.0,1438.0465435357246,19.999999999999996,19.740391472601527,20.125638757984763,5.0
1.5909999999999356,1500.0,1445.1969583429725,19.999999999999996,19.740329036095847,20.127642699546712,5.0
1.5919999999999355,1500.0,1452.3479708997293,19.999999999999996,19.740267238211224,20.129640154738915,5.0
1.5929999999999354,1500.0,1459.4995780554277,19.999999999999996,19.740206079670397,20.13163102526036,5.0
1.5939999999999352,1500.0,1466.6517766134384,19.999999999999996,19.74014556095284,20.13361521579106,5.0
1.5949999999999351,1500.0,1473.5350935683457,19.340449789750465,19.093158557414043,19.474994144081737,5.0
1.595999999999935,1500.0,1479.7264018426922,17.758478359267194,17.540855620241597,17.891583030642337,5.0
1.596999999999935,1500.0,1484.9982359564715,15.778360567370008,15.59722925985785,15.908011273241982,5.0
1.5979999999999348,1500.0,1489.296856585366,13.73558464828915,13.591743763028505,13.860794541449687,5.0
1.5989999999999347,1500.0,1492.6731960334005,11.82865792596722,11.719371174263804,11.949196456163026,5.0
1.5999999999999346,1500.0,1495.2342055491695,10.160476450992943,10.081204647641755,10.276591258737383,5.0
1.6009999999999345,1500.0,1497.1101003164163,8.770207990273764,8.715759625473924,8.882397027093239,5.0
1.6019999999999344,1500.0,1498.4335306817097,7.657022538426046,7.622271708843723,7.765873410571642,5.0
1.6029999999999343,1500.0,1499.3273815975276,6.797126697309681,6.7774209754341594,6.903217331922371,5.0
1.6039999999999341,1500.0,1499.898570194251,6.155506168243897,6.146861336557073,6.259352182509422,5.0
1.604999999999934,1500.0,1500.2358197624715,5.693631741095987,5.692787308593494,5.795665285771531,5.0
1.605999999999934,1500.0,1500.4099103943306,5.3741921400403765,5.378582013839,5.474759771444248,5.0
1.6069999999999338,1500.0,1500.4753340643474,5.163716588309785,5.171393391035063,5.263087248390392,5.0
1.6079999999999337,1500.0,1500.4726186474186,5.033761649430585,5.0433007589681935,5.1321389422167005,5.0
1.6089999999999336,1500.0,1500.4308412325731,4.961171594515037,4.97157162592959,5.058706897204495,5.0
1.6099999999999335,1500.0,1500.3700387681904,4.927783462073086,4.93837311179953,5.0245880246503445,5.0
1.6109999999999334,1500.0,1500.303356668993,4.919837224841985,4.9301936466954315,5.015992442488553,5.0
1.6119999999999333,1500.0,1500.2388657344752,4.927265797899744,4.937146511296558,5.022831449861721,5.0
1.6129999999999332,1500.0,1500.1810352189582,4.942975592672495,4.952263931883289,5.037996168605922,5.0
1.613999999999933,1500.0,1500.131883998918,4.962182145931545,4.970845112999791,5.056691530370648,5.0
1.614999999999933,1500.0,1500.091849561979,4.981833341446107,4.989890162049652,5.07585817170421,5.0
1.6159999999999328,1500.0,1500.0604214298141,5.00013157775079,5.007631078583009,5.093693578254101,5.0
1.6169999999999327,1500.0,1500.0365856683898,5.016153096197808,5.023158077041697,5.109270653014012,5.0
1.6179999999999326,1500.0,1500.01912323671,5.029555269229269,5.036132228236989,5.122244460170886,5.0
1.6189999999999325,1500.0,1500.0067990818789,5.040359154059124,5.046571969695517,5.132634402005352,5.0
1.6199999999999324,1500.0,1499.998472419423,5.048793672607476,5.054700104336169,5.140668147397255,5.0
1.6209999999999323,1500.0,1499.9931523532541,5.055188381903033,5.060838496412069,5.1466742411322475,5.0
1.6219999999999322,1500.0,1499.9900173398098,5.0599032428543245,5.06533908873742,5.151011774320242,5.0
1.622999999999932,1500.0,1499.9884121918074,5.063285601358852,5.0685416366357545,5.154027309040428,5.0
1.623999999999932,1500.0,1499.9878323964099,5.0656464585370164,5.070750381642838,5.156031118824114,5.0
1.6249999999999318,1500.0,1499.9879024432348,5.067249845716629,5.072223594250623,5.157286549969637,5.0
1.6259999999999317,1500.0,1499.9883525215878,5.068310641025267,5.073171407882122,5.158007833397782,5.0
1.6269999999999316,1500.0,1499.988996234655,5.068997432471619,5.073758610817147,5.158362947346672,5.0
1.6279999999999315,1500.0,1499.9897107701781,5.069438048004436,5.0741100596621935,5.15847914863219,5.0
1.6289999999999314,1500.0,1499.9904201503925,5.069726157913499,5.074317148415953,5.158449576312944,5.0
1.6299999999999313,1500.0,1499.991081661297,5.069927940968133,5.074444342493798,5.158339918431533,5.0
1.6309999999999312,1500.0,1499.9916752519252,5.070088227953717,5.074535201651772,5.158194555257012,5.0
1.631999999999931,1500.0,1499.9921955336438,5.070235828731253,5.074617602919994,5.158041885190464,5.0
1.632999999999931,1500.0,1499.9926459480982,5.070387942084179,5.074708064322706,5.157898732765322,5.0
1.6339999999999308,1500.0,1499.993034673285,5.070553667319013,5.074815187734875,5.157773857919068,5.0
1.6349999999999307,1500.0,1499.9933718738741,5.070736703942694,5.074942305404472,5.157670653062337,5.0
1.6359999999999306,1500.0,1499.993667956104,5.070937357286502,5.075089445686914,5.157589145986588,5.0
1.6369999999999305,1500.0,1499.9939325472963,5.071153976220221,5.07525474170019,5.15752743488499,5.0
1.6379999999999304,1500.0,1499.9941739779536,5.0713839432751815,5.075435400922702,5.157482675896285,5.0
1.6389999999999303,1500.0,1499.994399096394,5.071624324037722,5.0756283405697085,5.157451730089745,5.0
1.6399999999999302,1500.0,1499.9946132901014,5.071872265953083,5.075830577187872,5.157431560060584,5.0
1.64099999999993,1500.0,1499.9948206239978,5.0721252194811255,5.076039442037307,5.1574194490863405,5.0
1.64199999999993,1500.0,1499.9950240341418,5.07238103851678,5.0762526781056785,5.15741309975274,5.0
1.6429999999999298,1500.0,1499.9952255368003,5.072638002978174,5.0764684608523805,5.1574106549392065,5.0
1.6439999999999297,1500.0,1499.9954264285616,5.072894794795557,5.0766853733295,5.157410672379904,5.0
1.6449999999999296,1500.0,1499.9956274642602,5.073150449193479,5.076902357159905,5.157412074674053,5.0
1.6459999999999295,1500.0,1499.9958290069587,5.073404295936588,5.077118653764926,5.157414089397269,5.0
1.6469999999999294,1500.0,1499.9960311490602,5.07365589982514,5.077333744949893,5.157416188582957,5.0
1.6479999999999293,1500.0,1499.9962338064397,5.073905005841491,5.07754729814284,5.157418032959624,5.0
1.6489999999999292,1500.0,1499.9964367889766,5.074151491660689,5.077759118943411,5.157419423644079,5.0
1.649999999999929,1500.0,1499.996639851426,5.074395328462916,5.077969111896482,5.157420262216947,5.0
1.650999999999929,1500.0,1499.9968427285621,5.074636549883765,5.078177249323704,5.157420519007033,5.0
1.6519999999999289,1500.0,1499.9970451581914,5.074875228318947,5.07838354743848,5.157420208793209,5.0
1.6529999999999287,1500.0,1499.997246895142,5.07511145750942,5.078588048684766,5.157419372843071,5.0
1.6539999999999286,1500.0,1499.9974477187777,5.075345340255899,5.078790809164824,5.157418066131749,5.0
1.6549999999999285,1500.0,1499.997647436068,5.075576980163993,5.078991890072602,5.15741634863718,5.0
1.6559999999999284,1500.0,1499.997845881755,5.075806476445189,5.07919135217148,5.157414279732896,5.0
1.6569999999999283,1500.0,1499.9980429167645,5.076033920951899,5.079389252505562,5.157411914852784,5.0
1.6579999999999282,1500.0,1499.9982384256746,5.076259396781043,5.079585642687438,5.157409303758984,5.0
1.658999999999928,1500.0,1499.9984323137903,5.0764829779292295,5.079780568251431,5.157406489892887,5.0
1.659999999999928,1500.0,1499.9986245041885,5.076704729609763,5.079974068686618,5.157403510416818,5.0
1.6609999999999279,1500.0,1499.998814934943,5.076924708948952,5.080166177869295,5.157400396661228,5.0
1.6619999999999278,1500.0,1499.9990035566418,5.077142965864882,5.080356924699067,5.157397174778297,5.0
1.6629999999999276,1500.0,1499.999190330245,5.077359543997595,5.080546333807519,5.157393866468691,5.0
1.6639999999999275,1500.0,1499.999375225282,5.0775744816090445,5.080734426257147,5.157390489697871,5.0
1.6649999999999274,1500.0,1499.9995582183612,5.077787812405971,5.080921220182612,5.157387059353239,5.0
1.6659999999999273,1500.0,1499.9997392919618,5.077999566264674,5.081106731351952,5.157383587819489,5.0
1.6669999999999272,1500.0,1499.999918433456,5.078209769851656,5.081290973640168,5.157380085464472,5.0
1.667999999999927,1500.0,1500.0000956343313,5.078418447143759,5.081473959417378,5.157376561037891,5.0
1.668999999999927,1500.0,1500.0002708895638,5.078625619857841,5.0816556998600895,5.1573730219915745,5.0
1.6699999999999269,1500.0,1500.0004441971191,5.078831307802048,5.08183620519622,5.157369474732128,5.0
1.6709999999999268,1500.0,1500.0006155575493,5.0790355291611124,5.082015484895095,5.157365924817465,5.0
1.6719999999999267,1500.0,1500.0007849736587,5.079238300727209,5.0821935478127465,5.157362377107697,5.0
1.6729999999999265,1500.0,1500.0009524502336,5.079439638088161,5.082370402303232,5.15735883588134,5.0
1.6739999999999264,1500.0,1500.001117993808,5.079639555780853,5.082546056302945,5.157355304923889,5.0
1.6749999999999263,1500.0,1500.001281612468,5.079838067417581,5.082720517394806,5.157351787595837,5.0
1.6759999999999262,1500.0,1500.0014433156782,5.080035185791992,5.082893792858223,5.15734828688608,5.0
1.676999999999926,1500.0,1500.0016031141292,5.0802309229680676,5.083065889707674,5.157344805453679,5.0
1.677999999999926,1500.0,1500.001761019601,5.0804252903575495,5.083236814724656,5.1573413456627275,5.0
1.6789999999999259,1500.0,1500.00191704484,5.080618298786071,5.083406574482877,5.1573379096102965,5.0
1.6799999999999258,1500.0,1500.0020712034484,5.080809958552561,5.083575175370656,5.157334499151428,5.0
1.6809999999999257,1500.0,1500.00222350978,5.08100027948154,5.083742623609893,5.1573311159205675,5.0
1.6819999999999256,1500.0,1500.0023739788494,5.08118927097031,5.083908925273127,5.1573277613509685,5.0
1.6829999999999254,1500.0,1500.0025226262471,5.081376942031557,5.084074086298983,5.157324436692384,5.0
1.6839999999999253,1500.0,1500.002669468061,5.081563301331963,5.084238112506252,5.1573211430273025,5.0
1.6849999999999252,1500.0,1500.0028145208069,5.081748357227316,5.0844010096068555,5.157317881285991,5.0
1.6859999999999251,1500.0,1500.0029578013637,5.081932117794422,5.084562783217768,5.157314652260398,5.0
1.686999999999925,1500.0,1500.0030993269168,5.082114590860171,5.084723438872054,5.157311456617123,5.0
1.687999999999925,1500.0,1500.0032391149032,5.082295784027815,5.084882982028845,5.157308294909234,5.0
1.6889999999999248,1500.0,1500.0033771829662,5.082475704700957,5.085041418082655,5.1573051675873725,5.0
1.6899999999999247,1500.0,1500.00351354891,5.082654360105233,5.0851987523718,5.157302075009892,5.0
1.6909999999999246,1500.0,1500.0036482306637,5.082831757307998,5.0853549901861035,5.157299017452234,5.0
1.6919999999999245,1500.0,1500.003781246245,5.083007903235751,5.08551013677356,5.1572959951151915,5.0
1.6929999999999243,1500.0,1500.0039126137299,5.083182804690237,5.085664197346673,5.1572930081328066,5.0
1.6939999999999242,1500.0,1500.0040423512257,5.083356468362678,5.085817177087938,5.157290056579349,5.0
1.6949999999999241,1500.0,1500.004170476842,5.083528900846424,5.085969081154567,5.157287140475516,5.0
1.695999999999924,1500.0,1500.004297008674,5.083700108648936,5.086119914683329,5.157284259794665,5.0
1.696999999999924,1500.0,1500.0044219647793,5.083870098201731,5.086269682794076,5.157281414467722,5.0
1.6979999999999238,1500.0,1500.004545363161,5.084038875869452,5.086418390593004,5.157278604387765,5.0
1.6989999999999237,1500.0,1500.0046672217532,5.0842064479584534,5.086566043176025,5.157275829414691,5.0
1.6999999999999236,1500.0,1500.0047875584057,5.084372820723503,5.086712645630767,5.15727308937846,5.0
1.7009999999999235,1500.0,1500.004906390872,5.084538000374806,5.086858203039344,5.157270384083092,5.0
1.7019999999999234,1500.0,1500.0050237368002,5.084701993083428,5.08700272047998,5.157267713309476,5.0
1.7029999999999232,1500.0,1500.0051396137205,5.084864804986534,5.0871462030287935,5.157265076818304,5.0
1.7039999999999231,1500.0,1500.0052540390398,5.085026442191645,5.087288655760977,5.157262474352373,5.0
1.704999999999923,1500.0,1500.0053670300322,5.085186910780905,5.087430083752264,5.15725990563915,5.0
1.705999999999923,1500.0,1500.0054786038352,5.085346216814182,5.087570492079549,5.157257370392454,5.0
1.7069999999999228,1500.0,1500.0055887774415,5.085504366332318,5.087709885821865,5.157254868314473,5.0
1.7079999999999227,1500.0,1500.0056975676946,5.085661365359725,5.087848270060965,5.157252399097362,5.0
1.7089999999999226,1500.0,1500.0058049912868,5.085817219906988,5.087985649882097,5.1572499624249994,5.0
1.7099999999999225,1500.0,1500.0059110647553,5.085971935972296,5.088122030373809,5.157247557973761,5.0
1.7109999999999224,1500.0,1500.0060158044769,5.086125519543508,5.088257416628555,5.157245185414071,5.0
1.7119999999999223,1500.0,1500.0061192266687,5.086277976599662,5.088391813742859,5.157242844411471,5.0
1.7129999999999221,1500.0,1500.006221347384,5.0864293131119105,5.088525226817107,5.157240534627314,5.0
1.713999999999922,1500.0,1500.006322182512,5.0865795350448515,5.088657660955792,5.157238255719895,5.0
1.714999999999922,1500.0,1500.0064217477761,5.086728648357446,5.088789121267481,5.157236007345261,5.0
1.7159999999999218,1500.0,1500.0065200587328,5.08687665900338,5.088919612864357,5.157233789157591,5.0
1.7169999999999217,1500.0,1500.0066171307726,5.087023572931875,5.089049140862231,5.157231600810019,5.0
1.7179999999999216,1500.0,1500.0067129791173,5.087169396088082,5.0891777103802935,5.157229441955191,5.0
1.7189999999999215,1500.0,1500.0068076188227,5.087314134413406,5.089305326540798,5.157227312245723,5.0
1.7199999999999214,1500.0,1500.0069010647762,5.087457793845554,5.0894319944686055,5.157225211334493,5.0
1.7209999999999213,1500.0,1500.0069933316986,5.08760038031897,5.0895577192911,5.157223138875326,5.0
1.7219999999999211,1500.0,1500.007084434144,5.087741899764659,5.089682506137613,5.1572210945231145,5.0
1.722999999999921,1500.0,1500.0071743864999,5.087882358110209,5.089806360139047,5.157219077934171,5.0
1.723999999999921,1500.0,1500.0072632029905,5.088021761279871,5.089929286427631,5.157217088766665,5.0
1.7249999999999208,1500.0,1500.007350897675,5.088160115194136,5.090051290136175,5.157215126680566,5.0
1.7259999999999207,1500.0,1500.0074374844478,5.088297425769687,5.090172376397793,5.157213191338005,5.0
1.7269999999999206,1500.0,1500.0075229770425,5.088433698919348,5.090292550345586,5.157211282403628,5.0
1.7279999999999205,1500.0,1500.0076073890318,5.088568940551644,5.090411817112004,5.157209399544574,5.0
1.7289999999999204,1500.0,1500.0076907338273,5.08870315657033,5.090530181828213,5.1572075424304655,5.0
1.7299999999999203,1500.0,1500.0077730246828,5.088836352874456,5.090647649623978,5.157205710733882,5.0
1.7309999999999202,1500.0,1500.007854274695,5.088968535357755,5.090764225626934,5.1572039041302284,5.0
1.73199999999992,1500.0,1500.0079344968042,5.089099709908333,5.090879914962137,5.157202122297855,5.0
1.73299999999992,1500.0,1500.008013703795,5.0892298824083015,5.090994722751612,5.157200364918169,5.0
1.7339999999999198,1500.0,1500.0080919083,5.089359058733599,5.0911086541140715,5.157198631675903,5.0
1.7349999999999197,1500.0,1500.0081691228008,5.089487244753292,5.09122171416415,5.157196922258873,5.0
1.7359999999999196,1500.0,1500.0082453596274,5.089614446329065,5.09133390801183,5.157195236357924,5.0
1.7369999999999195,1500.0,1500.0083206309619,5.089740669315177,5.0914452407623365,5.157193573667349,5.0
1.7379999999999194,1500.0,1500.0083949488373,5.0898659195577745,5.091555717515423,5.1571919338846595,5.0
1.7389999999999193,1500.0,1500.0084683251428,5.089990202894721,5.091665343365148,5.15719031671085,5.0
1.7399999999999192,1500.0,1500.0085407716226,5.090113525154982,5.091774123399232,5.157188721850227,5.0
1.740999999999919,1500.0,1500.0086122998785,5.090235892158109,5.091882062698529,5.157187149010334,5.0
1.741999999999919,1500.0,1500.0086829213712,5.09035730971389,5.091989166336665,5.1571855979020516,5.0
1.7429999999999188,1500.0,1500.008752647421,5.0904777836220125,5.092095439379672,5.157184068239659,5.0
1.7439999999999187,1500.0,1500.0088214892116,5.0905973196715815,5.092200886885509,5.157182559740791,5.0
1.7449999999999186,1500.0,1500.0088894577884,5.0907159236405395,5.092305513903489,5.1571810721262725,5.0
1.7459999999999185,1500.0,1500.0089565640633,5.090833601295565,5.0924093254741605,5.157179605120407,5.0
1.7469999999999184,1500.0,1500.009022818813,5.09095035839143,5.092512326628671,5.157178158450747,5.0
1.7479999999999183,1500.0,1500.0090882326838,5.091066200670719,5.092614522388513,5.1571767318482085,5.0
1.7489999999999182,1500.0,1500.0091528161909,5.091181133863226,5.092715917764906,5.157175325046832,5.0
1.749999999999918,1500.0,1500.00921657972,5.09129516368584,5.092816517758702,5.157173937784064,5.0
1.750999999999918,1500.0,1500.0092795335306,5.091408295841861,5.09291632735971,5.157172569800423,5.0
1.7519999999999178,1500.0,1500.0093416877553,5.09152053602083,5.093015351546555,5.157171220839708,5.0
1.7529999999999177,1500.0,1500.0094030524017,5.091631889898135,5.093113595286269,5.157169890648934,5.0
1.7539999999999176,1500.0,1500.0094636373547,5.0917423631345775,5.093211063533904,5.15716857897826,5.0
1.7549999999999175,1500.0,1500.0095234523785,5.091851961375981,5.093307761232137,5.15716728558092,5.0
1.7559999999999174,1500.0,1500.0095825071155,5.091960690252954,5.093403693311066,5.157166010213322,5.0
1.7569999999999173,1500.0,1500.0096408110905,5.092068555380387,5.093498864687708,5.157164752634854,5.0
1.7579999999999172,1500.0,1500.0096983737108,5.0921755623572516,5.09359328026583,5.1571635126079975,5.0
1.758999999999917,1500.0,1500.009755204267,5.092281716766156,5.093686944935515,5.157162289898183,5.0
1.759999999999917,1500.0,1500.0098113119363,5.092387024173141,5.093779863572982,5.157161084273892,5.0
1.7609999999999169,1500.0,1500.009866705781,5.092491490127207,5.093872041040129,5.157159895506448,5.0
1.7619999999999167,1500.0,1500.0099213947528,5.092595120160224,5.093963482184459,5.157158723370217,5.0
1.7629999999999166,1500.0,1500.0099753876925,5.092697919786435,5.094054191838605,5.157157567642379,5.0
1.7639999999999165,1500.0,1500.0100286933316,5.092799894502228,5.094144174820129,5.157156428102968,5.0
1.7649999999999164,1500.0,1500.0100813202944,5.092901049785973,5.094233435931352,5.157155304534944,5.0
1.7659999999999163,1500.0,1500.010133277097,5.093001391097347,5.094321979958727,5.157154196723787,5.0
1.7669999999999162,1500.0,1500.0101845721524,5.093100923877604,5.094409811673109,5.157153104457997,5.0
1.767999999999916,1500.0,1500.0102352137671,5.093199653548915,5.094496935829116,5.157152027528657,5.0
1.768999999999916,1500.0,1500.0102852101472,5.093297585514409,5.094583357165185,5.1571509657297065,5.0
1.7699999999999159,1500.0,1500.0103345693956,5.0933947251575225,5.094669080402939,5.157149918857504,5.0
1.7709999999999158,1500.0,1500.0103832995158,5.09349107784216,5.094754110247374,5.157148886711207,5.0
1.7719999999999156,1500.0,1500.0104314084115,5.093586648912193,5.094838451386353,5.157147869092455,5.0
1.7729999999999155,1500.0,1500.0104789038894,5.093681443691469,5.09492210849065,5.157146865805591,5.0
1.7739999999999154,1500.0,1500.0105257936582,5.093775467483357,5.0950050862134955,5.157145876657382,5.0
1.7749999999999153,1500.0,1500.0105720853323,5.093868725570766,5.095087389190618,5.157144901457227,5.0
1.7759999999999152,1500.0,1500.0106177864316,5.093961223215716,5.095169022039824,5.1571439400168995,5.0
1.776999999999915,1500.0,1500.0106629043821,5.094052965659187,5.0952499893608625,5.1571429921505665,5.0
1.777999999999915,1500.0,1500.0107074465177,5.094143958121098,5.095330295735428,5.157142057674934,5.0
1.7789999999999149,1500.0,1500.0107514200822,5.094234205800069,5.0954099457268995,5.157141136409148,5.0
1.7799999999999148,1500.0,1500.0107948322293,5.094323713872977,5.095488943879951,5.15714022817452,5.0
1.7809999999999147,1500.0,1500.0108376900241,5.094412487495123,5.095567294720696,5.157139332794818,5.0
1.7819999999999145,1500.0,1500.0108800004425,5.094500531799767,5.095645002756266,5.157138450095966,5.0
1.7829999999999144,1500.0,1500.0109217703753,5.094587851898403,5.095722072475056,5.157137579906411,5.0
1.7839999999999143,1500.0,1500.010963006628,5.094674452880167,5.095798508346172,5.157136722056691,5.0
1.7849999999999142,1500.0,1500.0110037159213,5.094760339811808,5.095874314819398,5.157135876379498,5.0
1.785999999999914,1500.0,1500.0110439048915,5.0948455177375935,5.09594949632513,5.1571350427097356,5.0
1.786999999999914,1500.0,1500.011083580093,5.094929991679271,5.0960240572743105,5.157134220884544,5.0
1.7879999999999139,1500.0,1500.0111227479997,5.095013766635827,5.096098002058211,5.157133410743183,5.0
1.7889999999999138,1500.0,1500.011161415003,5.095096847583373,5.096171335048341,5.157132612127024,5.0
1.7899999999999137,1500.0,1500.0111995874177,5.0951792394750015,5.09624406059629,5.157131824879482,5.0
1.7909999999999136,1500.0,1500.0112372714775,5.095260947240695,5.096316183033651,5.157131048846022,5.0
1.7919999999999134,1500.0,1500.0112744733397,5.09534197578713,5.09638770667183,5.157130283874042,5.0
1.7929999999999133,1500.0,1500.011311199085,5.095422329997947,5.096458635802314,5.1571295298132185,5.0
1.7939999999999132,1500.0,1500.011347454719,5.095502014733101,5.096528974696035,5.157128786514932,5.0
1.794999999999913,1500.0,1500.0113832461714,5.095581034829074,5.096598727603588,5.157128053832551,5.0
1.795999999999913,1500.0,1500.0114185792984,5.095659395098932,5.096667898755276,5.157127331621539,5.0
1.796999999999913,1500.0,1500.0114534598843,5.0957371003319585,5.096736492360767,5.157126619739166,5.0
1.7979999999999128,1500.0,1500.0114878936408,5.095814155293573,5.096804512608999,5.157125918044457,5.0
1.7989999999999127,1500.0,1500.0115218862077,5.095890564725504,5.0968719636683675,5.157125226398437,5.0
1.7999999999999126,1500.0,1500.011555443156,5.095966333345651,5.096938849686579,5.157124544664027,5.0
1.8009999999999124,1500.0,1500.0115885699859,5.096041465847744,5.09700517479032,5.157123872705746,5.0
1.8019999999999123,1500.0,1500.0116212721307,5.096115966901705,5.0970709430856145,5.1571232103901075,5.0
1.8029999999999122,1500.0,1500.0116535549548,5.096189841153215,5.097136158657396,5.157122557585226,5.0
1.8039999999999121,1500.0,1500.0116854237558,5.096263093223822,5.097200825569613,5.157121914160949,5.0
1.804999999999912,1500.0,1500.011716883767,5.09633572771103,5.097264947865313,5.157121279988971,5.0
1.805999999999912,1500.0,1500.011747940153,5.096407749187912,5.097328529566269,5.157120654942469,5.0
1.8069999999999118,1500.0,1500.0117785980171,5.096479162203474,5.09739157467333,5.1571200388964895,5.0
1.8079999999999117,1500.0,1500.0118088623979,5.0965499712824895,5.097454087166253,5.157119431727782,5.0
1.8089999999999116,1500.0,1500.011838738271,5.096620180925169,5.0975160710033816,5.157118833314495,5.0
1.8099999999999115,1500.0,1500.0118682305497,5.096689795607542,5.097577530122026,5.157118243536564,5.0
1.8109999999999113,1500.0,1500.0118973440872,5.096758819781388,5.097638468438365,5.157117662275624,5.0
1.8119999999999112,1500.0,1500.011926083675,5.096827257873704,5.097698889846958,5.157117089414512,5.0
1.8129999999999111,1500.0,1500.011954454045,5.096895114287288,5.097758798221288,5.15711652483782,5.0
1.813999999999911,1500.0,1500.0119824598703,5.096962393400595,5.0978181974136225,5.157115968431756,5.0
1.814999999999911,1500.0,1500.0120101057657,5.0970290995675045,5.097877091254788,5.157115420083902,5.0
1.8159999999999108,1500.0,1500.0120373962882,5.097095237117542,5.097935483554378,5.157114879683421,5.0
1.8169999999999107,1500.0,1500.0120643359378,5.097160810355698,5.097993378100565,5.157114347120855,5.0
1.8179999999999106,1500.0,1500.0120909291586,5.09722582356255,5.098050778660233,5.157113822288245,5.0
1.8189999999999105,1500.0,1500.0121171803385,5.097290280994204,5.098107688978901,5.157113305079038,5.0
1.8199999999999104,1500.0,1500.0121430938118,5.097354186882422,5.098164112780846,5.15711279538819,5.0
1.8209999999999102,1500.0,1500.012168673858,5.09741754543438,5.098220053768866,5.157112293111908,5.0
1.8219999999999101,1500.0,1500.0121939247022,5.097480360832836,5.098275515624425,5.157111798147771,5.0
1.82299999999991,1500.0,1500.0122188505181,5.097542637236301,5.0983305020078395,5.157111310394899,5.0
1.82399999999991,1500.0,1500.012243455426,5.097604378778811,5.098385016558022,5.157110829753649,5.0
1.8249999999999098,1500.0,1500.0122677434952,5.097665589569992,5.098439062892564,5.157110356125685,5.0
1.8259999999999097,1500.0,1500.0122917187457,5.09772627369529,5.098492644607929,5.157109889414134,5.0
1.8269999999999096,1500.0,1500.012315385144,5.0977864352154665,5.098545765278978,5.157109429523067,5.0
1.8279999999999095,1500.0,1500.0123387466097,5.097846078167322,5.0985984284596535,5.157108976358162,5.0
1.8289999999999094,1500.0,1500.0123618070115,5.0979052065632215,5.098650637682522,5.1571085298261945,5.0
1.8299999999999093,1500.0,1500.0123845701705,5.097963824391407,5.098702396459056,5.157108089835287,5.0
1.8309999999999091,1500.0,1500.0124070398604,5.098021935615892,5.0987537082795376,5.157107656294762,5.0
1.831999999999909,1500.0,1500.0124292198072,5.098079544176435,5.098804576613022,5.157107229115071,5.0
1.832999999999909,1500.0,1500.0124511136903,5.098136653988706,5.098855004907486,5.157106808207885,5.0
1.8339999999999088,1500.0,1500.012472725143,5.098193268944281,5.098904996589831,5.157106393486057,5.0
1.8349999999999087,1500.0,1500.0124940577523,5.098249392910704,5.098954555065925,5.157105984863607,5.0
1.8359999999999086,1500.0,1500.012515115062,5.098305029731647,5.099003683720744,5.157105582255825,5.0
1.8369999999999085,1500.0,1500.01253590057,5.098360183226596,5.0990523859180765,5.157105185578909,5.0
1.8379999999999084,1500.0,1500.012556417731,5.098414857191318,5.099100665000954,5.157104794750344,5.0
1.8389999999999083,1500.0,1500.0125766699557,5.098469055397632,5.0991485242914365,5.157104409688634,5.0
1.8399999999999082,1500.0,1500.0125966606136,5.0985227815936485,5.099195967090818,5.15710403031344,5.0
1.840999999999908,1500.0,1500.0126163930302,5.098576039503683,5.099242996679554,5.157103656545466,5.0
1.841999999999908,1500.0,1500.0126358704904,5.098628832828372,5.099289616317355,5.157103288306469,5.0
1.8429999999999078,1500.0,1500.0126550962364,5.098681165244733,5.09933582924323,5.157102925519262,5.0
1.8439999999999077,1500.0,1500.012674073472,5.098733040406362,5.099381638675694,5.157102568107845,5.0
1.8449999999999076,1500.0,1500.0126928053596,5.098784461943161,5.0994270478124655,5.157102215997035,5.0
1.8459999999999075,1500.0,1500.0127112950213,5.098835433461533,5.099472059830665,5.157101869112607,5.0
1.8469999999999074,1500.0,1500.0127295455418,5.098885958544745,5.099516677887167,5.157101527381567,5.0
1.8479999999999073,1500.0,1500.0127475599652,5.0989360407523945,5.099560905118045,5.157101190731544,5.0
1.8489999999999072,1500.0,1500.0127653412976,5.098985683621216,5.099604744639373,5.15710085909151,5.0
1.849999999999907,1500.0,1500.0127828925076,5.099034890664702,5.099648199546842,5.1571005323913255,5.0
1.850999999999907,1500.0,1500.012800216528,5.099083665373238,5.099691272915875,5.1571002105617865,5.0
1.8519999999999068,1500.0,1500.0128173162532,5.099132011214088,5.099733967801597,5.157099893534523,5.0
1.8529999999999067,1500.0,1500.0128341945413,5.0991799316313875,5.099776287238849,5.157099581241926,5.0
1.8539999999999066,1500.0,1500.0128508542148,5.099227430046756,5.099818234242743,5.157099273617643,5.0
1.8549999999999065,1500.0,1500.0128672980607,5.099274509858726,5.099859811808113,5.157098970595939,5.0
1.8559999999999064,1500.0,1500.0128835288308,5.0993211744432925,5.099901022910037,5.157098672112155,5.0
1.8569999999999063,1500.0,1500.0128995492423,5.0993674271537905,5.099941870503715,5.157098378102494,5.0
1.8579999999999062,1500.0,1500.0129153619785,5.099413271320839,5.099982357524385,5.15709808850387,5.0
1.858999999999906,1500.0,1500.0129309696888,5.099458710252719,5.1000224868877035,5.157097803254199,5.0
1.859999999999906,1500.0,1500.0129463749897,5.099503747235234,5.100062261489591,5.157097522292165,5.0
1.8609999999999058,1500.0,1500.012961580464,5.099548385531772,5.100101684206287,5.1570972455572,5.0
1.8619999999999057,1500.0,1500.0129765886616,5.099592628383671,5.100140757894681,5.157096972989724,5.0
1.8629999999999056,1500.0,1500.0129914021018,5.099636479010065,5.100179485392178,5.157096704530932,5.0
1.8639999999999055,1500.0,1500.0130060232714,5.099679940607939,5.1002178695167215,5.1570964401227375,5.0
1.8649999999999054,1500.0,1500.0130204546251,5.099723016352329,5.10025591306698,5.157096179707862,5.0
1.8659999999999053,1500.0,1500.0130346985889,5.099765709396428,5.100293618822454,5.157095923229868,5.0
1.8669999999999052,1500.0,1500.0130487575561,5.099808022871538,5.100330989543405,5.157095670632995,5.0
1.867999999999905,1500.0,1500.0130626338914,5.099849959887149,5.100368027970933,5.157095421862158,5.0
1.868999999999905,1500.0,1500.0130763299276,5.099891523531197,5.100404736827207,5.157095176863081,5.0
1.8699999999999048,1500.0,1500.0130898479702,5.099932716870315,5.100441118815715,5.157094935582468,5.0
1.8709999999999047,1500.0,1500.0131031902943,5.099973542949366,5.100477176620774,5.157094697967425,5.0
1.8719999999999046,1500.0,1500.0131163591473,5.100014004792051,5.100512912908146,5.1570944639659775,5.0
1.8729999999999045,1500.0,1500.0131293567474,5.100054105400758,5.100548330324849,5.157094233526802,5.0
1.8739999999999044,1500.0,1500.0131421852861,5.100093847756731,5.100583431499325,5.1570940065993005,5.0
1.8749999999999043,1500.0,1500.013154846926,5.1001332348199,5.100618219041268,5.157093783133335,5.0
1.8759999999999042,1500.0,1500.0131673438036,5.10017226952943,5.100652695542141,5.15709356307966,5.0
1.876999999999904,1500.0,1500.013179678026,5.10021095480351,5.100686863574964,5.157093346389622,5.0
1.877999999999904,1500.0,1500.0131918516768,5.100249293539695,5.100720725694642,5.157093133015377,5.0
1.8789999999999039,1500.0,1500.0132038668112,5.1002872886147435,5.100754284437785,5.1570929229096505,5.0
1.8799999999999037,1500.0,1500.0132157254598,5.100324942884728,5.100787542322804,5.157092716025713,5.0
1.8809999999999036,1500.0,1500.0132274296263,5.1003622591853315,5.100820501850203,5.157092512317591,5.0
1.8819999999999035,1500.0,1500.0132389812902,5.100399240331804,5.100853165502525,5.157092311739923,5.0
1.8829999999999034,1500.0,1500.0132503824059,5.100435889119028,5.100885535744392,5.1570921142479,5.0
1.8839999999999033,1500.0,1500.0132616349017,5.100472208321645,5.100917615022628,5.157091919797294,5.0
1.8849999999999032,1500.0,1500.0132727406826,5.100508200694329,5.100949405766511,5.157091728344628,5.0
1.885999999999903,1500.0,1500.0132837016304,5.100543868971794,5.100980910387774,5.157091539847075,5.0
1.886999999999903,1500.0,1500.013294519602,5.100579215868622,5.101012131280422,5.157091354262176,5.0
1.8879999999999029,1500.0,1500.013305196431,5.100614244079548,5.101043070821005,5.1570911715480285,5.0
1.8889999999999028,1500.0,1500.0133157339285,5.10064895627979,5.101073731368919,5.1570909916634875,5.0
1.8899999999999026,1500.0,1500.013326133881,5.100683355124747,5.101104115266114,5.157090814567778,5.0
1.8909999999999025,1500.0,1500.013336398054,5.100717443250537,5.101134224837605,5.157090640220916,5.0
1.8919999999999024,1500.0,1500.0133465281901,5.100751223273789,5.101164062391248,5.157090468583389,5.0
1.8929999999999023,1500.0,1500.01335652601,5.100784697791734,5.101193630217833,5.157090299616144,5.0
1.8939999999999022,1500.0,1500.0133663932124,5.100817869382395,5.10122293059124,5.157090133280668,5.0
1.894999999999902,1500.0,1500.0133761314753,5.1008507406048,5.101251965768661,5.157089969539092,5.0
1.895999999999902,1500.0,1500.013385742454,5.100883313998837,5.101280737990426,5.157089808353939,5.0
1.8969999999999019,1500.0,1500.0133952277838,5.100915592085556,5.101309249480304,5.157089649688324,5.0
1.8979999999999018,1500.0,1500.0134045890795,5.100947577367174,5.101337502445475,5.157089493505822,5.0
1.8989999999999017,1500.0,1500.0134138279348,5.100979272327259,5.101365499076728,5.157089339770589,5.0
1.8999999999999015,1500.0,1500.0134229459238,5.101010679430715,5.101393241548413,5.157089188447198,5.0
1.9009999999999014,1500.0,1500.0134319446001,5.101041801123912,5.101420732018568,5.1570890395006845,5.0
1.9019999999999013,1500.0,1500.0134408254985,5.1010726398349275,5.101447972629139,5.157088892896668,5.0
1.9029999999999012,1500.0,1500.0134495901332,5.101103197973376,5.1014749655058065,5.1570887486010815,5.0
1.903999999999901,1500.0,1500.01345824,5.101133477930875,5.101501712758428,5.1570886065805155,5.0
1.904999999999901,1500.0,1500.0134667765756,5.101163482080742,5.101528216480733,5.15708846680182,5.0
1.9059999999999009,1500.0,1500.0134752013187,5.101193212778515,5.101554478750823,5.157088329232516,5.0
1.9069999999999008,1500.0,1500.0134835156668,5.101222672361621,5.101580501630827,5.157088193840342,5.0
1.9079999999999007,1500.0,1500.0134917210416,5.101251863149968,5.1016062871674865,5.157088060593757,5.0
1.9089999999999006,1500.0,1500.013499818847,5.101280787445701,5.101631837391887,5.157087929461564,5.0
1.9099999999999004,1500.0,1500.0135078104686,5.101309447533201,5.101657154319459,5.157087800412832,5.0
1.9109999999999003,1500.0,1500.0135156972726,5.101337845679456,5.101682239950332,5.157087673417136,5.0
1.9119999999999002,1500.0,1500.0135234806105,5.101365984134247,5.101707096269493,5.157087548444634,5.0
1.9129999999999001,1500.0,1500.0135311618155,5.101393865129932,5.101731725246574,5.15708742546576,5.0
1.9139999999999,1500.0,1500.0135387422042,5.101421490881626,5.101756128836024,5.157087304451288,5.0
1.9149999999999,1500.0,1500.0135462230758,5.10144886358734,5.101780308977214,5.1570871853723546,5.0
1.9159999999998998,1500.0,1500.0135536057128,5.1014759854283795,5.101804267594844,5.157087068200771,5.0
1.9169999999998997,1500.0,1500.0135608913824,5.1015028585691,5.101828006598668,5.157086952908653,5.0
1.9179999999998996,1500.0,1500.013568081336,5.10152948515695,5.101851527883533,5.157086839468359,5.0
1.9189999999998995,1500.0,1500.0135751768078,5.101555867322793,5.101874833329694,5.157086727852715,5.0
1.9199999999998993,1500.0,1500.013582179017,5.101582007180901,5.101897924802785,5.157086618034899,5.0
1.9209999999998992,1500.0,1500.013589089168,5.101607906829105,5.101920804153962,5.157086509988481,5.0
1.9219999999998991,1500.0,1500.0135959084473,5.101633568348835,5.101943473219934,5.157086403687363,5.0
1.922999999999899,1500.0,1500.0136026380303,5.101658993805397,5.101965933823208,5.1570862991059325,5.0
1.923999999999899,1500.0,1500.0136092790735,5.101684185247745,5.101988187771883,5.157086196218762,5.0
1.9249999999998988,1500.0,1500.0136158327211,5.101709144708971,5.102010236860094,5.157086095000961,5.0
1.9259999999998987,1500.0,1500.0136223001027,5.101733874206092,5.102032082867801,5.157085995427878,5.0
1.9269999999998986,1500.0,1500.0136286823322,5.101758375740172,5.102053727560908,5.157085897475112,5.0
1.9279999999998985,1500.0,1500.0136349805105,5.1017826512967375,5.102075172691647,5.1570858011188205,5.0
1.9289999999998984,1500.0,1500.0136411957242,5.1018067028454785,5.102096419998278,5.157085706335322,5.0
1.9299999999998982,1500.0,1500.0136473290447,5.101830532340561,5.102117471205392,5.157085613101302,5.0
1.9309999999998981,1500.0,1500.013653381532,5.1018541417208825,5.102138328024142,5.157085521393961,5.0
1.931999999999898,1500.0,1500.013659354232,5.101877532909708,5.102158992151877,5.157085431190554,5.0
1.932999999999898,1500.0,1500.0136652481763,5.101900707815156,5.102179465272614,5.157085342468768,5.0
1.9339999999998978,1500.0,1500.0136710643844,5.101923668330124,5.102199749056949,5.157085255206553,5.0
1.9349999999998977,1500.0,1500.013676803861,5.101946416332364,5.102219845162134,5.15708516938209,5.0
1.9359999999998976,1500.0,1500.013682467601,5.101968953684912,5.1022397552324605,5.157085084974108,5.0
1.9369999999998975,1500.0,1500.013688056584,5.101991282235767,5.102259480898967,5.157085001961486,5.0
1.9379999999998974,1500.0,1500.013693571778,5.102013403818215,5.102279023779717,5.157084920323441,5.0
1.9389999999998973,1500.0,1500.01369901414,5.102035320250768,5.102298385479762,5.157084840039416,5.0
1.9399999999998971,1500.0,1500.0137043846119,5.10205703333739,5.102317567591319,5.157084761089152,5.0
1.940999999999897,1500.0,1500.0137096841265,5.102078544867633,5.102336571693914,5.157084683452753,5.0
1.941999999999897,1500.0,1500.0137149136026,5.102099856616519,5.102355399354253,5.157084607110469,5.0
1.9429999999998968,1500.0,1500.013720073948,5.10212097034494,5.1023740521266046,5.157084532042983,5.0
1.9439999999998967,1500.0,1500.0137251660592,5.102141887799544,5.102392531552675,5.157084458231208,5.0
1.9449999999998966,1500.0,1500.013730190821,5.1021626107129,5.102410839161769,5.157084385656356,5.0
1.9459999999998965,1500.0,1500.0137351491069,5.10218314080348,5.102428976470748,5.157084314299805,5.0
1.9469999999998964,1500.0,1500.01374004178,5.102203479775935,5.102446944984297,5.15708424414329,5.0
1.9479999999998963,1500.0,1500.0137448696917,5.102223629320919,5.102464746194751,5.157084175168633,5.0
1.9489999999998961,1500.0,1500.0137496336806,5.102243591115412,5.1024823815824,5.157084107357967,5.0
1.949999999999896,1500.0,1500.0137543345786,5.102263366823121,5.10249985261585,5.157084040694016,5.0
1.950999999999896,1500.0,1500.0137589732042,5.102282958093741,5.102517160751324,5.157083975159302,5.0
1.9519999999998958,1500.0,1500.0137635503665,5.102302366563761,5.102534307433421,5.157083910736818,5.0
1.9529999999998957,1500.0,1500.0137680668627,5.102321593856134,5.10255129409479,5.157083847409628,5.0
1.9539999999998956,1500.0,1500.0137725234822,5.102340641580874,5.102568122156693,5.157083785161344,5.0
1.9549999999998955,1500.0,1500.0137769210025,5.102359511334438,5.102584793028416,5.157083723975441,5.0
1.9559999999998954,1500.0,1500.013781260191,5.1023782047005435,5.102601308108033,5.157083663835953,5.0
1.9569999999998953,1500.0,1500.013785541808,5.102396723249809,5.102617668782064,5.15708360472704,5.0
1.9579999999998952,1500.0,1500.0137897666007,5.102415068539838,5.10263387642554,5.157083546632969,5.0
1.958999999999895,1500.0,1500.0137939353085,5.102433242115386,5.102649932402155,5.157083489538188,5.0
1.959999999999895,1500.0,1500.0137980486613,5.102451245508714,5.1026658380646115,5.157083433427589,5.0
1.9609999999998948,1500.0,1500.0138021073783,5.102469080239268,5.1026815947543005,5.1570833782861,5.0
1.9619999999998947,1500.0,1500.013806112171,5.102486747814204,5.102697203801784,5.157083324099103,5.0
1.9629999999998946,1500.0,1500.0138100637423,5.102504249727987,5.102712666526416,5.157083270851949,5.0
1.9639999999998945,1500.0,1500.0138139627843,5.1025215874627365,5.1027279842366635,5.157083218530225,5.0
1.9649999999998944,1500.0,1500.0138178099814,5.102538762488294,5.102743158230169,5.157083167119715,5.0
1.9659999999998943,1500.0,1500.0138216060077,5.102555776262384,5.102758189793897,5.157083116606479,5.0
1.9669999999998942,1500.0,1500.0138253515318,5.102572630230765,5.1027730802042655,5.157083066976903,5.0
1.967999999999894,1500.0,1500.0138290472094,5.102589325826901,5.102787830726829,5.157083018217303,5.0
1.968999999999894,1500.0,1500.0138326936915,5.102605864472625,5.102802442616905,5.157082970314471,5.0
1.9699999999998938,1500.0,1500.01383629162,5.102622247577715,5.1028169171191635,5.157082923255186,5.0
1.9709999999998937,1500.0,1500.013839841627,5.102638476540109,5.1028312554678195,5.157082877026333,5.0
1.9719999999998936,1500.0,1500.0138433443387,5.102654552746279,5.102845458886996,5.157082831615182,5.0
1.9729999999998935,1500.0,1500.0138468003713,5.102670477570927,5.102859528590419,5.1570827870090135,5.0
1.9739999999998934,1500.0,1500.0138502103334,5.102686252377423,5.102873465781837,5.15708274319546,5.0
1.9749999999998933,1500.0,1500.0138535748265,5.102701878517647,5.102887271654844,5.157082700162251,5.0
1.9759999999998932,1500.0,1500.013856894445,5.1027173573322155,5.102900947393128,5.157082657897379,5.0
1.976999999999893,1500.0,1500.0138601697736,5.102732690150271,5.102914494170213,5.157082616388778,5.0
1.977999999999893,1500.0,1500.0138634013915,5.1027478782900815,5.102927913150071,5.157082575624856,5.0
1.9789999999998928,1500.0,1500.013866589869,5.102762923058634,5.1029412054867,5.157082535593997,5.0
1.9799999999998927,1500.0,1500.013869735771,5.102777825752049,5.102954372324527,5.15708249628489,5.0
1.9809999999998926,1500.0,1500.0138728396525,5.102792587655114,5.102967414797944,5.15708245768599,5.0
1.9819999999998925,1500.0,1500.0138759020629,5.102807210042327,5.10298033403231,5.1570824197864535,5.0
1.9829999999998924,1500.0,1500.0138789235443,5.102821694177231,5.102993131143317,5.157082382575425,5.0
1.9839999999998923,1500.0,1500.013881904633,5.102836041312601,5.103005807237135,5.157082346042108,5.0
1.9849999999998922,1500.0,1500.0138848458566,5.102850252690597,5.103018363410576,5.15708231017586,5.0
1.985999999999892,1500.0,1500.0138877477361,5.10286432954283,5.10303080075114,5.1570822749661716,5.0
1.986999999999892,1500.0,1500.0138906107875,5.102878273090659,5.103043120337301,5.1570822404028736,5.0
1.9879999999998919,1500.0,1500.013893435518,5.10289208454486,5.103055323238174,5.157082206475737,5.0
1.9889999999998917,1500.0,1500.0138962224303,5.102905765106041,5.103067410513922,5.1570821731748016,5.0
1.9899999999998916,1500.0,1500.0138989720183,5.102919315964418,5.103079383215511,5.157082140490077,5.0
1.9909999999998915,1500.0,1500.0139016847718,5.102932738300348,5.103091242385246,5.15708210841199,5.0
1.9919999999998914,1500.0,1500.0139043611732,5.102946033283971,5.103102989056398,5.157082076930958,5.0
1.9929999999998913,1500.0,1500.0139070016987,5.10295920207539,5.103114624253368,5.157082046037476,5.0
1.9939999999998912,1500.0,1500.0139096068194,5.102972245824875,5.1031261489919,5.1570820157222625,5.0
1.994999999999891,1500.0,1500.013912176998,5.102985165672734,5.103137564278935,5.15708198597604,5.0
1.995999999999891,1500.0,1500.0139147126924,5.10299796274976,5.103148871113039,5.157081956789908,5.0
1.9969999999998909,1500.0,1500.0139172143563,5.103010638177116,5.103160070484284,5.157081928155147,5.0
1.9979999999998908,1500.0,1500.0139196824352,5.103023193065985,5.103171163373901,5.157081900062807,5.0
1.9989999999998906,1500.0,1500.0139221173702,5.10303562851829,5.103182150754977,5.157081872504335,5.0
1.9999999999998905,1500.0,1497.0075849833122,5.10304794562634,5.111624474504948,5.165755382010066,5.0
2.0009999999998906,1500.0,1495.105778051762,8.649382705482195,8.600592132016152,8.690019877938363,12.0
2.0019999999998905,1500.0,1494.3992571344334,10.987056704683486,10.906247958589145,11.01922167792074,12.0
2.0029999999998904,1500.0,1494.443338273348,12.431673156444575,12.334290209745001,12.462066388598036,12.0
2.0039999999998903,1500.0,1494.9185502347927,13.239756331131565,13.136542809917104,13.272851852609282,12.0
2.00499999999989,1500.0,1495.604457863498,13.612428885568322,13.510482098338617,13.6509976230107,12.0
2.00599999999989,1500.0,1496.356151554011,13.702091487920589,13.605775081376802,13.747652171986323,12.0
2.00699999999989,1500.0,1497.0843911535214,13.620331159450656,13.532032482799751,13.673520773921044,12.0
2.00799999999989,1500.0,1497.7395103459455,13.445882519270578,13.366617405403316,13.506747111850924,12.0
2.0089999999998898,1500.0,1498.2988306323252,13.23195789788625,13.161836910621286,13.300171999947395,12.0
2.0099999999998897,1500.0,1498.7571486336517,13.012603398666677,12.951179089014602,13.087629514801659,12.0
2.0109999999998895,1500.0,1499.1197893642789,12.80796371659787,12.754480042434457,12.889163827825753,12.0
2.0119999999998894,1500.0,1499.397719100257,12.62847876843635,12.582043035563341,12.71518883171861,12.0
2.0129999999998893,1500.0,1499.6042540840037,12.478114323839463,12.437809866834762,12.569691178618285,12.0
2.013999999999889,1500.0,1499.7529644855092,12.35676604209756,12.321721116135384,12.452614418238422,12.0
2.014999999999889,1500.0,1499.8564428589234,12.261986207876662,12.2314116885929,12.361571903554069,12.0
2.015999999999889,1500.0,1499.9256741806116,12.190175738703054,12.163381517327156,12.293029605875075,12.0
2.016999999999889,1500.0,1499.969805614922,12.137368284605556,12.113765855818661,12.24308445878962,12.0
2.0179999999998888,1500.0,1499.9961662098576,12.099713586200881,12.078810320389207,12.207944425268526,12.0
2.0189999999998887,1500.0,1500.0104292468588,12.0737469885317,12.055135963328205,12.184196423033988,12.0
2.0199999999998886,1500.0,1500.0168434457041,12.056513072654212,12.03986108138635,12.168929490323382,12.0
2.0209999999998884,1500.0,1500.0184846932727,12.045594778663524,12.030630188499872,12.1597641381072,12.0
2.0219999999998883,1500.0,1500.0174986889156,12.039085541740985,12.025586988704351,12.154825105523225,12.0
2.022999999999888,1500.0,1500.0153181716285,12.035530843513811,12.023317272729905,12.152683711955216,12.0
2.023999999999888,1500.0,1500.0128474150022,12.033856964919563,12.022779205012073,12.152287455752864,12.0
2.024999999999888,1500.0,1500.0106124916135,12.03329827285697,12.023232132585344,12.15288810894086,12.0
2.025999999999888,1500.0,1500.008879290094,12.033329704306162,12.024170463991542,12.153974926332289,12.0
2.026999999999888,1500.0,1500.0077431126433,12.033607862143326,12.025265975767374,12.155216363543179,12.0
2.0279999999998877,1500.0,1500.0071944267684,12.033921977049982,12.026319783011097,12.156411554998469,12.0
2.0289999999998876,1500.0,1500.0071653949803,12.0341546388268,12.027223883347535,12.157451461714002,12.0
2.0299999999998875,1500.0,1500.007561450145,12.034251428603648,12.027931425136696,12.158288831961869,12.0
2.0309999999998873,1500.0,1500.0082816234649,12.034198210221323,12.02843448368622,12.158915746741794,12.0
2.0319999999998872,1500.0,1500.0092306999466,12.034004726990336,12.028748018611454,12.159347409977421,12.0
2.032999999999887,1500.0,1500.0103256554082,12.033693198011688,12.02889873209689,12.159610890262421,12.0
2.033999999999887,1500.0,1500.011498266579,12.033290744619816,12.028917681298887,12.159737655712647,12.0
2.034999999999887,1500.0,1500.012695303745,12.032824653542596,12.02883567063639,12.159758917677589,12.0
2.035999999999887,1500.0,1500.0138773199033,12.032319667650643,12.028680630388148,12.159702981544163,12.0
2.0369999999998867,1500.0,1500.015016737757,12.031796668857911,12.0284763583519,12.159593974928036,12.0
2.0379999999998866,1500.0,1500.0160956971124,12.031272270855048,12.028242151510966,12.159451475272354,12.0
2.0389999999998865,1500.0,1500.0171039489949,12.030758967864834,12.027992980717734,12.159290686234371,12.0
2.0399999999998863,1500.0,1500.0180369572906,12.030265589203678,12.027739963037085,12.15912291492549,12.0
2.0409999999998862,1500.0,1500.0188942829348,12.029797890033503,12.027490965471673,12.15895618197116,12.0
2.041999999999886,1500.0,1500.019678269978,12.029359169305538,12.02725123326621,12.158795856453555,12.0
2.042999999999886,1500.0,1500.0203930191299,12.02895084993722,12.027023979198034,12.158645251463593,12.0
2.043999999999886,1500.0,1500.0210436161726,12.028572987067296,12.026810900483989,12.158506146530204,12.0
2.044999999999886,1500.0,1500.021635574865,12.028224690840894,12.02661261014978,12.1583792236255,12.0
2.0459999999998857,1500.0,1500.022174452863,12.027904463178645,12.026428982461407,12.158264416333687,12.0
2.0469999999998856,1500.0,1500.0226656020548,12.02761045552029,12.026259419407042,12.158161179240409,12.0
2.0479999999998855,1500.0,1500.0231140195829,12.027340658285198,12.026103048892551,12.158068688314202,12.0
2.0489999999998854,1500.0,1500.0235242714841,12.027093034052157,12.025958866542512,12.157985984294578,12.0
2.0499999999998852,1500.0,1500.0239004664977,12.026865606177216,12.025825832712473,12.157912070813474,12.0
2.050999999999885,1500.0,1500.024246262731,12.026656513417235,12.025702935180583,12.157845977827764,12.0
2.051999999999885,1500.0,1500.0245648942855,12.026464039576041,12.025589226457127,12.157786799395442,12.0
2.052999999999885,1500.0,1500.0248592085904,12.026286625532945,12.025483843016792,12.157733713177528,12.0
2.053999999999885,1500.0,1500.025131708089,12.02612286943954,12.025386012206672,12.157685987479711,12.0
2.0549999999998847,1500.0,1500.0253845920981,12.025971519471154,12.025295051202988,12.157642980253353,12.0
2.0559999999998846,1500.0,1500.0256197963427,12.025831462343856,12.025210361229517,12.15760413330333,12.0
2.0569999999998845,1500.0,1500.0258390287859,12.025701709851432,12.025131419306254,12.15756896399559,12.0
2.0579999999998844,1500.0,1500.0260438011894,12.025581384937919,12.025057769066512,12.157537056019411,12.0
2.0589999999998843,1500.0,1500.026235456359,12.025469708259637,12.024989011624475,12.157508050197245,12.0
2.059999999999884,1500.0,1500.0264151913213,12.025365985786108,12.024924797073846,12.157481635929205,12.0
2.060999999999884,1500.0,1500.026584076855,12.025269597702831,12.024864816913109,12.157457543571281,12.0
2.061999999999884,1500.0,1500.0267430738627,12.025179988693509,12.024808797507342,12.157435537858596,12.0
2.062999999999884,1500.0,1500.0268930470706,12.02509665955763,12.024756494573783,12.157415412361113,12.0
2.0639999999998837,1500.0,1500.027034776514,12.02501916005358,12.024707688610958,12.157396984890923,12.0
2.0649999999998836,1500.0,1500.0271689672034,12.024947082824221,12.024662181155794,12.157380093744528,12.0
2.0659999999998835,1500.0,1500.0272962573304,12.024880058254398,12.024619791743445,12.157364594653703,12.0
2.0669999999998834,1500.0,1500.0274172252832,12.02481775011358,12.02458035544607,12.15735035831997,12.0
2.0679999999998833,1500.0,1500.0275323957003,12.024759851850652,12.02454372087835,12.1573372684195,12.0
2.068999999999883,1500.0,1500.0276422447594,12.0247060834272,12.024509748574822,12.15732521998251,12.0
2.069999999999883,1500.0,1500.0277472048301,12.024656188590773,12.024478309657239,12.157314118064749,12.0
2.070999999999883,1500.0,1500.027847668608,12.024609932508124,12.024449284727039,12.157303876645429,12.0
2.071999999999883,1500.0,1500.0279439928115,12.024567099693883,12.024422562931802,12.157294417700092,12.0
2.0729999999998827,1500.0,1500.0280365015099,12.024527492183315,12.024398041166368,12.157285670408726,12.0
2.0739999999998826,1500.0,1500.0281254891338,12.024490927908158,12.024375623378363,12.157277570468658,12.0
2.0749999999998825,1500.0,1500.0282112232007,12.024457239243592,12.024355219955876,12.157270059489708,12.0
2.0759999999998824,1500.0,1500.0282939467954,12.024426271701984,12.024336747181547,12.157263084455874,12.0
2.0769999999998823,1500.0,1500.0283738808268,12.024397882752963,12.024320126740378,12.157256597240634,12.0
2.077999999999882,1500.0,1500.0284512260807,12.024371940755017,12.02430528527352,12.157250554168261,12.0
2.078999999999882,1500.0,1500.0285261650902,12.024348323985015,12.024292153970656,12.157244915613521,12.0
2.079999999999882,1500.0,1500.0285988638377,12.02432691975675,12.024280668197802,12.157239645636785,12.0
2.080999999999882,1500.0,1500.0286694733027,12.024307623618526,12.02427076715564,12.157234711649519,12.0
2.0819999999998817,1500.0,1500.0287381308672,12.02429033862341,12.024262393566651,12.157230084108486,12.0
2.0829999999998816,1500.0,1500.0288049615958,12.024274974665296,12.02425549338836,12.157225736235938,12.0
2.0839999999998815,1500.0,1500.0288700793944,12.024261447874043,12.024250015549761,12.157221643762945,12.0
2.0849999999998814,1500.0,1500.0289335880607,12.024249680067108,12.0242459117117,12.157217784696535,12.0
2.0859999999998813,1500.0,1500.0289955822398,12.024239598249878,12.02424313604658,12.157214139106127,12.0
2.086999999999881,1500.0,1500.0290561482868,12.024231134162193,12.02424164503765,12.157210688929442,12.0
2.087999999999881,1500.0,1500.0291153650496,12.024224223866666,12.024241397296,12.157207417796013,12.0
2.088999999999881,1500.0,1500.029173304576,12.024218807374877,12.024242353393689,12.157204310866849,12.0
2.089999999999881,1500.0,1500.029230032753,12.024214828308565,12.02424447571211,12.157201354689136,12.0
2.0909999999998807,1500.0,1500.0292856098913,12.024212233592035,12.024247728303767,12.157198537064396,12.0
2.0919999999998806,1500.0,1500.0293400912446,12.024210973173016,12.024252076766416,12.157195846928836,12.0
2.0929999999998805,1500.0,1500.0293935274867,12.024210999769695,12.024257488128718,12.157193274245222,12.0
2.0939999999998804,1500.0,1500.0294459651386,12.024212268641582,12.024263930746557,12.15719080990527,12.0
2.0949999999998803,1500.0,1500.0294974469587,12.024214737381271,12.024271374208338,12.157188445641017,12.0
2.09599999999988,1500.0,1500.0295480122932,12.024218365725865,12.024279789249093,12.15718617394485,12.0
2.09699999999988,1500.0,1500.029597697392,12.024223115385595,12.024289147672073,12.157183987997009,12.0
2.09799999999988,1500.0,1500.0296465356985,12.024228949888657,12.024299422277664,12.157181881600295,12.0
2.09899999999988,1500.0,1500.0296945581067,12.024235834440113,12.024310586798402,12.157179849120858,12.0
2.0999999999998797,1500.0,1500.0297417932009,12.02424373579415,12.024322615840092,12.157177885434926,12.0
2.1009999999998796,1500.0,1500.0297882674615,12.024252622137096,12.024335484827192,12.157175985879821,12.0
2.1019999999998795,1500.0,1500.0298340054642,12.024262462982628,12.024349169954398,12.157174146211027,12.0
2.1029999999998794,1500.0,1500.0298790300503,12.024273229075167,12.024363648141108,12.157172362562116,12.0
2.1039999999998793,1500.0,1500.029923362486,12.024284892302951,12.024378896990726,12.1571706314094,12.0
2.104999999999879,1500.0,1500.029967022603,12.024297425618059,12.024394894752499,12.157168949539068,12.0
2.105999999999879,1500.0,1500.0300100289326,12.024310802964617,12.024411620287607,12.157167314018494,12.0
2.106999999999879,1500.0,1500.0300523988162,12.024324999212332,12.024429053036993,12.15716572216919,12.0
2.107999999999879,1500.0,1500.030094148517,12.024339990097005,12.024447172992911,12.157164171543469,12.0
2.1089999999998787,1500.0,1500.0301352933104,12.024355752165325,12.024465960671819,12.157162659902301,12.0
2.1099999999998786,1500.0,1500.0301758475764,12.024372262725219,12.024485397090194,12.157161185196092,12.0
2.1109999999998785,1500.0,1500.0302158248733,12.024389499799891,12.024505463741635,12.157159745546611,12.0
2.1119999999998784,1500.0,1500.030255238013,12.024407442086309,12.024526142576216,12.157158339231161,12.0
2.1129999999998783,1500.0,1500.0302940991212,12.024426068917077,12.024547415981269,12.157156964668093,12.0
2.113999999999878,1500.0,1500.0303324196989,12.024445360225487,12.024569266763601,12.15715562040365,12.0
2.114999999999878,1500.0,1500.0303702106762,12.024465296513714,12.024591678133167,12.15715430510025,12.0
2.115999999999878,1500.0,1500.0304074824576,12.024485858822958,12.02461463368733,12.157153017525271,12.0
2.116999999999878,1500.0,1500.0304442449656,12.024507028706878,12.024638117397036,12.157151756541655,12.0
2.1179999999998778,1500.0,1500.0304805076833,12.024528788206778,12.024662113593552,12.157150521099078,12.0
2.1189999999998776,1500.0,1500.0305162796858,12.024551119828587,12.024686606955935,12.157149310225702,12.0
2.1199999999998775,1500.0,1500.0305515696762,12.024574006522304,12.024711582500004,12.157148123021448,12.0
2.1209999999998774,1500.0,1500.0305863860126,12.024597431662228,12.024737025567164,12.157146958651015,12.0
2.1219999999998773,1500.0,1500.0306207367355,12.024621379029536,12.024762921814826,12.157145816338444,12.0
2.122999999999877,1500.0,1500.0306546295926,12.024645832795347,12.02478925720658,12.157144695361342,12.0
2.123999999999877,1500.0,1500.0306880720602,12.024670777505511,12.024816018003415,12.157143595046172,12.0
2.124999999999877,1500.0,1500.0307210713634,12.024696198066444,12.02484319075544,12.15714251476388,12.0
2.125999999999877,1500.0,1500.0307536344942,12.024722079731944,12.024870762293977,12.157141453925954,12.0
2.1269999999998768,1500.0,1500.0307857682271,12.024748408090986,12.02489871972423,12.157140411980876,12.0
2.1279999999998767,1500.0,1500.0308174791353,12.024775169056088,12.024927050418023,12.157139388410696,12.0
2.1289999999998765,1500.0,1500.0308487736038,12.024802348852802,12.024955742007297,12.157138382728247,12.0
2.1299999999998764,1500.0,1500.0308796578422,12.024829934009718,12.024984782377743,12.157137394474438,12.0
2.1309999999998763,1500.0,1500.030910137895,12.024857911348912,12.025014159662577,12.157136423215684,12.0
2.131999999999876,1500.0,1500.0309402196526,12.02488626797743,12.025043862237037,12.157135468541947,12.0
2.132999999999876,1500.0,1500.030969908861,12.024914991278917,12.025073878712739,12.157134530064617,12.0
2.133999999999876,1500.0,1500.0309992111274,12.024944068905663,12.025104197932265,12.157133607414577,12.0
2.134999999999876,1500.0,1500.0310281319346,12.024973488771789,12.0251348089646,12.157132700241036,12.0
2.1359999999998758,1500.0,1500.0310566766402,12.025003239045784,12.025165701099786,12.157131808209547,12.0
2.1369999999998757,1500.0,1500.0310848504885,12.025033308144172,12.025196863844496,12.157130931000907,12.0
2.1379999999998756,1500.0,1500.0311126586146,12.025063684725254,12.025228286917493,12.157130068309867,12.0
2.1389999999998754,1500.0,1500.031140106049,12.025094357683177,12.025259960245336,12.157129219844041,12.0
2.1399999999998753,1500.0,1500.0311671977254,12.025125316142514,12.025291873958398,12.157128385323125,12.0
2.1409999999998752,1500.0,1500.0311939384817,12.025156549452312,12.025324018386272,12.157127564477392,12.0
2.141999999999875,1500.0,1500.0312203330666,12.025188047181754,12.025356384054653,12.157126757047648,12.0
2.142999999999875,1500.0,1500.0312463861424,12.025219799114565,12.025388961680887,12.15712596278383,12.0
2.143999999999875,1500.0,1500.0312721022894,12.025251795244815,12.025421742170812,12.1571251814448,12.0
2.144999999999875,1500.0,1500.031297486009,12.0252840257719,12.025454716614698,12.157124412797238,12.0
2.1459999999998747,1500.0,1500.0313225417246,12.0253164810967,12.025487876284297,12.157123656615589,12.0
2.1469999999998746,1500.0,1500.0313472737882,12.025349151817196,12.02552121262926,12.157122912681308,12.0
2.1479999999998745,1500.0,1500.0313716864796,12.025382028724389,12.025554717273844,12.157122180782398,12.0
2.1489999999998743,1500.0,1500.0313957840108,12.025415102798378,12.02558838201366,12.1571214607129,12.0
2.1499999999998742,1500.0,1500.031419570528,12.02544836520462,12.025622198812597,12.15712075227256,12.0
2.150999999999874,1500.0,1500.0314430501112,12.025481807290472,12.025656159799968,12.157120055266638,12.0
2.151999999999874,1500.0,1500.0314662267801,12.025515420581566,12.025690257267444,12.157119369505496,12.0
2.152999999999874,1500.0,1500.0314891044932,12.025549196778263,12.025724483666025,12.157118694804167,12.0
2.153999999999874,1500.0,1500.03151168715,12.025583127752542,12.025758831603426,12.157118030982305,12.0
2.1549999999998737,1500.0,1500.031533978593,12.02561720554447,12.025793293841014,12.157117377863631,12.0
2.1559999999998736,1500.0,1500.0315559826086,12.025651422359488,12.025827863291495,12.157116735276139,12.0
2.1569999999998735,1500.0,1500.0315777029298,12.025685770564907,12.025862533015834,12.157116103051424,12.0
2.1579999999998734,1500.0,1500.0315991432342,12.025720242687255,12.025897296220977,12.157115481024833,12.0
2.1589999999998732,1500.0,1500.031620307149,12.025754831409394,12.025932146257311,12.157114869035318,12.0
2.159999999999873,1500.0,1500.0316411982517,12.025789529567362,12.025967076615853,12.15711426692493,12.0
2.160999999999873,1500.0,1500.0316618200666,12.025824330147973,12.026002080926167,12.157113674539062,12.0
2.161999999999873,1500.0,1500.0316821760732,12.025859226285988,12.026037152953833,12.157113091726181,12.0
2.162999999999873,1500.0,1500.0317022697009,12.025894211261202,12.026072286597818,12.157112518337424,12.0
2.1639999999998727,1500.0,1500.0317221043333,12.02592927849626,12.026107475888567,12.157111954226895,12.0
2.1649999999998726,1500.0,1500.0317416833086,12.025964421553915,12.02614271498552,12.15711139925136,12.0
2.1659999999998725,1500.0,1500.0317610099185,12.025999634134601,12.026177998174918,12.157110853270172,12.0
2.1669999999998724,1500.0,1500.031780087412,12.026034910073966,12.02621331986759,12.157110316145152,12.0
2.1679999999998723,1500.0,1500.0317989189934,12.026070243340488,12.026248674596793,12.157109787740525,12.0
2.168999999999872,1500.0,1500.0318175078257,12.026105628033324,12.026284057016257,12.15710926792297,12.0
2.169999999999872,1500.0,1500.0318358570291,12.026141058379762,12.026319461897867,12.157108756561335,12.0
2.170999999999872,1500.0,1500.0318539696818,12.02617652873307,12.026354884129697,12.15710825352663,12.0
2.171999999999872,1500.0,1500.0318718488234,12.026212033570573,12.026390318714292,12.157107758692277,12.0
2.1729999999998717,1500.0,1500.0318894974519,12.026247567491016,12.026425760766193,12.157107271933508,12.0
2.1739999999998716,1500.0,1500.0319069185266,12.026283125212725,12.026461205510302,12.15710679312768,12.0
2.1749999999998715,1500.0,1500.0319241149682,12.026318701571451,12.026496648279897,12.157106322154073,12.0
2.1759999999998714,1500.0,1500.0319410896598,12.0263542915184,12.02653208451481,12.157105858893955,12.0
2.1769999999998713,1500.0,1500.0319578454455,12.026389890118008,12.026567509759385,12.15710540323032,12.0
2.177999999999871,1500.0,1500.0319743851342,12.026425492546323,12.026602919660997,12.15710495504818,12.0
2.178999999999871,1500.0,1500.0319907114977,12.026461094088617,12.026638309967844,12.157104514234106,12.0
2.179999999999871,1500.0,1500.0320068272706,12.026496690137867,12.026673676527553,12.157104080676554,12.0
2.180999999999871,1500.0,1500.0320227351535,12.026532276192803,12.026709015285386,12.157103654265754,12.0
2.1819999999998707,1500.0,1500.0320384378122,12.026567847856095,12.026744322282555,12.157103234893711,12.0
2.1829999999998706,1500.0,1500.0320539378781,12.026603400832078,12.026779593654105,12.157102822453705,12.0
2.1839999999998705,1500.0,1500.0320692379476,12.026638930925543,12.026814825627829,12.157102416840846,12.0
2.1849999999998704,1500.0,1500.032084340585,12.026674434039862,12.026850014522505,12.157102017951889,12.0
2.1859999999998703,1500.0,1500.0320992483207,12.026709906175101,12.026885156746173,12.157101625685073,12.0
2.18699999999987,1500.0,1500.0321139636535,12.02674534342625,12.026920248794465,12.157101239940001,12.0
2.18799999999987,1500.0,1500.0321284890485,12.026780741981872,12.026955287249383,12.157100860617934,12.0
2.18899999999987,1500.0,1500.0321428269413,12.026816098122408,12.02699026877773,12.157100487621717,12.0
2.18999999999987,1500.0,1500.0321569797338,12.026851408218064,12.027025190129102,12.15710012085524,12.0
2.1909999999998697,1500.0,1500.0321709497994,12.026886668728107,12.027060048135304,12.157099760224312,12.0
2.1919999999998696,1500.0,1500.0321847394805,12.026921876198516,12.027094839708125,12.157099405635837,12.0
2.1929999999998695,1500.0,1500.032198351089,12.026957027260558,12.027129561838006,12.157099056997914,12.0
2.1939999999998694,1500.0,1500.0322117869064,12.026992118629732,12.027164211593114,12.157098714220282,12.0
2.1949999999998693,1500.0,1500.0322250491868,12.02702714710397,12.027198786117625,12.15709837721396,12.0
2.195999999999869,1500.0,1500.0322381401543,12.027062109562157,12.027233282630363,12.157098045891221,12.0
2.196999999999869,1500.0,1500.0322510620053,12.027097002962783,12.02726769842355,12.15709772016568,12.0
2.197999999999869,1500.0,1500.0322638169077,12.027131824342325,12.027302030861302,12.157097399952061,12.0
2.198999999999869,1500.0,1500.0322764070008,12.027166570814032,12.027336277378488,12.157097085166356,12.0
2.1999999999998687,1500.0,1500.032288834399,12.027201239566725,12.027370435479652,12.157096775725996,12.0
2.2009999999998686,1500.0,1500.0323011011867,12.027235827863064,12.027404502737358,12.15709647154942,12.0
2.2019999999998685,1500.0,1500.0323132094243,12.02727033303837,12.027438476791113,12.157096172556239,12.0
2.2029999999998684,1500.0,1500.0323251611444,12.027304752499438,12.027472355346273,12.15709587866732,12.0
2.2039999999998683,1500.0,1500.0323369583543,12.02733908372314,12.027506136172736,12.157095589804683,12.0
2.204999999999868,1500.0,1500.0323486030345,12.027373324254903,12.027539817103511,12.157095305891204,12.0
2.205999999999868,1500.0,1500.0323600971417,12.027407471708226,12.027573396034315,12.157095026851373,12.0
2.206999999999868,1500.0,1500.032371442607,12.027441523762633,12.027606870921622,12.157094752610462,12.0
2.207999999999868,1500.0,1500.0323826413369,12.027475478162776,12.027640239781848,12.157094483094824,12.0
2.2089999999998677,1500.0,1500.0323936952127,12.027509332717297,12.027673500690295,12.15709421823191,12.0
2.2099999999998676,1500.0,1500.0324046060932,12.027543085297836,12.02770665178024,12.157093957950458,12.0
2.2109999999998675,1500.0,1500.0324153758127,12.027576733837448,12.027739691241438,12.157093702180013,12.0
2.2119999999998674,1500.0,1500.032426006183,12.02761027632951,12.027772617319105,12.157093450850983,12.0
2.2129999999998673,1500.0,1500.0324364989908,12.02764371082697,12.02780542831325,12.15709320389498,12.0
2.213999999999867,1500.0,1500.0324468560018,12.02767703544114,12.027838122577538,12.157092961244686,12.0
2.214999999999867,1500.0,1500.0324570789587,12.027710248340384,12.02787069851806,12.157092722833617,12.0
2.215999999999867,1500.0,1500.032467169581,12.027743347749295,12.027903154592577,12.157092488596337,12.0
2.216999999999867,1500.0,1500.0324771295682,12.02777633194745,12.027935489309366,12.157092258468271,12.0
2.2179999999998667,1500.0,1500.0324869605965,12.027809199268729,12.027967701226586,12.157092032386005,12.0
2.2189999999998666,1500.0,1500.0324966643216,12.027841948099569,12.027999788950629,12.15709181028657,12.0
2.2199999999998665,1500.0,1500.0325062423772,12.027874576878927,12.028031751136137,12.157091592108362,12.0
2.2209999999998664,1500.0,1500.0325156963765,12.027907084096682,12.02806358648448,12.15709137779054,12.0
2.2219999999998663,1500.0,1500.032525027913,12.02793946829282,12.028095293743007,12.15709116727313,12.0
2.222999999999866,1500.0,1500.0325342385584,12.027971728056517,12.0281268717042,12.157090960497086,12.0
2.223999999999866,1500.0,1500.0325433298656,12.028003862025164,12.028158319204751,12.157090757404188,12.0
2.224999999999866,1500.0,1500.0325523033673,12.028035868883286,12.02818963512457,12.157090557936904,12.0
2.225999999999866,1500.0,1500.0325611605758,12.028067747362002,12.02822081838629,12.157090362038742,12.0
2.2269999999998658,1500.0,1500.0325699029852,12.028099496237925,12.028251867954234,12.157090169654005,12.0
2.2279999999998656,1500.0,1500.0325785320701,12.028131114332313,12.028282782833635,12.157089980727823,12.0
2.2289999999998655,1500.0,1500.0325870492866,12.028162600510104,12.028313562069735,12.157089795206039,12.0
2.2299999999998654,1500.0,1500.032595456072,12.02819395367919,12.0283442047471,12.157089613035307,12.0
2.2309999999998653,1500.0,1500.0326037538443,12.028225172789632,12.028374709988908,12.15708943416314,12.0
2.231999999999865,1500.0,1500.032611944005,12.028256256832714,12.028405076956066,12.157089258537766,12.0
2.232999999999865,1500.0,1500.0326200279378,12.028287204840115,12.028435304846429,12.157089086108108,12.0
2.233999999999865,1500.0,1500.0326280070067,12.028318015883125,12.02846539289408,12.15708891682376,12.0
2.234999999999865,1500.0,1500.0326358825607,12.028348689072152,12.028495340368897,12.1570887506353,12.0
2.2359999999998648,1500.0,1500.0326436559294,12.028379223555588,12.02852514657546,12.157088587493885,12.0
2.2369999999998647,1500.0,1500.032651328427,12.02840961851921,12.028554810852516,12.157088427351399,12.0
2.2379999999998645,1500.0,1500.0326589013498,12.028439873185505,12.028584332572352,12.157088270160518,12.0
2.2389999999998644,1500.0,1500.0326663759786,12.028469986812686,12.028613711139876,12.157088115874464,12.0
2.2399999999998643,1500.0,1500.0326737535777,12.028499958694319,12.028642945992273,12.1570879644473,12.0
2.240999999999864,1500.0,1500.0326810353938,12.028529788158226,12.028672036597992,12.157087815833588,12.0
2.241999999999864,1500.0,1500.0326882226607,12.02855947456631,12.028700982456582,12.157087669988831,12.0
2.242999999999864,1500.0,1500.0326953165927,12.028589017313042,12.02872978309727,12.157087526868704,12.0
2.243999999999864,1500.0,1500.0327023183916,12.028618415825871,12.028758438079374,12.157087386430074,12.0
2.2449999999998638,1500.0,1500.032709229242,12.028647669563592,12.028786946990765,12.15708724863006,12.0
2.2459999999998637,1500.0,1500.0327160503143,12.028676778016337,12.028815309447872,12.157087113426638,12.0
2.2469999999998636,1500.0,1500.0327227827638,12.028705740704659,12.028843525094828,12.157086980778372,12.0
2.2479999999998634,1500.0,1500.0327294277301,12.028734557178707,12.02887159360269,12.157086850644209,12.0
2.2489999999998633,1500.0,1500.03273598634,12.028763227018368,12.028899514669607,12.15708672298421,12.0
2.249999999999863,1500.0,1500.032742459705,12.028791749831548,12.02892728801919,12.157086597758486,12.0
2.250999999999863,1500.0,1500.0327488489227,12.028820125254397,12.028954913400726,12.15708647492794,12.0
2.251999999999863,1500.0,1500.0327551550756,12.028848352950503,12.028982390588459,12.157086354454101,12.0
2.252999999999863,1500.0,1500.0327613792338,12.028876432610122,12.029009719380838,12.157086236298895,12.0
2.253999999999863,1500.0,1500.0327675224526,12.02890436395007,12.029036899600452,12.157086120425111,12.0
2.2549999999998627,1500.0,1500.0327735857743,12.028932146712528,12.029063931092898,12.15708600679575,12.0
2.2559999999998626,1500.0,1500.0327795702283,12.028959780665156,12.029090813726908,12.157085895374696,12.0
2.2569999999998624,1500.0,1500.0327854768298,12.028987265599994,12.029117547393298,12.157085786126112,12.0
2.2579999999998623,1500.0,1500.0327913065812,12.02901460133328,12.029144132004845,12.157085679014855,12.0
2.2589999999998622,1500.0,1500.0327970604744,12.029041787704791,12.02917056749563,12.157085574006244,12.0
2.259999999999862,1500.0,1500.032802739485,12.029068824577184,12.029196853820453,12.157085471065976,12.0
2.260999999999862,1500.0,1500.0328083445784,12.029095711835899,12.029222990954752,12.157085370160498,12.0
2.261999999999862,1500.0,1500.032813876707,12.02912244938828,12.029248978893769,12.157085271256623,12.0
2.262999999999862,1500.0,1500.0328193368116,12.029149037163194,12.029274817652201,12.157085174321638,12.0
2.2639999999998617,1500.0,1500.0328247258194,12.029175475110648,12.02930050726387,12.15708507932338,12.0
2.2649999999998616,1500.0,1500.0328300446472,12.029201763201366,12.029326047781288,12.157084986230277,12.0
2.2659999999998615,1500.0,1500.0328352942,12.029227901426,12.029351439274967,12.157084895011048,12.0
2.2669999999998613,1500.0,1500.0328404753714,12.029253889794921,12.029376681833197,12.157084805634904,12.0
2.2679999999998612,1500.0,1500.0328455890426,12.029279728337658,12.029401775561537,12.157084718071443,12.0
2.268999999999861,1500.0,1500.032850636084,12.029305417102647,12.029426720582604,12.15708463229086,12.0
2.269999999999861,1500.0,1500.0328556173547,12.02933095615671,12.029451517035563,12.157084548263798,12.0
2.270999999999861,1500.0,1500.0328605337038,12.02935634558461,12.029476165075721,12.157084465961367,12.0
2.271999999999861,1500.0,1500.0328653859676,12.029381585488366,12.0295006648739,12.15708438535486,12.0
2.2729999999998607,1500.0,1500.0328701749736,12.029406675987476,12.029525016616645,12.157084306416355,12.0
2.2739999999998606,1500.0,1500.0328749015373,12.029431617217842,12.029549220505231,12.157084229118107,12.0
2.2749999999998605,1500.0,1500.0328795664652,12.02945640933183,12.029573276755706,12.157084153432905,12.0
2.2759999999998604,1500.0,1500.0328841705523,12.02948105249758,12.029597185598254,12.157084079333831,12.0
2.2769999999998602,1500.0,1500.0328887145836,12.029505546898879,12.029620947277106,12.157084006794506,12.0
2.27799999999986,1500.0,1500.0328931993342,12.029529892734537,12.029644562049924,12.1570839357888,12.0
2.27899999999986,1500.0,1500.0328976255698,12.029554090218353,12.029668030187805,12.157083866291217,12.0
2.27999999999986,1500.0,1500.0329019940455,12.029578139578287,12.029691351974492,12.15708379827636,12.0
2.28099999999986,1500.0,1500.032906305507,12.029602041056517,12.029714527706425,12.1570837317194,12.0
2.2819999999998597,1500.0,1500.0329105606907,12.029625794908831,12.029737557692204,12.157083666595778,12.0
2.2829999999998596,1500.0,1500.0329147603234,12.029649401404455,12.029760442252412,12.157083602881375,12.0
2.2839999999998595,1500.0,1500.0329189051224,12.029672860825642,12.029783181719244,12.157083540552453,12.0
2.2849999999998594,1500.0,1500.0329229957956,12.02969617346727,12.029805776436122,12.157083479585562,12.0
2.2859999999998593,1500.0,1500.0329270330433,12.029719339636715,12.029828226757594,12.157083419957733,12.0
2.286999999999859,1500.0,1500.0329310175548,12.02974235965317,12.029850533048702,12.157083361646135,12.0
2.287999999999859,1500.0,1500.032934950012,12.02976523384782,12.02987269568514,12.157083304628543,12.0
2.288999999999859,1500.0,1500.032938831087,12.029787962562983,12.029894715052453,12.15708324888277,12.0
2.289999999999859,1500.0,1500.0329426614444,12.029810546152426,12.029916591546357,12.15708319438732,12.0
2.2909999999998587,1500.0,1500.032946441739,12.029832984980455,12.029938325571868,12.15708314112074,12.0
2.2919999999998586,1500.0,1500.0329501726194,12.029855279422033,12.029959917543426,12.15708308906202,12.0
2.2929999999998585,1500.0,1500.0329538547232,12.029877429862323,12.029981367884483,12.157083038190468,12.0
2.2939999999998584,1500.0,1500.0329574886812,12.029899436696457,12.030002677027271,12.1570829884857,12.0
2.2949999999998583,1500.0,1500.032961075116,12.029921300329187,12.030023845412487,12.157082939927593,12.0
2.295999999999858,1500.0,1500.0329646146427,12.029943021174722,12.030044873489151,12.157082892496392,12.0
2.296999999999858,1500.0,1500.032968107867,12.02996459965635,12.030065761714253,12.157082846172582,12.0
2.297999999999858,1500.0,1500.0329715553883,12.029986036206493,12.030086510552815,12.157082800937204,12.0
2.298999999999858,1500.0,1500.0329749577984,12.030007331265859,12.030107120477076,12.157082756771267,12.0
2.2999999999998577,1500.0,1500.0329783156803,12.030028485283607,12.030127591966675,12.15708271365617,12.0
2.3009999999998576,1500.0,1500.0329816296105,12.030049498717078,12.030147925508402,12.15708267157364,12.0
2.3019999999998575,1500.0,1500.0329849001578,12.030070372031387,12.030168121595812,12.157082630505613,12.0
2.3029999999998574,1500.0,1500.0329881278833,12.030091105699372,12.030188180729178,12.15708259043439,12.0
2.3039999999998573,1500.0,1500.0329913133417,12.030111700201214,12.03020810341516,12.157082551342482,12.0
2.304999999999857,1500.0,1500.0329944570794,12.030132156024345,12.030227890166692,12.157082513212757,12.0
2.305999999999857,1500.0,1500.0329975596383,12.030152473663156,12.03024754150275,12.157082476028378,12.0
2.306999999999857,1500.0,1500.0330006215497,12.030172653618473,12.030267057947812,12.15708243977247,12.0
2.307999999999857,1500.0,1500.033003643341,12.03019269639789,12.030286440032235,12.15708240442871,12.0
2.3089999999998567,1500.0,1500.033006625532,12.030212602515137,12.030305688291618,12.157082369980849,12.0
2.3099999999998566,1500.0,1500.0330095686343,12.030232372490264,12.030324803267021,12.157082336413158,12.0
2.3109999999998565,1500.0,1500.0330124731556,12.03025200684906,12.030343785504385,12.157082303709998,12.0
2.3119999999998564,1500.0,1500.0330153395953,12.030271506122823,12.030362635554338,12.157082271855838,12.0
2.3129999999998563,1500.0,1500.033018168447,12.03029087084853,12.030381353972368,12.157082240835571,12.0
2.313999999999856,1500.0,1500.0330209601975,12.030310101568286,12.030399941318286,12.15708221063419,12.0
2.314999999999856,1500.0,1500.0330237153278,12.030329198829502,12.03041839815643,12.15708218123714,12.0
2.315999999999856,1500.0,1500.0330264343127,12.030348163184314,12.03043672505509,12.157082152629911,12.0
2.316999999999856,1500.0,1500.0330291176213,12.030366995189482,12.03045492258643,12.157082124798134,12.0
2.3179999999998557,1500.0,1500.033031765715,12.030385695406425,12.030472991326542,12.157082097727779,12.0
2.3189999999998556,1500.0,1500.0330343790513,12.030404264401115,12.030490931855331,12.157082071405231,12.0
2.3199999999998555,1500.0,1500.0330369580806,12.030422702743312,12.030508744755798,12.157082045816685,12.0
2.3209999999998554,1500.0,1500.0330395032477,12.030441011007168,12.030526430614632,12.157082020948927,12.0
2.3219999999998553,1500.0,1500.0330420149924,12.030459189770584,12.030543990021595,12.157081996788843,12.0
2.322999999999855,1500.0,1500.033044493748,12.030477239614898,12.03056142356922,12.15708197332327,12.0
2.323999999999855,1500.0,1500.033046939943,12.030495161125238,12.030578731853172,12.157081950539514,12.0
2.324999999999855,1500.0,1500.0330493539986,12.030512954890085,12.030595915471844,12.157081928425054,12.0
2.325999999999855,1500.0,1500.0330517363325,12.030530621501255,12.030612975026322,12.157081906967687,12.0
2.3269999999998547,1500.0,1500.0330540873567,12.03054816155356,12.030629911120082,12.157081886155302,12.0
2.3279999999998546,1500.0,1500.033056407478,12.030565575644431,12.030646724358627,12.157081865975721,12.0
2.3289999999998545,1500.0,1500.0330586970967,12.030582864374388,12.03066341534995,12.157081846417213,12.0
2.3299999999998544,1500.0,1500.033060956609,12.030600028346559,12.03067998470409,12.157081827468243,12.0
2.3309999999998543,1500.0,1500.033063186407,12.030617068166622,12.030696433033054,12.157081809117479,12.0
2.331999999999854,1500.0,1500.0330653868757,12.03063398444246,12.030712760950518,12.157081791353619,12.0
2.332999999999854,1500.0,1500.033067558396,12.030650777784183,12.030728969071848,12.157081774165535,12.0
2.333999999999854,1500.0,1500.0330697013442,12.030667448804165,12.03074505801414,12.157081757542437,12.0
2.334999999999854,1500.0,1500.0330718160913,12.030683998116716,12.030761028395911,12.157081741473668,12.0
2.3359999999998537,1500.0,1500.0330739030037,12.030700426337987,12.030776880837013,12.157081725948721,12.0
2.3369999999998536,1500.0,1500.0330759624435,12.03071673408582,12.030792615958498,12.157081710957227,12.0
2.3379999999998535,1500.0,1500.0330779947676,12.030732921979704,12.030808234382585,12.157081696489024,12.0
2.3389999999998534,1500.0,1500.0330800003285,12.030748990640598,12.030823736732483,12.157081682534088,12.0
2.3399999999998533,1500.0,1500.033081979474,12.030764940690725,12.03083912363221,12.157081669082434,12.0
2.340999999999853,1500.0,1500.0330839325482,12.030780772753904,12.03085439570692,12.157081656124571,12.0
2.341999999999853,1500.0,1500.0330858598895,12.030796487454772,12.030869553582155,12.157081643650832,12.0
2.342999999999853,1500.0,1500.0330877618323,12.030812085419068,12.03088459788412,12.157081631651746,12.0
2.343999999999853,1500.0,1500.0330896387072,12.030827567273702,12.03089952923977,12.15708162011823,12.0
2.3449999999998528,1500.0,1500.0330914908411,12.030842933646213,12.030914348276275,12.157081609041139,12.0
2.3459999999998526,1500.0,1500.033093318555,12.030858185164949,12.030929055621213,12.157081598411526,12.0
2.3469999999998525,1500.0,1500.0330951221672,12.03087332245883,12.030943651902344,12.157081588220553,12.0
2.3479999999998524,1500.0,1500.033096901991,12.030888346157473,12.030958137747737,12.157081578459646,12.0
2.3489999999998523,1500.0,1500.033098658336,12.030903256890788,12.030972513785377,12.157081569120221,12.0
2.349999999999852,1500.0,1500.033100391508,12.03091805528916,12.03098678064336,12.157081560193962,12.0
2.350999999999852,1500.0,1500.0331021018094,12.030932741983268,12.031000938949715,12.157081551672697,12.0
2.351999999999852,1500.0,1500.0331037895364,12.030947317603648,12.03101498933199,12.15708154354808,12.0
2.352999999999852,1500.0,1500.033105454984,12.030961782781443,12.031028932417975,12.157081535812392,12.0
2.3539999999998518,1500.0,1500.0331070984425,12.030976138147532,12.031042768834887,12.157081528457788,12.0
2.3549999999998517,1500.0,1500.0331087201978,12.030990384332629,12.031056499209436,12.157081521476435,12.0
2.3559999999998515,1500.0,1500.033110320533,12.031004521967496,12.031070124168071,12.15708151486086,12.0
2.3569999999998514,1500.0,1500.0331118997278,12.031018551682472,12.031083644336515,12.157081508603493,12.0
2.3579999999998513,1500.0,1500.0331134580563,12.031032474107647,12.031097060339924,12.157081502696958,12.0
2.358999999999851,1500.0,1500.033114995792,12.031046289872947,12.031110372803006,12.157081497134204,12.0
2.359999999999851,1500.0,1500.0331165132022,12.031059999607555,12.031123582349442,12.157081491908034,12.0
2.360999999999851,1500.0,1500.033118010552,12.031073603940285,12.03113668960226,12.157081487011512,12.0
2.361999999999851,1500.0,1500.0331194881037,12.03108710349937,12.031149695183627,12.157081482437826,12.0
2.3629999999998508,1500.0,1500.0331209461149,12.031100498912158,12.031162599714577,12.157081478180075,12.0
2.3639999999998507,1500.0,1500.033122384841,12.03111379080547,12.031175403815341,12.157081474231655,12.0
2.3649999999998506,1500.0,1500.0331238045324,12.031126979805387,12.031188108105173,12.157081470586153,12.0
2.3659999999998504,1500.0,1500.0331252054382,12.031140066537041,12.03120071320212,12.157081467237138,12.0
2.3669999999998503,1500.0,1500.033126587804,12.03115305162456,12.031213219722991,12.157081464178235,12.0
2.3679999999998502,1500.0,1500.0331279518712,12.031165935691197,12.031225628283488,12.157081461403262,12.0
2.36899999999985,1500.0,1500.0331292978788,12.03117871935911,12.031237939497988,12.157081458906099,12.0
2.36999999999985,1500.0,1500.033130626062,12.031191403249405,12.031250153979608,12.15708145668076,12.0
2.37099999999985,1500.0,1500.0331319366535,12.031203987982012,12.031262272340069,12.157081454721352,12.0
2.37199999999985,1500.0,1500.0331332298838,12.031216474175846,12.031274295189855,12.157081453022252,12.0
2.3729999999998497,1500.0,1500.0331345059794,12.03122886244825,12.03128622313769,12.157081451577632,12.0
2.3739999999998496,1500.0,1500.0331357651637,12.031241153415248,12.03129805679079,12.157081450381764,12.0
2.3749999999998495,1500.0,1500.0331370076578,12.03125334769177,12.031309796755068,12.157081449429267,12.0
2.3759999999998493,1500.0,1500.0331382336801,12.031265445891227,12.031321443634743,12.157081448714754,12.0
2.3769999999998492,1500.0,1500.033139443445,12.03127744862548,12.0313329980323,12.157081448232827,12.0
2.377999999999849,1500.0,1500.0331406371654,12.03128935650512,12.031344460548782,12.157081447978427,12.0
2.378999999999849,1500.0,1500.033141815051,12.03130117013892,12.031355831783245,12.157081447946313,12.0
2.379999999999849,1500.0,1500.0331429773094,12.031312890134114,12.03136711233304,12.157081448131368,12.0
2.380999999999849,1500.0,1500.0331441241444,12.031324517096403,12.031378302793826,12.157081448528695,12.0
2.3819999999998487,1500.0,1500.0331452557573,12.031336051629676,12.031389403759295,12.157081449133315,12.0
2.3829999999998486,1500.0,1500.0331463723483,12.031347494336243,12.031400415821418,12.15708144994051,12.0
2.3839999999998485,1500.0,1500.0331474741133,12.031358845816513,12.031411339570102,12.157081450945466,12.0
2.3849999999998484,1500.0,1500.0331485612455,12.031370106669277,12.031422175593518,12.157081452143647,12.0
2.3859999999998482,1500.0,1500.0331496339375,12.031381277491427,12.031432924477786,12.157081453530518,12.0
2.386999999999848,1500.0,1500.033150692377,12.031392358877897,12.031443586806944,12.15708145510155,12.0
2.387999999999848,1500.0,1500.0331517367513,12.031403351421906,12.031454163163191,12.157081456852469,12.0
2.388999999999848,1500.0,1500.033152767245,12.031414255714532,12.03146465412645,12.157081458778864,12.0
2.389999999999848,1500.0,1500.0331537840393,12.031425072344975,12.031475060274664,12.157081460876514,12.0
2.3909999999998477,1500.0,1500.0331547873132,12.031435801900376,12.031485382183593,12.157081463141196,12.0
2.3919999999998476,1500.0,1500.0331557772442,12.031446444965894,12.031495620426911,12.157081465568815,12.0
2.3929999999998475,1500.0,1500.033156754007,12.031457002124686,12.031505775576177,12.157081468155411,12.0
2.3939999999998474,1500.0,1500.033157717774,12.031467473957825,12.031515848200764,12.157081470897106,12.0
2.3949999999998473,1500.0,1500.033158668716,12.031477861044092,12.031525838867664,12.157081473789901,12.0
2.395999999999847,1500.0,1500.033159607,12.031488163960223,12.031535748141724,12.15708147682999,12.0
2.396999999999847,1500.0,1500.0331605327929,12.03149838328083,12.031545576585575,12.157081480013662,12.0
2.397999999999847,1500.0,1500.033161446258,12.031508519578331,12.031555324759568,12.15708148333729,12.0
2.398999999999847,1500.0,1500.033162347556,12.031518573422728,12.031564993221558,12.157081486797113,12.0
2.3999999999998467,1500.0,1500.0331632368482,12.03152854538213,12.03157458252742,12.15708149038979,12.0
2.4009999999998466,1500.0,1500.0331641142907,12.03153843602202,12.031584093230329,12.157081494111683,12.0
2.4019999999998465,1500.0,1500.0331649800396,12.03154824590581,12.031593525881316,12.157081497959432,12.0
2.4029999999998464,1500.0,1500.0331658342486,12.0315579755945,12.031602881028938,12.157081501929646,12.0
2.4039999999998463,1500.0,1500.0331666770687,12.031567625646739,12.031612159219325,12.157081506018965,12.0
2.404999999999846,1500.0,1500.033167508649,12.031577196618873,12.031621360996237,12.157081510224156,12.0
2.405999999999846,1500.0,1500.0331683291374,12.031586689064913,12.031630486901049,12.157081514542053,12.0
2.406999999999846,1500.0,1500.03316913868,12.031596103536456,12.031639537472653,12.157081518969532,12.0
2.407999999999846,1500.0,1500.0331699374194,12.031605440582629,12.031648513247433,12.157081523503486,12.0
2.4089999999998457,1500.0,1500.0331707254977,12.03161470075029,12.031657414759435,12.157081528140985,12.0
2.4099999999998456,1500.0,1500.0331715030557,12.031623884583805,12.031666242540163,12.157081532879108,12.0
2.4109999999998455,1500.0,1500.0331722702308,12.031632992624953,12.03167499711851,12.157081537714863,12.0
2.4119999999998454,1500.0,1500.0331730271596,12.031642025413184,12.031683679020974,12.15708154264545,12.0
2.4129999999998453,1500.0,1500.0331737739768,12.031650983485303,12.031692288771382,12.157081547667952,12.0
2.413999999999845,1500.0,1500.033174510815,12.031659867375918,12.031700826891313,12.157081552779808,12.0
2.414999999999845,1500.0,1500.033175237806,12.031668677616922,12.0317092938996,12.157081557978287,12.0
2.415999999999845,1500.0,1500.0331759550793,12.031677414737628,12.03171769031247,12.157081563260682,12.0
2.416999999999845,1500.0,1500.0331766627621,12.031686079264704,12.031726016643475,12.15708156862419,12.0
2.4179999999998447,1500.0,1500.0331773609803,12.031694671722713,12.031734273404025,12.157081574066506,12.0
2.4189999999998446,1500.0,1500.0331780498589,12.031703192633476,12.031742461102757,12.157081579585183,12.0
2.4199999999998445,1500.0,1500.0331787295208,12.031711642516097,12.031750580245584,12.157081585177668,12.0
2.4209999999998444,1500.0,1500.0331794000867,12.031720021887162,12.031758631335872,12.15708159084151,12.0
2.4219999999998443,1500.0,1500.0331800616764,12.031728331260883,12.031766614874591,12.157081596574505,12.0
2.422999999999844,1500.0,1500.0331807144082,12.031736571148649,12.031774531359874,12.157081602374259,12.0
2.423999999999844,1500.0,1500.0331813583996,12.03174474205931,12.031782381287297,12.157081608238487,12.0
2.424999999999844,1500.0,1500.0331819937642,12.031752844499188,12.031790165149905,12.157081614165023,12.0
2.425999999999844,1500.0,1500.0331826206166,12.031760878971719,12.03179788343784,12.157081620151459,12.0
2.4269999999998437,1500.0,1500.033183239068,12.031768845978142,12.03180553663903,12.157081626195861,12.0
2.4279999999998436,1500.0,1500.0331838492295,12.031776746016893,12.031813125238603,12.15708163229614,12.0
2.4289999999998435,1500.0,1500.0331844512111,12.031784579583718,12.031820649718991,12.157081638450197,12.0
2.4299999999998434,1500.0,1500.0331850451198,12.031792347171603,12.031828110559866,12.15708164465585,12.0
2.4309999999998433,1500.0,1500.0331856310622,12.031800049271242,12.031835508238599,12.157081650911275,12.0
2.431999999999843,1500.0,1500.0331862091432,12.031807686370438,12.031842843229674,12.157081657214468,12.0
2.432999999999843,1500.0,1500.0331867794666,12.031815258954307,12.031850116004893,12.157081663563389,12.0
2.433999999999843,1500.0,1500.033187342134,12.03182276750565,12.031857327033745,12.157081669956398,12.0
2.434999999999843,1500.0,1500.0331878972472,12.031830212504357,12.031864476782808,12.157081676391606,12.0
2.4359999999998427,1500.0,1500.0331884449056,12.031837594427733,12.031871565716086,12.157081682867233,12.0
2.4369999999998426,1500.0,1500.0331889852073,12.031844913750358,12.03187859429487,12.157081689381462,12.0
2.4379999999998425,1500.0,1500.0331895182496,12.031852170944243,12.031885562977891,12.157081695932606,12.0
2.4389999999998424,1500.0,1500.0331900441277,12.031859366478695,12.031892472221188,12.157081702518953,12.0
2.4399999999998423,1500.0,1500.0331905629369,12.031866500820506,12.031899322478289,12.15708170913897,12.0
2.440999999999842,1500.0,1500.0331910747702,12.03187357443358,12.031906114199861,12.157081715790918,12.0
2.441999999999842,1500.0,1500.0331915797203,12.031880587779268,12.031912847834025,12.157081722473201,12.0
2.442999999999842,1500.0,1500.0331920778779,12.031887541316209,12.031919523826216,12.157081729184204,12.0
2.443999999999842,1500.0,1500.033192569332,12.031894435500503,12.031926142619348,12.157081735922452,12.0
2.4449999999998417,1500.0,1500.0331930541724,12.03190127078555,12.031932704653647,12.157081742686458,12.0
2.4459999999998416,1500.0,1500.033193532486,12.031908047621952,12.031939210366563,12.157081749474614,12.0
2.4469999999998415,1500.0,1500.0331940043584,12.031914766457907,12.031945660193173,12.1570817562856,12.0
2.4479999999998414,1500.0,1500.0331944698744,12.031921427738826,12.031952054565789,12.157081763117986,12.0
2.4489999999998413,1500.0,1500.0331949291187,12.031928031907745,12.031958393914355,12.15708176997063,12.0
2.449999999999841,1500.0,1500.0331953821749,12.031934579404627,12.03196467866579,12.157081776841995,12.0
2.450999999999841,1500.0,1500.0331958291238,12.031941070667061,12.031970909244661,12.157081783730852,12.0
2.451999999999841,1500.0,1500.033196270047,12.031947506129782,12.031977086072702,12.157081790635768,12.0
2.452999999999841,1500.0,1500.033196705024,12.031953886225086,12.031983209569239,12.157081797555541,12.0
2.4539999999998408,1500.0,1500.0331971341334,12.031960211382493,12.031989280150865,12.15708180448885,12.0
2.4549999999998406,1500.0,1500.033197557453,12.03196648202911,12.031995298231774,12.157081811434605,12.0
2.4559999999998405,1500.0,1500.0331979750595,12.031972698589124,12.032001264223277,12.157081818391458,12.0
2.4569999999998404,1500.0,1500.0331983870278,12.031978861484383,12.032007178534384,12.15708182535835,12.0
2.4579999999998403,1500.0,1500.0331987934328,12.031984971133982,12.032013041571387,12.157081832334125,12.0
2.45899999999984,1500.0,1500.033199194349,12.031991027954527,12.032018853738114,12.157081839317758,12.0
2.45999999999984,1500.0,1500.0331995898482,12.031997032359957,12.03202461543577,12.157081846308188,12.0
2.46099999999984,1500.0,1500.0331999800028,12.032002984761549,12.032030327062927,12.15708185330431,12.0
2.46199999999984,1500.0,1500.033200364884,12.032008885567928,12.032035989015556,12.157081860304993,12.0
2.4629999999998398,1500.0,1500.0332007445606,12.032014735185236,12.03204160168717,12.157081867309225,12.0
2.4639999999998397,1500.0,1500.0332011191022,12.032020534017082,12.032047165468798,12.157081874316066,12.0
2.4649999999998395,1500.0,1500.0332014885767,12.03202628246442,12.032052680748846,12.157081881324512,12.0
2.4659999999998394,1500.0,1500.0332018530519,12.032031980925781,12.032058147913334,12.157081888333735,12.0
2.4669999999998393,1500.0,1500.0332022125929,12.032037629796902,12.032063567345546,12.157081895342692,12.0
2.467999999999839,1500.0,1500.0332025672667,12.032043229471183,12.032068939426452,12.157081902350566,12.0
2.468999999999839,1500.0,1500.0332029171366,12.032048780339165,12.032074264534224,12.157081909356274,12.0
2.469999999999839,1500.0,1500.0332032622673,12.0320542827893,12.032079543044969,12.157081916359182,12.0
2.470999999999839,1500.0,1500.0332036027214,12.032059737207074,12.032084775331883,12.157081923358259,12.0
2.4719999999998388,1500.0,1500.0332039385603,12.032065143975737,12.03208996176597,12.15708193035277,12.0
2.4729999999998387,1500.0,1500.0332042698465,12.03207050347598,12.032095102715717,12.157081937341975,12.0
2.4739999999998386,1500.0,1500.033204596639,12.032075816085932,12.032100198547095,12.157081944325085,12.0
2.4749999999998384,1500.0,1500.0332049189988,12.032081082181206,12.032105249623605,12.157081951301318,12.0
2.4759999999998383,1500.0,1500.0332052369845,12.032086302134884,12.032110256306265,12.157081958269885,12.0
2.476999999999838,1500.0,1500.0332055506544,12.032091476317493,12.032115218953585,12.157081965229931,12.0
2.477999999999838,1500.0,1500.0332058600652,12.032096605097406,12.03212013792197,12.157081972180963,12.0
2.478999999999838,1500.0,1500.0332061652741,12.032101688840143,12.032125013565018,12.157081979122099,12.0
2.479999999999838,1500.0,1500.0332064663369,12.032106727909035,12.032129846234184,12.157081986052752,12.0
2.480999999999838,1500.0,1500.0332067633087,12.032111722664862,12.032134636278428,12.15708199297227,12.0
2.4819999999998377,1500.0,1500.0332070562447,12.032116673466001,12.032139384044347,12.157081999880031,12.0
2.4829999999998376,1500.0,1500.0332073451978,12.032121580668154,12.032144089875922,12.157082006775205,12.0
2.4839999999998374,1500.0,1500.033207630221,12.032126444624947,12.032148754115104,12.15708201365733,12.0
2.4849999999998373,1500.0,1500.0332079113668,12.032131265687331,12.032153377101226,12.157082020525689,12.0
2.4859999999998372,1500.0,1500.0332081886863,12.032136044204096,12.03215795917149,12.157082027379822,12.0
2.486999999999837,1500.0,1500.033208462231,12.032140780521623,12.03216250066076,12.157082034219293,12.0
2.487999999999837,1500.0,1500.0332087320512,12.032145474983649,12.03216700190131,12.157082041043404,12.0
2.488999999999837,1500.0,1500.0332089981964,12.032150127931645,12.03217146322319,12.157082047851599,12.0
2.489999999999837,1500.0,1500.033209260716,12.0321547397048,12.03217588495422,12.157082054643405,12.0
2.4909999999998367,1500.0,1500.0332095196577,12.03215931063984,12.03218026741981,12.157082061418276,12.0
2.4919999999998366,1500.0,1500.0332097750688,12.032163841071172,12.032184610943114,12.157082068175704,12.0
2.4929999999998365,1500.0,1500.0332100269977,12.032168331330881,12.032188915845001,12.157082074915202,12.0
2.4939999999998363,1500.0,1500.03321027549,12.032172781748878,12.032193182444232,12.157082081636469,12.0
2.4949999999998362,1500.0,1500.033210520592,12.032177192652405,12.032197411056945,12.157082088338852,12.0
2.495999999999836,1500.0,1500.033210762349,12.0321815643666,12.032201601997237,12.157082095021917,12.0
2.496999999999836,1500.0,1500.0332110008048,12.032185897214298,12.03220575557695,12.157082101685251,12.0
2.497999999999836,1500.0,1500.0332112360047,12.032190191516072,12.032209872105707,12.157082108328451,12.0
2.498999999999836,1500.0,1500.033211467991,12.032194447590157,12.032213951890872,12.157082114951105,12.0
2.4999999999998357,1500.0,1500.033211696807,12.032198665752636,12.032217995237689,12.157082121552893,12.0
2.5009999999998356,1800.0,1503.2536862371583,19.999999999999996,19.848004256582055,20.051143163391302,12.0
2.5019999999998355,1800.0,1507.025618046006,19.999999999999996,19.85526932862888,20.05925995896655,12.0
2.5029999999998354,1800.0,1510.7986168028538,19.999999999999996,19.85614139100547,20.060926905297375,12.0
2.5039999999998352,1800.0,1514.5722029320189,19.999999999999996,19.85692044848246,20.062515526609353,12.0
2.504999999999835,1800.0,1518.3463430032261,19.999999999999996,19.857619837936536,20.064038898958245,12.0
2.505999999999835,1800.0,1522.1210076159111,19.999999999999996,19.858247214810362,20.065504347967593,12.0
2.506999999999835,1800.0,1525.8961706889802,19.999999999999996,19.8588095015817,20.06691846191989,12.0
2.507999999999835,1800.0,1529.671809127237,19.999999999999996,19.859312960867115,20.068287166015253,12.0
2.5089999999998347,1800.0,1533.447902520144,19.999999999999996,19.8597632582911,20.069615786225146,12.0
2.5099999999998346,1800.0,1537.2244328696097,19.999999999999996,19.86016551936251,20.07090910704821,12.0
2.5109999999998345,1800.0,1541.00138434402,19.999999999999996,19.860524380931913,20.072171423752096,12.0
2.5119999999998344,1800.0,1544.7787430560159,19.999999999999996,19.860844037745974,20.073406589626696,12.0
2.5129999999998343,1800.0,1548.556496861752,19.999999999999996,19.86112828456627,20.074618058724585,12.0
2.513999999999834,1800.0,1552.3346351795763,19.999999999999996,19.86138055427507,20.07580892451879,12.0
2.514999999999834,1800.0,1556.1131488262795,19.999999999999996,19.861603952350485,20.07698195486701,12.0
2.515999999999834,1800.0,1559.8920298692394,19.999999999999996,19.861801288056967,20.078139623634655,12.0
2.516999999999834,1800.0,1563.671271492932,19.999999999999996,19.861975102664125,20.07928413929502,12.0
2.5179999999998337,1800.0,1567.450867878442,19.999999999999996,19.862127694976966,20.080417470794906,12.0
2.5189999999998336,1800.0,1571.2308140947325,19.999999999999996,19.862261144433866,20.081541370946407,12.0
2.5199999999998335,1800.0,1575.0111060005418,19.999999999999996,19.862377332003803,20.08265739758067,12.0
2.5209999999998334,1800.0,1578.7917401558907,19.999999999999996,19.862477959092825,20.08376693267713,12.0
2.5219999999998333,1800.0,1582.5727137422907,19.999999999999996,19.86256456464919,20.084871199661105,12.0
2.522999999999833,1800.0,1586.3540244908033,19.999999999999996,19.862638540638944,20.0859712790446,12.0
2.523999999999833,1800.0,1590.1356706172166,19.999999999999996,19.862701146047197,20.087068122568137,12.0
2.524999999999833,1800.0,1593.917650763639,19.999999999999996,19.862753519545482,20.08816256598669,12.0
2.525999999999833,1800.0,1597.6999639459088,19.999999999999996,19.862796690952415,20.089255340628974,12.0
2.5269999999998327,1800.0,1601.4826095062538,19.999999999999996,19.862831591602525,20.090347083847092,12.0
2.5279999999998326,1800.0,1605.2655870706994,19.999999999999996,19.862859063727345,20.091438348462475,12.0
2.5289999999998325,1800.0,1609.0488965107677,19.999999999999996,19.8628798689428,20.09252961130364,12.0
2.5299999999998324,1800.0,1612.832537909055,19.999999999999996,19.862894695928173,20.093621280922733,12.0
2.5309999999998323,1800.0,1616.6165115283163,19.999999999999996,19.86290416737349,20.094713704568903,12.0
2.531999999999832,1800.0,1620.4008177837186,19.999999999999996,19.862908846265217,20.095807174489654,12.0
2.532999999999832,1800.0,1624.1854572179514,19.999999999999996,19.862909241573117,20.096901933624167,12.0
2.533999999999832,1800.0,1627.9704304789304,19.999999999999996,19.86290581339552,20.097998180746742,12.0
2.534999999999832,1800.0,1631.755738299833,19.999999999999996,19.86289897761442,20.09909607511274,12.0
2.5359999999998317,1800.0,1635.541381481242,19.999999999999996,19.862889110107208,20.10019574065465,12.0
2.5369999999998316,1800.0,1639.3273608752022,19.999999999999996,19.862876550557285,20.101297269771155,12.0
2.5379999999998315,1800.0,1643.1136773709873,19.999999999999996,19.862861605901685,20.102400726748158,12.0
2.5389999999998314,1800.0,1646.9003318824302,19.999999999999996,19.86284455345036,20.103506150846812,12.0
2.5399999999998313,1800.0,1650.6873253366477,19.999999999999996,19.8628256437084,20.104613559090556,12.0
2.540999999999831,1800.0,1654.474658664033,19.999999999999996,19.86280510292947,20.10572294877977,12.0
2.541999999999831,1800.0,1658.262332789392,19.999999999999996,19.862783135426064,20.106834299760198,12.0
2.542999999999831,1800.0,1662.0503486241046,19.999999999999996,19.862759925659734,20.10794757646864,12.0
2.543999999999831,1800.0,1665.8387070592162,19.999999999999996,19.862735640132332,20.10906272977727,12.0
2.5449999999998307,1800.0,1669.6274089593683,19.999999999999996,19.862710429097095,20.11017969865584,12.0
2.5459999999998306,1800.0,1673.416455157478,19.999999999999996,19.862684428106846,20.11129841166921,12.0
2.5469999999998305,1800.0,1677.2058464501022,19.999999999999996,19.86265775941475,20.112418788326014,12.0
2.5479999999998304,1800.0,1680.9955835934081,19.999999999999996,19.862630533241713,20.1135407402927,12.0
2.5489999999998303,1800.0,1684.7856672996968,19.999999999999996,19.86260284892314,20.114664172485895,12.0
2.54999999999983,1800.0,1688.5760982344234,19.999999999999996,19.86257479594645,20.1157889840547,12.0
2.55099999999983,1800.0,1692.366877013658,19.999999999999996,19.86254645488989,20.116915069263687,12.0
2.55199999999983,1800.0,1696.15800420195,19.999999999999996,19.86251789827195,20.118042318285852,12.0
2.55299999999983,1800.0,1699.94948031055,19.999999999999996,19.862489191319902,20.11917061791443,12.0
2.5539999999998297,1800.0,1703.7413057959532,19.999999999999996,19.86246039266526,20.120299852201363,12.0
2.5549999999998296,1800.0,1707.533481058733,19.999999999999996,19.862431554972936,20.121429903029284,12.0
2.5559999999998295,1800.0,1711.3260064426336,19.999999999999996,19.862402725510623,20.122560650623708,12.0
2.5569999999998294,1800.0,1715.1188822338913,19.999999999999996,19.862373946663944,20.123691974011084,12.0
2.5579999999998293,1800.0,1718.9121086607656,19.999999999999996,19.862345256402573,20.124823751427897,12.0
2.558999999999829,1800.0,1722.7056858932538,19.999999999999996,19.86231668870202,20.125955860685618,12.0
2.559999999999829,1800.0,1726.4996140429687,19.999999999999996,19.862288273925316,20.127088179495896,12.0
2.560999999999829,1800.0,1730.2938931631663,19.999999999999996,19.86226003916833,20.12822058575961,12.0
2.561999999999829,1800.0,1734.0885232489002,19.999999999999996,19.86223200857226,20.129352957823507,12.0
2.5629999999998287,1800.0,1737.883504237293,19.999999999999996,19.86220420360642,20.130485174707587,12.0
2.5639999999998286,1800.0,1741.6788360079097,19.999999999999996,19.862176643324137,20.131617116305918,12.0
2.5649999999998285,1800.0,1745.4745183832222,19.999999999999996,19.86214934459425,20.132748663563724,12.0
2.5659999999998284,1800.0,1749.2705511291501,19.999999999999996,19.86212232231067,20.133879698632843,12.0
2.5669999999998283,1800.0,1753.066933955673,19.999999999999996,19.862095589581998,20.135010105007957,12.0
2.567999999999828,1800.0,1756.8636665175063,19.999999999999996,19.862069157903083,20.136139767645215,12.0
2.568999999999828,1800.0,1760.6607484148228,19.999999999999996,19.86204303731031,20.13726857306517,12.0
2.569999999999828,1800.0,1764.458179194027,19.999999999999996,19.86201723652213,20.138396409441615,12.0
2.570999999999828,1800.0,1768.2559583485643,19.999999999999996,19.86199176306621,20.139523166677602,12.0
2.5719999999998278,1800.0,1772.0540853197667,19.999999999999996,19.86196662339453,20.140648736470027,12.0
2.5729999999998276,1800.0,1775.8525594977239,19.999999999999996,19.861941822987504,20.141773012363885,12.0
2.5739999999998275,1800.0,1779.6513802221784,19.999999999999996,19.86191736644831,20.142895889797344,12.0
2.5749999999998274,1800.0,1783.4505467834435,19.999999999998305,19.861893257586463,20.14401726613672,12.0
2.5759999999998273,1800.0,1787.0210871330034,19.436016614214633,19.30867232318811,19.58385356563658,12.0
2.576999999999827,1800.0,1790.1684237211005,18.48943980626572,18.37968842332164,18.642266655064375,12.0
2.577999999999827,1800.0,1792.8084210204988,17.401454043051427,17.31162860426094,17.559343404250352,12.0
2.578999999999827,1800.0,1794.9349752303192,16.322969999554275,16.252700532402834,16.485474659392835,12.0
2.579999999999827,1800.0,1796.5875076860048,15.340216526582859,15.287608878426918,15.506644956309234,12.0
2.5809999999998268,1800.0,1797.8283993847162,14.494909472769448,14.45735279864033,14.664494773078626,12.0
2.5819999999998267,1800.0,1798.7280548664125,13.799606846085835,13.774299222050324,13.971605598278954,12.0
2.5829999999998265,1800.0,1799.3556170585248,13.249002801130743,13.23327013426561,13.422748369541146,12.0
2.5839999999998264,1800.0,1799.7737183665017,12.827934496573853,12.819403457672703,13.002861063504483,12.0
2.5849999999998263,1800.0,1800.0359985830753,12.516823486725517,12.5134957630341,12.692471705615848,12.0
2.585999999999826,1800.0,1800.1864258703827,12.295182589982865,12.295446027743127,12.471194231774554,12.0
2.586999999999826,1800.0,1800.2597141709882,12.143713965261561,12.146316412006792,12.319820574260266,12.0
2.587999999999826,1800.0,1800.2823378648416,12.045419410976432,12.049423266950894,12.221428337441653,12.0
2.588999999999826,1800.0,1800.2738059037856,11.98604826838176,11.990777744873384,12.161828260856135,12.0
2.5899999999998258,1800.0,1800.2479789852403,11.95412593911508,11.959114548642521,12.129593624377154,12.0
2.5909999999998257,1800.0,1800.2143013834377,11.940738202981956,11.945680797149492,12.115846173134376,12.0
2.5919999999998256,1800.0,1800.1788805603005,11.939192764532903,11.943904224353751,12.113919571852115,12.0
2.5929999999998254,1800.0,1800.1453887285413,11.944638307673356,11.949019540896398,12.118980393856841,12.0
2.5939999999998253,1800.0,1800.1157863653734,11.953690899395205,11.957701909019834,12.127656320153694,12.0
2.5949999999998252,1800.0,1800.0908825644792,11.964095866540543,11.967735161525773,12.137699584927175,12.0
2.595999999999825,1800.0,1800.070754453157,11.974438396343787,11.977727792449553,12.14769888445192,12.0
2.596999999999825,1800.0,1800.0550502744939,11.983906427878914,11.986880237798303,12.156843317592408,12.0
2.597999999999825,1800.0,1800.0432000457308,11.992103519697725,11.994801187359478,12.164736064821284,12.0
2.598999999999825,1800.0,1800.0345553076718,11.998906180893227,12.001367526085138,12.171252325049466,12.0
2.5999999999998247,1800.0,1800.0284762995036,12.004358769616491,12.006621143052294,12.17643464987118,12.0
2.6009999999998246,1800.0,1800.0243815266417,12.00859884196457,12.010695626761782,12.180418592865587,12.0
2.6019999999998245,1800.0,1800.0217714965713,12.011806301623855,12.013766322717837,12.183382055715388,12.0
2.6029999999998243,1800.0,1800.0202355722702,12.01417052609434,12.016018038235698,12.185512533809277,12.0
2.6039999999998242,1800.0,1800.0194485154182,12.01587060818174,12.017625623680196,12.186987422004373,12.0
2.604999999999824,1800.0,1800.0191613712982,12.01706481305569,12.018743602648524,12.187963498200329,12.0
2.605999999999824,1800.0,1800.0191898510525,12.017886231675362,12.019501887518345,12.188572578753558,12.0
2.606999999999824,1800.0,1800.0194022403778,12.018442371515908,12.02000536269079,12.18892109640262,12.0
2.607999999999824,1800.0,1800.0197080444702,12.01881705270035,12.020335733362389,12.18909197571642,12.0
2.6089999999998237,1800.0,1800.0200480054418,12.019073475721804,12.020554526523311,12.189147676941548,12.0
2.6099999999998236,1800.0,1800.0203857445063,12.01925770893857,12.02070650584381,12.189133659448125,12.0
2.6109999999998235,1800.0,1800.0207010387073,12.019402127153898,12.020823040054436,12.189081797879389,12.0
2.6119999999998234,1800.0,1800.0209846013167,12.01952853504368,12.020925163190395,12.189013485701349,12.0
2.6129999999998232,1800.0,1800.021234164831,12.01965084819848,12.021026201560051,12.188942299273553,12.0
2.613999999999823,1800.0,1800.0214516418148,12.019777295339004,12.021133931463686,12.188876185987542,12.0
2.614999999999823,1800.0,1800.0216411439897,12.019912160678908,12.021252286123879,12.188819195219839,12.0
2.615999999999823,1800.0,1800.0218076612327,12.020057115773014,12.021382660129753,12.188772801103337,12.0
2.616999999999823,1800.0,1800.0219562310424,12.020212203584968,12.0215248728759,12.188736879480054,12.0
2.6179999999998227,1800.0,1800.0220914597955,12.020376539990957,12.021677854937714,12.18871040388871,12.0
2.6189999999998226,1800.0,1800.0222172864835,12.02054879391863,12.021840117399789,12.18869192145607,12.0
2.6199999999998225,1800.0,1800.0223369056562,12.020727499893674,12.022010056878496,12.18867986217948,12.0
2.6209999999998224,1800.0,1800.022452788291,12.020911247989808,12.022186140375245,12.188672726359995,12.0
2.6219999999998223,1800.0,1800.0225667570835,12.02109878735876,12.02236700544795,12.188669186172747,12.0
2.622999999999822,1800.0,1800.0226800865737,12.021289071411065,12.022551503237192,12.188668129297499,12.0
2.623999999999822,1800.0,1800.0227936089705,12.02148126569503,12.022738704993445,12.188668665544588,12.0
2.624999999999822,1800.0,1800.0229078142074,12.021674733720213,12.022927887059964,12.188670111639446,12.0
2.625999999999822,1800.0,1800.0230229381107,12.021869011347304,12.023118504728645,12.188671964727813,12.0
2.6269999999998217,1800.0,1800.0231390361585,12.022063776815894,12.023310161902332,12.188673871631213,12.0
2.6279999999998216,1800.0,1800.023256042614,12.02225882084552,12.02350258091022,12.188675598259103,12.0
2.6289999999998215,1800.0,1800.0233738161246,12.022454019350372,12.02369557496368,12.188677001699187,12.0
2.6299999999998214,1800.0,1800.0234921735803,12.022649310010834,12.023889024466794,12.188678006216488,12.0
2.6309999999998213,1800.0,1800.0236109142481,12.02284467308694,12.024082857554093,12.18867858353846,12.0
2.631999999999821,1800.0,1800.0237298361749,12.02304011633681,12.024277034715835,12.188678737284274,12.0
2.632999999999821,1800.0,1800.0238487466593,12.023235663612384,12.024471537086159,12.188678491107492,12.0
2.633999999999821,1800.0,1800.0239674683385,12.023431346574537,12.024666357841856,12.18867787999206,12.0
2.634999999999821,1800.0,1800.0240858421641,12.023627198939103,12.024861496129825,12.188676944111592,12.0
2.6359999999998207,1800.0,1800.0242037282544,12.02382325270042,12.025056952976025,12.188675724697077,12.0
2.6369999999998206,1800.0,1800.024321005384,12.024019535843603,12.02525272869249,12.188674261422978,12.0
2.6379999999998205,1800.0,1800.0244375696798,12.024216071137433,12.025448821378347,12.188672590901994,12.0
2.6389999999998204,1800.0,1800.0245533329028,12.024412875676582,12.025645226186553,12.18867074595574,12.0
2.6399999999998203,1800.0,1800.0246682205945,12.02460996092008,12.025841935105076,12.188668755406628,12.0
2.64099999999982,1800.0,1800.0247821702517,12.024807333033344,12.026038937060797,12.188666644196598,12.0
2.64199999999982,1800.0,1800.024895129631,12.025004993397316,12.026236218209748,12.18866443369447,12.0
2.64299999999982,1800.0,1800.0250070552352,12.025202939188526,12.026433762317232,12.188662142094158,12.0
2.64399999999982,1800.0,1800.0251179109953,12.025401163967798,12.026631551164682,12.188659784839734,12.0
2.6449999999998197,1800.0,1800.0252276671513,12.025599658238923,12.026829564943505,12.188657375037117,12.0
2.6459999999998196,1800.0,1800.0253362993074,12.025798409956218,12.027027782613686,12.188654923829793,12.0
2.6469999999998195,1800.0,1800.0254437876506,12.025997404972069,12.027226182216973,12.188652440728283,12.0
2.6479999999998194,1800.0,1800.0255501163008,12.02619662742192,12.02742474114077,12.188649933889543,12.0
2.6489999999998193,1800.0,1800.025655272775,12.026396060051718,12.027623436336595,12.188647410350002,12.0
2.649999999999819,1800.0,1800.0257592475432,12.026595684491516,12.027822244495596,12.18864487621498,12.0
2.650999999999819,1800.0,1800.0258620336579,12.026795481484118,12.028021142188898,12.188642336812263,12.0
2.651999999999819,1800.0,1800.0259636264439,12.026995431073932,12.028220105977054,12.18863979681413,12.0
2.652999999999819,1800.0,1800.026064023235,12.02719551276441,12.02841911249596,12.188637260335472,12.0
2.6539999999998187,1800.0,1800.0261632231475,12.027395705648122,12.028618138522534,12.188634731011081,12.0
2.6549999999998186,1800.0,1800.0262612268846,12.027595988516374,12.028817161026343,12.188632212058682,12.0
2.6559999999998185,1800.0,1800.0263580365631,12.027796339950442,12.029016157208554,12.188629706328808,12.0
2.6569999999998184,1800.0,1800.026453655563,12.027996738399672,12.029215104532945,12.188627216346603,12.0
2.6579999999998183,1800.0,1800.0265480883897,12.02819716224808,12.029413980750006,12.18862474434636,12.0
2.658999999999818,1800.0,1800.0266413405518,12.028397589871668,12.029612763915987,12.188622292300817,12.0
2.659999999999818,1800.0,1800.0267334184523,12.028597999688516,12.029811432408396,12.188619861946709,12.0
2.660999999999818,1800.0,1800.0268243292853,12.028798370202315,12.03000996493842,12.188617454807034,12.0
2.661999999999818,1800.0,1800.0269140809485,12.02899868004069,12.03020834056113,12.188615072210922,12.0
2.6629999999998177,1800.0,1800.0270026819558,12.029198907988976,12.030406538683923,12.188612715311596,12.0
2.6639999999998176,1800.0,1800.0270901413683,12.02939903302038,12.03060453907382,12.188610385102976,12.0
2.6649999999998175,1800.0,1800.027176468721,12.029599034322118,12.03080232186302,12.188608082434417,12.0
2.6659999999998174,1800.0,1800.0272616739628,12.029798891318407,12.030999867553321,12.18860580802413,12.0
2.6669999999998173,1800.0,1800.0273457674014,12.029998583691187,12.031197157020117,12.188603562472071,12.0
2.667999999999817,1800.0,1800.0274287596496,12.030198091397716,12.03139417151492,12.188601346271147,12.0
2.668999999999817,1800.0,1800.0275106615816,12.03039739468638,12.031590892667623,12.188599159818029,12.0
2.669999999999817,1800.0,1800.0275914842916,12.030596474109878,12.031787302487459,12.188597003422602,12.0
2.670999999999817,1800.0,1800.0276712390544,12.030795310536684,12.031983383363515,12.188594877316687,12.0
2.6719999999998167,1800.0,1800.0277499372935,12.030993885161076,12.032179118064857,12.18859278166235,12.0
2.6729999999998166,1800.0,1800.0278275905505,12.03119217951077,12.032374489739327,12.188590716558696,12.0
2.6739999999998165,1800.0,1800.0279042104564,12.031390175454211,12.03256948191287,12.18858868204908,12.0
2.6749999999998164,1800.0,1800.0279798087086,12.031587855205533,12.032764078487347,12.188586678126656,12.0
2.6759999999998163,1800.0,1800.0280543970503,12.031785201329317,12.03295826373889,12.18858470474038,12.0
2.676999999999816,1800.0,1800.0281279872472,12.031982196742877,12.033152022314475,12.188582761799037,12.0
2.677999999999816,1800.0,1800.0282005910726,12.032178824719285,12.033345339229804,12.188580849176532,12.0
2.678999999999816,1800.0,1800.028272220292,12.032375068888447,12.033538199865795,12.188578966715616,12.0
2.679999999999816,1800.0,1800.0283428866478,12.032570913237484,12.033730589964884,12.188577114231327,12.0
2.6809999999998158,1800.0,1800.0284126018478,12.03276634211093,12.03392249562757,12.188575291514555,12.0
2.6819999999998156,1800.0,1800.0284813775534,12.032961340209786,12.034113903308215,12.188573498334742,12.0
2.6829999999998155,1800.0,1800.0285492253704,12.033155892590473,12.034304799811137,12.188571734442776,12.0
2.6839999999998154,1800.0,1800.028616156841,12.03334998466286,12.034495172286052,12.188569999573122,12.0
2.6849999999998153,1800.0,1800.0286821834354,12.033543602188232,12.034685008223802,12.188568293446124,12.0
2.685999999999815,1800.0,1800.028747316544,12.033736731276653,12.034874295451706,12.188566615769801,12.0
2.686999999999815,1800.0,1800.028811567473,12.033929358384407,12.03506302212925,12.188564966241955,12.0
2.687999999999815,1800.0,1800.0288749474394,12.034121470310454,12.035251176742996,12.188563344551307,12.0
2.688999999999815,1800.0,1800.028937467566,12.034313054193188,12.035438748101983,12.188561750379078,12.0
2.6899999999998148,1800.0,1800.0289991388759,12.034504097506654,12.035625725332805,12.188560183400124,12.0
2.6909999999998147,1800.0,1800.0290599722928,12.034694588057265,12.03581209787527,12.188558643284573,12.0
2.6919999999998145,1800.0,1800.0291199786345,12.034884513979199,12.035997855476937,12.188557129698237,12.0
2.6929999999998144,1800.0,1800.0291791686132,12.035073863730405,12.0361829881884,12.188555642303667,12.0
2.6939999999998143,1800.0,1800.0292375528318,12.035262626088734,12.036367486358754,12.188554180761301,12.0
2.694999999999814,1800.0,1800.0292951417819,12.035450790147085,12.036551340630227,12.18855274472971,12.0
2.695999999999814,1800.0,1800.029351945845,12.035638345309353,12.036734541933692,12.188551333866602,12.0
2.696999999999814,1800.0,1800.0294079752887,12.03582528128576,12.036917081483649,12.188549947829229,12.0
2.697999999999814,1800.0,1800.0294632402665,12.036011588088469,12.037098950773556,12.188548586275036,12.0
2.6989999999998138,1800.0,1800.0295177508176,12.036197256027062,12.037280141571086,12.188547248862195,12.0
2.6999999999998137,1800.0,1800.029571516868,12.036382275703742,12.037460645913193,12.188545935249802,12.0
2.7009999999998136,1800.0,1800.0296245482273,12.036566638008743,12.037640456101412,12.188544645098265,12.0
2.7019999999998134,1800.0,1800.0296768545907,12.036750334115869,12.03781956469737,12.18854337806981,12.0
2.7029999999998133,1800.0,1800.0297284455396,12.036933355477782,12.037997964518024,12.188542133828644,12.0
2.703999999999813,1800.0,1800.0297793305385,12.037115693821256,12.038175648630984,12.188540912041127,12.0
2.704999999999813,1800.0,1800.0298295189398,12.037297341142896,12.038352610350287,12.188539712376272,12.0
2.705999999999813,1800.0,1800.0298790199822,12.037478289704405,12.038528843231733,12.188538534505799,12.0
2.706999999999813,1800.0,1800.0299278427897,12.03765853202768,12.038704341068135,12.188537378103973,12.0
2.707999999999813,1800.0,1800.0299759963757,12.037838060890897,12.038879097885513,12.18853624284835,12.0
2.7089999999998127,1800.0,1800.03002348964,12.0380168693236,12.0390531079384,12.188535128419527,12.0
2.7099999999998126,1800.0,1800.030070331373,12.038194950602474,12.039226365705728,12.188534034501416,12.0
2.7109999999998124,1800.0,1800.030116530254,12.038372298246653,12.039398865886401,12.188532960781153,12.0
2.7119999999998123,1800.0,1800.0301620948533,12.038548906013535,12.03957060339527,12.188531906949319,12.0
2.7129999999998122,1800.0,1800.0302070336331,12.038724767894347,12.03974157335896,12.188530872699925,12.0
2.713999999999812,1800.0,1800.0302513549484,12.038899878109973,12.039911771111901,12.188529857730579,12.0
2.714999999999812,1800.0,1800.0302950670464,12.039074231106545,12.040081192192197,12.188528861742384,12.0
2.715999999999812,1800.0,1800.0303381780707,12.03924782155141,12.040249832337821,12.18852788444012,12.0
2.716999999999812,1800.0,1800.030380696059,12.039420644328935,12.040417687482682,12.188526925532226,12.0
2.7179999999998117,1800.0,1800.0304226289477,12.039592694536362,12.040584753752741,12.188525984730768,12.0
2.7189999999998116,1800.0,1800.030463984568,12.039763967479786,12.040751027462266,12.188525061751477,12.0
2.7199999999998115,1800.0,1800.0305047706534,12.039934458670157,12.040916505110099,12.188524156313745,12.0
2.7209999999998113,1800.0,1800.0305449948346,12.040104163819352,12.041081183376,12.188523268140631,12.0
2.7219999999998112,1800.0,1800.0305846646447,12.04027307883626,12.041245059117013,12.188522396958835,12.0
2.722999999999811,1800.0,1800.0306237875193,12.040441199823073,12.04140812936403,12.18852154249881,12.0
2.723999999999811,1800.0,1800.0306623707963,12.040608523071382,12.041570391318167,12.188520704494628,12.0
2.724999999999811,1800.0,1800.0307004217193,12.040775045058199,12.04173184234706,12.188519882683703,12.0
2.725999999999811,1800.0,1800.0307379474357,12.0409407624429,12.041892479982106,12.188519076807394,12.0
2.7269999999998107,1800.0,1800.0307749550004,12.04110567206317,12.042052301914648,12.188518286610535,12.0
2.7279999999998106,1800.0,1800.0308114513775,12.04126977093163,12.04221130599291,12.188517511841614,12.0
2.7289999999998105,1800.0,1800.0308474434376,12.041433056231934,12.042369490218364,12.188516752252351,12.0
2.7299999999998104,1800.0,1800.0308829379628,12.041595525315788,12.042526852743014,12.188516007598153,12.0
2.7309999999998102,1800.0,1800.0309179416452,12.041757175699182,12.042683391865928,12.188515277637721,12.0
2.73199999999981,1800.0,1800.0309524610893,12.04191800505957,12.042839106030627,12.188514562133541,12.0
2.73299999999981,1800.0,1800.030986502814,12.042078011232048,12.042993993821609,12.188513860851355,12.0
2.73399999999981,1800.0,1800.0310200732513,12.042237192206128,12.043148053961328,12.188513173560132,12.0
2.73499999999981,1800.0,1800.031053178749,12.042395546122709,12.043301285307471,12.188512500032207,12.0
2.7359999999998097,1800.0,1800.0310858255714,12.042553071270916,12.043453686850029,12.188511840043272,12.0
2.7369999999998096,1800.0,1800.0311180199,12.04270976608486,12.043605257708336,12.18851119337214,12.0
2.7379999999998095,1800.0,1800.0311497678351,12.04286562914092,12.04375599712859,12.188510559801095,12.0
2.7389999999998094,1800.0,1800.0311810753963,12.043020659154259,12.043905904480638,12.188509939115349,12.0
2.7399999999998093,1800.0,1800.0312119485236,12.04317485497628,12.04405497925568,12.188509331103425,12.0
2.740999999999809,1800.0,1800.031242393079,12.043328215591433,12.0442032210633,12.188508735556809,12.0
2.741999999999809,1800.0,1800.0312724148478,12.043480740114619,12.044350629629147,12.18850815227022,12.0
2.742999999999809,1800.0,1800.0313020195372,12.04363242778812,12.044497204792096,12.188507581041295,12.0
2.743999999999809,1800.0,1800.0313312127792,12.043783277978994,12.044642946501863,12.188507021670686,12.0
2.7449999999998087,1800.0,1800.0313600001332,12.043933290176392,12.044787854816589,12.18850647396212,12.0
2.7459999999998086,1800.0,1800.0313883870826,12.044082463988568,12.04493192990006,12.18850593772199,12.0
2.7469999999998085,1800.0,1800.0314163790401,12.044230799140733,12.045075172019784,12.188505412759836,12.0
2.7479999999998084,1800.0,1800.0314439813462,12.044378295471974,12.045217581544163,12.18850489888782,12.0
2.7489999999998083,1800.0,1800.03147119927,12.0445249529329,12.045359158940348,12.188504395920871,12.0
2.749999999999808,1800.0,1800.0314980380122,12.044670771583418,12.045499904772218,12.188503903676908,12.0
2.750999999999808,1800.0,1800.0315245027025,12.044815751589956,12.045639819697843,12.188503421976542,12.0
2.751999999999808,1800.0,1800.0315505984047,12.044959893222906,12.045778904467143,12.188502950642839,12.0
2.752999999999808,1800.0,1800.031576330115,12.045103196854717,12.045917159920174,12.188502489501815,12.0
2.7539999999998077,1800.0,1800.0316017027617,12.045245662957106,12.046054586984557,12.188502038381907,12.0
2.7549999999998076,1800.0,1800.0316267212097,12.045387292099097,12.046191186673708,12.188501597114298,12.0
2.7559999999998075,1800.0,1800.0316513902594,12.045528084944392,12.046326960084441,12.188501165532514,12.0
2.7569999999998074,1800.0,1800.031675714645,12.045668042249435,12.046461908395205,12.188500743472666,12.0
2.7579999999998073,1800.0,1800.0316996990414,12.045807164861426,12.046596032864286,12.188500330773614,12.0
2.758999999999807,1800.0,1800.0317233480582,12.045945453715362,12.046729334827079,12.188499927276144,12.0
2.759999999999807,1800.0,1800.031746666246,12.046082909832883,12.046861815695092,12.188499532823869,12.0
2.760999999999807,1800.0,1800.0317696580935,12.046219534319684,12.046993476953547,12.188499147262668,12.0
2.761999999999807,1800.0,1800.0317923280315,12.046355328363545,12.047124320159611,12.188498770440757,12.0
2.7629999999998067,1800.0,1800.0318146804293,12.04649029323226,12.04725434694049,12.188498402208566,12.0
2.7639999999998066,1800.0,1800.0318367196016,12.046624430271905,12.047383558991887,12.18849804241895,12.0
2.7649999999998065,1800.0,1800.0318584498023,12.046757740904503,12.047511958075841,12.188497690926749,12.0
2.7659999999998064,1800.0,1800.0318798752307,12.046890226626557,12.047639546019425,12.188497347589198,12.0
2.7669999999998063,1800.0,1800.03190100003,12.04702188900717,12.04776632471305,12.188497012265893,12.0
2.767999999999806,1800.0,1800.031921828287,12.047152729685767,12.047892296108346,12.18849668481828,12.0
2.768999999999806,1800.0,1800.0319423640367,12.047282750370755,12.048017462216986,12.18849636511013,12.0
2.769999999999806,1800.0,1800.031962611257,12.04741195283741,12.048141825108752,12.188496053007153,12.0
2.770999999999806,1800.0,1800.0319825738761,12.047540338926462,12.048265386910249,12.188495748377271,12.0
2.7719999999998057,1800.0,1800.0320022557676,12.047667910542113,12.048388149803113,12.188495451090336,12.0
2.7729999999998056,1800.0,1800.0320216607552,12.047794669650385,12.048510116022507,12.18849516101814,12.0
2.7739999999998055,1800.0,1800.0320407926106,12.047920618277683,12.04863128785582,12.188494878034565,12.0
2.7749999999998054,1800.0,1800.0320596550555,12.048045758508914,12.048751667640955,12.188494602015325,12.0
2.7759999999998053,1800.0,1800.0320782517617,12.048170092486084,12.04887125776507,12.188494332838108,12.0
2.776999999999805,1800.0,1800.0320965863518,12.048293622406698,12.048990060663114,12.188494070382493,12.0
2.777999999999805,1800.0,1800.0321146624024,12.048416350522361,12.049108078816587,12.188493814530121,12.0
2.778999999999805,1800.0,1800.032132483439,12.048538279136757,12.049225314751657,12.188493565164078,12.0
2.779999999999805,1800.0,1800.0321500529424,12.048659410604698,12.04934177103833,12.188493322169435,12.0
2.7809999999998047,1800.0,1800.0321673743463,12.048779747330586,12.049457450289077,12.188493085433155,12.0
2.7819999999998046,1800.0,1800.0321844510383,12.048899291766835,12.049572355157371,12.188492854843865,12.0
2.7829999999998045,1800.0,1800.0322012863605,12.049018046412522,12.049686488336478,12.188492630291918,12.0
2.7839999999998044,1800.0,1800.0322178836122,12.049136013812094,12.049799852558289,12.188492411669444,12.0
2.7849999999998043,1800.0,1800.0322342460463,12.049253196553867,12.049912450591965,12.188492198870174,12.0
2.785999999999804,1800.0,1800.0322503768741,12.049369597268798,12.050024285242808,12.188491991789498,12.0
2.786999999999804,1800.0,1800.032266279262,12.049485218629085,12.050135359351009,12.188491790324363,12.0
2.787999999999804,1800.0,1800.0322819563366,12.049600063347278,12.05024567579086,12.188491594373613,12.0
2.788999999999804,1800.0,1800.0322974111814,12.04971413417447,12.050355237469093,12.188491403837435,12.0
2.7899999999998037,1800.0,1800.032312646838,12.049827433899285,12.050464047323965,12.188491218617536,12.0
2.7909999999998036,1800.0,1800.032327666308,12.04993996534693,12.050572108324427,12.188491038617384,12.0
2.7919999999998035,1800.0,1800.0323424725532,12.050051731377533,12.050679423468594,12.188490863741706,12.0
2.7929999999998034,1800.0,1800.0323570684968,12.050162734885497,12.050785995783182,12.18849069389698,12.0
2.7939999999998033,1800.0,1800.03237145702,12.050272978797748,12.050891828321912,12.188490528990823,12.0
2.794999999999803,1800.0,1800.0323856409668,12.050382466073202,12.05099692416504,12.188490368932506,12.0
2.795999999999803,1800.0,1800.0323996231446,12.050491199701678,12.051101286418401,12.188490213633013,12.0
2.796999999999803,1800.0,1800.032413406322,12.050599182702102,12.051204918211711,12.188490063004224,12.0
2.797999999999803,1800.0,1800.0324269932294,12.050706418122118,12.051307822698293,12.188489916959625,12.0
2.7989999999998028,1800.0,1800.032440386562,12.050812909036978,12.051410003054064,12.188489775414178,12.0
2.7999999999998026,1800.0,1800.0324535889786,12.050918658548458,12.051511462476544,12.188489638284254,12.0
2.8009999999998025,1800.0,1800.0324666031029,12.05102366978364,12.051612204183737,12.188489505487368,12.0
2.8019999999998024,1800.0,1800.032479431523,12.051127945894107,12.051712231413442,12.188489376942357,12.0
2.8029999999998023,1800.0,1800.032492076792,12.051231490054898,12.051811547422282,12.188489252569264,12.0
2.803999999999802,1800.0,1800.0325045414288,12.051334305463733,12.051910155485041,12.18848913228948,12.0
2.804999999999802,1800.0,1800.0325168279192,12.051436395340188,12.052008058893916,12.188489016025834,12.0
2.805999999999802,1800.0,1800.0325289387147,12.051537762924447,12.052105260957365,12.188488903702211,12.0
2.806999999999802,1800.0,1800.0325408762346,12.051638411476628,12.05220176499953,12.188488795243767,12.0
2.8079999999998018,1800.0,1800.0325526428664,12.051738344275732,12.052297574359262,12.188488690576712,12.0
2.8089999999998017,1800.0,1800.0325642409628,12.051837564619012,12.052392692389594,12.188488589628541,12.0
2.8099999999998015,1800.0,1800.0325756728482,12.051936075821228,12.052487122457062,12.188488492328066,12.0
2.8109999999998014,1800.0,1800.0325869408134,12.05203388121352,12.052580867940671,12.188488398605111,12.0
2.8119999999998013,1800.0,1800.0325980471205,12.052130984142726,12.052673932231297,12.18848830839063,12.0
2.812999999999801,1800.0,1800.0326089939988,12.052227387970486,12.052766318730871,12.188488221616545,12.0
2.813999999999801,1800.0,1800.0326197836503,12.052323096072922,12.052858030852136,12.188488138216222,12.0
2.814999999999801,1800.0,1800.0326304182454,12.052418111839124,12.052949072017213,12.188488058123653,12.0
2.815999999999801,1800.0,1800.0326408999251,12.052512438671192,12.05303944565772,12.18848798127425,12.0
2.8169999999998008,1800.0,1800.0326512308036,12.052606079983118,12.05312915521373,12.18848790760442,12.0
2.8179999999998007,1800.0,1800.032661412965,12.05269903920006,12.05321820413312,12.18848783705155,12.0
2.8189999999998006,1800.0,1800.0326714484656,12.05279131975764,12.053306595870943,12.188487769553964,12.0
2.8199999999998004,1800.0,1800.0326813393344,12.052882925101454,12.053394333889008,12.188487705051113,12.0
2.8209999999998003,1800.0,1800.0326910875738,12.052973858686261,12.053481421655142,12.188487643483406,12.0
2.8219999999998002,1800.0,1800.032700695157,12.05306412397531,12.053567862642572,12.188487584792174,12.0
2.8229999999998,1800.0,1800.0327101640335,12.053153724439767,12.05365366032945,12.188487528919744,12.0
2.8239999999998,1800.0,1800.0327194961237,12.05324266355791,12.053738818198093,12.188487475809213,12.0
2.8249999999998,1800.0,1800.0327286933239,12.053330944815,12.053823339734937,12.188487425404945,12.0
2.8259999999998,1800.0,1800.0327377575043,12.05341857170224,12.053907228429523,12.188487377652093,12.0
2.8269999999997997,1800.0,1800.0327466905096,12.053505547716133,12.053990487773973,12.18848733249655,12.0
2.8279999999997996,1800.0,1800.0327554941607,12.053591876358427,12.054073121262942,12.188487289885419,12.0
2.8289999999997995,1800.0,1800.0327641702531,12.05367756113478,12.054155132392406,12.18848724976629,12.0
2.8299999999997993,1800.0,1800.032772720558,12.053762605554892,12.0542365246598,12.188487212087848,12.0
2.8309999999997992,1800.0,1800.0327811468226,12.053847013131685,12.054317301563282,12.188487176799601,12.0
2.831999999999799,1800.0,1800.0327894507711,12.053930787380754,12.054397466601253,12.188487143851855,12.0
2.832999999999799,1800.0,1800.0327976341039,12.054013931819803,12.054477023271822,12.188487113195642,12.0
2.833999999999799,1800.0,1800.032805698499,12.054096449968586,12.054555975072823,12.188487084783132,12.0
2.834999999999799,1800.0,1800.0328136456105,12.054178345347712,12.054634325500677,12.188487058566952,12.0
2.8359999999997987,1800.0,1800.032821477072,12.054259621478707,12.0547120780505,12.188487034500714,12.0
2.8369999999997986,1800.0,1800.0328291944934,12.054340281883242,12.05478923621539,12.188487012538666,12.0
2.8379999999997985,1800.0,1800.0328367994634,12.054420330082975,12.054865803486313,12.188486992636019,12.0
2.8389999999997984,1800.0,1800.0328442935497,12.054499769598642,12.054941783351266,12.188486974748471,12.0
2.8399999999997982,1800.0,1800.032851678298,12.054578603950151,12.055017179295396,12.188486958832698,12.0
2.840999999999798,1800.0,1800.032858955233,12.05465683665572,12.0550919948002,12.18848694484596,12.0
2.841999999999798,1800.0,1800.0328661258602,12.054734471231729,12.055166233343437,12.188486932746311,12.0
2.842999999999798,1800.0,1800.0328731916622,12.054811511192044,12.055239898398492,12.188486922492366,12.0
2.843999999999798,1800.0,1800.0328801541039,12.054887960048127,12.055312993434514,12.188486914043764,12.0
2.8449999999997977,1800.0,1800.0328870146293,12.054963821308002,12.055385521915463,12.188486907360549,12.0
2.8459999999997976,1800.0,1800.032893774663,12.055039098476255,12.055457487300126,12.188486902403485,12.0
2.8469999999997975,1800.0,1800.0329004356101,12.055113795053627,12.055528893041771,12.18848689913408,12.0
2.8479999999997974,1800.0,1800.0329069988563,12.055187914536543,12.055599742587727,12.188486897514437,12.0
2.8489999999997973,1800.0,1800.03291346577,12.055261460416908,12.055670039379201,12.188486897507378,12.0
2.849999999999797,1800.0,1800.0329198376987,12.055334436181518,12.055739786850745,12.188486899076205,12.0
2.850999999999797,1800.0,1800.0329261159752,12.055406845312088,12.055808988430334,12.18848690218508,12.0
2.851999999999797,1800.0,1800.0329323019096,12.055478691284327,12.055877647538463,12.188486906798374,12.0
2.852999999999797,1800.0,1800.0329383967976,12.055549977568475,12.055945767588739,12.188486912881562,12.0
2.8539999999997967,1800.0,1800.0329444019164,12.055620707628181,12.056013351986785,12.188486920400358,12.0
2.8549999999997966,1800.0,1800.0329503185253,12.05569088492063,12.056080404130425,12.188486929321183,12.0
2.8559999999997965,1800.0,1800.0329561478661,12.055760512896267,12.05614692740944,12.18848693961116,12.0
2.8569999999997964,1800.0,1800.0329618911658,12.05582959499837,12.056212925205148,12.188486951237946,12.0
2.8579999999997963,1800.0,1800.032967549632,12.05589813466254,12.056278400889987,12.188486964169531,12.0
2.858999999999796,1800.0,1800.0329731244578,12.055966135317012,12.056343357827814,12.188486978374799,12.0
2.859999999999796,1800.0,1800.03297861682,12.056033600381909,12.056407799373208,12.188486993823037,12.0
2.860999999999796,1800.0,1800.0329840278785,12.056100533268916,12.056471728871204,12.188487010483868,12.0
2.861999999999796,1800.0,1800.032989358778,12.056166937381434,12.05653514965744,12.188487028327652,12.0
2.8629999999997957,1800.0,1800.0329946106476,12.056232816114072,12.056598065057717,12.188487047325223,12.0
2.8639999999997956,1800.0,1800.0329997846009,12.056298172852344,12.056660478387707,12.188487067447793,12.0
2.8649999999997955,1800.0,1800.033004881735,12.056363010972706,12.056722392953027,12.188487088667237,12.0
2.8659999999997954,1800.0,1800.0330099031341,12.056427333842247,12.056783812048979,12.188487110956022,12.0
2.8669999999997953,1800.0,1800.0330148498667,12.056491144818278,12.056844738960132,12.188487134286952,12.0
2.867999999999795,1800.0,1800.033019722987,12.056554447248322,12.05690517696039,12.188487158633418,12.0
2.868999999999795,1800.0,1800.033024523534,12.056617244469717,12.056965129312582,12.18848718396918,12.0
2.869999999999795,1800.0,1800.0330292525337,12.056679539809476,12.057024599268386,12.188487210268434,12.0
2.870999999999795,1800.0,1800.0330339109976,12.056741336584235,12.057083590068274,12.188487237505917,12.0
2.8719999999997947,1800.0,1800.0330384999227,12.056802638099924,12.057142104941242,12.188487265656814,12.0
2.8729999999997946,1800.0,1800.0330430202928,12.056863447651654,12.057200147104709,12.188487294696785,12.0
2.8739999999997945,1800.0,1800.0330474730795,12.056923768523445,12.05725771976427,12.188487324601876,12.0
2.8749999999997944,1800.0,1800.0330518592389,12.05698360398813,12.057314826113622,12.188487355348585,12.0
2.8759999999997943,1800.0,1800.0330561797152,12.057042957307102,12.057371469334356,12.188487386913783,12.0
2.876999999999794,1800.0,1800.0330604354408,12.05710183173035,12.057427652596001,12.188487419274896,12.0
2.877999999999794,1800.0,1800.0330646273335,12.05716023049596,12.05748337905556,12.188487452409573,12.0
2.878999999999794,1800.0,1800.0330687562994,12.057218156830134,12.057538651857564,12.188487486295834,12.0
2.879999999999794,1800.0,1800.0330728232311,12.05727561394726,12.057593474134134,12.18848752091229,12.0
2.8809999999997937,1800.0,1800.0330768290105,12.05733260504965,12.057647849004752,12.188487556238002,12.0
2.8819999999997936,1800.0,1800.0330807745074,12.057389133327108,12.057701779575895,12.18848759225223,12.0
2.8829999999997935,1800.0,1800.0330846605775,12.057445201957051,12.057755268941122,12.18848762893462,12.0
2.8839999999997934,1800.0,1800.0330884880675,12.057500814104474,12.05780832018109,12.188487666265333,12.0
2.8849999999997933,1800.0,1800.0330922578119,12.057555972921568,12.05786093636319,12.188487704224766,12.0
2.885999999999793,1800.0,1800.0330959706312,12.057610681547645,12.0579131205415,12.1884877427936,12.0
2.886999999999793,1800.0,1800.0330996273378,12.057664943109485,12.057964875757124,12.188487781953242,12.0
2.887999999999793,1800.0,1800.033103228732,12.057718760720453,12.058016205037374,12.188487821685074,12.0
2.888999999999793,1800.0,1800.033106775602,12.05777213748089,12.058067111396147,12.188487861970913,12.0
2.8899999999997927,1800.0,1800.033110268726,12.05782507647795,12.058117597833789,12.188487902792968,12.0
2.8909999999997926,1800.0,1800.0331137088726,12.05787758078556,12.058167667337083,12.188487944133888,12.0
2.8919999999997925,1800.0,1800.0331170967975,12.05792965346394,12.058217322878793,12.188487985976394,12.0
2.8929999999997924,1800.0,1800.0331204332476,12.057981297560053,12.058266567418109,12.188488028303754,12.0
2.8939999999997923,1800.0,1800.0331237189594,12.058032516107136,12.058315403900213,12.188488071099474,12.0
2.894999999999792,1800.0,1800.0331269546582,12.05808331212482,12.058363835256413,12.188488114347425,12.0
2.895999999999792,1800.0,1800.0331301410615,12.05813368861877,12.058411864403814,12.188488158031625,12.0
2.896999999999792,1800.0,1800.0331332788742,12.0581836485809,12.058459494245517,12.188488202136465,12.0
2.897999999999792,1800.0,1800.0331363687933,12.05823319498934,12.05850672767064,12.188488246646793,12.0
2.8989999999997917,1800.0,1800.033139411506,12.058282330808126,12.058553567554,12.188488291547634,12.0
2.8999999999997916,1800.0,1800.033142407689,12.058331058987147,12.058600016756087,12.188488336824214,12.0
2.9009999999997915,1800.0,1800.0331453580106,12.05837938246232,12.058646078123248,12.188488382462204,12.0
2.9019999999997914,1800.0,1800.03314826313,12.05842730415537,12.058691754487482,12.188488428447512,12.0
2.9029999999997913,1800.0,1800.033151123697,12.058474826973622,12.058737048666263,12.1884884747662,12.0
2.903999999999791,1800.0,1800.033153940352,12.058521953810287,12.058781963462819,12.188488521404746,12.0
2.904999999999791,1800.0,1800.0331567137275,12.058568687544167,12.058826501665866,12.18848856834984,12.0
2.905999999999791,1800.0,1800.0331594444463,12.058615031039666,12.058870666049621,12.188488615588398,12.0
2.906999999999791,1800.0,1800.033162133123,12.058660987146641,12.058914459373693,12.188488663107535,12.0
2.9079999999997908,1800.0,1800.0331647803632,12.058706558700731,12.058957884383373,12.188488710894806,12.0
2.9089999999997906,1800.0,1800.033167386765,12.058751748522978,12.059000943809334,12.188488758937979,12.0
2.9099999999997905,1800.0,1800.0331699529177,12.058796559419896,12.059043640367658,12.188488807225076,12.0
2.9109999999997904,1800.0,1800.0331724794025,12.058840994183276,12.059085976759691,12.188488855744204,12.0
2.9119999999997903,1800.0,1800.0331749667928,12.058885055590393,12.059127955672235,12.188488904483819,12.0
2.91299999999979,1800.0,1800.0331774156534,12.058928746403877,12.059169579777459,12.188488953432612,12.0
2.91399999999979,1800.0,1800.0331798265427,12.058972069371716,12.059210851732882,12.188489002579505,12.0
2.91499999999979,1800.0,1800.0331822000092,12.059015027227119,12.059251774181277,12.188489051913574,12.0
2.91599999999979,1800.0,1800.0331845365954,12.05905762268861,12.059292349750754,12.188489101424143,12.0
2.9169999999997898,1800.0,1800.0331868368364,12.05909985846018,12.059332581054933,12.188489151100939,12.0
2.9179999999997897,1800.0,1800.0331891012588,12.059141737230696,12.059372470692367,12.188489200933523,12.0
2.9189999999997895,1800.0,1800.0331913303821,12.05918326167462,12.059412021247262,12.188489250912031,12.0
2.9199999999997894,1800.0,1800.033193524719,12.059224434451448,12.059451235288934,12.188489301026607,12.0
2.9209999999997893,1800.0,1800.033195684776,12.05926525820597,12.059490115372084,12.188489351267666,12.0
2.921999999999789,1800.0,1800.0331978110498,12.059305735568088,12.059528664036604,12.18848940162573,12.0
2.922999999999789,1800.0,1800.033199904033,12.059345869153194,12.059566883807985,12.188489452091794,12.0
2.923999999999789,1800.0,1800.0332019642096,12.059385661561645,12.059604777196801,12.188489502656807,12.0
2.924999999999789,1800.0,1800.0332039920581,12.059425115378982,12.05964234669892,12.188489553311893,12.0
2.9259999999997888,1800.0,1800.033205988049,12.05946423317603,12.059679594795632,12.18848960404843,12.0
2.9269999999997887,1800.0,1800.0332079526472,12.059503017508844,12.0597165239536,12.188489654858037,12.0
2.9279999999997885,1800.0,1800.033209886311,12.059541470918745,12.059753136624886,12.188489705732522,12.0
2.9289999999997884,1800.0,1800.033211789492,12.059579595932123,12.059789435246778,12.188489756663746,12.0
2.9299999999997883,1800.0,1800.0332136626353,12.059617395060688,12.059825422242064,12.188489807643837,12.0
2.930999999999788,1800.0,1800.0332155061808,12.05965487080142,12.059861100018955,12.188489858665129,12.0
2.931999999999788,1800.0,1800.0332173205616,12.059692025636526,12.059896470971072,12.1884899097201,12.0
2.932999999999788,1800.0,1800.0332191062043,12.059728862033182,12.059931537477205,12.188489960801114,12.0
2.933999999999788,1800.0,1800.0332208635307,12.059765382444299,12.059966301902048,12.188490011901136,12.0
2.934999999999788,1800.0,1800.0332225929549,12.059801589307847,12.060000766595575,12.18849006301308,12.0
2.9359999999997877,1800.0,1800.0332242948873,12.05983748504716,12.060034933893322,12.188490114130058,12.0
2.9369999999997876,1800.0,1800.0332259697313,12.059873072070845,12.060068806116313,12.188490165245287,12.0
2.9379999999997874,1800.0,1800.0332276178844,12.059908352772839,12.060102385571117,12.18849021635212,12.0
2.9389999999997873,1800.0,1800.0332292397393,12.05994332953268,12.060135674550143,12.188490267444283,12.0
2.9399999999997872,1800.0,1800.033230835683,12.059978004715123,12.060168675331237,12.18849031851547,12.0
2.940999999999787,1800.0,1800.0332324060969,12.060012380670292,12.06020139017786,12.18849036955947,12.0
2.941999999999787,1800.0,1800.0332339513573,12.060046459733833,12.060233821339246,12.188490420570298,12.0
2.942999999999787,1800.0,1800.033235471835,12.06008024422686,12.060265971050326,12.188490471542078,12.0
2.943999999999787,1800.0,1800.0332369678963,12.060113736455946,12.060297841531762,12.188490522469044,12.0
2.9449999999997867,1800.0,1800.0332384399007,12.060146938713189,12.060329434990004,12.188490573345563,12.0
2.9459999999997866,1800.0,1800.033239888204,12.060179853276372,12.060360753617449,12.188490624166239,12.0
2.9469999999997865,1800.0,1800.0332413131569,12.060212482408906,12.060391799592386,12.188490674925848,12.0
2.9479999999997863,1800.0,1800.0332427151045,12.060244828359709,12.060422575078892,12.18849072561916,12.0
2.9489999999997862,1800.0,1800.033244094388,12.06027689336338,12.06045308222701,12.188490776241093,12.0
2.949999999999786,1800.0,1800.0332454513434,12.060308679640054,12.0604833231726,12.188490826786524,12.0
2.950999999999786,1800.0,1800.0332467863013,12.06034018939589,12.060513300037833,12.188490877250736,12.0
2.951999999999786,1800.0,1800.0332480995878,12.060371424822769,12.06054301493091,12.188490927629083,12.0
2.952999999999786,1800.0,1800.0332493915262,12.060402388098375,12.060572469946111,12.188490977917013,12.0
2.9539999999997857,1800.0,1800.0332506624325,12.060433081386075,12.060601667163722,12.188491028109933,12.0
2.9549999999997856,1800.0,1800.0332519126205,12.060463506835314,12.060630608650394,12.188491078203521,12.0
2.9559999999997855,1800.0,1800.0332531423978,12.060493666581435,12.060659296459004,12.18849112819356,12.0
2.9569999999997854,1800.0,1800.0332543520688,12.060523562745713,12.060687732628665,12.188491178075877,12.0
2.9579999999997852,1800.0,1800.0332555419334,12.060553197435542,12.060715919184931,12.188491227846509,12.0
2.958999999999785,1800.0,1800.0332567122866,12.060582572744316,12.060743858139665,12.18849127750152,12.0
2.959999999999785,1800.0,1800.0332578634204,12.060611690751543,12.060771551491182,12.188491327037099,12.0
2.960999999999785,1800.0,1800.0332589956222,12.060640553522914,12.0607990012243,12.188491376449551,12.0
2.961999999999785,1800.0,1800.0332601091748,12.060669163110276,12.060826209310322,12.188491425735236,12.0
2.9629999999997847,1800.0,1800.0332612043571,12.060697521551775,12.06085317770718,12.188491474890661,12.0
2.9639999999997846,1800.0,1800.0332622814449,12.060725630871769,12.060879908359366,12.18849152391234,12.0
2.9649999999997845,1800.0,1800.0332633407088,12.06075349308097,12.060906403198057,12.1884915727969,12.0
2.9659999999997844,1800.0,1800.0332643824165,12.060781110176762,12.060932664141445,12.188491621541328,12.0
2.9669999999997843,1800.0,1800.0332654068322,12.060808484142626,12.060958693094152,12.188491670142348,12.0
2.967999999999784,1800.0,1800.033266414215,12.060835616948738,12.060984491947856,12.188491718596982,12.0
2.968999999999784,1800.0,1800.0332674048218,12.060862510551662,12.061010062580962,12.188491766902176,12.0
2.969999999999784,1800.0,1800.0332683789052,12.06088916689462,12.061035406858887,12.188491815055023,12.0
2.970999999999784,1800.0,1800.0332693367138,12.060915587907555,12.061060526634122,12.188491863052764,12.0
2.9719999999997837,1800.0,1800.033270278493,12.06094177550715,12.061085423746254,12.188491910892775,12.0
2.9729999999997836,1800.0,1800.033271204485,12.06096773159667,12.061110100021804,12.188491958572314,12.0
2.9739999999997835,1800.0,1800.0332721149282,12.060993458066372,12.061134557274649,12.188492006088927,12.0
2.9749999999997834,1800.0,1800.0332730100577,12.061018956793289,12.06115879730579,12.188492053440115,12.0
2.9759999999997833,1800.0,1800.0332738901052,12.061044229641379,12.061182821903538,12.188492100623504,12.0
2.976999999999783,1800.0,1800.033274755299,12.061069278461536,12.061206632843485,12.188492147636715,12.0
2.977999999999783,1800.0,1800.0332756058642,12.061094105091874,12.061230231888802,12.188492194477655,12.0
2.978999999999783,1800.0,1800.0332764420227,12.061118711357464,12.061253620790009,12.188492241144175,12.0
2.979999999999783,1800.0,1800.0332772639943,12.06114309907035,12.061276801284944,12.18849228763401,12.0
2.9809999999997827,1800.0,1800.0332780719934,12.061167270030088,12.06129977509934,12.188492333945293,12.0
2.9819999999997826,1800.0,1800.033278866233,12.061191226023217,12.061322543946261,12.188492380075932,12.0
2.9829999999997825,1800.0,1800.033279646923,12.061214968823828,12.06134510952673,12.188492426024165,12.0
2.9839999999997824,1800.0,1800.0332804142693,12.06123850019325,12.061367473529353,12.188492471788141,12.0
2.9849999999997823,1800.0,1800.0332811684764,12.061261821880223,12.061389637630532,12.188492517366068,12.0
2.985999999999782,1800.0,1800.0332819097443,12.061284935620991,12.06141160349454,12.18849256275621,12.0
2.986999999999782,1800.0,1800.0332826382707,12.061307843139435,12.061433372773667,12.188492607957006,12.0
2.987999999999782,1800.0,1800.0332833542502,12.061330546147014,12.061454947108148,12.1884926529669,12.0
2.988999999999782,1800.0,1800.0332840578762,12.061353046342855,12.061476328126288,12.188492697784433,12.0
2.9899999999997817,1800.0,1800.0332847493376,12.061375345413646,12.061497517444291,12.188492742407995,12.0
2.9909999999997816,1800.0,1800.03328542882,12.061397445034089,12.061518516666794,12.1884927868363,12.0
2.9919999999997815,1800.0,1800.033286096508,12.061419346866696,12.061539327386592,12.188492831068057,12.0
2.9929999999997814,1800.0,1800.033286752584,12.061441052561833,12.061559951184716,12.188492875101971,12.0
2.9939999999997813,1800.0,1800.0332873972247,12.061462563757683,12.061580389630413,12.188492918936685,12.0
2.994999999999781,1800.0,1800.0332880306073,12.061483882080795,12.061600644281661,12.188492962571212,12.0
2.995999999999781,1800.0,1800.0332886529054,12.061505009145655,12.061620716684748,12.188493006004453,12.0
2.996999999999781,1800.0,1800.0332892642898,12.061525946554903,12.061640608374509,12.18849304923538,12.0
2.997999999999781,1800.0,1800.03328986493,12.061546695899198,12.061660320874172,12.18849309226282,12.0
2.9989999999997807,1800.0,1800.033290454991,12.06156725875764,12.061679855695791,12.188493135085821,12.0
2.9999999999997806,1800.0,1798.744859536145,12.06158763669773,12.065313037296951,12.192208622272766,12.0
3.0009999999997805,1200.0,1784.7791758502904,-19.999999999999996,-19.457324094095743,-19.641535665044152,15.0
3.0019999999997804,1200.0,1768.1374541731338,-19.999999999999996,-19.48430049638035,-19.670735330194663,15.0
3.0029999999997803,1200.0,1751.4962022439865,-19.999999999999996,-19.478468806122784,-19.666984375316613,15.0
3.00399999999978,1200.0,1734.8574153391876,-19.999999999999996,-19.473185748561594,-19.66390271515691,15.0
3.00499999999978,1200.0,1718.2207780817828,-19.999999999999996,-19.468420268084518,-19.66145460428465,15.0
3.00599999999978,1200.0,1701.5860015109704,-19.999999999999996,-19.464120732489274,-19.659583823292905,15.0
3.00699999999978,1200.0,1684.952822247482,-19.999999999999996,-19.460240531175177,-19.65823941837143,15.0
3.0079999999997797,1200.0,1668.321000093797,-19.999999999999996,-19.45673760601945,-19.65737521178208,15.0
3.0089999999997796,1200.0,1651.6903158643079,-19.999999999999996,-19.453574009857686,-19.656949341939836,15.0
3.0099999999997795,1200.0,1635.060569424349,-19.999999999999996,-19.450715507732838,-19.65692384811693,15.0
3.0109999999997794,1200.0,1618.431577917823,-19.999999999999996,-19.448131216779416,-19.657264295433393,15.0
3.0119999999997793,1200.0,1601.8031741651378,-19.999999999999996,-19.44579328099754,-19.657939436208785,15.0
3.012999999999779,1200.0,1585.1752052149452,-19.999999999999996,-19.443676577535005,-19.658920904134643,15.0
3.013999999999779,1200.0,1568.547531034768,-19.999999999999996,-19.44175845142361,-19.66018293807338,15.0
3.014999999999779,1200.0,1551.9200233270783,-19.999999999999996,-19.440018476012252,-19.66170213260183,15.0
3.015999999999779,1200.0,1535.2925644586742,-19.999999999999996,-19.438438236606558,-19.66345721269878,15.0
3.0169999999997787,1200.0,1518.6650464923896,-19.999999999999996,-19.437001135066694,-19.665428830230177,15.0
3.0179999999997786,1200.0,1502.03737031125,-19.999999999999996,-19.435692213332675,-19.66759938011436,15.0
3.0189999999997785,1200.0,1485.4094448261212,-19.999999999999996,-19.434497994043525,-19.669952834256183,15.0
3.0199999999997784,1200.0,1468.7811862587978,-19.999999999999996,-19.433406336594576,-19.67247459152521,15.0
3.0209999999997783,1200.0,1452.1525174932312,-19.999999999999996,-19.432406307137295,-19.675151342221074,15.0
3.021999999999778,1200.0,1435.5233674883334,-19.999999999999996,-19.431488061171514,-19.67797094562088,15.0
3.022999999999778,1200.0,1418.8936707463984,-19.999999999999996,-19.430642737510325,-19.68092231933991,15.0
3.023999999999778,1200.0,1402.2633668317903,-19.999999999999996,-19.42986236251638,-19.683995339360624,15.0
3.024999999999778,1200.0,1385.6323999350475,-19.999999999999996,-19.42913976361505,-19.687180749696203,15.0
3.0259999999997778,1200.0,1369.0007184780236,-19.999999999999996,-19.42846849118603,-19.690470080755127,15.0
3.0269999999997776,1200.0,1352.368274756121,-19.999999999999996,-19.42784274802232,-19.693855575564374,15.0
3.0279999999997775,1200.0,1335.7350246140422,-19.999999999999996,-19.427257325623916,-19.69733012309028,15.0
3.0289999999997774,1200.0,1319.1009271518371,-19.999999999999996,-19.426707546664474,-19.70088719797014,15.0
3.0299999999997773,1200.0,1302.4659444583335,-19.999999999999993,-19.42618921303343,-19.70452080603433,15.0
3.030999999999777,1200.0,1285.8300413693237,-19.999999999999996,-19.42569855891392,-19.708225435058853,15.0
3.031999999999777,1200.0,1269.2400829332653,-19.884669427119686,-19.312093597028575,-19.59701563603164,15.0
3.032999999999777,1200.0,1253.8700452483504,-16.902704400058347,-16.38624951783584,-16.62717588872963,15.0
3.033999999999777,1200.0,1240.4909698248587,-12.518080273836292,-12.081563528850282,-12.253835054087613,15.0
3.0349999999997768,1200.0,1229.3812807341185,-7.6922960666033555,-7.342246827614041,-7.43702518919466,15.0
3.0359999999997767,1200.0,1220.5114670240107,-3.0166095312495615,-2.7491195037760185,-2.7681175539601366,15.0
3.0369999999997765,1200.0,1213.6767746443702,1.180741719034652,1.3752160191537535,1.4241122461710676,15.0
3.0379999999997764,1200.0,1208.5885496105457,4.750655013146468,4.884064988774688,4.990080388579575,15.0
3.0389999999997763,1200.0,1204.9339886073185,7.659775121433139,7.744426263209729,7.896114698896357,15.0
3.039999999999776,1200.0,1202.412614460249,9.944250413654977,9.991593667627996,10.178176004563118,15.0
3.040999999999776,1200.0,1200.7562575009456,11.677254600896713,11.697264328131348,11.909320534742351,15.0
3.041999999999776,1200.0,1199.7378522117049,12.94716729356671,12.94810854137443,13.177837531039135,15.0
3.042999999999776,1200.0,1199.17305335489,13.843726536524976,13.832165808885973,14.073380314600833,15.0
3.0439999999997758,1200.0,1198.917582248735,14.449935691023382,14.430891015763608,14.678866798000428,15.0
3.0449999999997757,1200.0,1198.8623376969244,14.837964198814714,14.81512284924341,15.06638168634849,15.0
3.0459999999997756,1200.0,1198.92763030502,15.06769306538377,15.043649990241883,15.295726104997636,15.0
3.0469999999997754,1200.0,1199.0573957994523,15.186906055500685,15.16339421163882,15.414612847348263,15.0
3.0479999999997753,1200.0,1199.2138815990913,15.232413095482109,15.21050974255822,15.459792546512176,15.0
3.0489999999997752,1200.0,1199.3730514484241,15.231616677650923,15.211918449146621,15.458621306500525,15.0
3.049999999999775,1200.0,1199.5207888181487,15.204202297095518,15.186967516387833,15.430751020708339,15.0
3.050999999999775,1200.0,1199.6498785528288,15.163758762540736,15.149018865291579,15.389748589690523,15.0
3.051999999999775,1200.0,1199.7576896978212,15.119222400318616,15.106866127258309,15.344538445133983,15.0
3.052999999999775,1200.0,1199.8444563488802,15.076098848989835,15.065933607132372,15.300622409221731,15.0
3.0539999999997747,1200.0,1199.9120469987301,15.037454400126853,15.029249245802177,15.261069093501462,15.0
3.0549999999997746,1200.0,1199.9631183705678,15.00469155263421,14.998205908676809,15.227287669374748,15.0
3.0559999999997745,1200.0,1200.000561622741,14.978135301685167,14.973136979862232,15.199612624072179,15.0
3.0569999999997743,1200.0,1200.0271633776829,14.95746128964965,14.953736777979163,15.177730666924951,15.0
3.0579999999997742,1200.0,1200.0454189153584,14.941996992546816,14.939356366464875,15.160980958262464,15.0
3.058999999999774,1200.0,1200.05744869418,14.930924531422507,14.929202803587637,15.1485572249861,15.0
3.059999999999774,1200.0,1200.064981413812,14.92340981548466,14.922466073013599,15.139636431540804,15.0
3.060999999999774,1200.0,1200.0693768561187,14.918678418606364,14.918393714654272,15.133454365252653,15.0
3.061999999999774,1200.0,1200.0716697541045,14.916054402687095,14.916329067884451,15.129344307812246,15.0
3.0629999999997737,1200.0,1200.072622124556,14.914974531398677,14.915725340900334,15.126751198896898,15.0
3.0639999999997736,1200.0,1200.0727761153337,14.914987104366507,14.916144567059805,15.125230490226269,15.0
3.0649999999997735,1200.0,1200.0725027424717,14.915742017948569,14.917247934240823,15.124438270697471,15.0
3.0659999999997734,1200.0,1200.0720441945,14.916976594135642,14.918781946978081,15.124117184581596,15.0
3.0669999999997732,1200.0,1200.0715489023298,14.918500149449715,14.920563340466012,15.12408110041501,15.0
3.067999999999773,1200.0,1200.0710995165523,14.9201791225779,14.92246453351308,15.124200339511816,15.0
3.068999999999773,1200.0,1200.0707344659097,14.921923762809907,14.92440060571365,15.12438845988536,15.0
3.069999999999773,1200.0,1200.0704640209858,14.923676826854562,14.92631823959477,15.124591039558808,15.0
3.070999999999773,1200.0,1200.0702818542102,14.92540437457823,14.92818671780466,15.124776548157424,15.0
3.0719999999997727,1200.0,1200.0701730431672,14.927088540821435,14.929990855735149,15.124929183622612,15.0
3.0729999999997726,1200.0,1200.0701193596713,14.92872204768382,14.931725639087883,15.125043438972703,15.0
3.0739999999997725,1200.0,1200.0701025565181,14.930304176326796,14.93339229122515,15.1251201191822,15.0
3.0749999999997724,1200.0,1200.0701062291084,14.931837914652501,14.934995492370675,15.125163525786153,15.0
3.0759999999997722,1200.0,1200.0701167033499,14.933328019334324,14.936541494328026,15.125179548980928,15.0
3.076999999999772,1200.0,1200.0701232910342,14.934779765249068,14.93803690823889,15.125174441502907,15.0
3.077999999999772,1200.0,1200.070118161935,14.93619819422633,14.939487980988774,15.125154087303436,15.0
3.078999999999772,1200.0,1200.0700960080378,14.937587713126925,14.940900213214748,15.125123615977826,15.0
3.079999999999772,1200.0,1200.0700536181719,14.938951925735134,14.94227820567173,15.125087248215763,15.0
3.0809999999997717,1200.0,1200.0699894384832,14.94029361245473,14.943625649649555,15.125048286892326,15.0
3.0819999999997716,1200.0,1200.0699031632473,14.941614795980053,14.944945400849774,15.12500919246336,15.0
3.0829999999997715,1200.0,1200.0697953789734,14.94291685020532,14.946239594857264,15.12497170030509,15.0
3.0839999999997714,1200.0,1200.0696672704244,14.944200624203475,14.947509776631227,15.12493695211161,15.0
3.0849999999997713,1200.0,1200.0695203882312,14.945466563845759,14.948757026974105,15.124905624128726,15.0
3.085999999999771,1200.0,1200.0693564726332,14.946714821276869,14.949982076433727,15.124878042589447,15.0
3.086999999999771,1200.0,1200.0691773254105,14.947945347675118,14.951185402207415,15.12485428188813,15.0
3.087999999999771,1200.0,1200.068984721292,14.949157968111571,14.952367306934551,15.124834244384239,15.0
3.088999999999771,1200.0,1200.0687803504397,14.950352439366645,14.95352798026714,15.124817722749565,15.0
3.0899999999997707,1200.0,1200.0685657844738,14.951528492666693,14.95466754518819,15.124804446862367,15.0
3.0909999999997706,1200.0,1200.0683424596598,14.95268586376927,14.955786091501826,15.124794117708337,15.0
3.0919999999997705,1200.0,1200.0681116720755,14.95382431289206,14.95688369898117,15.124786430808781,15.0
3.0929999999997704,1200.0,1200.0678745807024,14.954943636803076,14.957960452482892,15.1247810915152,15.0
3.0939999999997703,1200.0,1200.0676322153888,14.956043675093932,14.959016451044285,15.124777824211794,15.0
3.09499999999977,1200.0,1200.067385487457,14.957124312315225,14.960051812639442,15.124776377123204,15.0
3.09599999999977,1200.0,1200.0671352014137,14.958185477311714,14.961066675933939,15.124776524082975,15.0
3.09699999999977,1200.0,1200.0668820667272,14.959227140785499,14.962061200070835,15.124778064307886,15.0
3.09799999999977,1200.0,1200.0666267090342,14.960249311848612,14.963035563257337,15.12478082095641,15.0
3.0989999999997697,1200.0,1200.066369680425,14.961252034106936,14.963989960703568,15.124784639029105,15.0
3.0999999999997696,1200.0,1200.0661114686413,14.962235381643755,14.964924602292912,15.12478938299483,15.0
3.1009999999997695,1200.0,1200.0658525051563,14.9631994551398,14.965839710232615,15.124794934394245,15.0
3.1019999999997694,1200.0,1200.0655931721865,14.964144378267806,14.966735516834802,15.124801189572624,15.0
3.1029999999997693,1200.0,1200.0653338087316,14.965070294432,14.967612262510317,15.124808057625323,15.0
3.103999999999769,1200.0,1200.0650747157513,14.965977363874202,14.96847019400859,15.124815458589696,15.0
3.104999999999769,1200.0,1200.0648161605982,14.96686576114068,14.96930956290878,15.124823321888833,15.0
3.105999999999769,1200.0,1200.0645583808205,14.967735672883343,14.97013062434594,15.124831585010993,15.0
3.106999999999769,1200.0,1200.0643015874364,14.96858729596312,14.970933635949654,15.124840192401948,15.0
3.1079999999997687,1200.0,1200.0640459677647,14.969420835816175,14.971718856964452,15.12484909453947,15.0
3.1089999999997686,1200.0,1200.0637916878886,14.970236505049114,14.972486547526058,15.124858247163958,15.0
3.1099999999997685,1200.0,1200.063538894818,14.97103452222675,14.973236968064304,15.124867610635746,15.0
3.1109999999997684,1200.0,1200.063287718392,14.97181511082382,14.97397037881057,15.124877149397015,15.0
3.1119999999997683,1200.0,1200.0630382729717,14.972578498314657,14.974687039389512,15.124886831517912,15.0
3.112999999999768,1200.0,1200.062790658949,14.97332491537873,14.97538720847837,15.124896628310129,15.0
3.113999999999768,1200.0,1200.0625449641022,14.974054595203237,14.976071143519727,15.12490651399383,15.0
3.114999999999768,1200.0,1200.0623012648123,14.974767772869422,14.976739100478571,15.124916465408766,15.0
3.115999999999768,1200.0,1200.062059627167,14.975464684809246,14.9773913336342,15.124926461760115,15.0
3.1169999999997677,1200.0,1200.061820107956,14.976145568323119,14.978028095401086,15.124936484393182,15.0
3.1179999999997676,1200.0,1200.0615827555766,14.97681066115063,14.97864963617369,15.124946516592036,15.0
3.1189999999997675,1200.0,1200.0613476108517,14.977460201087696,14.97925620419144,15.124956543398268,15.0
3.1199999999997674,1200.0,1200.0611147077748,14.978094425644615,14.97984804542096,15.124966551447002,15.0
3.1209999999997673,1200.0,1200.060884074186,14.978713571741313,14.980425403453964,15.12497652881872,15.0
3.121999999999767,1200.0,1200.060655732387,14.979317875434559,14.980988519417709,15.124986464903616,15.0
3.122999999999767,1200.0,1200.060429699694,14.979907571675199,14.98153763189794,15.124996350278678,15.0
3.123999999999767,1200.0,1200.0602059889468,14.98048289409216,14.982072976872669,15.1250061765957,15.0
3.124999999999767,1200.0,1200.0599846089638,14.981044074800312,14.98259478765543,15.125015936479025,15.0
3.1259999999997667,1200.0,1200.0597655649574,14.981591344230171,14.983103294847389,15.125025623432293,15.0
3.1269999999997666,1200.0,1200.05954885891,14.982124930978019,14.983598726297998,15.125035231754044,15.0
3.1279999999997665,1200.0,1200.0593344899125,14.982645061673518,14.984081307072627,15.12504475646051,15.0
3.1289999999997664,1200.0,1200.059122454474,14.983151960864367,14.9845512594274,15.125054193215961,15.0
3.1299999999997663,1200.0,1200.0589127467968,14.983645850914943,14.985008802789464,15.125063538268737,15.0
3.130999999999766,1200.0,1200.058705359031,14.984126951919446,14.985454153743694,15.125072788394041,15.0
3.131999999999766,1200.0,1200.0585002814987,14.984595481626425,14.985887526023772,15.12508194084147,15.0
3.132999999999766,1200.0,1200.058297502902,14.985051655374802,14.986309130508179,15.12509099328777,15.0
3.133999999999766,1200.0,1200.0580970105052,14.98549568603971,14.986719175220198,15.125099943793986,15.0
3.1349999999997658,1200.0,1200.057898790304,14.985927783987487,14.987117865331761,15.125108790766834,15.0
3.1359999999997656,1200.0,1200.0577028271769,14.986348157038652,14.987505403170502,15.125117532923582,15.0
3.1369999999997655,1200.0,1200.0575091050182,14.986757010437953,14.987881988229523,15.125126169260124,15.0
3.1379999999997654,1200.0,1200.0573176068658,14.987154546831793,14.98824781718061,15.125134699022809,15.0
3.1389999999997653,1200.0,1200.0571283150082,14.987540966250542,14.988603083888792,15.125143121682079,15.0
3.139999999999765,1200.0,1200.0569412110854,14.98791646609689,14.988947979429776,15.125151436909293,15.0
3.140999999999765,1200.0,1200.0567562761785,14.988281241138495,14.989282692108702,15.12515964455536,15.0
3.141999999999765,1200.0,1200.0565734908926,14.988635483505533,14.989607407481197,15.12516774463202,15.0
3.142999999999765,1200.0,1200.0563928354281,14.988979382691323,14.989922308375164,15.125175737294294,15.0
3.1439999999997648,1200.0,1200.0562142896467,14.989313125556805,14.990227574914234,15.125183622824977,15.0
3.1449999999997647,1200.0,1200.056037833131,14.989636896337762,14.990523384542037,15.125191401620405,15.0
3.1459999999997645,1200.0,1200.0558634452377,14.989950876655223,14.9908099120479,15.125199074178003,15.0
3.1469999999997644,1200.0,1200.0556911051447,14.99025524552777,14.991087329592867,15.125206641084613,15.0
3.1479999999997643,1200.0,1200.0555207918947,14.990550179386462,14.991355806736854,15.125214103006371,15.0
3.148999999999764,1200.0,1200.0553524844343,14.990835852091044,14.991615510465882,15.125221460679025,15.0
3.149999999999764,1200.0,1200.055186161647,14.991112434948295,14.991866605220192,15.125228714899603,15.0
3.150999999999764,1200.0,1200.0550218023857,14.991380096731932,14.992109252922896,15.12523586651897,15.0
3.151999999999764,1200.0,1200.0548593854987,14.991639003703382,14.992343613008531,15.125242916434772,15.0
3.1529999999997638,1200.0,1200.0546988898568,14.991889319634028,14.992569842452223,15.125249865585321,15.0
3.1539999999997637,1200.0,1200.0545402943728,14.992131205828404,14.992788095799023,15.125256714944117,15.0
3.1549999999997635,1200.0,1200.0543835780236,14.99236482114796,14.992998525193098,15.125263465514577,15.0
3.1559999999997634,1200.0,1200.0542287198655,14.992590322035783,14.993201280407245,15.125270118325561,15.0
3.1569999999997633,1200.0,1200.0540756990522,14.992807862542273,14.993396508872792,15.125276674427612,15.0
3.157999999999763,1200.0,1200.0539244948461,14.993017594350517,14.993584355708672,15.125283134888807,15.0
3.158999999999763,1200.0,1200.0537750866329,14.993219666802997,14.993764963751342,15.125289500791872,15.0
3.159999999999763,1200.0,1200.05362745393,14.993414226927973,14.993938473584036,15.125295773230935,15.0
3.160999999999763,1200.0,1200.053481576398,14.99360141946666,14.994105023566286,15.125301953309075,15.0
3.161999999999763,1200.0,1200.0533374338486,14.993781386900423,14.994264749863264,15.125308042135927,15.0
3.1629999999997627,1200.0,1200.0531950062507,14.993954269477669,14.994417786474447,15.125314040825156,15.0
3.1639999999997626,1200.0,1200.0530542737374,14.994120205241881,14.99456426526312,15.125319950493004,15.0
3.1649999999997624,1200.0,1200.0529152166125,14.994279330059104,14.994704315985135,15.125325772256573,15.0
3.1659999999997623,1200.0,1200.0527778153528,14.994431777645154,14.994838066317133,15.125331507231916,15.0
3.1669999999997622,1200.0,1200.0526420506142,14.994577679593357,14.994965641885113,15.125337156532835,15.0
3.167999999999762,1200.0,1200.052507903234,14.994717165402385,14.995087166292878,15.125342721269954,15.0
3.168999999999762,1200.0,1200.052375354234,14.994850362503248,14.995202761149555,15.125348202549201,15.0
3.169999999999762,1200.0,1200.052244384823,14.994977396286965,14.995312546097528,15.125353601471119,15.0
3.170999999999762,1200.0,1200.052114976398,14.99509839013167,14.99541663883979,15.125358919129892,15.0
3.1719999999997617,1200.0,1200.051987110545,14.995213465429767,14.995515155167153,15.12536415661265,15.0
3.1729999999997616,1200.0,1200.051860769042,14.995322741614736,14.995608208985052,15.125369314998672,15.0
3.1739999999997615,1200.0,1200.051735933858,14.995426336188315,14.995695912340567,15.125374395359204,15.0
3.1749999999997613,1200.0,1200.0516125871543,14.995524364746585,14.995778375448339,15.125379398756468,15.0
3.1759999999997612,1200.0,1200.0514907112836,14.995616941006553,14.99585570671685,15.125384326243434,15.0
3.176999999999761,1200.0,1200.051370288792,14.995704176832206,14.995928012774161,15.125389178863355,15.0
3.177999999999761,1200.0,1200.0512513024155,14.995786182260577,14.995995398493543,15.125393957649546,15.0
3.178999999999761,1200.0,1200.051133735082,14.995863065527443,14.996057967018729,15.125398663625116,15.0
3.179999999999761,1200.0,1200.05101756991,14.995934933092654,14.996115819788757,15.125403297802624,15.0
3.1809999999997607,1200.0,1200.0509027902074,14.996001889665314,14.996169056562582,15.125407861183824,15.0
3.1819999999997606,1200.0,1200.0507893794704,14.996064038228914,14.996217775443657,15.125412354759744,15.0
3.1829999999997605,1200.0,1200.0506773213838,14.99612148006585,14.996262072903816,15.1254167795103,15.0
3.1839999999997604,1200.0,1200.0505665998178,14.996174314782003,14.996302043807237,15.125421136404434,15.0
3.1849999999997602,1200.0,1200.0504571988283,14.996222640330485,14.996337781433533,15.125425426399545,15.0
3.18599999999976,1200.0,1200.050349102655,14.99626655303623,14.996369377501631,15.125429650442186,15.0
3.18699999999976,1200.0,1200.050242295719,14.996306147618979,14.9963969221921,15.125433809467353,15.0
3.18799999999976,1200.0,1200.0501367626246,14.99634151721705,14.996420504170194,15.125437904398927,15.0
3.18899999999976,1200.0,1200.0500324881525,14.996372753409956,14.996440210607746,15.125441936149189,15.0
3.1899999999997597,1200.0,1200.0499294572635,14.996399946241713,14.996456127205738,15.12544590561932,15.0
3.1909999999997596,1200.0,1200.049827655093,14.99642318424309,14.996468338215834,15.125449813699216,15.0
3.1919999999997595,1200.0,1200.0497270669518,14.996442554453944,14.99647692646194,15.125453661267528,15.0
3.1929999999997594,1200.0,1200.0496276783233,14.996458142444983,14.996481973361242,15.12545744919155,15.0
3.1939999999997593,1200.0,1200.049529474862,14.99647003234002,14.996483558945679,15.125461178327786,15.0
3.194999999999759,1200.0,1200.0494324423923,14.996478306836815,14.996481761882068,15.12546484952145,15.0
3.195999999999759,1200.0,1200.0493365669054,14.996483047228287,14.99647665949252,15.125468463606552,15.0
3.196999999999759,1200.0,1200.0492418345589,14.996484333423915,14.996468327775128,15.125472021406537,15.0
3.197999999999759,1200.0,1200.0491482316745,14.996482243970032,14.996456841423443,15.125475523733943,15.0
3.1989999999997587,1200.0,1200.0490557447372,14.996476856069915,14.996442273845892,15.12547897139033,15.0
3.1999999999997586,1200.0,1200.0489643603912,14.99646824560442,14.996424697185606,15.125482365166826,15.0
3.2009999999997585,1200.0,1200.0488740654405,14.996456487151548,14.996404182339262,15.125485705843982,15.0
3.2019999999997584,1200.0,1200.048784846846,14.996441654005947,14.996380798975833,15.125488994191814,15.0
3.2029999999997583,1200.0,1200.0486966917251,14.996423818198272,14.996354615555228,15.125492230969936,15.0
3.203999999999758,1200.0,1200.0486095873475,14.996403050514532,14.99632569934689,15.125495416927949,15.0
3.204999999999758,1200.0,1200.0485235211358,14.996379420514353,14.996294116447338,15.125498552805013,15.0
3.205999999999758,1200.0,1200.0484384806623,14.996352996549955,14.99625993179843,15.125501639330377,15.0
3.206999999999758,1200.0,1200.048354453648,14.99632384578436,14.996223209204846,15.125504677223393,15.0
3.2079999999997577,1200.0,1200.048271427961,14.996292034209443,14.996184011351433,15.12550766719363,15.0
3.2089999999997576,1200.0,1200.0481893916146,14.996257626663734,14.996142399820316,15.125510609940942,15.0
3.2099999999997575,1200.0,1200.048108332765,14.996220686849684,14.996098435107436,15.125513506155318,15.0
3.2109999999997574,1200.0,1200.0480282397107,14.996181277351658,14.996052176639907,15.125516356517625,15.0
3.2119999999997573,1200.0,1200.0479491008907,14.99613945965258,14.996003682791928,15.125519161699298,15.0
3.212999999999757,1200.0,1200.0478709048818,14.99609529415072,14.995953010900925,15.125521922362339,15.0
3.213999999999757,1200.0,1200.0477936403977,14.996048840176465,14.99590021728366,15.125524639159615,15.0
3.214999999999757,1200.0,1200.0477172962878,14.996000156008888,14.995845357252104,15.125527312735118,15.0
3.215999999999757,1200.0,1200.0476418615353,14.995949298891814,14.995788485128893,15.125529943723958,15.0
3.2169999999997567,1200.0,1200.047567325255,14.995896325049477,14.995729654262309,15.125532532752239,15.0
3.2179999999997566,1200.0,1200.0474936766923,14.995841289702579,14.995668917041733,15.125535080437439,15.0
3.2189999999997565,1200.0,1200.0474209052225,14.99578424708377,14.995606324912458,15.125537587388514,15.0
3.2199999999997564,1200.0,1200.0473490003471,14.995725250452734,14.995541928390178,15.125540054205818,15.0
3.2209999999997563,1200.0,1200.0472779516945,14.995664352111682,14.99547577707586,15.125542481481606,15.0
3.221999999999756,1200.0,1200.047207749017,14.995601603419512,14.99540791966929,15.125544869799462,15.0
3.222999999999756,1200.0,1200.0471383821903,14.995537054807254,14.99533840398394,15.125547219735166,15.0
3.223999999999756,1200.0,1200.0470698412107,14.99547075579187,14.995267276960135,15.125549531856157,15.0
3.224999999999756,1200.0,1200.0470021161964,14.99540275499104,14.9951945846793,15.125551806722207,15.0
3.2259999999997557,1200.0,1200.0469351973825,14.995333100136735,14.995120372376915,15.125554044885,15.0
3.2269999999997556,1200.0,1200.046869075122,14.99526183808951,14.99504468445627,15.125556246888728,15.0
3.2279999999997555,1200.0,1200.0468037398834,14.995189014851661,14.994967564501044,15.125558413269673,15.0
3.2289999999997554,1200.0,1200.0467391822501,14.995114675581137,14.994889055288647,15.125560544556762,15.0
3.2299999999997553,1200.0,1200.046675392918,14.99503886460448,14.994809198802649,15.125562641271376,15.0
3.230999999999755,1200.0,1200.0466123626948,14.994961625430212,14.99472803624558,15.125564703927711,15.0
3.231999999999755,1200.0,1200.0465500824992,14.99488300076153,14.994645608051133,15.125566733032723,15.0
3.232999999999755,1200.0,1200.046488543358,14.994803032508848,14.99456195389614,15.125568729086034,15.0
3.233999999999755,1200.0,1200.0464277364065,14.99472176180258,14.994477112712872,15.125570692580297,15.0
3.2349999999997547,1200.0,1200.046367652886,14.994639229005445,14.994391122700799,15.125572624001244,15.0
3.2359999999997546,1200.0,1200.0463082841425,14.994555473724612,14.99430402133824,15.12557452382778,15.0
3.2369999999997545,1200.0,1200.046249621627,14.994470534823659,14.994215845393828,15.125576392532025,15.0
3.2379999999997544,1200.0,1200.0461916568922,14.99438445043434,14.99412663093778,15.125578230579354,15.0
3.2389999999997543,1200.0,1200.0461343815925,14.994297257968332,14.994036413353149,15.125580038428593,15.0
3.239999999999754,1200.0,1200.046077787483,14.994208994128668,14.993945227346781,15.125581816532039,15.0
3.240999999999754,1200.0,1200.0460218664168,14.994119694921071,14.993853106960195,15.125583565335615,15.0
3.241999999999754,1200.0,1200.0459666103452,14.994029395665175,14.993760085580293,15.125585285278976,15.0
3.242999999999754,1200.0,1200.0459120113164,14.993938131005418,14.993666195949837,15.125586976795521,15.0
3.2439999999997537,1200.0,1200.045858061474,14.99384593492171,14.993571470177638,15.12558864031234,15.0
3.2449999999997536,1200.0,1200.045804753055,14.993752840740491,14.993475939749166,15.125590276250627,15.0
3.2459999999997535,1200.0,1200.0457520783912,14.99365888114506,14.993379635536442,15.12559188502564,15.0
3.2469999999997534,1200.0,1200.0457000299052,14.993564088185671,14.993282587807698,15.125593467046468,15.0
3.2479999999997533,1200.0,1200.0456486001108,14.993468493290163,14.993184826237572,15.125595022716558,15.0
3.248999999999753,1200.0,1200.0455977816118,14.993372127273865,14.9930863799166,15.125596552433638,15.0
3.249999999999753,1200.0,1200.0455475671008,14.993275020349413,14.992987277360594,15.12559805658966,15.0
3.250999999999753,1200.0,1200.0454979493577,14.9931772021366,14.992887546520096,15.125599535571016,15.0
3.251999999999753,1200.0,1200.045448921249,14.993078701672239,14.992787214789823,15.125600989758802,15.0
3.2529999999997528,1200.0,1200.045400475728,14.992979547419083,14.992686309017193,15.125602419528361,15.0
3.2539999999997526,1200.0,1200.045352605831,14.992879767275642,14.992584855511748,15.12560382524981,15.0
3.2549999999997525,1200.0,1200.045305304679,14.992779388585252,14.992482880053808,15.125605207287974,15.0
3.2559999999997524,1200.0,1200.0452585654748,14.992678438145097,14.99238040790315,15.125606566002439,15.0
3.2569999999997523,1200.0,1200.0452123815037,14.992576942215253,14.992277463807637,15.12560790174771,15.0
3.257999999999752,1200.0,1200.04516674613,14.992474926527295,14.992174072011462,15.125609214873059,15.0
3.258999999999752,1200.0,1200.045121652799,14.992372416293165,14.992070256263647,15.125610505722827,15.0
3.259999999999752,1200.0,1200.0450770950342,14.99226943621375,14.991966039826249,15.125611774636496,15.0
3.260999999999752,1200.0,1200.0450330664362,14.992166010487212,14.99186144548235,15.125613021948705,15.0
3.2619999999997518,1200.0,1200.0449895606837,14.992062162817161,14.991756495543854,15.125614247989143,15.0
3.2629999999997517,1200.0,1200.0449465715303,14.99195791642107,14.991651211859564,15.125615453082895,15.0
3.2639999999997515,1200.0,1200.0449040928045,14.991853294037975,14.991545615822536,15.125616637550156,15.0
3.2649999999997514,1200.0,1200.044862118409,14.99174831793694,14.991439728378204,15.125617801706817,15.0
3.2659999999997513,1200.0,1200.04482064232,14.991643009924472,14.991333570031445,15.12561894586415,15.0
3.266999999999751,1200.0,1200.0447796585854,14.991537391352121,14.991227160853892,15.125620070328758,15.0
3.267999999999751,1200.0,1200.0447391613243,14.991431483124392,14.991120520491464,15.125621175402973,15.0
3.268999999999751,1200.0,1200.0446991447272,14.99132530570611,14.991013668171457,15.125622261384834,15.0
3.269999999999751,1200.0,1200.0446596030542,14.991218879129542,14.990906622709309,15.125623328567896,15.0
3.2709999999997508,1200.0,1200.0446205306334,14.991112223001938,14.990799402515865,15.125624377241579,15.0
3.2719999999997507,1200.0,1200.0445819218614,14.991005356512588,14.990692025604119,15.125625407691214,15.0
3.2729999999997506,1200.0,1200.0445437712026,14.990898298439713,14.99058450959577,15.125626420197856,15.0
3.2739999999997504,1200.0,1200.0445060731868,14.990791067157348,14.990476871727843,15.125627415038398,15.0
3.2749999999997503,1200.0,1200.0444688224093,14.99068368064264,14.990369128859683,15.125628392486066,15.0
3.2759999999997502,1200.0,1200.0444320135312,14.990576156482005,14.99026129747881,15.125629352809923,15.0
3.27699999999975,1200.0,1200.0443956412767,14.990468511877989,14.990153393707491,15.125630296275162,15.0
3.27799999999975,1200.0,1200.0443597004337,14.990360763655692,14.990045433308916,15.125631223143127,15.0
3.27899999999975,1200.0,1200.044324185853,14.990252928269369,14.989937431693468,15.12563213367146,15.0
3.27999999999975,1200.0,1200.0442890924467,14.990145021808443,14.989829403924498,15.125633028113924,15.0
3.2809999999997497,1200.0,1200.0442544151879,14.990037060003955,14.989721364724504,15.12563390672067,15.0
3.2819999999997496,1200.0,1200.0442201491098,14.989929058234518,14.989613328480804,15.125634769738104,15.0
3.2829999999997495,1200.0,1200.0441862893051,14.98982103153259,14.989505309251546,15.12563561740919,15.0
3.2839999999997493,1200.0,1200.044152830926,14.989712994590278,14.989397320771262,15.12563644997334,15.0
3.2849999999997492,1200.0,1200.044119769182,14.989604961765146,14.989289376456414,15.125637267666464,15.0
3.285999999999749,1200.0,1200.0440870993407,14.989496947086076,14.989181489411003,15.125638070721074,15.0
3.286999999999749,1200.0,1200.044054816726,14.989388964258731,14.989073672431791,15.125638859366152,15.0
3.287999999999749,1200.0,1200.0440229167182,14.989281026671437,14.988965938013926,15.125639633827483,15.0
3.288999999999749,1200.0,1200.0439913947523,14.98917314740049,14.988858298356021,15.125640394327508,15.0
3.2899999999997487,1200.0,1200.0439602463189,14.989065339215571,14.988750765365317,15.125641141085385,15.0
3.2909999999997486,1200.0,1200.043929466962,14.988957614585223,14.988643350662944,15.125641874317163,15.0
3.2919999999997485,1200.0,1200.043899052279,14.988849985681895,14.988536065588713,15.125642594235622,15.0
3.2929999999997484,1200.0,1200.0438689979208,14.988742464387412,14.98842892120636,15.125643301050602,15.0
3.2939999999997482,1200.0,1200.0438392995898,14.988635062297552,14.988321928307931,15.125643994968584,15.0
3.294999999999748,1200.0,1200.0438099530397,14.988527790727534,14.988215097419006,15.125644676193172,15.0
3.295999999999748,1200.0,1200.0437809540758,14.988420660717015,14.988108438803497,15.125645344925193,15.0
3.296999999999748,1200.0,1200.043752298553,14.988313683034365,14.988001962467713,15.125646001362181,15.0
3.297999999999748,1200.0,1200.0437239823764,14.988206868181981,14.987895678165444,15.125646645698927,15.0
3.2989999999997477,1200.0,1200.0436960014997,14.988100226400833,14.98778959540233,15.1256472781274,15.0
3.2999999999997476,1200.0,1200.0436683519256,14.987993767675082,14.987683723440231,15.125647898836707,15.0
3.3009999999997475,1200.0,1200.0436410297038,14.987887501736596,14.987578071301579,15.125648508013144,15.0
3.3019999999997474,1200.0,1200.0436140309325,14.987781438069604,14.987472647773801,15.125649105840356,15.0
3.3029999999997472,1200.0,1200.043587351756,14.987675585914767,14.987367461413223,15.125649692499053,15.0
3.303999999999747,1200.0,1200.0435609883648,14.987569954274182,14.987262520549855,15.125650268167703,15.0
3.304999999999747,1200.0,1200.043534936995,14.987464551914798,14.987157833290619,15.12565083302166,15.0
3.305999999999747,1200.0,1200.0435091939278,14.987359387373282,14.987053407524048,15.125651387233894,15.0
3.306999999999747,1200.0,1200.0434837554892,14.987254468960197,14.986949250924242,15.12565193097505,15.0
3.3079999999997467,1200.0,1200.0434586180488,14.98714980476357,14.986845370954288,15.125652464412926,15.0
3.3089999999997466,1200.0,1200.0434337780207,14.98704540265337,14.986741774870525,15.125652987712998,15.0
3.3099999999997465,1200.0,1200.0434092318603,14.986941270285223,14.986638469726126,15.125653501038231,15.0
3.3109999999997464,1200.0,1200.043384976067,14.986837415104302,14.986535462374759,15.125654004549048,15.0
3.3119999999997463,1200.0,1200.0433610071811,14.986733844349594,14.98643275947472,15.125654498403854,15.0
3.312999999999746,1200.0,1200.0433373217852,14.986630565056979,14.986330367491828,15.125654982758332,15.0
3.313999999999746,1200.0,1200.0433139165018,14.986527584063525,14.986228292703542,15.12565545776609,15.0
3.314999999999746,1200.0,1200.0432907879947,14.986424908010811,14.986126541202147,15.125655923578321,15.0
3.315999999999746,1200.0,1200.0432679329672,14.986322543348635,14.986025118898262,15.125656380343994,15.0
3.3169999999997457,1200.0,1200.0432453481624,14.98622049633851,14.985924031524217,15.125656828209793,15.0
3.3179999999997456,1200.0,1200.0432230303622,14.986118773057498,14.985823284637691,15.12565726732053,15.0
3.3189999999997455,1200.0,1200.043200976387,14.986017379401078,14.985722883624442,15.125657697818596,15.0
3.3199999999997454,1200.0,1200.0431791830952,14.985916321086677,14.98562283370169,15.125658119844166,15.0
3.3209999999997453,1200.0,1200.0431576473832,14.985815603657421,14.985523139921694,15.125658533535624,15.0
3.321999999999745,1200.0,1200.0431363661844,14.985715232484683,14.985423807174188,15.125658939028918,15.0
3.322999999999745,1200.0,1200.0431153364686,14.985615212772085,14.9853248401902,15.125659336458352,15.0
3.323999999999745,1200.0,1200.0430945552419,14.98551554955799,14.985226243544405,15.125659725955922,15.0
3.324999999999745,1200.0,1200.0430740195468,14.985416247719073,14.985128021658578,15.125660107651843,15.0
3.3259999999997447,1200.0,1200.0430537264608,14.985317311973033,14.985030178804148,15.125660481674204,15.0
3.3269999999997446,1200.0,1200.043033673096,14.985218746881973,14.984932719105428,15.125660848149352,15.0
3.3279999999997445,1200.0,1200.0430138566003,14.98512055685517,14.984835646542264,15.125661207201734,15.0
3.3289999999997444,1200.0,1200.0429942741544,14.98502274615174,14.984738964952578,15.125661558953688,15.0
3.3299999999997443,1200.0,1200.0429749229731,14.984925318883944,14.98464267803551,15.125661903525863,15.0
3.330999999999744,1200.0,1200.042955800305,14.984828279019986,14.984546789354102,15.125662241037247,15.0
3.331999999999744,1200.0,1200.0429369034314,14.984731630386365,14.984451302337524,15.125662571604758,15.0
3.332999999999744,1200.0,1200.0429182296657,14.98463537667106,14.98435622028414,15.12566289534374,15.0
3.333999999999744,1200.0,1200.0428997763543,14.984539521426058,14.98426154636389,15.125663212367783,15.0
3.3349999999997437,1200.0,1200.042881540875,14.984444068069893,14.98416728362071,15.12566352278868,15.0
3.3359999999997436,1200.0,1200.0428635206363,14.984349019890425,14.984073434975212,15.125663826716607,15.0
3.3369999999997435,1200.0,1200.0428457130786,14.98425438004724,14.983980003226941,15.125664124259995,15.0
3.3379999999997434,1200.0,1200.0428281156724,14.984160151574287,14.983886991056904,15.12566441552567,15.0
3.3389999999997433,1200.0,1200.0428107259186,14.984066337382478,14.983794401030053,15.125664700619001,15.0
3.339999999999743,1200.0,1200.0427935413486,14.983972940261664,14.983702235597146,15.125664979643446,15.0
3.340999999999743,1200.0,1200.0427765595225,14.98387996288356,14.98361049709756,15.125665252701118,15.0
3.341999999999743,1200.0,1200.0427597780294,14.98378740780381,14.983519187761257,15.125665519892532,15.0
3.342999999999743,1200.0,1200.0427431944884,14.983695277464403,14.983428309711057,15.125665781316666,15.0
3.3439999999997427,1200.0,1200.042726806546,14.983603574195982,14.983337864964884,15.125666037071072,15.0
3.3449999999997426,1200.0,1200.042710611877,14.983512300219804,14.983247855437593,15.125666287251594,15.0
3.3459999999997425,1200.0,1200.0426946081848,14.983421457650493,14.98315828294362,15.125666531952904,15.0
3.3469999999997424,1200.0,1200.0426787931997,14.98333104849758,14.983069149198421,15.125666771267937,15.0
3.3479999999997423,1200.0,1200.0426631646785,14.983241074668259,14.982980455821139,15.125667005288527,15.0
3.348999999999742,1200.0,1200.0426477204062,14.983151537968924,14.982892204336023,15.125667234104835,15.0
3.349999999999742,1200.0,1200.0426324581933,14.983062440107625,14.982804396174812,15.125667457805793,15.0
3.350999999999742,1200.0,1200.042617375877,14.982973782695927,14.982717032678451,15.125667676478926,15.0
3.351999999999742,1200.0,1200.0426024713192,14.982885567250865,14.982630115099019,15.125667890210366,15.0
3.3529999999997417,1200.0,1200.042587742409,14.98279779519712,14.982543644601735,15.125668099085047,15.0
3.3539999999997416,1200.0,1200.04257318706,14.982710467868703,14.982457622266608,15.125668303186501,15.0
3.3549999999997415,1200.0,1200.042558803211,14.98262358651106,14.982372049090428,15.12566850259708,15.0
3.3559999999997414,1200.0,1200.0425445888245,14.982537152282644,14.98228692598825,15.125668697397687,15.0
3.3569999999997413,1200.0,1200.042530541889,14.982451166257182,14.982202253795561,15.12566888766819,15.0
3.357999999999741,1200.0,1200.042516660415,14.982365629424901,14.982118033269463,15.125669073486947,15.0
3.358999999999741,1200.0,1200.042502942439,14.982280542695104,14.982034265091094,15.125669254931504,15.0
3.359999999999741,1200.0,1200.0424893860186,14.98219590689704,14.981950949866478,15.125669432077844,15.0
3.360999999999741,1200.0,1200.0424759892371,14.982111722782196,14.981868088128705,15.125669605000958,15.0
3.3619999999997408,1200.0,1200.0424627501986,14.982027991025804,14.981785680339344,15.125669773774627,15.0
3.3629999999997406,1200.0,1200.0424496670312,14.981944712228529,14.981703726890082,15.125669938471557,15.0
3.3639999999997405,1200.0,1200.0424367378844,14.981861886918047,14.9816222281042,15.125670099163276,15.0
3.3649999999997404,1200.0,1200.0424239609301,14.981779515550636,14.981541184238091,15.125670255920182,15.0
3.3659999999997403,1200.0,1200.0424113343634,14.981697598512907,14.981460595482918,15.12567040881169,15.0
3.36699999999974,1200.0,1200.0423988563987,14.981616136123035,14.981380461965774,15.125670557905966,15.0
3.36799999999974,1200.0,1200.0423865252733,14.981535128632549,14.981300783751369,15.125670703270167,15.0
3.36899999999974,1200.0,1200.0423743392448,14.981454576227852,14.981221560843526,15.125670844970525,15.0
3.36999999999974,1200.0,1200.042362296592,14.981374479031471,14.981142793186306,15.12567098307211,15.0
3.3709999999997398,1200.0,1200.0423503956144,14.981294837103706,14.981064480665626,15.12567111763909,15.0
3.3719999999997397,1200.0,1200.0423386346313,14.981215650443835,14.98098662311038,15.125671248734502,15.0
3.3729999999997395,1200.0,1200.0423270119827,14.981136918991712,14.98090922029395,15.125671376420474,15.0
3.3739999999997394,1200.0,1200.0423155260276,14.981058642628918,14.98083227193533,15.125671500758028,15.0
3.3749999999997393,1200.0,1200.0423041751449,14.98098082118045,14.980755777700695,15.125671621807435,15.0
3.375999999999739,1200.0,1200.0422929577337,14.980903454415817,14.980679737204486,15.125671739628014,15.0
3.376999999999739,1200.0,1200.0422818722109,14.980826542050165,14.980604150010432,15.12567185427795,15.0
3.377999999999739,1200.0,1200.0422709170134,14.980750083745836,14.980529015633058,15.125671965814606,15.0
3.378999999999739,1200.0,1200.042260090596,14.980674079113689,14.980454333538942,15.125672074294595,15.0
3.3799999999997388,1200.0,1200.0422493914327,14.980598527713946,14.980380103147501,15.125672179773417,15.0
3.3809999999997387,1200.0,1200.0422388180145,14.980523429057797,14.980306323832533,15.125672282305839,15.0
3.3819999999997385,1200.0,1200.0422283688515,14.980448782608292,14.980232994923059,15.125672381945666,15.0
3.3829999999997384,1200.0,1200.0422180424714,14.980374587781785,14.980160115704672,15.125672478745946,15.0
3.3839999999997383,1200.0,1200.0422078374193,14.980300843948795,14.980087685420408,15.125672572758788,15.0
3.384999999999738,1200.0,1200.0421977522576,14.980227550435517,14.98001570327211,15.125672664035683,15.0
3.385999999999738,1200.0,1200.0421877855658,14.980154706524258,14.979944168420904,15.125672752626896,15.0
3.386999999999738,1200.0,1200.0421779359408,14.980082311455442,14.979873079989055,15.125672838582346,15.0
3.387999999999738,1200.0,1200.042168201996,14.980010364427912,14.979802437060297,15.125672921950898,15.0
3.3889999999997378,1200.0,1200.042158582361,14.979938864600257,14.979732238681056,15.125673002780628,15.0
3.3899999999997377,1200.0,1200.0421490756817,14.979867811092037,14.979662483861624,15.125673081119022,15.0
3.3909999999997376,1200.0,1200.0421396806207,14.979797202984491,14.979593171576838,15.1256731570127,15.0
3.3919999999997374,1200.0,1200.0421303958565,14.979727039321665,14.979524300767144,15.125673230507562,15.0
3.3929999999997373,1200.0,1200.0421212200833,14.979657319111391,14.979455870339528,15.12567330164878,15.0
3.3939999999997372,1200.0,1200.0421121520108,14.979588041326144,14.979387879168312,15.125673370480728,15.0
3.394999999999737,1200.0,1200.0421031903636,14.97951920490401,14.9793203260961,15.125673437047013,15.0
3.395999999999737,1200.0,1200.0420943338825,14.979450808749933,14.97925320993494,15.125673501390805,15.0
3.396999999999737,1200.0,1200.0420855813222,14.97938285173607,14.979186529466668,15.12567356355429,15.0
3.397999999999737,1200.0,1200.042076931453,14.979315332703239,14.979120283444285,15.125673623579264,15.0
3.3989999999997367,1200.0,1200.04206838306,14.97924825046131,14.979054470592306,15.12567368150661,15.0
3.3999999999997366,1200.0,1200.0420599349425,14.9791816037903,14.97898908960782,15.125673737376594,15.0
3.4009999999997365,1200.0,1200.042051585914,14.979115391441312,14.978924139161382,15.125673791228943,15.0
3.4019999999997363,1200.0,1200.0420433348017,14.97904961213708,14.978859617897506,15.125673843102586,15.0
3.4029999999997362,1200.0,1200.042035180448,14.978984264573072,14.978795524435721,15.125673893035943,15.0
3.403999999999736,1200.0,1200.0420271217079,14.978919347418174,14.978731857371237,15.125673941066824,15.0
3.404999999999736,1200.0,1200.042019157451,14.978854859315424,14.978668615275613,15.12567398723239,15.0
3.405999999999736,1200.0,1200.0420112865597,14.978790798882725,14.978605796697435,15.125674031569112,15.0
3.406999999999736,1200.0,1200.04200350793,14.978727164713732,14.978543400163177,15.125674074112911,15.0
3.4079999999997357,1200.0,1200.0419958204711,14.978663955378611,14.978481424177891,15.12567411489918,15.0
3.4089999999997356,1200.0,1200.0419882231047,14.978601169424705,14.978419867225869,15.125674153962743,15.0
3.4099999999997355,1200.0,1200.041980714766,14.97853880537713,14.97835872777117,15.125674191337737,15.0
3.4109999999997354,1200.0,1200.0419732944026,14.978476861739699,14.978298004258521,15.125674227057852,15.0
3.4119999999997352,1200.0,1200.041965960975,14.978415336995488,14.978237695113854,15.12567426115623,15.0
3.412999999999735,1200.0,1200.0419587134552,14.97835422960741,14.978177798744825,15.125674293665341,15.0
3.413999999999735,1200.0,1200.0419515508281,14.978293538019102,14.978118313541671,15.125674324617274,15.0
3.414999999999735,1200.0,1200.0419444720906,14.978233260655403,14.978059237877652,15.125674354043497,15.0
3.415999999999735,1200.0,1200.0419374762519,14.978173395922987,14.978000570109668,15.12567438197496,15.0
3.4169999999997347,1200.0,1200.041930562332,14.978113942211134,14.97794230857896,15.125674408442158,15.0
3.4179999999997346,1200.0,1200.0419237293638,14.978054897892214,14.977884451611592,15.125674433475082,15.0
3.4189999999997345,1200.0,1200.0419169763904,14.977996261322238,14.977826997518955,15.125674457103134,15.0
3.4199999999997344,1200.0,1200.0419103024676,14.977938030841612,14.977769944598483,15.12567447935532,15.0
3.4209999999997343,1200.0,1200.0419037066613,14.97788020477559,14.977713291134082,15.125674500260134,15.0
3.421999999999734,1200.0,1200.04189718805,14.97782278143494,14.977657035396778,15.125674519845681,15.0
3.422999999999734,1200.0,1200.041890745721,14.977765759116153,14.977601175644857,15.125674538139284,15.0
3.423999999999734,1200.0,1200.0418843787747,14.977709136102641,14.977545710125067,15.125674555168223,15.0
3.424999999999734,1200.0,1200.0418780863206,14.977652910664641,14.977490637072478,15.125674570959047,15.0
3.4259999999997337,1200.0,1200.0418718674798,14.977597081060003,14.977435954711252,15.125674585537908,15.0
3.4269999999997336,1200.0,1200.041865721383,14.97754164553483,14.977381661255226,15.12567459893063,15.0
3.4279999999997335,1200.0,1200.0418596471718,14.977486602323646,14.977327754908076,15.12567461116242,15.0
3.4289999999997334,1200.0,1200.041853643998,14.977431949650365,14.977274233864259,15.12567462225838,15.0
3.4299999999997333,1200.0,1200.0418477110231,14.977377685728094,14.977221096308782,15.125674632242774,15.0
3.430999999999733,1200.0,1200.041841847419,14.977323808760413,14.977168340418432,15.125674641139874,15.0
3.431999999999733,1200.0,1200.0418360523677,14.97727031694106,14.977115964361483,15.125674648973206,15.0
3.432999999999733,1200.0,1200.0418303250603,14.977217208454885,14.977063966298573,15.125674655766012,15.0
3.433999999999733,1200.0,1200.0418246646975,14.977164481478043,14.97701234438291,15.125674661541051,15.0
3.4349999999997327,1200.0,1200.0418190704904,14.977112134178766,14.976961096761,15.12567466632091,15.0
3.4359999999997326,1200.0,1200.0418135416583,14.977060164717459,14.976910221572716,15.125674670127705,15.0
3.4369999999997325,1200.0,1200.04180807743,14.977008571247076,14.97685971695165,15.125674672983024,15.0
3.4379999999997324,1200.0,1200.0418026770444,14.97695735191384,14.976809581025828,15.125674674908257,15.0
3.4389999999997323,1200.0,1200.0417973397487,14.976906504857434,14.97675981191784,15.125674675924385,15.0
3.439999999999732,1200.0,1200.041792064799,14.976856028211468,14.976710407745319,15.12567467605207,15.0
3.440999999999732,1200.0,1200.0417868514603,14.976805920103738,14.976661366621165,15.125674675311526,15.0
3.441999999999732,1200.0,1200.041781699007,14.976756178656764,14.976612686654056,15.1256746737227,15.0
3.442999999999732,1200.0,1200.0417766067214,14.9767068019879,14.976564365948532,15.125674671305,15.0
3.4439999999997317,1200.0,1200.041771573894,14.976657788210167,14.976516402605819,15.125674668077792,15.0
3.4449999999997316,1200.0,1200.0417665998248,14.97660913543204,14.976468794723589,15.125674664059826,15.0
3.4459999999997315,1200.0,1200.0417616838213,14.976560841758376,14.976421540396851,15.125674659269833,15.0
3.4469999999997314,1200.0,1200.0417568251996,14.976512905290157,14.976374637717706,15.12567465372594,15.0
3.4479999999997313,1200.0,1200.0417520232838,14.976465324125389,14.976328084776197,15.125674647446225,15.0
3.448999999999731,1200.0,1200.041747277406,14.97641809635889,14.976281879660082,15.125674640448198,15.0
3.449999999999731,1200.0,1200.0417425869061,14.976371220082887,14.976236020455444,15.125674632749117,15.0
3.450999999999731,1200.0,1200.041737951132,14.97632469338737,14.976190505246946,15.12567462436596,15.0
3.451999999999731,1200.0,1200.04173336944,14.976278514360436,14.976145332118266,15.125674615315567,15.0
3.4529999999997307,1200.0,1200.0417288411927,14.976232681088183,14.976100499151869,15.125674605614162,15.0
3.4539999999997306,1200.0,1200.0417243657612,14.97618719165556,14.976056004429907,15.125674595277964,15.0
3.4549999999997305,1200.0,1200.0417199425233,14.976142044146226,14.976011846034027,15.125674584322752,15.0
3.4559999999997304,1200.0,1200.0417155708653,14.976097236643074,14.975968022045889,15.12567457276413,15.0
3.4569999999997303,1200.0,1200.0417112501802,14.976052767228385,14.975924530547298,15.125674560617384,15.0
3.45799999999973,1200.0,1200.041706979868,14.976008633984064,14.975881369620419,15.125674547897505,15.0
3.45899999999973,1200.0,1200.0417027593357,14.975964834991968,14.975838537348109,15.12567453461923,15.0
3.45999999999973,1200.0,1200.0416985879983,14.975921368334207,14.975796031814163,15.125674520797102,15.0
3.46099999999973,1200.0,1200.041694465277,14.975878232093102,14.975753851103303,15.125674506445172,15.0
3.4619999999997297,1200.0,1200.0416903905996,14.975835424351752,14.975711993301692,15.12567449157736,15.0
3.4629999999997296,1200.0,1200.0416863634011,14.97579294319439,14.975670456497284,15.125674476207568,15.0
3.4639999999997295,1200.0,1200.0416823831233,14.97575078670607,14.975629238779495,15.12567446034912,15.0
3.4649999999997294,1200.0,1200.0416784492145,14.97570895297338,14.975588338239909,15.125674444015281,15.0
3.4659999999997293,1200.0,1200.0416745611292,14.975667440084479,14.975547752972307,15.125674427219082,15.0
3.466999999999729,1200.0,1200.0416707183288,14.975626246129123,14.975507481072643,15.125674409973094,15.0
3.467999999999729,1200.0,1200.0416669202812,14.97558536919936,14.975467520639755,15.125674392289977,15.0
3.468999999999729,1200.0,1200.0416631664602,14.975544807389301,14.975427869775126,15.125674374182001,15.0
3.469999999999729,1200.0,1200.041659456346,14.975504558795413,14.975388526583131,15.125674355661175,15.0
3.4709999999997287,1200.0,1200.041655789425,14.975464621516833,14.975349489171382,15.125674336739372,15.0
3.4719999999997286,1200.0,1200.0416521651898,14.975424993655434,14.975310755650723,15.125674317428157,15.0
3.4729999999997285,1200.0,1200.0416485831386,14.975385673316028,14.97527232413549,15.125674297738911,15.0
3.4739999999997284,1200.0,1200.041645042776,14.97534665860672,14.97523419274379,15.125674277682887,15.0
3.4749999999997283,1200.0,1200.0416415436123,14.975307947638793,14.975196359597401,15.125674257271028,15.0
3.475999999999728,1200.0,1200.0416380851632,14.97526953852712,14.97515882282217,15.125674236514147,15.0
3.476999999999728,1200.0,1200.0416346669513,14.975231429390131,14.97512158054798,15.125674215422753,15.0
3.477999999999728,1200.0,1200.0416312885038,14.975193618350241,14.975084630909123,15.125674194007335,15.0
3.478999999999728,1200.0,1200.0416279493531,14.97515610353369,14.975047972044177,15.125674172278002,15.0
3.4799999999997278,1200.0,1200.0416246490388,14.97511888307093,14.975011602096366,15.125674150244777,15.0
3.4809999999997276,1200.0,1200.0416213871044,14.975081955096693,14.974975519213595,15.125674127917467,15.0
3.4819999999997275,1200.0,1200.0416181630994,14.975045317750125,14.9749397215486,15.125674105305706,15.0
3.4829999999997274,1200.0,1200.041614976579,14.975008969174832,14.974904207258975,15.125674082418797,15.0
3.4839999999997273,1200.0,1200.041611827103,14.97497290751941,14.974868974507675,15.125674059266162,15.0
3.484999999999727,1200.0,1200.0416087142364,14.974937130937093,14.974834021462687,15.125674035856854,15.0
3.485999999999727,1200.0,1200.0416056375502,14.974901637586056,14.974799346297281,15.125674012199685,15.0
3.486999999999727,1200.0,1200.04160259662,14.974866425629767,14.974764947190387,15.125673988303511,15.0
3.487999999999727,1200.0,1200.0415995910255,14.974831493236785,14.974730822326373,15.125673964176892,15.0
3.4889999999997268,1200.0,1200.041596620353,14.974796838581051,14.974696969895302,15.125673939828232,15.0
3.4899999999997267,1200.0,1200.0415936841928,14.974762459841786,14.974663388092868,15.125673915265619,15.0
3.4909999999997265,1200.0,1200.0415907821402,14.97472835520399,14.974630075120832,15.125673890497165,15.0
3.4919999999997264,1200.0,1200.041587913795,14.974694522858469,14.974597029187079,15.125673865530958,15.0
3.4929999999997263,1200.0,1200.041585078762,14.97466096100159,14.974564248505356,15.12567384037471,15.0
3.493999999999726,1200.0,1200.041582276651,14.974627667835612,14.97453173129557,15.125673815035956,15.0
3.494999999999726,1200.0,1200.0415795070758,14.974594641568801,14.97449947578394,15.125673789522107,15.0
3.495999999999726,1200.0,1200.0415767696552,14.974561880415736,14.974467480203238,15.125673763840654,15.0
3.496999999999726,1200.0,1200.041574064012,14.974529382596884,14.974435742792396,15.125673737998639,15.0
3.4979999999997258,1200.0,1200.041571389774,14.974497146339141,14.974404261797037,15.12567371200312,15.0
3.4989999999997257,1200.0,1200.0415687465736,14.974465169875751,14.97437303546936,15.125673685860994,15.0
3.4999999999997256,1200.0,1204.3363403757983,14.974433451446423,14.962302319781514,15.11330350283941,15.0
3.5009999999997254,1200.0,1207.0535475903264,9.906613960424625,9.976426313347968,10.079416910285936,5.0
3.5019999999997253,1200.0,1208.0634832575981,6.565699566718557,6.681188359368026,6.7526204058815384,5.0
3.5029999999997252,1200.0,1208.0012830520154,4.500703785006643,4.639765320835546,4.691737950325888,5.0
3.503999999999725,1200.0,1207.3231811747157,3.3451202149835595,3.49238350726424,3.5334485648682215,5.0
3.504999999999725,1200.0,1206.3439534771057,2.8116407372511016,2.9569629886351505,2.9929338439937188,5.0
3.505999999999725,1200.0,1205.2705290742897,2.6825809362349204,2.819738333637555,2.854378080602902,5.0
3.506999999999725,1200.0,1204.2303599191277,2.7985598582082374,2.9241593985811787,2.959741432597817,5.0
3.5079999999997247,1200.0,1203.2944058275405,3.0471154816618737,3.159726136083676,3.197477505823764,5.0
3.5089999999997246,1200.0,1202.495101033284,3.352230289104036,3.451713832741771,3.4921564074825273,5.0
3.5099999999997245,1200.0,1201.8399303424792,3.665253338893589,3.752266629930401,3.7954720917729006,5.0
3.5109999999997243,1200.0,1201.3213420775396,3.9573834368924268,4.033021461560268,4.078795799057341,5.0
3.5119999999997242,1200.0,1200.923721990774,4.213678622231828,4.279228815768545,4.32724090235529,5.0
3.512999999999724,1200.0,1200.628090525365,4.428444971479357,4.485226497137763,4.535093711617668,5.0
3.513999999999724,1200.0,1200.4150951116715,4.601805162990351,4.651070864729572,4.702412783476115,5.0
3.514999999999724,1200.0,1200.2667693147773,4.737233489314472,4.780116420597454,4.832585607435613,5.0
3.515999999999724,1200.0,1200.1674337620361,4.839853802698762,4.877344157547911,4.930641173142349,5.0
3.5169999999997237,1200.0,1200.1040266666646,4.9153194587064615,4.948261175753007,5.002139234100978,5.0
3.5179999999997236,1200.0,1200.0660775372273,4.969122405187656,4.998221596948546,5.052484864317723,5.0
3.5189999999997235,1200.0,1200.0454770494148,5.006207487214272,5.032047163867562,5.086545534741714,5.0
3.5199999999997234,1200.0,1200.0361483430906,5.030795042183817,5.053852397812095,5.108474675870433,5.0
3.5209999999997232,1200.0,1200.0336887096307,5.0463385088296056,5.067002388091393,5.121669116468226,5.0
3.521999999999723,1200.0,1200.035023945457,5.055563520287085,5.074150662176305,5.128807349221678,5.0
3.522999999999723,1200.0,1200.0380987251838,5.060550802312325,5.077320140582365,5.1319312780723,5.0
3.523999999999723,1200.0,1200.0416134823997,5.06283748163546,5.078002236750632,5.132546273145508,5.0
3.524999999999723,1200.0,1200.0448099872324,5.063520612532883,5.077258195928715,5.1317234787149975,5.0
3.5259999999997227,1200.0,1200.0473028371316,5.063353388963985,5.075813304667926,5.130194919073907,5.0
3.5269999999997226,1200.0,1200.048951438192,5.062829146583526,5.074139155539847,5.1284365430151375,5.0
3.5279999999997225,1200.0,1200.049765981753,5.062251342878725,5.072522180374478,5.126737404659001,5.0
3.5289999999997224,1200.0,1200.0498408418819,5.061789634638028,5.07111856223332,5.125255092895298,5.0
3.5299999999997222,1200.0,1200.0493093202824,5.061523276771539,5.069996722170691,5.124058617522441,5.0
3.530999999999722,1200.0,1200.0483144592542,5.061473602531869,5.069169104178131,5.12316049225106,5.0
3.531999999999722,1200.0,1200.0469915406352,5.061627508306375,5.068615142808395,5.122539917175542,5.0
3.532999999999722,1200.0,1200.0454587708823,5.061953800442172,5.0682972342668755,5.122158898868393,5.0
3.533999999999722,1200.0,1200.0438134526646,5.06241406922656,5.068171343580352,5.121972956201061,5.0
3.5349999999997217,1200.0,1200.0421316296126,5.06296950570013,5.068193636073253,5.121937813244987,5.0
3.5359999999997216,1200.0,1200.0404697543634,5.063584815312951,5.068324264885495,5.122013221651496,5.0
3.5369999999997215,1200.0,1200.0388673757632,5.0642301354687556,5.068529204104941,5.122164810442603,5.0
3.5379999999997214,1200.0,1200.0373501818012,5.064881646058265,5.068780803340601,5.122364645372857,5.0
3.5389999999997213,1200.0,1200.0359329866017,5.0655213790118605,5.069057559991563,5.122590998756435,5.0
3.539999999999721,1200.0,1200.0346224292723,5.066136585182501,5.069343460556202,5.122827684379971,5.0
3.540999999999721,1200.0,1200.0334192752525,5.066718901840353,5.069627129475628,5.12306319821227,5.0
3.541999999999721,1200.0,1200.0323202907337,5.067263477460285,5.069900939041057,5.1232898198628565,5.0
3.542999999999721,1200.0,1200.031319709254,5.06776814749753,5.070160172097368,5.123502767367117,5.0
3.5439999999997207,1200.0,1200.0304103359363,5.068232710722206,5.070402285983667,5.123699454181509,5.0
3.5449999999997206,1200.0,1200.0295843462277,5.068658326118988,5.070626297147352,5.123878867998796,5.0
3.5459999999997205,1200.0,1200.0288338377984,5.069047031649325,5.070832287516834,5.124041072472446,5.0
3.5469999999997204,1200.0,1200.028151190378,5.0694013752895435,5.07102102304587,5.124186822168962,5.0
3.5479999999997203,1200.0,1200.0275292814733,5.069724143290294,5.071193669486259,5.124317275662136,5.0
3.54899999999972,1200.0,1200.0269615979487,5.070018168717048,5.071351588605075,5.12443378982645,5.0
3.54999999999972,1200.0,1200.0264422754904,5.070286203667374,5.071496198402967,5.124537778731209,5.0
3.55099999999972,1200.0,1200.0259660907086,5.070530840148702,5.071628882459083,5.124630622121218,5.0
3.55199999999972,1200.0,1200.025528424324,5.070754466780355,5.071750935678226,5.124713610640368,5.0
3.5529999999997197,1200.0,1200.025125208719,5.0709592508201,5.071863536019108,5.1247879172794715,5.0
3.5539999999997196,1200.0,1200.024752869005,5.071147137248246,5.071967733983779,5.124854586751642,5.0
3.5549999999997195,1200.0,1200.0244082636023,5.071319858628598,5.072064453606984,5.124914536475515,5.0
3.5559999999997194,1200.0,1200.0240886279914,5.071478951142517,5.0721545003387645,5.124968564516677,5.0
3.5569999999997193,1200.0,1200.0237915236307,5.071625773551657,5.0722385725559125,5.125017361192501,5.0
3.557999999999719,1200.0,1200.023514792884,5.071761526906153,5.072317274486853,5.125061522104312,5.0
3.558999999999719,1200.0,1200.0232565200672,5.071887273615106,5.072391129126742,5.125101561160452,5.0
3.559999999999719,1200.0,1200.0230149982717,5.072003955080548,5.0724605902993165,5.125137922738849,5.0
3.560999999999719,1200.0,1200.0227887013789,5.072112407502299,5.072526053426519,5.125170992546084,5.0
3.5619999999997187,1200.0,1200.0225762605858,5.072213375735914,5.072587864841746,5.125201107007205,5.0
3.5629999999997186,1200.0,1200.0223764447524,5.072307525256533,5.072646329654824,5.125228561194441,5.0
3.5639999999997185,1200.0,1200.02218814392,5.0723954523800625,5.072701718277794,5.125253615404895,5.0
3.5649999999997184,1200.0,1200.0220103554302,5.072477692941371,5.072754271771796,5.125276500548937,5.0
3.5659999999997183,1200.0,1200.0218421721554,5.072554729642968,5.07280420619237,5.125297422528237,5.0
3.566999999999718,1200.0,1200.0216827724312,5.072626998280787,5.072851716106844,5.125316565778688,5.0
3.567999999999718,1200.0,1200.0215314113675,5.072694893035877,5.072896977442869,5.125334096138706,5.0
3.568999999999718,1200.0,1200.0213874132712,5.072758770995794,5.072940149805072,5.125350163181128,5.0
3.569999999999718,1200.0,1200.021250164976,5.072818956044744,5.07298137837489,5.125364902124797,5.0
3.5709999999997177,1200.0,1200.0211191099256,5.072875742237289,5.073020795486835,5.125378435419927,5.0
3.5719999999997176,1200.0,1200.0209937428783,5.072929396747961,5.073058521954318,5.125390874081031,5.0
3.5729999999997175,1200.0,1200.0208736051482,5.072980162471374,5.073094668202408,5.1254023188252615,5.0
3.5739999999997174,1200.0,1200.0207582803023,5.0730282603304655,5.073129335249712,5.125412861058762,5.0
3.5749999999997173,1200.0,1200.0206473902629,5.073073891339737,5.07316261557245,5.125422583744375,5.0
3.575999999999717,1200.0,1200.0205405917632,5.073117238458219,5.073194593873097,5.1254315621732305,5.0
3.576999999999717,1200.0,1200.0204375731255,5.073158468261833,5.073225347772095,5.12543986465892,5.0
3.577999999999717,1200.0,1200.0203380513292,5.073197732456429,5.073254948433923,5.125447553165607,5.0
3.578999999999717,1200.0,1200.0202417693404,5.073235169250164,5.073283461137214,5.125454683879842,5.0
3.5799999999997167,1200.0,1200.0201484936829,5.073270904600161,5.073310945795707,5.125461307732907,5.0
3.5809999999997166,1200.0,1200.0200580122291,5.073305053345191,5.073337457434466,5.125467470878187,5.0
3.5819999999997165,1200.0,1200.0199701321935,5.073337720235866,5.073363046626238,5.1254732151284195,5.0
3.5829999999997164,1200.0,1200.0198846783085,5.073369000870896,5.073387759890538,5.125478578355481,5.0
3.5839999999997163,1200.0,1200.0198014911705,5.073398982547905,5.073411640058553,5.125483594855762,5.0
3.584999999999716,1200.0,1200.019720425738,5.073427745036492,5.073434726606641,5.125488295683992,5.0
3.585999999999716,1200.0,1200.0196413499752,5.073455361280041,5.073457055960559,5.125492708957586,5.0
3.586999999999716,1200.0,1200.019564143617,5.073481898032084,5.073478661772165,5.12549686013334,5.0
3.587999999999716,1200.0,1200.019488697055,5.073507416433987,5.073499575171803,5.12550077225964,5.0
3.5889999999997158,1200.0,1200.0194149103295,5.07353197253807,5.073519824997167,5.12550446620503,5.0
3.5899999999997156,1200.0,1200.0193426922142,5.073555617781825,5.073539438001373,5.125507960865878,5.0
3.5909999999997155,1200.0,1200.019271959391,5.073578399417328,5.073558439041634,5.125511273354512,5.0
3.5919999999997154,1200.0,1200.0192026357029,5.0736003609000315,5.073576851250293,5.125514419169642,5.0
3.5929999999997153,1200.0,1200.0191346514785,5.073621542240585,5.073594696189704,5.125517412350536,5.0
3.593999999999715,1200.0,1200.0190679429204,5.073641980323286,5.073611993992545,5.125520265616535,5.0
3.594999999999715,1200.0,1200.019002451552,5.073661709194349,5.073628763488941,5.125522990493335,5.0
3.595999999999715,1200.0,1200.0189381237194,5.073680760322811,5.0736450223216405,5.125525597427244,5.0
3.596999999999715,1200.0,1200.0188749101383,5.073699162836192,5.073660787049836,5.125528095888049,5.0
3.5979999999997148,1200.0,1200.0188127654847,5.073716943734233,5.073676073243675,5.1255304944625,5.0
3.5989999999997146,1200.0,1200.0187516480257,5.0737341280820045,5.073690895569494,5.1255328009385135,5.0
3.5999999999997145,1200.0,1200.0186915192858,5.073750739184914,5.073705267867282,5.125535022381542,5.0
3.6009999999997144,1200.0,1200.0186323437435,5.073766798746781,5.073719203220493,5.1255371652032835,5.0
3.6019999999997143,1200.0,1200.018574088558,5.073782327013061,5.07373271401945,5.125539235223948,5.0
3.602999999999714,1200.0,1200.0185167233208,5.073797342900754,5.073745812019033,5.125541237728793,5.0
3.603999999999714,1200.0,1200.0184602198326,5.07381186411557,5.073758508390531,5.125543177518818,5.0
3.604999999999714,1200.0,1200.0184045519009,5.073825907258394,5.073770813769001,5.125545058956929,5.0
3.605999999999714,1200.0,1200.018349695155,5.0738394879214574,5.073782738296001,5.1255468860094835,5.0
3.6069999999997138,1200.0,1200.0182956268811,5.073852620775611,5.073794291658481,5.125548662283995,5.0
3.6079999999997137,1200.0,1200.0182423258732,5.073865319649354,5.073805483124079,5.125550391063218,5.0
3.6089999999997135,1200.0,1200.0181897722948,5.073877597600292,5.073816321572983,5.125552075335809,5.0
3.6099999999997134,1200.0,1200.0181379475566,5.073889466980087,5.07382681552708,5.125553717824275,5.0
3.6109999999997133,1200.0,1200.0180868342063,5.073900939493344,5.073836973176432,5.125555321010244,5.0
3.611999999999713,1200.0,1200.018036415827,5.073912026250756,5.073846802403107,5.125556887157101,5.0
3.612999999999713,1200.0,1200.017986676945,5.073922737817422,5.073856310802982,5.125558418330582,5.0
3.613999999999713,1200.0,1200.0179376029485,5.073933084256913,5.073865505705791,5.12555991641765,5.0
3.614999999999713,1200.0,1200.017889180012,5.073943075170814,5.073874394192951,5.125561383143124,5.0
3.6159999999997128,1200.0,1200.0178413950287,5.073952719734954,5.073882983114143,5.125562820085089,5.0
3.6169999999997127,1200.0,1200.017794235549,5.073962026732111,5.07389127910222,5.125564228688632,5.0
3.6179999999997126,1200.0,1200.0177476897252,5.073971004581734,5.073899288586833,5.125565610278303,5.0
3.6189999999997124,1200.0,1200.0177017462604,5.073979661366938,5.073907017806862,5.1255669660694085,5.0
3.6199999999997123,1200.0,1200.0176563943637,5.073988004859366,5.073914472822073,5.12556829717851,5.0
3.6209999999997122,1200.0,1200.0176116237083,5.073996042540945,5.073921659522946,5.125569604632136,5.0
3.621999999999712,1200.0,1200.0175674243937,5.074003781624703,5.073928583640674,5.125570889375652,5.0
3.622999999999712,1200.0,1200.0175237869128,5.074011229072842,5.073935250755462,5.125572152280452,5.0
3.623999999999712,1200.0,1200.0174807021199,5.074018391613928,5.073941666304843,5.1255733941511785,5.0
3.624999999999712,1200.0,1200.017438161203,5.074025275757736,5.073947835590513,5.125574615731464,5.0
3.6259999999997117,1200.0,1200.0173961556588,5.074031887809674,5.073953763785463,5.1255758177100015,5.0
3.6269999999997116,1200.0,1200.01735467727,5.074038233883192,5.073959455939831,5.125577000725322,5.0
3.6279999999997115,1200.0,1200.0173137180827,5.074044319911457,5.073964916986604,5.125578165370446,5.0
3.6289999999997113,1200.0,1200.017273270389,5.074050151658054,5.073970151746915,5.1255793121971545,5.0
3.6299999999997112,1200.0,1200.0172333267105,5.074055734726466,5.073975164934624,5.125580441719531,5.0
3.630999999999711,1200.0,1200.0171938797796,5.074061074569055,5.0739799611608705,5.1255815544175025,5.0
3.631999999999711,1200.0,1200.017154922528,5.074066176495208,5.073984544938192,5.125582650739962,5.0
3.632999999999711,1200.0,1200.0171164480728,5.074071045678649,5.073988920684188,5.125583731107438,5.0
3.633999999999711,1200.0,1200.0170784497047,5.074075687164354,5.073993092725133,5.125584795914737,5.0
3.6349999999997107,1200.0,1200.0170409208772,5.074080105874706,5.073997065299124,5.125585845533115,5.0
3.6359999999997106,1200.0,1200.0170038551967,5.07408430661526,5.074000842559135,5.125586880312399,5.0
3.6369999999997105,1200.0,1200.0169672464144,5.074088294080136,5.074004428575926,5.125587900582932,5.0
3.6379999999997104,1200.0,1200.016931088417,5.074092072856643,5.074007827340437,5.125588906657058,5.0
3.6389999999997102,1200.0,1200.0168953752202,5.074095647430015,5.074011042766483,5.1255898988309,5.0
3.63999999999971,1200.0,1200.016860100961,5.074099022187434,5.074014078692927,5.125590877385615,5.0
3.64099999999971,1200.0,1200.0168252598921,5.07410220142192,5.074016938885884,5.125591842588725,5.0
3.64199999999971,1200.0,1200.0167908463775,5.074105189335783,5.074019627040656,5.1255927946951605,5.0
3.64299999999971,1200.0,1200.0167568548845,5.0741079900439745,5.074022146783684,5.125593733948353,5.0
3.6439999999997097,1200.0,1200.0167232799802,5.07411060757715,5.07402450167435,5.12559466058117,5.0
3.6449999999997096,1200.0,1200.0166901163286,5.074113045884629,5.074026695206783,5.125595574816884,5.0
3.6459999999997095,1200.0,1200.0166573586848,5.074115308836836,5.074028730811248,5.125596476869735,5.0
3.6469999999997094,1200.0,1200.0166250018913,5.074117400227827,5.074030611855733,5.125597366945677,5.0
3.6479999999997093,1200.0,1200.0165930408755,5.0741193237777535,5.074032341647518,5.1255982452431565,5.0
3.648999999999709,1200.0,1200.0165614706468,5.074121083134883,5.07403392343441,5.1255991119535365,5.0
3.649999999999709,1200.0,1200.016530286292,5.074122681877705,5.07403536040613,5.1255999672617,5.0
3.650999999999709,1200.0,1200.0164994829745,5.074124123516877,5.074036655695576,5.1256008113465334,5.0
3.651999999999709,1200.0,1200.0164690559302,5.074125411496879,5.074037812379895,5.125601644381229,5.0
3.6529999999997087,1200.0,1200.0164390004672,5.074126549197901,5.07403883348179,5.125602466533845,5.0
3.6539999999997086,1200.0,1200.0164093119618,5.074127539937373,5.0740397219705535,5.125603277967587,5.0
3.6549999999997085,1200.0,1200.0163799858567,5.074128386971483,5.0740404807631165,5.125604078841121,5.0
3.6559999999997084,1200.0,1200.016351017661,5.0741290934966194,5.074041112725052,5.125604869308859,5.0
3.6569999999997083,1200.0,1200.016322402946,5.074129662650759,5.074041620671581,5.125605649521242,5.0
3.657999999999708,1200.0,1200.0162941373446,5.074130097514769,5.074042007368514,5.1256064196249875,5.0
3.658999999999708,1200.0,1200.0162662165505,5.074130401113788,5.074042275533274,5.125607179763405,5.0
3.659999999999708,1200.0,1200.0162386363165,5.074130576418193,5.074042427835579,5.1256079300763995,5.0
3.660999999999708,1200.0,1200.0162113924516,5.07413062634479,5.074042466898338,5.125608670700698,5.0
3.6619999999997077,1200.0,1200.0161844808215,5.074130553758147,5.0740423952987195,5.1256094017702445,5.0
3.6629999999997076,1200.0,1200.016157897347,5.0741303614714415,5.074042215568745,5.125610123416143,5.0
3.6639999999997075,1200.0,1200.016131638003,5.074130052247497,5.07404193019612,5.125610835766837,5.0
3.6649999999997074,1200.0,1200.0161056988159,5.074129628799816,5.07404154162504,5.125611538948281,5.0
3.6659999999997073,1200.0,1200.0160800758654,5.074129093793467,5.074041052256878,5.125612233083997,5.0
3.666999999999707,1200.0,1200.0160547652806,5.074128449845995,5.074040464450933,5.125612918295202,5.0
3.667999999999707,1200.0,1200.016029763241,5.074127699528381,5.074039780525188,5.125613594700964,5.0
3.668999999999707,1200.0,1200.0160050659756,5.0741268453658375,5.074039002756971,5.125614262418253,5.0
3.669999999999707,1200.0,1200.0159806697604,5.074125889838547,5.07403813338353,5.125614921561919,5.0
3.6709999999997067,1200.0,1200.0159565709193,5.074124835382717,5.074037174602953,5.125615572245037,5.0
3.6719999999997066,1200.0,1200.0159327658223,5.074123684391093,5.074036128574542,5.1256162145786925,5.0
3.6729999999997065,1200.0,1200.0159092508857,5.0741224392139435,5.074034997419676,5.125616848672295,5.0
3.6739999999997064,1200.0,1200.0158860225706,5.074121102159564,5.074033783222199,5.125617474633384,5.0
3.6749999999997063,1200.0,1200.0158630773822,5.074119675495103,5.074032488029135,5.125618092567803,5.0
3.675999999999706,1200.0,1200.0158404118692,5.074118161447437,5.074031113851453,5.125618702579918,5.0
3.676999999999706,1200.0,1200.015818022624,5.074116562203588,5.074029662664383,5.125619304772399,5.0
3.677999999999706,1200.0,1200.0157959062803,5.074114879911526,5.074028136408135,5.125619899246406,5.0
3.678999999999706,1200.0,1200.0157740595146,5.074113116680912,5.074026536988524,5.1256204861017025,5.0
3.6799999999997057,1200.0,1200.015752479044,5.074111274583517,5.074024866277336,5.125621065436491,5.0
3.6809999999997056,1200.0,1200.0157311616265,5.07410935565395,5.074023126112944,5.125621637347539,5.0
3.6819999999997055,1200.0,1200.015710104059,5.07410736189036,5.0740213183009475,5.125622201930314,5.0
3.6829999999997054,1200.0,1200.0156893031797,5.0741052952549515,5.074019444614607,5.125622759278924,5.0
3.6839999999997053,1200.0,1200.0156687558635,5.074103157674549,5.074017506795339,5.125623309486125,5.0
3.684999999999705,1200.0,1200.0156484590257,5.074100951041306,5.074015506553333,5.125623852643473,5.0
3.685999999999705,1200.0,1200.0156284096183,5.074098677213062,5.074013445567874,5.1256243888411595,5.0
3.686999999999705,1200.0,1200.015608604631,5.074096338014098,5.074011325488004,5.125624918168224,5.0
3.687999999999705,1200.0,1200.0155890410904,5.0740939352356,5.074009147932934,5.125625440712497,5.0
3.6889999999997047,1200.0,1200.015569716059,5.074091470636087,5.074006914492419,5.125625956560535,5.0
3.6899999999997046,1200.0,1200.015550626636,5.074088945942213,5.074004626727481,5.125626465797889,5.0
3.6909999999997045,1200.0,1200.0155317699553,5.074086362848972,5.0740022861705665,5.125626968508836,5.0
3.6919999999997044,1200.0,1200.0155131431864,5.074083723020422,5.0739998943262155,5.125627464776601,5.0
3.6929999999997043,1200.0,1200.015494743533,5.0740810280900766,5.073997452671406,5.125627954683296,5.0
3.693999999999704,1200.0,1200.015476568233,5.074078279661365,5.073994962655933,5.125628438309866,5.0
3.694999999999704,1200.0,1200.015458614558,5.074075479308253,5.073992425703015,5.1256289157362875,5.0
3.695999999999704,1200.0,1200.0154408798123,5.074072628575719,5.073989843209684,5.125629387041556,5.0
3.696999999999704,1200.0,1200.015423361334,5.074069728980029,5.07398721654705,5.12562985230354,5.0
3.6979999999997037,1200.0,1200.0154060564926,5.074066782009367,5.073984547060843,5.125630311599142,5.0
3.6989999999997036,1200.0,1200.0153889626904,5.07406378912415,5.073981836071711,5.125630765004194,5.0
3.6999999999997035,1200.0,1200.015372077361,5.074060751757692,5.073979084875824,5.125631212593685,5.0
3.7009999999997034,1200.0,1200.0153553979692,5.074057671316359,5.073976294744987,5.125631654441498,5.0
3.7019999999997033,1200.0,1200.0153389220104,5.074054549180244,5.073973466927275,5.1256320906206705,5.0
3.702999999999703,1200.0,1200.0153226470106,5.074051386703457,5.073970602647278,5.12563252120327,5.0
3.703999999999703,1200.0,1200.015306570526,5.074048185214519,5.073967703106449,5.125632946260386,5.0
3.704999999999703,1200.0,1200.015290690143,5.074044946016915,5.073964769483618,5.125633365862286,5.0
3.705999999999703,1200.0,1200.015275003476,5.074041670389338,5.073961802935205,5.125633780078277,5.0
3.7069999999997028,1200.0,1200.0152595081695,5.074038359586217,5.073958804595692,5.125634188976831,5.0
3.7079999999997026,1200.0,1200.015244201896,5.074035014837968,5.073955775577846,5.125634592625474,5.0
3.7089999999997025,1200.0,1200.0152290823564,5.0740316373516166,5.073952716973303,5.125634991091024,5.0
3.7099999999997024,1200.0,1200.0152141472797,5.074028228310836,5.073949629852562,5.125635384439265,5.0
3.7109999999997023,1200.0,1200.0151993944228,5.0740247888766,5.073946515265609,5.125635772735238,5.0
3.711999999999702,1200.0,1200.0151848215692,5.074021320187441,5.073943374242139,5.1256361560431465,5.0
3.712999999999702,1200.0,1200.0151704265288,5.074017823359791,5.073940207791855,5.125636534426336,5.0
3.713999999999702,1200.0,1200.0151562071399,5.074014299488528,5.07393701690498,5.125636907947499,5.0
3.714999999999702,1200.0,1200.015142161265,5.074010749646973,5.0739338025522285,5.125637276668339,5.0
3.7159999999997018,1200.0,1200.0151282867942,5.074007174887582,5.073930565685453,5.12563764064991,5.0
3.7169999999997017,1200.0,1200.015114581642,5.074003576242043,5.073927307237719,5.125637999952399,5.0
3.7179999999997015,1200.0,1200.015101043749,5.073999954721845,5.073924028123833,5.125638354635359,5.0
3.7189999999997014,1200.0,1200.0150876710802,5.073996311318287,5.0739207292403306,5.125638704757407,5.0
3.7199999999997013,1200.0,1200.0150744616262,5.073992647003156,5.073917411466106,5.125639050376567,5.0
3.720999999999701,1200.0,1200.0150614134004,5.073988962728849,5.0739140756625165,5.125639391550109,5.0
3.721999999999701,1200.0,1200.0150485244421,5.073985259428703,5.073910722673675,5.125639728334542,5.0
3.722999999999701,1200.0,1200.015035792813,5.07398153801736,5.0739073533267955,5.125640060785701,5.0
3.723999999999701,1200.0,1200.015023216599,5.073977799391027,5.073903968432409,5.125640388958697,5.0
3.7249999999997008,1200.0,1200.015010793909,5.073974044427826,5.073900568784692,5.125640712907977,5.0
3.7259999999997007,1200.0,1200.0149985228752,5.073970273988022,5.07389715516167,5.125641032687266,5.0
3.7269999999997006,1200.0,1200.014986401652,5.073966488914346,5.073893728325503,5.125641348349598,5.0
3.7279999999997004,1200.0,1200.0149744284172,5.073962690032266,5.073890289022735,5.125641659947316,5.0
3.7289999999997003,1200.0,1200.0149626013692,5.073958878150306,5.073886837984591,5.125641967532113,5.0
3.7299999999997,1200.0,1200.014950918729,5.073955054060384,5.073883375927272,5.125642271155094,5.0
3.7309999999997,1200.0,1200.0149393787392,5.073951218537981,5.073879903552115,5.125642570866685,5.0
3.7319999999997,1200.0,1200.0149279796638,5.073947372342428,5.073876421545839,5.1256428667166425,5.0
3.7329999999997,1200.0,1200.0149167197876,5.073943516217258,5.073872930580883,5.125643158754167,5.0
3.7339999999997,1200.0,1200.0149055974166,5.073939650890372,5.073869431315546,5.125643447027796,5.0
3.7349999999996997,1200.0,1200.0148946108775,5.073935777074301,5.0738659243942115,5.125643731585419,5.0
3.7359999999996996,1200.0,1200.0148837585166,5.073931895466505,5.0738624104476395,5.125644012474334,5.0
3.7369999999996995,1200.0,1200.0148730387007,5.07392800674967,5.073858890093219,5.125644289741286,5.0
3.7379999999996993,1200.0,1200.0148624498163,5.073924111591784,5.0738553639350545,5.125644563432333,5.0
3.7389999999996992,1200.0,1200.0148519902696,5.07392021064667,5.073851832564433,5.125644833593103,5.0
3.739999999999699,1200.0,1200.0148416584857,5.073916304553928,5.073848296559772,5.125645100268531,5.0
3.740999999999699,1200.0,1200.01483145291,5.073912393939412,5.073844756487067,5.125645363503094,5.0
3.741999999999699,1200.0,1200.0148213720051,5.073908479415213,5.073841212899844,5.125645623340569,5.0
3.742999999999699,1200.0,1200.014811414254,5.073904561580111,5.073837666339605,5.125645879824268,5.0
3.7439999999996987,1200.0,1200.0148015781565,5.073900641019698,5.073834117335917,5.125646132996939,5.0
3.7449999999996986,1200.0,1200.0147918622315,5.073896718306633,5.073830566406645,5.125646382900797,5.0
3.7459999999996985,1200.0,1200.014782265016,5.073892794000847,5.073827014058151,5.12564662957753,5.0
3.7469999999996983,1200.0,1200.0147727850642,5.073888868649755,5.073823460785461,5.125646873068291,5.0
3.7479999999996982,1200.0,1200.0147634209484,5.073884942788463,5.073819907072479,5.125647113413704,5.0
3.748999999999698,1200.0,1200.014754171258,5.073881016939989,5.073816353392168,5.125647350653877,5.0
3.749999999999698,1200.0,1200.0147450345992,5.073877091615463,5.073812800206734,5.125647584828406,5.0
3.750999999999698,1200.0,1200.014736009596,5.073873167314357,5.073809247967848,5.1256478159764125,5.0
3.751999999999698,1200.0,1200.0147270948878,5.073869244524661,5.0738056971167875,5.125648044136513,5.0
3.7529999999996977,1200.0,1200.014718289132,5.073865323723096,5.0738021480846385,5.125648269346849,5.0
3.7539999999996976,1200.0,1200.0147095910008,5.073861405375231,5.073798601292403,5.125648491645026,5.0
3.7549999999996975,1200.0,1200.0147009991842,5.073857489935852,5.073795057151323,5.125648711068269,5.0
3.7559999999996974,1200.0,1200.0146925123865,5.073853577848893,5.073791516062824,5.125648927653206,5.0
3.7569999999996972,1200.0,1200.0146841293285,5.073849669547905,5.073787978418947,5.125649141436128,5.0
3.757999999999697,1200.0,1200.0146758487467,5.073845765456101,5.07378444460238,5.1256493524528715,5.0
3.758999999999697,1200.0,1200.0146676693926,5.073841865986368,5.073780914986462,5.125649560738662,5.0
3.759999999999697,1200.0,1200.014659590033,5.073837971541794,5.073777389935678,5.125649766328453,5.0
3.760999999999697,1200.0,1200.0146516094494,5.073834082515524,5.073773869805515,5.1256499692566315,5.0
3.7619999999996967,1200.0,1200.014643726439,5.073830199291131,5.0737703549428,5.1256501695572085,5.0
3.7629999999996966,1200.0,1200.0146359398127,5.073826322242697,5.073766845685775,5.12565036726374,5.0
3.7639999999996965,1200.0,1200.0146282483956,5.073822451735025,5.073763342364294,5.125650562409385,5.0
3.7649999999996964,1200.0,1200.014620651028,5.073818588123835,5.073759845299994,5.125650755026934,5.0
3.7659999999996963,1200.0,1200.0146131465638,5.073814731755768,5.073756354806302,5.125650945148672,5.0
3.766999999999696,1200.0,1200.014605733871,5.0738108829687265,5.073752871188732,5.125651132806535,5.0
3.767999999999696,1200.0,1200.0145984118308,5.073807042091856,5.073749394744884,5.1256513180319825,5.0
3.768999999999696,1200.0,1200.014591179339,5.0738032094459,5.073745925764756,5.125651500856163,5.0
3.769999999999696,1200.0,1200.0145840353043,5.073799385343136,5.07374246453069,5.125651681309735,5.0
3.7709999999996957,1200.0,1200.014576978648,5.073795570087699,5.073739011317655,5.125651859423024,5.0
3.7719999999996956,1200.0,1200.0145700083053,5.073791763975746,5.07373556639342,5.125652035226056,5.0
3.7729999999996955,1200.0,1200.0145631232244,5.073787967295344,5.073732130018418,5.125652208748306,5.0
3.7739999999996954,1200.0,1200.0145563223662,5.073784180326892,5.073728702446158,5.125652380018983,5.0
3.7749999999996953,1200.0,1200.0145496047032,5.073780403343144,5.073725283923233,5.125652549066912,5.0
3.775999999999695,1200.0,1200.0145429692222,5.073776636609387,5.073721874689483,5.12565271592058,5.0
3.776999999999695,1200.0,1200.0145364149207,5.073772880383494,5.073718474978038,5.125652880608063,5.0
3.777999999999695,1200.0,1200.0145299408096,5.073769134916121,5.0737150850154995,5.125653043157088,5.0
3.778999999999695,1200.0,1200.0145235459106,5.073765400450847,5.073711705022071,5.125653203595052,5.0
3.7799999999996947,1200.0,1200.014517229259,5.073761677224234,5.073708335211604,5.125653361948947,5.0
3.7809999999996946,1200.0,1200.0145109898995,5.073757965466025,5.073704975791787,5.125653518245454,5.0
3.7819999999996945,1200.0,1200.0145048268905,5.073754265399374,5.073701626964351,5.125653672511025,5.0
3.7829999999996944,1200.0,1200.0144987393007,5.073750577240685,5.073698288924924,5.125653824771632,5.0
3.7839999999996943,1200.0,1200.0144927262108,5.073746901199963,5.073694961863338,5.125653975052975,5.0
3.784999999999694,1200.0,1200.014486786712,5.073743237480847,5.073691645963665,5.1256541233804125,5.0
3.785999999999694,1200.0,1200.0144809199069,5.073739586280718,5.073688341404327,5.12565426977896,5.0
3.786999999999694,1200.0,1200.014475124909,5.073735947790981,5.073685048358339,5.125654414273447,5.0
3.787999999999694,1200.0,1200.014469400843,5.073732322196876,5.073681766993132,5.125654556888225,5.0
3.7889999999996937,1200.0,1200.014463746843,5.0737287096777814,5.07367849747084,5.125654697647374,5.0
3.7899999999996936,1200.0,1200.0144581620548,5.073725110407402,5.073675239948476,5.125654836574763,5.0
3.7909999999996935,1200.0,1200.014452645634,5.073721524553668,5.073671994577811,5.125654973693857,5.0
3.7919999999996934,1200.0,1200.0144471967474,5.073717952279025,5.0736687615056715,5.125655109027898,5.0
3.7929999999996933,1200.0,1200.0144418145705,5.073714393740379,5.073665540873864,5.125655242599757,5.0
3.793999999999693,1200.0,1200.01443649829,5.073710849089289,5.073662332819356,5.12565537443202,5.0
3.794999999999693,1200.0,1200.0144312471018,5.073707318472088,5.073659137474397,5.1256555045470105,5.0
3.795999999999693,1200.0,1200.0144260602115,5.073703802029984,5.073655954966602,5.125655632966797,5.0
3.796999999999693,1200.0,1200.0144209368352,5.073700299899196,5.073652785419072,5.12565575971323,5.0
3.7979999999996927,1200.0,1200.014415876198,5.073696812210809,5.073649628950259,5.125655884807709,5.0
3.7989999999996926,1200.0,1200.0144108775337,5.073693339091124,5.073646485674289,5.125656008271436,5.0
3.7999999999996925,1200.0,1200.0144059400868,5.073689880661728,5.073643355701035,5.125656130125402,5.0
3.8009999999996924,1200.0,1200.01440106311,5.073686437039526,5.073640239136127,5.125656250390312,5.0
3.8019999999996923,1200.0,1200.0143962458658,5.073683008336758,5.073637136080972,5.125656369086538,5.0
3.802999999999692,1200.0,1200.014391487625,5.073679594661246,5.073634046632993,5.125656486234267,5.0
3.803999999999692,1200.0,1200.0143867876677,5.073676196116352,5.073630970885568,5.125656601853369,5.0
3.804999999999692,1200.0,1200.014382145282,5.07367281280114,5.0736279089281915,5.125656715963492,5.0
3.805999999999692,1200.0,1200.0143775597662,5.073669444810569,5.073624860846654,5.1256568285841535,5.0
3.8069999999996917,1200.0,1200.014373030426,5.073666092235221,5.0736218267227775,5.125656939734409,5.0
3.8079999999996916,1200.0,1200.0143685565756,5.073662755161692,5.073618806634775,5.125657049433141,5.0
3.8089999999996915,1200.0,1200.0143641375375,5.073659433672609,5.073615800657277,5.125657157699019,5.0
3.8099999999996914,1200.0,1200.0143597726428,5.07365612784676,5.07361280886145,5.125657264550536,5.0
3.8109999999996913,1200.0,1200.014355461231,5.073652837759032,5.07360983131492,5.125657370005884,5.0
3.811999999999691,1200.0,1200.0143512026482,5.073649563480516,5.0736068680818835,5.125657474082977,5.0
3.812999999999691,1200.0,1200.0143469962502,5.073646305078796,5.0736039192233715,5.125657576799664,5.0
3.813999999999691,1200.0,1200.0143428414,5.073643062617692,5.073600984797002,5.12565767817341,5.0
3.814999999999691,1200.0,1200.014338737468,5.073639836157478,5.073598064857183,5.125657778221436,5.0
3.8159999999996908,1200.0,1200.0143346838327,5.073636625755089,5.073595159455318,5.125657876960864,5.0
3.8169999999996906,1200.0,1200.01433067988,5.073633431464033,5.0735922686396995,5.125657974408551,5.0
3.8179999999996905,1200.0,1200.0143267250032,5.073630253334482,5.073589392455604,5.125658070581114,5.0
3.8189999999996904,1200.0,1200.014322818603,5.073627091413388,5.073586530945399,5.125658165494993,5.0
3.8199999999996903,1200.0,1200.0143189600874,5.073623945744534,5.0735836841485895,5.12565825916642,5.0
3.82099999999969,1200.0,1200.0143151488717,5.073620816368564,5.073580852101835,5.125658351611396,5.0
3.82199999999969,1200.0,1200.0143113843783,5.073617703323067,5.073578034839036,5.125658442845708,5.0
3.82299999999969,1200.0,1200.014307666036,5.073614606642727,5.073575232391466,5.125658532885021,5.0
3.82399999999969,1200.0,1200.0143039932823,5.073611526359266,5.073572444787719,5.125658621744749,5.0
3.8249999999996898,1200.0,1200.0143003655596,5.073608462501463,5.0735696720537256,5.125658709440033,5.0
3.8259999999996896,1200.0,1200.0142967823178,5.073605415095445,5.073566914213022,5.1256587959859585,5.0
3.8269999999996895,1200.0,1200.0142932430142,5.073602384164501,5.073564171286578,5.125658881397317,5.0
3.8279999999996894,1200.0,1200.0142897471117,5.0735993697293,5.073561443292989,5.125658965688769,5.0
3.8289999999996893,1200.0,1200.0142862940804,5.07359637180783,5.073558730248425,5.125659048874718,5.0
3.829999999999689,1200.0,1200.014282883396,5.073593390415564,5.0735560321667865,5.125659130969439,5.0
3.830999999999689,1200.0,1200.0142795145416,5.073590425565492,5.073553349059736,5.125659211987045,5.0
3.831999999999689,1200.0,1200.014276187006,5.073587477268167,5.073550680936721,5.125659291941472,5.0
3.832999999999689,1200.0,1200.0142729002844,5.073584545531641,5.073548027804927,5.125659370846384,5.0
3.8339999999996888,1200.0,1200.0142696538785,5.073581630361757,5.07354538966955,5.125659448715396,5.0
3.8349999999996887,1200.0,1200.0142664472953,5.073578731761898,5.0735427665335475,5.1256595255617805,5.0
3.8359999999996885,1200.0,1200.014263280048,5.0735758497333725,5.073540158398018,5.12565960139881,5.0
3.8369999999996884,1200.0,1200.0142601516561,5.073572984275296,5.073537565262072,5.12565967623957,5.0
3.8379999999996883,1200.0,1200.0142570616451,5.0735701353845775,5.073534987122823,5.12565975009692,5.0
3.838999999999688,1200.0,1200.0142540095455,5.073567303056014,5.073532423975466,5.125659822983527,5.0
3.839999999999688,1200.0,1200.0142509948946,5.073564487282454,5.073529875813454,5.125659894911992,5.0
3.840999999999688,1200.0,1200.0142480172342,5.073561688054621,5.073527342628295,5.1256599658946165,5.0
3.841999999999688,1200.0,1200.014245076112,5.0735589053614625,5.073524824409911,5.125660035943719,5.0
3.8429999999996878,1200.0,1200.014242171082,5.07355613918991,5.073522321146392,5.125660105071351,5.0
3.8439999999996877,1200.0,1200.0142393017027,5.073553389525074,5.07351983282418,5.1256601732894325,5.0
3.8449999999996876,1200.0,1200.014236467538,5.0735506563502035,5.073517359428035,5.125660240609692,5.0
3.8459999999996874,1200.0,1200.0142336681579,5.073547939646887,5.073514900941221,5.125660307043815,5.0
3.8469999999996873,1200.0,1200.014230903137,5.073545239394939,5.073512457345397,5.1256603726032886,5.0
3.8479999999996872,1200.0,1200.014228172055,5.073542555572389,5.0735100286206,5.12566043729935,5.0
3.848999999999687,1200.0,1200.0142254744978,5.073539888155784,5.073507614745533,5.125660501143256,5.0
3.849999999999687,1200.0,1200.0142228100547,5.073537237119907,5.073505215697302,5.125660564145958,5.0
3.850999999999687,1200.0,1200.0142201783208,5.073534602438109,5.073502831451718,5.125660626318396,5.0
3.851999999999687,1200.0,1200.0142175788967,5.073531984082194,5.073500461983194,5.125660687671348,5.0
3.8529999999996867,1200.0,1200.014215011387,5.073529382022441,5.073498107264767,5.125660748215416,5.0
3.8539999999996866,1200.0,1200.014212475401,5.073526796227647,5.073495767268129,5.125660807961037,5.0
3.8549999999996865,1200.0,1200.014209970554,5.073524226665293,5.073493441963786,5.125660866918601,5.0
3.8559999999996863,1200.0,1200.014207496465,5.073521673301447,5.073491131320965,5.12566092509833,5.0
3.8569999999996862,1200.0,1200.0142050527572,5.073519136100847,5.073488835307694,5.125660982510328,5.0
3.857999999999686,1200.0,1200.0142026390602,5.073516615026858,5.073486553890752,5.1256610391644974,5.0
3.858999999999686,1200.0,1200.0142002550058,5.0735141100416286,5.07348428703582,5.125661095070665,5.0
3.859999999999686,1200.0,1200.014197900232,5.073511621106032,5.073482034707428,5.1256611502385026,5.0
3.860999999999686,1200.0,1200.01419557438,5.073509148179843,5.07347979686912,5.12566120467765,5.0
3.8619999999996857,1200.0,1200.0141932770969,5.073506691221654,5.0734775734833635,5.125661258397614,5.0
3.8629999999996856,1200.0,1200.0141910080326,5.0735042501888135,5.073475364511507,5.125661311407686,5.0
3.8639999999996855,1200.0,1200.014188766842,5.073501825037547,5.073473169913868,5.1256613637170085,5.0
3.8649999999996854,1200.0,1200.0141865531841,5.073499415723186,5.073470989649979,5.125661415334796,5.0
3.8659999999996852,1200.0,1200.0141843667225,5.0734970221998745,5.073468823678283,5.125661466270004,5.0
3.866999999999685,1200.0,1200.0141822071234,5.073494644420685,5.073466671956252,5.125661516531409,5.0
3.867999999999685,1200.0,1200.0141800740591,5.073492282337836,5.073464534440597,5.125661566127818,5.0
3.868999999999685,1200.0,1200.014177967205,5.0734899359025425,5.073462411087122,5.125661615067878,5.0
3.869999999999685,1200.0,1200.0141758862394,5.073487605065061,5.073460301850752,5.125661663360093,5.0
3.8709999999996847,1200.0,1200.014173830846,5.073485289774775,5.073458206685637,5.12566171101289,5.0
3.8719999999996846,1200.0,1200.014171800712,5.07348298998025,5.073456125545182,5.125661758034645,5.0
3.8729999999996845,1200.0,1200.0141697955278,5.073480705629106,5.073454058381939,5.1256618044335305,5.0
3.8739999999996844,1200.0,1200.0141678149887,5.0734784366681405,5.073452005147706,5.125661850217611,5.0
3.8749999999996843,1200.0,1200.0141658587925,5.073476183043367,5.073449965793585,5.1256618953948685,5.0
3.875999999999684,1200.0,1200.0141639266417,5.073473944700109,5.073447940270053,5.1256619399732575,5.0
3.876999999999684,1200.0,1200.0141620182412,5.073471721582825,5.0734459285268,5.125661983960518,5.0
3.877999999999684,1200.0,1200.0141601333014,5.073469513635352,5.073443930512955,5.125662027364385,5.0
3.878999999999684,1200.0,1200.0141582715341,5.07346732080074,5.073441946176939,5.125662070192412,5.0
3.8799999999996837,1200.0,1200.0141564326561,5.073465143021456,5.073439975466649,5.125662112452151,5.0
3.8809999999996836,1200.0,1200.0141546163868,5.073462980239221,5.073438018329299,5.125662154150961,5.0
3.8819999999996835,1200.0,1200.01415282245,5.073460832395194,5.0734360747116,5.1256621952961705,5.0
3.8829999999996834,1200.0,1200.0141510505714,5.073458699429872,5.0734341445596645,5.1256622358949695,5.0
3.8839999999996833,1200.0,1200.0141493004817,5.0734565812832395,5.073432227819143,5.125662275954525,5.0
3.884999999999683,1200.0,1200.0141475719136,5.073454477894646,5.07343032443511,5.125662315481846,5.0
3.885999999999683,1200.0,1200.0141458646042,5.07345238920289,5.073428434352143,5.125662354483847,5.0
3.886999999999683,1200.0,1200.0141441782926,5.073450315146224,5.0734265575143205,5.125662392967327,5.0
3.887999999999683,1200.0,1200.0141425127217,5.073448255662438,5.073424693865309,5.125662430939045,5.0
3.8889999999996827,1200.0,1200.014140867637,5.073446210688927,5.073422843348428,5.125662468405762,5.0
3.8899999999996826,1200.0,1200.0141392427886,5.07344418016259,5.073421005906539,5.125662505374117,5.0
3.8909999999996825,1200.0,1200.014137637928,5.073442164019724,5.073419181481953,5.125662541850522,5.0
3.8919999999996824,1200.0,1200.0141360528105,5.073440162196316,5.073417370016709,5.125662577841415,5.0
3.8929999999996823,1200.0,1200.0141344871947,5.0734381746278565,5.07341557145239,5.12566261335307,5.0
3.893999999999682,1200.0,1200.0141329408407,5.073436201249511,5.073413785730294,5.125662648391745,5.0
3.894999999999682,1200.0,1200.0141314135135,5.073434241996168,5.0734120127914695,5.125662682963718,5.0
3.895999999999682,1200.0,1200.0141299049794,5.073432296802188,5.073410252576483,5.125662717075018,5.0
3.896999999999682,1200.0,1200.0141284150084,5.073430365601693,5.073408505025687,5.125662750731701,5.0
3.8979999999996817,1200.0,1200.0141269433734,5.073428448328404,5.073406770079071,5.125662783939667,5.0
3.8989999999996816,1200.0,1200.0141254898488,5.073426544915749,5.0734050476763635,5.125662816704762,5.0
3.8999999999996815,1200.0,1200.0141240542134,5.073424655296957,5.073403337757111,5.1256628490328415,5.0
3.9009999999996814,1200.0,1200.014122636248,5.073422779404906,5.073401640260543,5.125662880929621,5.0
3.9019999999996813,1200.0,1200.014121235736,5.073420917172104,5.07339995512555,5.12566291240064,5.0
3.902999999999681,1200.0,1200.014119852463,5.07341906853095,5.073398282290929,5.125662943451497,5.0
3.903999999999681,1200.0,1200.0141184862182,5.073417233413634,5.073396621695294,5.125662974087746,5.0
3.904999999999681,1200.0,1200.0141171367927,5.073415411752048,5.073394973276983,5.125663004314795,5.0
3.905999999999681,1200.0,1200.0141158039803,5.07341360347792,5.073393336974191,5.125663034138025,5.0
3.9069999999996807,1200.0,1200.014114487578,5.073411808522768,5.073391712724915,5.125663063562723,5.0
3.9079999999996806,1200.0,1200.0141131873838,5.073410026817786,5.073390100466859,5.125663092593978,5.0
3.9089999999996805,1200.0,1200.0141119031994,5.07340825829428,5.073388500137842,5.125663121237073,5.0
3.9099999999996804,1200.0,1200.0141106348285,5.073406502883218,5.073386911675369,5.125663149497054,5.0
3.9109999999996803,1200.0,1200.014109382077,5.073404760515464,5.073385335016852,5.125663177378932,5.0
3.91199999999968,1200.0,1200.014108144754,5.073403031121826,5.073383770099654,5.1256632048877275,5.0
3.91299999999968,1200.0,1200.0141069226697,5.073401314632855,5.073382216860902,5.125663232028256,5.0
3.91399999999968,1200.0,1200.0141057156375,5.073399610979061,5.073380675237687,5.125663258805336,5.0
3.91499999999968,1200.0,1200.014104523473,5.073397920090895,5.073379145167051,5.125663285223754,5.0
3.9159999999996797,1200.0,1200.0141033459938,5.073396241898691,5.073377626585931,5.125663311288212,5.0
3.9169999999996796,1200.0,1200.0141021830198,5.073394576332691,5.073376119431176,5.125663337003321,5.0
3.9179999999996795,1200.0,1200.0141010343727,5.073392923323107,5.0733746236396104,5.125663362373665,5.0
3.9189999999996794,1200.0,1200.0140998998775,5.073391282800134,5.073373139148046,5.1256633874038,5.0
3.9199999999996793,1200.0,1200.0140987793602,5.073389654693905,5.073371665893239,5.125663412098209,5.0
3.920999999999679,1200.0,1200.0140976726495,5.0733880389344455,5.073370203811845,5.125663436461238,5.0
3.921999999999679,1200.0,1200.0140965795754,5.073386435451898,5.073368752840632,5.125663460497307,5.0
3.922999999999679,1200.0,1200.0140954999715,5.073384844176335,5.073367312916303,5.12566348421073,5.0
3.923999999999679,1200.0,1200.0140944336724,5.073383265037735,5.073365883975467,5.1256635076056645,5.0
3.9249999999996787,1200.0,1200.0140933805146,5.073381697966169,5.073364465954823,5.125663530686303,5.0
3.9259999999996786,1200.0,1200.014092340337,5.0733801428917475,5.0733630587911165,5.125663553456811,5.0
3.9269999999996785,1200.0,1200.01409131298,5.0733785997446015,5.073361662421099,5.125663575921283,5.0
3.9279999999996784,1200.0,1200.0140902982869,5.073377068454806,5.073360276781477,5.125663598083689,5.0
3.9289999999996783,1200.0,1200.0140892961017,5.0733755489526375,5.073358901809142,5.125663619948086,5.0
3.929999999999678,1200.0,1200.014088306272,5.073374041168258,5.07335753744087,5.125663641518329,5.0
3.930999999999678,1200.0,1200.014087328645,5.073372545031888,5.073356183613501,5.125663662798223,5.0
3.931999999999678,1200.0,1200.0140863630713,5.073371060473961,5.07335484026407,5.125663683791665,5.0
3.932999999999678,1200.0,1200.014085409403,5.0733695874248985,5.0733535073295934,5.125663704502412,5.0
3.9339999999996778,1200.0,1200.0140844674943,5.073368125815273,5.073352184747238,5.125663724934254,5.0
3.9349999999996776,1200.0,1200.0140835372003,5.073366675575567,5.073350872454066,5.125663745090744,5.0
3.9359999999996775,1200.0,1200.0140826183788,5.073365236636545,5.0733495703874185,5.125663764975582,5.0
3.9369999999996774,1200.0,1200.0140817108888,5.073363808928974,5.073348278484628,5.125663784592321,5.0
3.9379999999996773,1200.0,1200.0140808145916,5.073362392383767,5.073346996683163,5.125663803944498,5.0
3.938999999999677,1200.0,1200.014079929349,5.073360986931958,5.0733457249206,5.125663823035619,5.0
3.939999999999677,1200.0,1200.014079055026,5.073359592504714,5.073344463134637,5.1256638418691445,5.0
3.940999999999677,1200.0,1200.0140781914884,5.07335820903326,5.073343211263025,5.125663860448439,5.0
3.941999999999677,1200.0,1200.0140773386038,5.07335683644899,5.073341969243665,5.125663878776837,5.0
3.9429999999996768,1200.0,1200.014076496241,5.0733554746834395,5.073340737014584,5.125663896857646,5.0
3.9439999999996767,1200.0,1200.0140756642713,5.073354123668332,5.073339514513992,5.125663914694169,5.0
3.9449999999996765,1200.0,1200.0140748425667,5.073352783335485,5.073338301680175,5.125663932289606,5.0
3.9459999999996764,1200.0,1200.0140740310017,5.073351453616875,5.0733370984515584,5.125663949647121,5.0
3.9469999999996763,1200.0,1200.014073229451,5.073350134444657,5.073335904766742,5.125663966769855,5.0
3.947999999999676,1200.0,1200.0140724377918,5.07334882575121,5.07333472056452,5.125663983660958,5.0
3.948999999999676,1200.0,1200.0140716559033,5.0733475274689726,5.073333545783743,5.125664000323439,5.0
3.949999999999676,1200.0,1200.0140708836645,5.073346239530657,5.073332380363513,5.1256640167603535,5.0
3.950999999999676,1200.0,1200.0140701209575,5.073344961869093,5.073331224243029,5.125664032974658,5.0
3.9519999999996758,1200.0,1200.014069367665,5.073343694417378,5.073330077361748,5.125664048969352,5.0
3.9529999999996757,1200.0,1200.0140686236712,5.0733424371086695,5.073328939659162,5.125664064747264,5.0
3.9539999999996756,1200.0,1200.0140678888622,5.073341189876499,5.073327811075122,5.125664080311363,5.0
3.9549999999996754,1200.0,1200.0140671631252,5.073339952654373,5.073326691549435,5.125664095664362,5.0
3.9559999999996753,1200.0,1200.0140664463484,5.073338725376139,5.073325581022235,5.125664110809074,5.0
3.956999999999675,1200.0,1200.0140657384216,5.0733375079758485,5.073324479433831,5.125664125748262,5.0
3.957999999999675,1200.0,1200.0140650392364,5.0733363003878456,5.073323386724805,5.125664140484742,5.0
3.958999999999675,1200.0,1200.014064348685,5.073335102546499,5.073322302835755,5.125664155021109,5.0
3.959999999999675,1200.0,1200.014063666662,5.073333914386509,5.073321227707576,5.125664169360027,5.0
3.960999999999675,1200.0,1200.014062993062,5.073332735842755,5.073320161281332,5.125664183504086,5.0
3.9619999999996747,1200.0,1200.0140623277816,5.073331566850381,5.073319103498329,5.125664197455883,5.0
3.9629999999996746,1200.0,1200.0140616707185,5.073330407344777,5.073318054300088,5.125664211217994,5.0
3.9639999999996745,1200.0,1200.0140610217713,5.07332925726155,5.073317013628337,5.125664224792951,5.0
3.9649999999996743,1200.0,1200.014060380841,5.073328116536532,5.0733159814249955,5.125664238183237,5.0
3.9659999999996742,1200.0,1200.0140597478287,5.073326985105787,5.073314957632204,5.125664251391303,5.0
3.966999999999674,1200.0,1200.014059122637,5.073325862905553,5.073313942192243,5.125664264419494,5.0
3.967999999999674,1200.0,1200.0140585051702,5.073324749872454,5.073312935047765,5.125664277270269,5.0
3.968999999999674,1200.0,1200.0140578953328,5.073323645943219,5.073311936141501,5.1256642899459175,5.0
3.969999999999674,1200.0,1200.0140572930316,5.073322551054884,5.073310945416464,5.12566430244875,5.0
3.9709999999996737,1200.0,1200.014056698173,5.073321465144746,5.0733099628159115,5.125664314781062,5.0
3.9719999999996736,1200.0,1200.014056110666,5.073320388150441,5.0733089882834035,5.125664326945193,5.0
3.9729999999996735,1200.0,1200.01405553042,5.0733193200097615,5.073308021762639,5.125664338943363,5.0
3.9739999999996733,1200.0,1200.0140549573457,5.073318260660775,5.073307063197567,5.125664350777772,5.0
3.9749999999996732,1200.0,1200.0140543913553,5.073317210041835,5.073306112532401,5.125664362450623,5.0
3.975999999999673,1200.0,1200.0140538323617,5.073316168091488,5.073305169711516,5.125664373964012,5.0
3.976999999999673,1200.0,1200.0140532802786,5.073315134748599,5.073304234679587,5.125664385320067,5.0
3.977999999999673,1200.0,1200.0140527350204,5.073314109952281,5.0733033073815115,5.125664396520869,5.0
3.978999999999673,1200.0,1200.014052196504,5.073313093641998,5.073302387762502,5.125664407568544,5.0
3.9799999999996727,1200.0,1200.0140516646459,5.073312085757362,5.073301475767909,5.12566441846508,5.0
3.9809999999996726,1200.0,1200.0140511393647,5.073311086238378,5.073300571343438,5.12566442921255,5.0
3.9819999999996725,1200.0,1200.0140506205792,5.073310095025202,5.073299674434926,5.125664439812887,5.0
3.9829999999996724,1200.0,1200.0140501082096,5.073309112058325,5.073298784988516,5.125664450268043,5.0
3.9839999999996722,1200.0,1200.0140496021768,5.073308137278524,5.073297902950614,5.125664460579968,5.0
3.984999999999672,1200.0,1200.0140491024029,5.07330717062683,5.073297028267846,5.125664470750549,5.0
3.985999999999672,1200.0,1200.0140486088108,5.073306212044548,5.073296160887098,5.125664480781655,5.0
3.986999999999672,1200.0,1200.0140481213245,5.073305261473366,5.073295300755602,5.125664490675223,5.0
3.987999999999672,1200.0,1200.0140476398687,5.073304318855109,5.0732944478206985,5.125664500433015,5.0
3.9889999999996717,1200.0,1200.0140471643695,5.073303384131981,5.073293602030096,5.125664510056886,5.0
3.9899999999996716,1200.0,1200.0140466947535,5.07330245724645,5.07329276333172,5.12566451954862,5.0
3.9909999999996715,1200.0,1200.014046230948,5.073301538141218,5.073291931673718,5.125664528909944,5.0
3.9919999999996714,1200.0,1200.014045772882,5.07330062675935,5.0732911070045645,5.125664538142628,5.0
3.9929999999996713,1200.0,1200.0140453204838,5.0732997230441725,5.073290289272969,5.125664547248396,5.0
3.993999999999671,1200.0,1200.0140448736845,5.073298826939281,5.07328947842789,5.125664556228937,5.0
3.994999999999671,1200.0,1200.0140444324152,5.07329793838862,5.0732886744186,5.125664565085965,5.0
3.995999999999671,1200.0,1200.0140439966074,5.07329705733631,5.073287877194521,5.125664573821067,5.0
3.996999999999671,1200.0,1200.0140435661942,5.073296183726903,5.0732870867054825,5.125664582435944,5.0
3.9979999999996707,1200.0,1200.0140431411087,5.0732953175050675,5.073286302901403,5.125664590932109,5.0
3.9989999999996706,1200.0,1200.0140427212857,5.073294458615964,5.0732855257326595,5.125664599311242,5.0
3.9999999999996705,1200.0,1200.0140423066605,5.0732936070049,5.073284755149756,5.1256646075748655,5.0
4.000999999999671,2000.0,1205.8390290916957,19.999999999999996,19.752838637312024,19.950972647840942,5.0
4.001999999999671,2000.0,1212.9235400200805,19.999999999999996,19.76660147084721,19.96629189005709,5.0
4.0029999999996715,2000.0,1220.0085327967415,19.999999999999996,19.764726846829003,19.96583028729046,5.0
4.003999999999672,2000.0,1227.0929947258535,19.999999999999996,19.763008891227567,19.96555794584459,5.0
4.004999999999672,2000.0,1234.177017202554,19.999999999999996,19.761443978554254,19.965470362195614,5.0
4.0059999999996725,2000.0,1241.260684685049,19.999999999999996,19.760017540110784,19.96555196025689,5.0
4.006999999999673,2000.0,1248.3440745314106,19.999999999999996,19.758716391342414,19.965788575200932,5.0
4.007999999999673,2000.0,1255.4272576450874,19.999999999999996,19.75752860830656,19.966167328776326,5.0
4.0089999999996735,2000.0,1262.510299059992,19.999999999999996,19.75644340727662,19.9666765077311,5.0
4.009999999999674,2000.0,1269.5932584703253,19.999999999999996,19.755451035833183,19.96730545382064,5.0
4.010999999999674,2000.0,1276.6761907104046,19.999999999999996,19.754542674352532,19.968044464299755,5.0
4.0119999999996745,2000.0,1283.7591461892566,19.999999999999996,19.753710346900096,19.968884701897963,5.0
4.012999999999675,2000.0,1290.842171284289,19.999999999999996,19.752946840630916,19.96981811337202,5.0
4.013999999999675,2000.0,1297.925308697942,19.999999999999996,19.75224563288524,19.970837355816805,5.0
4.0149999999996755,2000.0,1305.0085977808385,19.999999999999996,19.751600825244726,19.971935729993703,5.0
4.015999999999676,2000.0,1312.0920748246283,19.999999999999996,19.75100708388462,19.973107120006393,5.0
4.016999999999676,2000.0,1319.1757733274094,19.999999999999996,19.750459585621204,19.974345938718187,5.0
4.0179999999996765,2000.0,1326.2597242343365,19.999999999999996,19.74995396911062,19.975647078362638,5.0
4.018999999999677,2000.0,1333.3439561557766,19.999999999999996,19.749486290707438,19.977005865851787,5.0
4.019999999999677,2000.0,1340.4284955651449,19.999999999999996,19.749052984538185,19.97841802233378,5.0
4.0209999999996775,2000.0,1347.51336697836,19.999999999999996,19.748650826387358,19.97987962659397,5.0
4.021999999999678,2000.0,1354.598593116654,19.999999999999996,19.748276901032135,19.981387081933207,5.0
4.022999999999678,2000.0,1361.6841950543273,19.999999999999996,19.7479285726964,19.982937086191022,5.0
4.0239999999996785,2000.0,1368.7701923528728,19.999999999999996,19.747603458326456,19.984526604614082,5.0
4.024999999999679,2000.0,1375.8566031827659,19.999999999999996,19.74729940341897,19.98615284529817,5.0
4.025999999999679,2000.0,1382.943444434086,19.999999999999996,19.747014460157487,19.98781323695837,5.0
4.0269999999996795,2000.0,1390.0307318170312,19.999999999999996,19.746746867637203,19.989505408805407,5.0
4.02799999999968,2000.0,1397.1184799532843,19.999999999999996,19.746495033978587,19.991227172327147,5.0
4.02899999999968,2000.0,1404.2067024590897,19.999999999999996,19.746257520149506,19.992976504793823,5.0
4.0299999999996805,2000.0,1411.2954120208337,19.999999999999996,19.746033025332753,19.99475153432242,5.0
4.030999999999681,2000.0,1418.3846204638296,19.999999999999996,19.745820373691533,19.996550526351772,5.0
4.031999999999681,2000.0,1425.474338814953,19.999999999999996,19.74561850239924,19.998371871393857,5.0
4.0329999999996815,2000.0,1432.5645773597043,19.999999999999996,19.745426450813014,20.00021407393966,5.0
4.033999999999682,2000.0,1439.6553456942295,19.999999999999996,19.74524335068177,20.00207574240966,5.0
4.034999999999682,2000.0,1446.7466527727631,19.999999999999996,19.745068417289886,20.00395558004934,5.0
4.0359999999996825,2000.0,1453.8385069509352,19.999999999999996,19.744900941447423,20.005852376679954,5.0
4.036999999999683,2000.0,1460.9309160253208,19.999999999999996,19.744740282245715,20.007765001222808,5.0
4.037999999999683,2000.0,1468.023887269592,19.999999999999996,19.744585860505566,20.009692394923658,5.0
4.0389999999996835,2000.0,1475.117427467585,19.999999999999996,19.744437152851724,20.011633565210577,5.0
4.039999999999684,2000.0,1482.2115429435703,19.999999999999996,19.74429368635388,20.013587580124913,5.0
4.040999999999684,2000.0,1489.3062395899933,19.999999999999996,19.744155033680155,20.015553563271002,5.0
4.0419999999996845,2000.0,1496.40152289291,19.999999999999996,19.744020808713966,20.01753068923516,5.0
4.042999999999685,2000.0,1503.497397955342,19.999999999999996,19.74389066259026,20.019518179429475,5.0
4.043999999999685,2000.0,1510.593869518739,19.999999999999996,19.743764280110803,20.021515298320033,5.0
4.0449999999996855,2000.0,1517.6909419827186,19.999999999999996,19.74364137650257,20.023521350002998,5.0
4.045999999999686,2000.0,1524.7886194232563,19.999999999999996,19.74352169448623,20.02553567509561,5.0
4.046999999999686,2000.0,1531.8869056094475,19.999999999999996,19.743405001625323,20.027557647912246,5.0
4.0479999999996865,2000.0,1538.985804018993,19.999999999999996,19.74329108792913,20.029586673898454,5.0
4.048999999999687,2000.0,1546.0853178525126,19.999999999999996,19.74317976368515,20.031622187298495,5.0
4.049999999999687,2000.0,1553.1854500467916,19.999999999999996,19.743070857499116,20.03366364903447,5.0
4.0509999999996875,2000.0,1560.2862032870655,19.999999999999996,19.742964214522885,20.03571054477675,5.0
4.051999999999688,2000.0,1567.3875800184217,19.999999999999996,19.742859694852054,20.037762383187847,5.0
4.052999999999688,2000.0,1574.4895824564019,19.999999999999996,19.74275717207727,20.039818694323195,5.0
4.0539999999996885,2000.0,1581.5922125968757,19.999999999999996,19.742656531974415,20.04187902817417,5.0
4.054999999999689,2000.0,1588.695472225245,19.999999999999996,19.74255767132044,20.04394295333973,5.0
4.055999999999689,2000.0,1595.7993629250493,19.999999999999996,19.742460496822904,20.04601005581487,5.0
4.0569999999996895,2000.0,1602.9038860860098,19.999999999999996,19.742364924152184,20.04807993788458,5.0
4.05799999999969,2000.0,1610.0090429115742,19.999999999999996,19.742270877066744,20.050152217113602,5.0
4.05899999999969,2000.0,1617.114834425997,19.999999999999996,19.742178286622426,20.05222652542298,5.0
4.0599999999996905,2000.0,1624.2212614809985,19.999999999999996,19.742087090457726,20.054302508245165,5.0
4.060999999999691,2000.0,1631.328324762036,19.999999999999996,19.74199723214793,20.05637982375046,5.0
4.061999999999691,2000.0,1638.4360247942236,19.999999999999996,19.741908660621313,20.05845814213804,5.0
4.0629999999996915,2000.0,1645.5443619479263,19.999999999999996,19.741821329631676,20.06053714498562,5.0
4.063999999999692,2000.0,1652.6533364440531,19.999999999999996,19.74173519728167,20.06261652465225,5.0
4.064999999999692,2000.0,1659.7629483590836,19.999999999999996,19.741650225592114,20.064695983729308,5.0
4.0659999999996925,2000.0,1666.8731976298338,19.999999999999996,19.741566380112936,20.06677523453535,5.0
4.066999999999693,2000.0,1673.9840840579989,19.999999999999996,19.74148362957168,20.068853998650578,5.0
4.067999999999693,2000.0,1681.0956073144753,19.999999999999996,19.741401945556024,20.070932006487432,5.0
4.0689999999996935,2000.0,1688.2077669434884,19.999999999999996,19.741321302227085,20.073008996893964,5.0
4.069999999999694,2000.0,1695.3205623665408,19.999999999999996,19.741241676060437,20.075084716786904,5.0
4.070999999999694,2000.0,1702.4339928861837,19.999999999999996,19.741163045612375,20.07715892081185,5.0
4.0719999999996945,2000.0,1709.548057689642,19.999999999999996,19.741085391308832,20.079231371028072,5.0
4.072999999999695,2000.0,1716.6627558522864,19.999999999999996,19.741008695254845,20.081301836615616,5.0
4.073999999999695,2000.0,1723.778086340973,19.999999999999996,19.740932941062646,20.083370093602838,5.0
4.0749999999996955,2000.0,1730.894048017257,19.999999999999996,19.740858113696536,20.08543592461253,5.0
4.075999999999696,2000.0,1738.0106396404908,19.999999999999996,19.740784199332904,20.0874991186248,5.0
4.076999999999696,2000.0,1745.12785987081,19.999999999999996,19.74071118523398,20.089559470755503,5.0
4.0779999999996965,2000.0,1752.2457072720167,19.999999999999996,19.74063905963406,20.091616782048682,5.0
4.078999999999697,2000.0,1759.364180314371,19.999999999999996,19.74056781163683,20.093670859281765,5.0
4.079999999999697,2000.0,1766.4832773772844,19.999999999999996,19.74049743112295,20.095721514782593,5.0
4.0809999999996975,2000.0,1773.6029967519376,19.999999999999996,19.74042790866666,20.097768566257024,5.0
4.081999999999698,2000.0,1780.723336643811,19.999999999999996,19.74035923546083,20.09981183662651,5.0
4.082999999999698,2000.0,1787.8442951751422,19.999999999999996,19.7402914032493,20.101851153874446,5.0
4.0839999999996985,2000.0,1794.9658703873108,19.999999999999996,19.740224404266172,20.103886350900904,5.0
4.084999999999699,2000.0,1802.0880602431616,19.999999999999996,19.740158231181006,20.105917265384782,5.0
4.085999999999699,2000.0,1809.2108626292536,19.999999999999996,19.74009287704972,20.10794373965301,5.0
4.0869999999996995,2000.0,1816.3342753580548,19.999999999999996,19.74002833527034,20.109965620555982,5.0
4.0879999999997,2000.0,1823.4582961700778,19.999999999999996,19.73996459954331,20.11198275934897,5.0
4.0889999999997,2000.0,1830.582922735958,19.999999999999996,19.739901663835862,20.11399501157886,5.0
4.0899999999997005,2000.0,1837.7081526584832,19.999999999999996,19.73983952235002,20.116002236975927,5.0
4.090999999999701,2000.0,1844.8339834745643,19.999999999999996,19.739778169493952,20.118004299350105,5.0
4.091999999999701,2000.0,1851.9604126571671,19.999999999999996,19.739717599856306,20.120001066491675,5.0
4.0929999999997015,2000.0,1859.0874376171907,19.999999999999996,19.739657808183246,20.1219924100758,5.0
4.093999999999702,2000.0,1866.215055705305,19.999999999999996,19.739598789357878,20.123978205570673,5.0
4.094999999999702,2000.0,1873.3432642137418,19.999999999999996,19.73954053838193,20.125958332149153,5.0
4.0959999999997025,2000.0,1880.4720603780472,19.999999999999996,19.739483050359425,20.127932672603595,5.0
4.096999999999703,2000.0,1887.6014413787923,19.999999999999996,19.739426320482053,20.12990111326348,5.0
4.097999999999703,2000.0,1894.7314043432466,19.999999999999996,19.739370344016244,20.131863543915955,5.0
4.0989999999997035,2000.0,1901.8619463470097,19.999999999999996,19.73931511629164,20.133819857728856,5.0
4.099999999999704,2000.0,1908.9930644156168,19.999999999999996,19.739260632690893,20.135769951176176,5.0
4.100999999999704,2000.0,1916.1247555260968,19.999999999999996,19.739206888640638,20.137713723965827,5.0
4.1019999999997045,2000.0,1923.257016608502,19.999999999999996,19.73915387960353,20.139651078969464,5.0
4.102999999999705,2000.0,1930.389844547408,19.999999999999996,19.739101601071237,20.141581922154387,5.0
4.103999999999705,2000.0,1937.523236183376,19.999999999999996,19.73905004855825,20.143506162517298,5.0
4.1049999999997056,2000.0,1944.6571883143863,19.999999999999996,19.738999217596565,20.14542371201984,5.0
4.105999999999706,2000.0,1951.7916976972408,19.999999999999996,19.738949103730906,20.147334485525874,5.0
4.106999999999706,2000.0,1958.9267610489367,19.999999999999996,19.738899702514743,20.149238400740323,5.0
4.1079999999997066,2000.0,1966.06237504801,19.999999999999996,19.73885100950672,20.151135378149565,5.0
4.108999999999707,2000.0,1972.97853558031,19.46205705987225,19.211177981324493,19.613706435358683,5.0
4.109999999999707,2000.0,1979.2362600240072,17.943051993505932,17.72083144114173,18.091980640916674,5.0
4.1109999999997076,2000.0,1984.5879131631289,15.987047865699513,15.80107357368907,16.130787530929133,5.0
4.111999999999708,2000.0,1988.9671105738216,13.944166286597852,13.79572216657965,14.081644407775567,5.0
4.112999999999708,2000.0,1992.417525558913,12.02334349565564,11.909972432446612,12.15446128933812,5.0
4.113999999999709,2000.0,1995.0425441206332,10.334605781086527,10.251903135152403,10.459852798942167,5.0
4.114999999999709,2000.0,1996.9712256508337,8.921755349930338,8.86456769194898,9.04190993485487,5.0
4.115999999999709,2000.0,1998.336534357053,7.786774838345219,7.749954190766417,7.902699355460836,5.0
4.11699999999971,2000.0,1999.2624768643068,6.907403428695009,6.886241336704687,7.019920774986774,5.0
4.11799999999971,2000.0,1999.8574536040687,6.2492985883959244,6.239738903091859,6.359128943557117,5.0
4.11899999999971,2000.0,2000.2117479570052,5.77405514919779,5.772761323458082,5.881792751160046,5.0
4.119999999999711,2000.0,2000.3976084512506,5.444163670322642,5.448496592188297,5.55027754928208,5.0
4.120999999999711,2000.0,2000.4708161328738,5.225789152660885,5.233735365593667,5.330636428221959,5.0
4.121999999999711,2000.0,2000.4729743361706,5.090061046279989,5.100138495543773,5.193905381812212,5.0
4.122999999999712,2000.0,2000.4340210845633,5.01339771718866,5.0245565386371185,5.116428512815631,5.0
4.123999999999712,2000.0,2000.3746578345554,4.977247840725478,4.988776685865715,5.079597800975714,5.0
4.124999999999712,2000.0,2000.3085254088683,4.9675179682502355,4.978961431981111,5.069277999124088,5.0
4.125999999999713,2000.0,2000.2440511105322,4.973867663818899,4.9849570773010985,5.075098842762345,5.0
4.126999999999713,2000.0,2000.1859509976634,4.988987766692185,4.999585527276241,5.089730559714603,5.0
4.127999999999713,2000.0,2000.1364071575028,5.00792970983514,5.017986103736166,5.108210812033601,5.0
4.128999999999714,2000.0,2000.0959587759053,5.027520693902053,5.037041556299237,5.127357933926722,5.0
4.129999999999714,2000.0,2000.0641534366046,5.045877517905148,5.054900863545991,5.145283254293483,5.0
4.130999999999714,2000.0,2000.0400055675118,5.062018128790289,5.070597922006289,5.161001515524276,5.0
4.131999999999715,2000.0,2000.0223052771373,5.075562123456339,5.083757531540552,5.174130557229857,5.0
4.132999999999715,2000.0,2000.0098150678045,5.086507668805653,5.0943763830387665,5.184667664851153,5.0
4.133999999999715,2000.0,2000.0013854426363,5.095071191843924,5.1026656580873855,5.192828875768819,5.0
4.134999999999716,2000.0,1999.9960140880585,5.10157669979326,5.1089423464406165,5.198938052712423,5.0
4.135999999999716,2000.0,1999.9928675891906,5.106382988666027,5.11355775813622,5.203353942628737,5.0
4.136999999999716,2000.0,1999.9912797447175,5.109838792085755,5.116853466224835,5.2064252417444274,5.0
4.137999999999717,2000.0,1999.9907365485587,5.112257791794769,5.119136750532979,5.208465565202135,5.0
4.138999999999717,2000.0,1999.9908547562188,5.113907167491327,5.12066933627338,5.20974198239616,5.0
4.139999999999717,2000.0,1999.9913585585134,5.115004906714428,5.121664735720925,5.21047232733952,5.0
4.140999999999718,2000.0,1999.9920571259393,5.1157223860114165,5.122290767814775,5.210827787780968,5.0
4.141999999999718,2000.0,1999.992824541548,5.116189771141682,5.122674847961532,5.210938316122307,5.0
4.142999999999718,2000.0,1999.99358279552,5.116502587148214,5.122910428643289,5.210899210233725,5.0
4.143999999999719,2000.0,1999.994287971658,5.116728410233589,5.123063561538743,5.210777814690683,5.0
4.144999999999719,2000.0,1999.9949194324934,5.1169130676405254,5.123178978212808,5.2106197280617135,5.0
4.145999999999719,2000.0,1999.9954716396303,5.117086033401802,5.123285382621023,5.210454204043071,5.0
4.14699999999972,2000.0,1999.9959481786298,5.117264907781426,5.12339984502511,5.210298634462801,5.0
4.14799999999972,2000.0,1999.9963575551437,5.117458992797396,5.12353130925676,5.210162126864298,5.0
4.14899999999972,2000.0,1999.9967103639665,5.1176720469131425,5.123683294716629,5.210048260102566,5.0
4.149999999999721,2000.0,1999.9970174862722,5.117904335709295,5.123855907644197,5.209957135086494,5.0
4.150999999999721,2000.0,1999.9972890301424,5.118154104951442,5.124047285656161,5.209886847355177,5.0
4.151999999999721,2000.0,1999.9975337879014,5.118418597378357,5.12425459458078,5.209834503028633,5.0
4.152999999999722,2000.0,1999.9977590364178,5.118694721406003,5.124474683747893,5.209796886489663,5.0
4.153999999999722,2000.0,1999.9979705514934,5.118979463293437,5.124704489566139,5.209770871457073,5.0
4.154999999999722,2000.0,1999.998172744117,5.119270117033004,5.124941260263545,5.209753649788597,5.0
4.155999999999723,2000.0,1999.9983688552993,5.119564390041573,5.125182658786728,5.209742836136805,5.0
4.156999999999723,2000.0,1999.9985611680931,5.119860428521699,5.1254267869121035,5.20973649235223,5.0
4.157999999999723,2000.0,1999.9987512115677,5.120156794501635,5.125672161983637,5.209733103653296,5.0
4.158999999999724,2000.0,1999.9989399428785,5.120452417039515,5.125917668344905,5.2097315290496224,5.0
4.159999999999724,2000.0,1999.9991279013032,5.120746532705719,5.12616249829845,5.209730941128301,5.0
4.160999999999724,2000.0,1999.999315333084,5.121038624944923,5.126406092014732,5.20973076479739,5.0
4.161999999999725,2000.0,1999.9995022888736,5.121328367934931,5.126648081901941,5.209730620595276,5.0
4.162999999999725,2000.0,1999.9996886971228,5.12161557779665,5.126888244236054,5.209730275411825,5.0
4.163999999999725,2000.0,1999.9998744173658,5.1219001721766295,5.127126459051135,5.209729601634943,5.0
4.164999999999726,2000.0,2000.0000592773788,5.122182138084398,5.127362678171704,5.209728544597884,5.0
4.165999999999726,2000.0,2000.0002430978589,5.1224615072194375,5.127596900633292,5.209727097556181,5.0
4.166999999999726,2000.0,2000.00042570778,5.122738337715492,5.127829154435963,5.209725283116942,5.0
4.167999999999727,2000.0,2000.0006069530368,5.123012701142376,5.128059483489596,5.209723139956498,5.0
4.168999999999727,2000.0,2000.0007867004422,5.123284673653592,5.128287938657116,5.209720713711246,5.0
4.169999999999727,2000.0,2000.00096483867,5.123554330287947,5.128514571919616,5.2097180510469805,5.0
4.170999999999728,2000.0,2000.0011412773138,5.123821741588396,5.12873943283964,5.209715196067478,5.0
4.171999999999728,2000.0,2000.0013159449074,5.12408697185776,5.128962566652638,5.209712188379845,5.0
4.172999999999728,2000.0,2000.001488786473,5.124350078521729,5.129184013464696,5.209709062285269,5.0
4.173999999999729,2000.0,2000.0016597609806,5.124611112198398,5.129403808161232,5.209705846692641,5.0
4.174999999999729,2000.0,2000.0018288389329,5.12487011718289,5.129621980738992,5.209702565462314,5.0
4.175999999999729,2000.0,2000.001996000211,5.1251271321438505,5.129838556860188,5.209699237975262,5.0
4.17699999999973,2000.0,2000.002161232218,5.125382190894092,5.130053558492265,5.209695879788821,5.0
4.17799999999973,2000.0,2000.0023245283423,5.125635323149855,5.130267004548005,5.209692503292294,5.0
4.17899999999973,2000.0,2000.0024858867027,5.125886555229136,5.130478911476235,5.20968911831185,5.0
4.179999999999731,2000.0,2000.0026453091557,5.126135910664777,5.1306892937781905,5.209685732639446,5.0
4.180999999999731,2000.0,2000.002802800517,5.12638341072422,5.130898164440692,5.209682352476811,5.0
4.181999999999731,2000.0,2000.0029583679623,5.12662907483864,5.131105535287962,5.209678982796405,5.0
4.182999999999732,2000.0,2000.0031120205656,5.126872920950106,5.131311417259784,5.209675627627238,5.0
4.183999999999732,2000.0,2000.0032637689478,5.127114965787796,5.131515820626221,5.2096722902759725,5.0
4.184999999999732,2000.0,2000.0034136250083,5.127355225085022,5.131718755149716,5.209668973494354,5.0
4.185999999999733,2000.0,2000.0035616017185,5.127593713748474,5.131920230205353,5.209665679603935,5.0
4.186999999999733,2000.0,2000.00370771296,5.1278304459896145,5.132120254868439,5.209662410587455,5.0
4.187999999999733,2000.0,2000.0038519733964,5.128065435426707,5.132318837977322,5.209659168154915,5.0
4.188999999999734,2000.0,2000.0039943983675,5.128298695164934,5.132515988178383,5.209655953791427,5.0
4.189999999999734,2000.0,2000.0041350037993,5.12853023785955,5.132711713957685,5.209652768791406,5.0
4.190999999999734,2000.0,2000.0042738061295,5.128760075767113,5.132906023663872,5.209649614283779,5.0
4.191999999999735,2000.0,2000.0044108222387,5.128988220787516,5.13309892552477,5.209646491250705,5.0
4.192999999999735,2000.0,2000.00454606939,5.129214684499269,5.1332904276597615,5.209643400541939,5.0
4.193999999999735,2000.0,2000.0046795651738,5.129439478190099,5.133480538089753,5.20964034288666,5.0
4.194999999999736,2000.0,2000.004811327457,5.129662612883563,5.133669264745215,5.209637318903293,5.0
4.195999999999736,2000.0,2000.004941374336,5.129884099362884,5.133856615473283,5.209634329108302,5.0
4.196999999999736,2000.0,2000.0050697240936,5.1301039481928665,5.134042598044556,5.2096313739246325,5.0
4.197999999999737,2000.0,2000.0051963951598,5.130322169739196,5.134227220158802,5.209628453688969,5.0
4.198999999999737,2000.0,2000.0053214060747,5.13053877418646,5.134410489450724,5.209625568659022,5.0
4.199999999999737,2000.0,2000.0054447754544,5.13075377155495,5.134592413495659,5.209622719020687,5.0
4.200999999999738,2000.0,2000.005566521965,5.130967171715561,5.134772999814515,5.209619904894396,5.0
4.201999999999738,2000.0,2000.0056866642892,5.131178984403274,5.134952255878306,5.209617126340994,5.0
4.202999999999738,2000.0,2000.0058052211052,5.131389219230292,5.135130189113126,5.20961438336805,5.0
4.203999999999739,2000.0,2000.0059222110626,5.131597885697127,5.135306806903961,5.209611675934927,5.0
4.204999999999739,2000.0,2000.006037652764,5.13180499320339,5.135482116598894,5.209609003958226,5.0
4.205999999999739,2000.0,2000.0061515647476,5.132010551056683,5.135656125512092,5.209606367315946,5.0
4.20699999999974,2000.0,2000.0062639654668,5.132214568481238,5.135828840927084,5.209603765851915,5.0
4.20799999999974,2000.0,2000.006374873282,5.132417054625689,5.136000270099739,5.209601199379892,5.0
4.20899999999974,2000.0,2000.0064843064454,5.132618018569632,5.1361704202604965,5.209598667686859,5.0
4.209999999999741,2000.0,2000.0065922830881,5.132817469329637,5.136339298616509,5.209596170536209,5.0
4.210999999999741,2000.0,2000.0066988212147,5.1330154158650405,5.136506912353898,5.209593707671015,5.0
4.211999999999741,2000.0,2000.006803938692,5.13321186708225,5.136673268638938,5.209591278816187,5.0
4.212999999999742,2000.0,2000.0069076532425,5.133406831839273,5.136838374619743,5.209588883681116,5.0
4.213999999999742,2000.0,2000.0070099824372,5.133600318949254,5.137002237427261,5.209586521961579,5.0
4.214999999999742,2000.0,2000.0071109436929,5.133792337184066,5.137164864176572,5.209584193341938,5.0
4.215999999999743,2000.0,2000.0072105542636,5.133982895276758,5.137326261967285,5.209581897496399,5.0
4.216999999999743,2000.0,2000.0073088312397,5.134172001924559,5.1374864378846965,5.209579634091023,5.0
4.217999999999743,2000.0,2000.0074057915442,5.134359665790771,5.137645399000014,5.209577402784753,5.0
4.218999999999744,2000.0,2000.007501451928,5.134545895506684,5.137803152370813,5.209575203230681,5.0
4.219999999999744,2000.0,2000.0075958289701,5.134730699673407,5.137959705041487,5.209573035077268,5.0
4.220999999999744,2000.0,2000.007688939074,5.134914086863171,5.138115064043394,5.209570897969242,5.0
4.221999999999745,2000.0,2000.0077807984676,5.135096065620663,5.138269236395094,5.209568791548568,5.0
4.222999999999745,2000.0,2000.0078714232034,5.135276644463803,5.138422229102167,5.209566715454976,5.0
4.223999999999745,2000.0,2000.0079608291535,5.135455831884674,5.138574049157297,5.209564669326738,5.0
4.224999999999746,2000.0,2000.008049032014,5.13563363635062,5.138724703540575,5.209562652801657,5.0
4.225999999999746,2000.0,2000.0081360473007,5.1358100663042245,5.138874199218812,5.209560665517015,5.0
4.226999999999746,2000.0,2000.008221890353,5.135985130164405,5.139022543145994,5.209558707110684,5.0
4.227999999999747,2000.0,2000.008306576333,5.136158836326359,5.139169742262688,5.2095567772211515,5.0
4.228999999999747,2000.0,2000.0083901202238,5.136331193161811,5.1393158034957995,5.209554875487873,5.0
4.229999999999747,2000.0,2000.0084725368329,5.136502209019531,5.139460733758656,5.209553001551953,5.0
4.230999999999748,2000.0,2000.008553840793,5.136671892225226,5.139604539950495,5.209551155056204,5.0
4.231999999999748,2000.0,2000.0086340465596,5.136840251081596,5.139747228956184,5.209549335645419,5.0
4.232999999999748,2000.0,2000.008713168416,5.137007293868486,5.139888807646047,5.209547542966752,5.0
4.233999999999749,2000.0,2000.0087912204722,5.137173028842703,5.140029282875436,5.209545776669805,5.0
4.234999999999749,2000.0,2000.0088682166677,5.137337464238079,5.14016866148452,5.209544036406939,5.0
4.235999999999749,2000.0,2000.0089441707712,5.137500608265047,5.1403069502976635,5.209542321833149,5.0
4.23699999999975,2000.0,2000.0090190963826,5.13766246911078,5.140444156123361,5.209540632606484,5.0
4.23799999999975,2000.0,2000.0090930069343,5.137823054938905,5.140580285753803,5.209538968388081,5.0
4.23899999999975,2000.0,2000.0091659156928,5.137982373889364,5.140715345964567,5.209537328842337,5.0
4.239999999999751,2000.0,2000.009237835761,5.138140434078139,5.140849343514222,5.209535713636923,5.0
4.240999999999751,2000.0,2000.0093087800788,5.138297243596815,5.140982285143783,5.209534122442709,5.0
4.241999999999751,2000.0,2000.0093787614232,5.138452810512603,5.141114177576613,5.209532554934068,5.0
4.242999999999752,2000.0,2000.0094477924154,5.138607142868012,5.141245027518033,5.209531010788903,5.0
4.243999999999752,2000.0,2000.009515885514,5.138760248680232,5.141374841654618,5.209529489688336,5.0
4.244999999999752,2000.0,2000.0095830530245,5.1389121359415,5.141503626654483,5.209527991317382,5.0
4.245999999999753,2000.0,2000.0096493070964,5.139062812618349,5.141631389166497,5.209526515364551,5.0
4.246999999999753,2000.0,2000.0097146597268,5.139212286651189,5.141758135819806,5.209525061521715,5.0
4.247999999999753,2000.0,2000.0097791227604,5.139360565954416,5.141883873223903,5.209523629484536,5.0
4.248999999999754,2000.0,2000.0098427078935,5.139507658415821,5.1420086079679885,5.209522218952189,5.0
4.249999999999754,2000.0,2000.009905426674,5.139653571896363,5.142132346620726,5.209520829627422,5.0
4.250999999999754,2000.0,2000.0099672905033,5.1397983142298305,5.142255095729874,5.209519461216532,5.0
4.251999999999755,2000.0,2000.0100283106385,5.139941893222589,5.142376861822019,5.2095181134293895,5.0
4.252999999999755,2000.0,2000.0100884981925,5.140084316653363,5.142497651402327,5.209516785979513,5.0
4.253999999999755,2000.0,2000.0101478641384,5.140225592272788,5.142617470954097,5.209515478583903,5.0
4.254999999999756,2000.0,2000.010206419309,5.140365727803257,5.142736326938573,5.2095141909631355,5.0
4.255999999999756,2000.0,2000.0102641743986,5.140504730938503,5.142854225794551,5.2095129228412524,5.0
4.256999999999756,2000.0,2000.0103211399662,5.1406426093433675,5.142971173938111,5.209511673945748,5.0
4.257999999999757,2000.0,2000.0103773264345,5.140779370653621,5.1430871777624505,5.209510444007659,5.0
4.258999999999757,2000.0,2000.0104327440947,5.140915022475583,5.143202243637486,5.20950923276142,5.0
4.259999999999757,2000.0,2000.0104874031056,5.141049572385781,5.143316377909528,5.209508039944769,5.0
4.260999999999758,2000.0,2000.0105413134954,5.141183027930882,5.143429586901206,5.209506865298906,5.0
4.261999999999758,2000.0,2000.0105944851641,5.141315396627423,5.1435418769111845,5.209505708568425,5.0
4.262999999999758,2000.0,2000.010646927886,5.141446685961532,5.143653254213901,5.209504569501279,5.0
4.263999999999759,2000.0,2000.010698651309,5.141576903388486,5.143763725059116,5.2095034478485145,5.0
4.264999999999759,2000.0,2000.010749664957,5.141706056332827,5.1438732956720346,5.209502343364603,5.0
4.265999999999759,2000.0,2000.010799978233,5.141834152187891,5.14398197225284,5.209501255807167,5.0
4.26699999999976,2000.0,2000.010849600418,5.141961198315578,5.1440897609764615,5.209500184936918,5.0
4.26799999999976,2000.0,2000.0108985406735,5.142087202046335,5.144196667992562,5.209499130517822,5.0
4.26899999999976,2000.0,2000.0109468080434,5.142212170678839,5.144302699425219,5.20949809231696,5.0
4.269999999999761,2000.0,2000.0109944114572,5.142336111479956,5.144407861372885,5.209497070104633,5.0
4.270999999999761,2000.0,2000.011041359727,5.142459031684042,5.144512159907697,5.209496063653828,5.0
4.271999999999761,2000.0,2000.0110876615515,5.142580938493331,5.144615601075862,5.209495072740754,5.0
4.272999999999762,2000.0,2000.0111333255197,5.142701839077616,5.144718190897336,5.209494097144657,5.0
4.273999999999762,2000.0,2000.0111783601071,5.142821740573743,5.144819935365333,5.209493136647461,5.0
4.274999999999762,2000.0,2000.0112227736809,5.142940650086067,5.144920840446753,5.209492191034327,5.0
4.275999999999763,2000.0,2000.0112665744998,5.1430585746858135,5.145020912081577,5.2094912600931655,5.0
4.276999999999763,2000.0,2000.0113097707188,5.1431755214111945,5.145120156182956,5.209490343614833,5.0
4.277999999999763,2000.0,2000.0113523703835,5.14329149726677,5.145218578636592,5.209489441392627,5.0
4.278999999999764,2000.0,2000.0113943814385,5.143406509224039,5.145316185301321,5.20948855322297,5.0
4.279999999999764,2000.0,2000.0114358117241,5.143520564220741,5.145412982008401,5.209487678904786,5.0
4.280999999999764,2000.0,2000.0114766689799,5.14363366916115,5.145508974561822,5.209486818239913,5.0
4.281999999999765,2000.0,2000.0115169608453,5.14374583091568,5.145604168737896,5.209485971032769,5.0
4.282999999999765,2000.0,2000.0115566948602,5.143857056320814,5.145698570285191,5.209485137090356,5.0
4.283999999999765,2000.0,2000.0115958784688,5.14396735217913,5.1457921849245505,5.209484316222374,5.0
4.284999999999766,2000.0,2000.0116345190156,5.144076725259081,5.145885018348869,5.2094835082410444,5.0
4.285999999999766,2000.0,2000.0116726237545,5.144185182295056,5.145977076223139,5.209482712961231,5.0
4.286999999999766,2000.0,2000.0117101998412,5.144292729986812,5.1460683641839085,5.209481930199946,5.0
4.287999999999767,2000.0,2000.0117472543407,5.144399375000229,5.146158887839989,5.209481159777118,5.0
4.288999999999767,2000.0,2000.0117837942255,5.1445051239664785,5.146248652771655,5.209480401514837,5.0
4.289999999999767,2000.0,2000.0118198263792,5.144609983482489,5.146337664531063,5.209479655237812,5.0
4.290999999999768,2000.0,2000.0118553575937,5.144713960110451,5.1464259286417935,5.209478920772956,5.0
4.291999999999768,2000.0,2000.0118903945745,5.144817060378042,5.146513450599036,5.209478197949603,5.0
4.292999999999768,2000.0,2000.0119249439392,5.144919290778347,5.146600235869513,5.2094774865994555,5.0
4.293999999999769,2000.0,2000.0119590122201,5.145020657769699,5.146686289891315,5.20947678655645,5.0
4.294999999999769,2000.0,2000.0119926058644,5.145121167775684,5.146771618073887,5.209476097656761,5.0
4.295999999999769,2000.0,2000.0120257312353,5.145220827185109,5.146856225797992,5.20947541973878,5.0
4.29699999999977,2000.0,2000.0120583946125,5.1453196423519865,5.146940118415697,5.209474752643112,5.0
4.29799999999977,2000.0,2000.012090602195,5.145417619595652,5.147023301250444,5.209474096212661,5.0
4.29899999999977,2000.0,2000.0121223601006,5.145514765200506,5.147105779596828,5.209473450292402,5.0
4.299999999999771,2000.0,2000.0121536743677,5.145611085416131,5.147187558720659,5.209472814729442,5.0
4.300999999999771,2000.0,2000.0121845509555,5.145706586457191,5.147268643858888,5.209472189372953,5.0
4.301999999999771,2000.0,2000.012214995747,5.145801274503567,5.147349040219695,5.209471574074239,5.0
4.302999999999772,2000.0,2000.0122450145468,5.14589515570014,5.147428752982286,5.20947096868653,5.0
4.303999999999772,2000.0,2000.012274613085,5.145988236156936,5.147507787297009,5.209470373065079,5.0
4.304999999999772,2000.0,2000.0123037970168,5.146080521949115,5.147586148285339,5.209469787067129,5.0
4.305999999999773,2000.0,2000.0123325719221,5.146172019117036,5.147663841039921,5.209469210551932,5.0
4.306999999999773,2000.0,2000.0123609433103,5.146262733666307,5.147740870624605,5.209468643380765,5.0
4.307999999999773,2000.0,2000.0123889166175,5.146352671567467,5.147817242074117,5.209468085416562,5.0
4.308999999999774,2000.0,2000.0124164972083,5.146441838756477,5.147892960394537,5.209467536524372,5.0
4.309999999999774,2000.0,2000.0124436903793,5.146530241134439,5.147968030562996,5.209466996571008,5.0
4.310999999999774,2000.0,2000.0124705013548,5.146617884567664,5.1480424575277395,5.209466465425078,5.0
4.311999999999775,2000.0,2000.0124969352937,5.14670477488791,5.1481162462083265,5.209465942957153,5.0
4.312999999999775,2000.0,2000.012522997286,5.146790917892032,5.1481894014952845,5.20946542903936,5.0
4.313999999999775,2000.0,2000.0125486923544,5.146876319342411,5.148261928250515,5.2094649235457515,5.0
4.314999999999776,2000.0,2000.0125740254578,5.146960984966854,5.1483338313071725,5.209464426352133,5.0
4.315999999999776,2000.0,2000.0125990014888,5.147044920458561,5.148405115469616,5.209463937335961,5.0
4.316999999999776,2000.0,2000.0126236252752,5.14712813147621,5.148475785513476,5.209463456376356,5.0
4.317999999999777,2000.0,2000.0126479015837,5.147210623644273,5.148545846185948,5.20946298335434,5.0
4.318999999999777,2000.0,2000.0126718351169,5.147292402552533,5.148615302205294,5.209462518152276,5.0
4.319999999999777,2000.0,2000.0126954305163,5.147373473756618,5.148684158261364,5.209462060654323,5.0
4.320999999999778,2000.0,2000.012718692362,5.147453842777821,5.148752419015392,5.209461610746171,5.0
4.321999999999778,2000.0,2000.0127416251753,5.147533515103317,5.148820089100184,5.20946116831517,5.0
4.322999999999778,2000.0,2000.0127642334173,5.147612496186001,5.148887173119952,5.209460733250074,5.0
4.323999999999779,2000.0,2000.0127865214888,5.1476907914448296,5.148953675650619,5.209460305441297,5.0
4.324999999999779,2000.0,2000.012808493735,5.1477684062649525,5.149019601239947,5.209459884780952,5.0
4.325999999999779,2000.0,2000.012830154444,5.147845345997477,5.149084954407263,5.209459471162508,5.0
4.32699999999978,2000.0,2000.0128515078463,5.1479216159596595,5.149149739643649,5.209459064480899,5.0
4.32799999999978,2000.0,2000.0128725581187,5.147997221434939,5.149213961411946,5.209458664632446,5.0
4.32899999999978,2000.0,2000.0128933093802,5.148072167673198,5.149277624146983,5.2094582715150075,5.0
4.329999999999781,2000.0,2000.0129137656984,5.148146459890756,5.149340732255568,5.209457885027889,5.0
4.330999999999781,2000.0,2000.0129339310854,5.148220103270336,5.149403290116417,5.209457505071679,5.0
4.331999999999781,2000.0,2000.0129538095014,5.148293102961363,5.149465302080436,5.209457131548449,5.0
4.332999999999782,2000.0,2000.0129734048537,5.148365464080022,5.149526772470773,5.209456764361715,5.0
4.333999999999782,2000.0,2000.0129927209991,5.148437191709233,5.149587705582734,5.209456403416263,5.0
4.334999999999782,2000.0,2000.0130117617432,5.148508290898726,5.149648105683875,5.209456048618148,5.0
4.335999999999783,2000.0,2000.0130305308405,5.148578766665327,5.149707977014242,5.209455699874837,5.0
4.336999999999783,2000.0,2000.0130490319978,5.148648623992987,5.149767323786372,5.209455357095119,5.0
4.337999999999783,2000.0,2000.0130672688708,5.148717867832681,5.149826150185202,5.2094550201889165,5.0
4.338999999999784,2000.0,2000.0130852450684,5.148786503102878,5.149884460368477,5.209454689067591,5.0
4.339999999999784,2000.0,2000.013102964152,5.148854534689381,5.149942258466585,5.20945436364368,5.0
4.340999999999784,2000.0,2000.0131204296356,5.148921967445302,5.149999548582519,5.209454043830757,5.0
4.341999999999785,2000.0,2000.013137644985,5.148988806191617,5.150056334792391,5.209453729543847,5.0
4.342999999999785,2000.0,2000.0131546136226,5.149055055717115,5.15011262114536,5.209453420699242,5.0
4.343999999999785,2000.0,2000.013171338925,5.149120720778324,5.150168411663535,5.20945311721431,5.0
4.344999999999786,2000.0,2000.013187824224,5.149185806099574,5.150223710342025,5.209452819007427,5.0
4.345999999999786,2000.0,2000.013204072806,5.149250316373464,5.150278521149374,5.20945252599831,5.0
4.346999999999786,2000.0,2000.013220087916,5.149314256260723,5.1503328480273955,5.209452238107745,5.0
4.347999999999787,2000.0,2000.0132358727546,5.149377630390444,5.150386694891381,5.2094519552576815,5.0
4.348999999999787,2000.0,2000.0132514304808,5.149440443360019,5.150440065630013,5.2094516773710335,5.0
4.349999999999787,2000.0,2000.0132667642108,5.14950269973546,5.15049296410568,5.2094514043718885,5.0
4.350999999999788,2000.0,2000.0132818770198,5.1495644040515804,5.15054539415459,5.209451136185507,5.0
4.351999999999788,2000.0,2000.0132967719428,5.149625560811886,5.150597359586687,5.209450872738115,5.0
4.352999999999788,2000.0,2000.0133114519738,5.14968617448889,5.150648864185901,5.209450613957056,5.0
4.353999999999789,2000.0,2000.0133259200677,5.14974624952405,5.150699911710089,5.209450359770601,5.0
4.354999999999789,2000.0,2000.0133401791381,5.149805790328122,5.1507505058913425,5.20945011010815,5.0
4.355999999999789,2000.0,2000.013354232063,5.149864801281234,5.150800650436053,5.209449864900177,5.0
4.35699999999979,2000.0,2000.0133680816818,5.149923286732871,5.150850349024855,5.2094496240780535,5.0
4.35799999999979,2000.0,2000.013381730794,5.149981251001716,5.150899605312468,5.209449387573768,5.0
4.35899999999979,2000.0,2000.0133951821624,5.150038698376539,5.150948422928538,5.209449155320659,5.0
4.359999999999791,2000.0,2000.013408438514,5.1500956331160745,5.150996805477495,5.209448927253141,5.0
4.360999999999791,2000.0,2000.0134215025396,5.150152059448777,5.151044756538274,5.209448703306317,5.0
4.361999999999791,2000.0,2000.0134343768934,5.150207981573215,5.151092279664722,5.209448483416247,5.0
4.362999999999792,2000.0,2000.0134470641945,5.150263403658179,5.151139378385633,5.209448267519879,5.0
4.363999999999792,2000.0,2000.013459567027,5.150318329843005,5.15118605620507,5.209448055555233,5.0
4.364999999999792,2000.0,2000.01347188794,5.150372764237313,5.151232316602084,5.209447847461015,5.0
4.365999999999793,2000.0,2000.013484029451,5.150426710921563,5.151278163031222,5.209447643176976,5.0
4.366999999999793,2000.0,2000.01349599404,5.150480173946792,5.151323598922273,5.209447442643559,5.0
4.367999999999793,2000.0,2000.0135077841583,5.15053315733525,5.1513686276808315,5.209447245802325,5.0
4.368999999999794,2000.0,2000.013519402221,5.150585665079881,5.15141325268781,5.209447052595339,5.0
4.369999999999794,2000.0,2000.0135308506121,5.150637701145052,5.151457477300092,5.209446862965706,5.0
4.370999999999794,2000.0,2000.0135421316838,5.1506892694664055,5.15150130485039,5.209446676857299,5.0
4.371999999999795,2000.0,2000.0135532477575,5.150740373951158,5.151544738647502,5.209446494214884,5.0
4.372999999999795,2000.0,2000.0135642011226,5.150791018478028,5.151587781976226,5.20944631498392,5.0
4.373999999999795,2000.0,2000.0135749940378,5.150841206897494,5.151630438097586,5.209446139110644,5.0
4.374999999999796,2000.0,2000.0135856287327,5.150890943032117,5.151672710249134,5.20944596654226,5.0
4.375999999999796,2000.0,2000.0135961074059,5.150940230676178,5.151714601644555,5.209445797226399,5.0
4.376999999999796,2000.0,2000.0136064322278,5.150989073596351,5.15175611547432,5.209445631111669,5.0
4.377999999999797,2000.0,2000.0136166053376,5.151037475531574,5.151797254905534,5.2094454681473525,5.0
4.378999999999797,2000.0,2000.0136266288484,5.151085440193426,5.151838023082281,5.209445308283636,5.0
4.379999999999797,2000.0,2000.0136365048431,5.151132971265843,5.151878423125322,5.209445151471174,5.0
4.380999999999798,2000.0,2000.013646235377,5.151180072405619,5.15191845813256,5.2094449976614285,5.0
4.381999999999798,2000.0,2000.0136558224792,5.151226747242578,5.151958131179196,5.209444846806698,5.0
4.382999999999798,2000.0,2000.01366526815,5.151272999379361,5.151997445317491,5.209444698859749,5.0
4.383999999999799,2000.0,2000.0136745743632,5.151318832391943,5.152036403577258,5.209444553774175,5.0
4.384999999999799,2000.0,2000.013683743066,5.151364249829525,5.15207500896572,5.209444411504131,5.0
4.385999999999799,2000.0,2000.0136927761796,5.151409255214952,5.152113264467912,5.20944427200461,5.0
4.3869999999998,2000.0,2000.0137016756,5.151453852044611,5.152151173046556,5.20944413523118,5.0
4.3879999999998,2000.0,2000.013710443196,5.151498043788637,5.152188737642229,5.209444001140032,5.0
4.3889999999998,2000.0,2000.013719080813,5.1515418338912164,5.152225961173648,5.20944386968813,5.0
4.389999999999801,2000.0,2000.0137275902714,5.151585225770448,5.152262846537518,5.209443740832927,5.0
4.390999999999801,2000.0,2000.0137359733658,5.151628222818579,5.152299396608726,5.20944361453244,5.0
4.391999999999801,2000.0,2000.0137442318678,5.151670828402322,5.1523356142406405,5.209443490745415,5.0
4.392999999999802,2000.0,2000.0137523675241,5.151713045862822,5.152371502265059,5.2094433694311455,5.0
4.393999999999802,2000.0,2000.013760382059,5.151754878516053,5.152407063492564,5.2094432505497,5.0
4.394999999999802,2000.0,2000.0137682771733,5.151796329652522,5.152442300712219,5.20944313406149,5.0
4.395999999999803,2000.0,2000.0137760545445,5.151837402537725,5.152477216691997,5.209443019927567,5.0
4.396999999999803,2000.0,2000.0137837158272,5.151878100412263,5.1525118141788555,5.209442908109576,5.0
4.397999999999803,2000.0,2000.0137912626544,5.151918426491903,5.152546095898804,5.209442798569688,5.0
4.398999999999804,2000.0,2000.0137986966363,5.151958383967904,5.152580064557168,5.209442691270739,5.0
4.399999999999804,2000.0,2000.013806019362,5.15199797600702,5.152613722838605,5.2094425861761104,5.0
4.400999999999804,2000.0,2000.0138132323984,5.152037205751545,5.1526470734070955,5.209442483249613,5.0
4.401999999999805,2000.0,2000.0138203372915,5.152076076319638,5.152680118906257,5.2094423824556415,5.0
4.402999999999805,2000.0,2000.0138273355665,5.152114590805433,5.152712861959432,5.209442283759163,5.0
4.403999999999805,2000.0,2000.0138342287282,5.152152752279124,5.152745305169742,5.209442187125632,5.0
4.404999999999806,2000.0,2000.0138410182603,5.152190563787069,5.152777451120174,5.209442092520945,5.0
4.405999999999806,2000.0,2000.013847705627,5.152228028352167,5.152809302373923,5.209441999911669,5.0
4.406999999999806,2000.0,2000.0138542922725,5.152265148973684,5.15284086147421,5.209441909264719,5.0
4.407999999999807,2000.0,2000.0138607796212,5.152301928627626,5.152872130944617,5.2094418205475765,5.0
4.408999999999807,2000.0,2000.0138671690786,5.1523383702668,5.152903113289136,5.209441733728206,5.0
4.409999999999807,2000.0,2000.0138734620316,5.152374476820849,5.152933810992161,5.20944164877493,5.0
4.410999999999808,2000.0,2000.013879659847,5.152410251196554,5.152964226518794,5.209441565656591,5.0
4.411999999999808,2000.0,2000.0138857638726,5.152445696277984,5.1529943623149554,5.20944148434256,5.0
4.412999999999808,2000.0,2000.01389177544,5.152480814926572,5.153024220807428,5.2094414048026385,5.0
4.413999999999809,2000.0,2000.0138976958615,5.152515609981391,5.153053804404121,5.209441327007205,5.0
4.414999999999809,2000.0,2000.0139035264312,5.152550084258908,5.153083115493813,5.209441250926832,5.0
4.415999999999809,2000.0,2000.0139092684262,5.152584240553541,5.1531121564466575,5.209441176532666,5.0
4.41699999999981,2000.0,2000.013914923106,5.152618081637658,5.153140929614184,5.209441103796305,5.0
4.41799999999981,2000.0,2000.013920491713,5.152651610261731,5.15316943732941,5.209441032689787,5.0
4.41899999999981,2000.0,2000.0139259754726,5.152684829154417,5.153197681906912,5.209440963185545,5.0
4.419999999999811,2000.0,2000.0139313755935,5.152717741022665,5.153225665642904,5.209440895256352,5.0
4.420999999999811,2000.0,2000.0139366932676,5.152750348552003,5.153253390815507,5.209440828875464,5.0
4.421999999999811,2000.0,2000.0139419296722,5.152782654406612,5.153280859684789,5.2094407640165645,5.0
4.422999999999812,2000.0,2000.013947085966,5.1528146612292804,5.153308074492711,5.209440700653554,5.0
4.423999999999812,2000.0,2000.0139521632927,5.152846371642004,5.1533350374636955,5.209440638761024,5.0
4.424999999999812,2000.0,2000.013957162782,5.152877788245707,5.153361750804324,5.209440578313818,5.0
4.425999999999813,2000.0,2000.0139620855466,5.1529089136203305,5.153388216703413,5.209440519286995,5.0
4.426999999999813,2000.0,2000.0139669326843,5.152939750325361,5.153414437332508,5.2094404616561985,5.0
4.427999999999813,2000.0,2000.013971705278,5.152970300899659,5.153440414845698,5.209440405397357,5.0
4.428999999999814,2000.0,2000.0139764043956,5.153000567861648,5.1534661513797815,5.209440350486725,5.0
4.429999999999814,2000.0,2000.01398103109,5.153030553709573,5.153491649054504,5.209440296901002,5.0
4.430999999999814,2000.0,2000.013985586401,5.153060260921547,5.15351690997257,5.209440244617234,5.0
4.431999999999815,2000.0,2000.0139900713525,5.153089691955611,5.153541936219706,5.209440193612745,5.0
4.432999999999815,2000.0,2000.0139944869557,5.153118849250125,5.153566729865002,5.209440143865375,5.0
4.433999999999815,2000.0,2000.0139988342073,5.153147735223563,5.153591292960709,5.209440095353148,5.0
4.434999999999816,2000.0,2000.01400311409,5.153176352274734,5.153615627542424,5.2094400480543515,5.0
4.435999999999816,2000.0,2000.0140073275732,5.153204702783188,5.153639735629478,5.2094400019478,5.0
4.436999999999816,2000.0,2000.0140114756143,5.153232789109181,5.15366361922488,5.209439957012663,5.0
4.437999999999817,2000.0,2000.0140155591562,5.153260613593496,5.153687280315114,5.209439913228155,5.0
4.438999999999817,2000.0,2000.014019579128,5.153288178557972,5.1537107208706665,5.209439870573943,5.0
4.439999999999817,2000.0,2000.0140235364483,5.153315486305632,5.153733942846098,5.2094398290300985,5.0
4.440999999999818,2000.0,2000.0140274320217,5.153342539120497,5.153756948179865,5.209439788576815,5.0
4.441999999999818,2000.0,2000.0140312667404,5.153369339268155,5.153779738794859,5.209439749194826,5.0
4.442999999999818,2000.0,2000.0140350414838,5.1533958889954645,5.153802316598088,5.209439710864981,5.0
4.443999999999819,2000.0,2000.0140387571205,5.153422190530972,5.153824683481072,5.209439673568518,5.0
4.444999999999819,2000.0,2000.014042414507,5.153448246084913,5.153846841319823,5.209439637286945,5.0
4.445999999999819,2000.0,2000.014046014487,5.153474057849183,5.1538687919748165,5.209439602001886,5.0
4.44699999999982,2000.0,2000.0140495578917,5.153499627997824,5.153890537291421,5.209439567695411,5.0
4.44799999999982,2000.0,2000.0140530455437,5.153524958687108,5.153912079099986,5.20943953435001,5.0
4.44899999999982,2000.0,2000.0140564782516,5.153550052055335,5.153933419215615,5.2094395019482524,5.0
4.449999999999821,2000.0,2000.0140598568148,5.15357491022321,5.1539545594385165,5.209439470473031,5.0
4.450999999999821,2000.0,2000.01406318202,5.1535995352938375,5.153975501554003,5.209439439907451,5.0
4.451999999999821,2000.0,2000.0140664546439,5.153623929353064,5.153996247332766,5.209439410235004,5.0
4.452999999999822,2000.0,2000.0140696754527,5.153648094469351,5.154016798530779,5.209439381439345,5.0
4.453999999999822,2000.0,2000.0140728452018,5.153672032693879,5.154037156889357,5.209439353504268,5.0
4.454999999999822,2000.0,2000.0140759646345,5.153695746060963,5.154057324135562,5.209439326413988,5.0
4.455999999999823,2000.0,2000.0140790344865,5.153719236588078,5.154077301982189,5.209439300153023,5.0
4.456999999999823,2000.0,2000.0140820554814,5.153742506275732,5.154097092127646,5.209439274705977,5.0
4.457999999999823,2000.0,2000.0140850283337,5.15376555710792,5.154116696256373,5.209439250057842,5.0
4.458999999999824,2000.0,2000.0140879537475,5.153788391051908,5.154136116038615,5.2094392261936715,5.0
4.459999999999824,2000.0,2000.0140908324177,5.1538110100586785,5.154155353130845,5.2094392030989,5.0
4.460999999999824,2000.0,2000.0140936650282,5.153833416062794,5.154174409175608,5.209439180759085,5.0
4.461999999999825,2000.0,2000.014096452255,5.153855610982778,5.154193285801885,5.209439159160159,5.0
4.462999999999825,2000.0,2000.0140991947637,5.153877596720907,5.154211984624864,5.209439138288116,5.0
4.463999999999825,2000.0,2000.014101893211,5.153899375163599,5.154230507246312,5.209439118129249,5.0
4.464999999999826,2000.0,2000.0141045482449,5.153920948181374,5.154248855254521,5.2094390986700345,5.0
4.465999999999826,2000.0,2000.014107160503,5.153942317629142,5.154267030224564,5.20943907989726,5.0
4.466999999999826,2000.0,2000.0141097306162,5.1539634853460665,5.1542850337181605,5.209439061797791,5.0
4.467999999999827,2000.0,2000.0141122592042,5.153984453155779,5.15430286728386,5.209439044358668,5.0
4.468999999999827,2000.0,2000.0141147468792,5.154005222866769,5.154320532457409,5.209439027567361,5.0
4.4699999999998274,2000.0,2000.0141171942453,5.154025796272128,5.1543380307614886,5.209439011411419,5.0
4.470999999999828,2000.0,2000.0141196018978,5.154046175149723,5.1543553637058706,5.209438995878513,5.0
4.471999999999828,2000.0,2000.0141219704226,5.15406636126238,5.1543725327875825,5.209438980956517,5.0
4.4729999999998284,2000.0,2000.0141243003993,5.154086356358222,5.154389539491208,5.209438966633704,5.0
4.473999999999829,2000.0,2000.0141265923985,5.154106162170304,5.1544063852885325,5.209438952898302,5.0
4.474999999999829,2000.0,2000.0141288469822,5.154125780417052,5.154423071638955,5.2094389397387975,5.0
4.4759999999998294,2000.0,2000.0141310647061,5.154145212802343,5.154439599989538,5.209438927143898,5.0
4.47699999999983,2000.0,2000.0141332461158,5.154164461015443,5.154455971774957,5.209438915102386,5.0
4.47799999999983,2000.0,2000.0141353917516,5.154183526731456,5.1544721884179,5.209438903603425,5.0
4.4789999999998305,2000.0,2000.014137502145,5.154202411611079,5.154488251328827,5.209438892636219,5.0
4.479999999999831,2000.0,2000.0141395778192,5.154221117300817,5.154504161906162,5.2094388821901125,5.0
4.480999999999831,2000.0,2000.014141619292,5.154239645433314,5.1545199215366,5.209438872254816,5.0
4.4819999999998315,2000.0,2000.0141436270728,5.154257997627079,5.154535531594831,5.209438862820017,5.0
4.482999999999832,2000.0,2000.0141456016647,5.154276175486904,5.154550993443927,5.209438853875689,5.0
4.483999999999832,2000.0,2000.0141475435619,5.154294180603627,5.154566308435113,5.209438845411771,5.0
4.4849999999998325,2000.0,2000.0141494532531,5.154312014554842,5.154581477908412,5.209438837418721,5.0
4.485999999999833,2000.0,2000.014151331221,5.154329678904216,5.154596503192008,5.20943882988678,5.0
4.486999999999833,2000.0,2000.0141531779393,5.154347175202196,5.154611385602889,5.209438822806533,5.0
4.4879999999998335,2000.0,2000.0141549938758,5.154364504985798,5.154626126446638,5.209438816168609,5.0
4.488999999999834,2000.0,2000.0141567794929,5.154381669779065,5.154640727017882,5.209438809964048,5.0
4.489999999999834,2000.0,2000.0141585352458,5.154398671092625,5.154655188599815,5.209438804183721,5.0
4.4909999999998345,2000.0,2000.014160261582,5.154415510424137,5.15466951246465,5.209438798818705,5.0
4.491999999999835,2000.0,2000.0141619589444,5.154432189258506,5.1546836998738055,5.209438793860383,5.0
4.492999999999835,2000.0,2000.0141636277685,5.15444870906775,5.1546977520777455,5.209438789300194,5.0
4.4939999999998355,2000.0,2000.0141652684845,5.154465071311181,5.154711670316184,5.20943878512975,5.0
4.494999999999836,2000.0,2000.0141668815154,5.154481277435479,5.154725455818102,5.209438781340772,5.0
4.495999999999836,2000.0,2000.0141684672794,5.154497328874951,5.154739109802005,5.209438777925256,5.0
4.4969999999998365,2000.0,2000.0141700261888,5.154513227051221,5.154752633475613,5.209438774875086,5.0
4.497999999999837,2000.0,2000.014171558648,5.154528973373689,5.154766028036278,5.2094387721823665,5.0
4.498999999999837,2000.0,2000.0141730650587,5.154544569239676,5.154779294671142,5.2094387698394895,5.0
4.4999999999998375,2000.0,2002.1615597252594,5.1545600160341944,5.148769076525077,5.203242271551277,5.0
4.500999999999838,2000.0,2003.5200147386424,2.621567162037283,2.6567895487640802,2.6860309150809916,0.0
4.501999999999838,2000.0,2004.024783168029,0.9517803197901351,1.0098835367256926,1.0225283666960803,0.0
4.5029999999998385,2000.0,2003.9934830243915,-0.08022800137950949,-0.0103205121055478,-0.00791853157942777,0.0
4.503999999999839,2000.0,2003.654265157636,-0.6576663085684487,-0.5836571710759352,-0.5869958958438679,0.0
4.504999999999839,2000.0,2003.1645377236462,-0.9241593028025902,-0.8511312901668282,-0.8571433996361613,0.0
4.5059999999998395,2000.0,2002.6277724164397,-0.988528616008392,-0.9196006875771361,-0.9262974384049112,0.0
4.50699999999984,2000.0,2002.1076920462053,-0.9304485344451615,-0.8673210549460753,-0.8734994817433901,0.0
4.50799999999984,2000.0,2001.6397667741753,-0.806136008100039,-0.749526081418169,-0.754536008511124,0.0
4.5089999999998405,2000.0,2001.2402008352776,-0.6535870105082013,-0.603563797843793,-0.6071279995947391,0.0
4.509999999999841,2000.0,2000.9127232493388,-0.4971153803908238,-0.4533495294821046,-0.45542913535014345,0.0
4.510999999999841,2000.0,2000.6535460287964,-0.35111140139661307,-0.3130539465308043,-0.3137509858021739,0.0
4.5119999999998415,2000.0,2000.4548520932212,-0.22303726296905427,-0.19004276266349399,-0.18953219159346796,0.0
4.512999999999842,2000.0,2000.307144265205,-0.11573278274593135,-0.08713987794409918,-0.08562426389321481,0.0
4.513999999999842,2000.0,2000.2007413766082,-0.029131132913408696,-0.0043116914272991235,-0.0019927456428106972,0.0
4.5149999999998425,2000.0,2000.1266575512027,0.0385087658133698,0.06012284865035953,0.06306064049978992,0.0
4.515999999999843,2000.0,2000.0770522514688,0.08975139720594821,0.10865663706748804,0.11205403613810094,0.0
4.516999999999843,2000.0,2000.0453950866745,0.12742484865668677,0.14404447143668894,0.14777001910615925,0.0
4.5179999999998435,2000.0,2000.0264522361358,0.15427559945627542,0.16896376702307786,0.17291293923368023,0.0
4.518999999999844,2000.0,2000.016171010327,0.1727759095599722,0.1858250995192017,0.18991758105452416,0.0
4.519999999999844,2000.0,2000.0115151972275,0.18503532964653283,0.19668499840275486,0.20086109896576188,0.0
4.5209999999998445,2000.0,2000.0102856792753,0.19277968512732757,0.20322502039383214,0.20744189369879074,0.0
4.521999999999845,2000.0,2000.0109474534208,0.1973707657170717,0.20677082530241606,0.21099888910715175,0.0
4.522999999999845,2000.0,2000.0124747208733,0.1998478818354533,0.20833275788768146,0.21255252779883843,0.0
4.5239999999998455,2000.0,2000.014219278559,0.20097859376795166,0.20865546986108233,0.2128548952249104,0.0
4.524999999999846,2000.0,2000.015803294833,0.20131052254968365,0.20826863427421685,0.21244094528139218,0.0
4.525999999999846,2000.0,2000.0170350667258,0.20121948171063175,0.20753407371542557,0.21167610241850954,0.0
4.5269999999998465,2000.0,2000.017845038163,0.20095148739448201,0.20668690001545312,0.2107978142883965,0.0
4.527999999999847,2000.0,2000.0182388242129,0.20065774580969026,0.20586977692400393,0.20995015782180704,0.0
4.528999999999847,2000.0,2000.018263948704,0.20042268171012312,0.20516036490031808,0.20921155872582192,0.0
4.5299999999998475,2000.0,2000.017987254697,0.20028562319499754,0.2045925492528223,0.2086162318477865,0.0
4.530999999999848,2000.0,2000.0174803457116,0.20025702533582246,0.20417231573672343,0.20817021529883634,0.0
4.531999999999848,2000.0,2000.0168108653525,0.20033019598705565,0.20388921756361417,0.20786295182858772,0.0
4.5329999999998485,2000.0,2000.0160378648952,0.2004894536803243,0.20372434533119863,0.20767533813667619,0.0
4.533999999999849,2000.0,2000.015209909067,0.20071555084995057,0.20365561682061079,0.20758506727444048,0.0
4.534999999999849,2000.0,2000.014364913735,0.20098907055195048,0.20366108106697145,0.20756996550455603,0.0
4.5359999999998495,2000.0,2000.0135309911782,0.20129237374352987,0.2037208026084982,0.20760989518909762,0.0
4.53699999999985,2000.0,2000.0127278015448,0.20161055053565002,0.2038177705749776,0.20768767281224787,0.0
4.53799999999985,2000.0,2000.0119680794664,0.20193171975329968,0.203938170303114,0.20778934319685827,0.0
4.5389999999998505,2000.0,2000.0112591306106,0.20224692955473672,0.2040712653373233,0.20790406024509123,0.0
4.539999999999851,2000.0,2000.010604182629,0.20254983798678391,0.20420906520778395,0.20802375134163312,0.0
4.540999999999851,2000.0,2000.0100035362746,0.20283629484942514,0.20434589796552804,0.20814268558232768,0.0
4.5419999999998515,2000.0,2000.0094555023402,0.2031039029712192,0.20447796400160836,0.208257023114728,0.0
4.542999999999852,2000.0,2000.008957134253,0.20335160553701775,0.20460291681243484,0.20836439170454538,0.0
4.543999999999852,2000.0,2000.0085047792645,0.20357932408519744,0.20471949476575482,0.20846351481933456,0.0
4.5449999999998525,2000.0,2000.00809447681,0.20378765704349638,0.20482721345364757,0.20855390090890974,0.0
4.545999999999853,2000.0,2000.0077222334685,0.20397763935068855,0.20492611907561245,0.20863559432806206,0.0
4.546999999999853,2000.0,2000.0073842019629,0.20415055829578338,0.20501659798498234,0.20870898298483564,0.0
4.5479999999998535,2000.0,2000.0070767882082,0.20430781799682463,0.2050992348776369,0.20877465511730867,0.0
4.548999999999854,2000.0,2000.006796706407,0.20445084401350286,0.20517471119658803,0.20883329668772574,0.0
4.549999999999854,2000.0,2000.0065409982055,0.20458101977226192,0.20524373551224906,0.20888562107117697,0.0
4.5509999999998545,2000.0,2000.0063070282727,0.20469964728396417,0.20530699842990024,0.208932323515804,0.0
4.551999999999855,2000.0,2000.0060924655177,0.2048079257324757,0.20536514565902755,0.20897405394560725,0.0
4.552999999999855,2000.0,2000.0058952565623,0.20490694268487483,0.20541876403468803,0.2090114028440166,0.0
4.5539999999998555,2000.0,2000.0057135960426,0.2049976737936654,0.2054683763849296,0.20904489607132193,0.0
4.554999999999856,2000.0,2000.0055458967106,0.20508098785437612,0.20551444211737213,0.2090749954579343,0.0
4.555999999999856,2000.0,2000.0053907611655,0.20515765492274077,0.20555736122763277,0.20910210285330766,0.0
4.5569999999998565,2000.0,2000.0052469561958,0.2052283558742188,0.2055974801022889,0.20912656598704915,0.0
4.557999999999857,2000.0,2000.0051133901447,0.20529369231829178,0.20563509801265706,0.20914868502754497,0.0
4.558999999999857,2000.0,2000.004989093354,0.2053541961812788,0.20567047359291094,0.20916871912462973,0.0
4.5599999999998575,2000.0,2000.004873201506,0.20541033856071486,0.20570383088324598,0.20918689251286654,0.0
4.560999999999858,2000.0,2000.004764941568,0.20546253765770792,0.20573536472112666,0.20920339995634335,0.0
4.561999999999858,2000.0,2000.0046636199993,0.20551116573105144,0.20576524540114163,0.20921841145474163,0.0
4.5629999999998585,2000.0,2000.0045686128713,0.20555655510038898,0.20579362260833609,0.20923207621561365,0.0
4.563999999999859,2000.0,2000.0044793575744,0.20559900327578196,0.20582062868103942,0.20924452594945914,0.0
4.564999999999859,2000.0,2000.004395345835,0.20563877731419372,0.20584638128396313,0.20925587756918806,0.0
4.5659999999998595,2000.0,2000.0043161177798,0.20567611750966858,0.20587098558019665,0.2092662353834876,0.0
4.56699999999986,2000.0,2000.0042412568607,0.20571124052161552,0.2058945359899327,0.20927569287280348,0.0
4.56799999999986,2000.0,2000.004170385469,0.2057443420353926,0.2059171176151855,0.20928433412799008,0.0
4.5689999999998605,2000.0,2000.0041031611065,0.20577559903664563,0.20593880739847698,0.20929223502028413,0.0
4.569999999999861,2000.0,2000.0040392730095,0.20580517177002683,0.20595967507406376,0.20929946416175677,0.0
4.570999999999861,2000.0,2000.0039784391597,0.2058332054392426,0.20597978395780314,0.20930608370280288,0.0
4.5719999999998615,2000.0,2000.0039204035997,0.20585983169388938,0.20599919161146915,0.20931215000283418,0.0
4.572999999999862,2000.0,2000.003864934021,0.20588516994136666,0.20601795041111523,0.20931771420406778,0.0
4.573999999999862,2000.0,2000.0038118195869,0.20590932851224686,0.20603610804014255,0.20932282272927372,0.0
4.5749999999998625,2000.0,2000.0037608689508,0.20593240570213933,0.20605370792311717,0.20932751771968455,0.0
4.575999999999863,2000.0,2000.0037119084618,0.2059544907082622,0.2060707896123661,0.20933183742521694,0.0
4.576999999999863,2000.0,2000.003664780529,0.20597566447496202,0.2060873891358938,0.20933581655563094,0.0
4.5779999999998635,2000.0,2000.0036193421333,0.20599600045849623,0.20610353931202896,0.20933948659809076,0.0
4.578999999999864,2000.0,2000.003575463471,0.20601556532132692,0.20611927003638375,0.20934287610676455,0.0
4.579999999999864,2000.0,2000.0035330267203,0.20603441956277316,0.20613460854394425,0.20934601096731043,0.0
4.5809999999998645,2000.0,2000.0034919249206,0.2060526180924321,0.20614957964899466,0.20934891463897737,0.0
4.581999999999865,2000.0,2000.0034520609524,0.20607021075121806,0.20616420596438984,0.20935160837585118,0.0
4.582999999999865,2000.0,2000.0034133466079,0.20608724278523644,0.20617850810236107,0.20935411142945226,0.0
4.5839999999998655,2000.0,2000.0033757017536,0.20610375527682934,0.20619250485847615,0.20935644123432146,0.0
4.584999999999866,2000.0,2000.0033390535668,0.20611978553579974,0.20620621337928646,0.2093586135771337,0.0
4.585999999999866,2000.0,2000.003303335843,0.20613536745424754,0.2062196493148824,0.20936064275057076,0.0
4.5869999999998665,2000.0,2000.0032684883683,0.20615053182938559,0.2062328269586669,0.20936254169428845,0.0
4.587999999999867,2000.0,2000.003234456355,0.20616530665580973,0.2062457593740162,0.20936432212264133,0.0
4.588999999999867,2000.0,2000.0032011899248,0.20617971739048535,0.2062584585094158,0.20936599464077094,0.0
4.5899999999998675,2000.0,2000.0031686436466,0.2061937871927578,0.20627093530290405,0.20936756884989755,0.0
4.590999999999868,2000.0,2000.0031367761137,0.20620753714171688,0.2062831997767925,0.2093690534427932,0.0
4.591999999999868,2000.0,2000.003105549564,0.20622098643332107,0.20629526112381294,0.20937045629059942,0.0
4.5929999999998685,2000.0,2000.0030749295345,0.20623415255827948,0.2063071277845803,0.20937178452087524,0.0
4.593999999999869,2000.0,2000.0030448845528,0.20624705146363195,0.20631880751834766,0.2093730445888743,0.0
4.594999999999869,2000.0,2000.003015385852,0.2062596976981937,0.20633030746628386,0.20937424234127056,0.0
4.5959999999998695,2000.0,2000.0029864071182,0.20627210454486145,0.20634163420939686,0.20937538307447984,0.0
4.59699999999987,2000.0,2000.002957924257,0.20628428413990604,0.20635279382059105,0.20937647158705863,0.0
4.59799999999987,2000.0,2000.0029299151902,0.20629624758118575,0.20636379191199658,0.2093775122273298,0.0
4.5989999999998705,2000.0,2000.0029023596596,0.20630800502545957,0.20637463367724795,0.20937850893590917,0.0
4.599999999999871,2000.0,2000.0028752390629,0.20631956577729288,0.2063853239305546,0.20937946528499501,0.0
4.600999999999871,2000.0,2000.0028485362964,0.20633093836879499,0.20639586714138422,0.2093803845132273,0.0
4.6019999999998715,2000.0,2000.002822235616,0.2063421306318806,0.20640626746594803,0.20938126955732067,0.0
4.602999999999872,2000.0,2000.0027963225084,0.20635314976371721,0.20641652877576303,0.20938212308074566,0.0
4.603999999999872,2000.0,2000.0027707835804,0.20636400238637018,0.2064266546839137,0.20938294750008968,0.0
4.6049999999998725,2000.0,2000.002745606452,0.206374694600002,0.20643664856807362,0.2093837450081466,0.0
4.605999999999873,2000.0,2000.002720779665,0.2063852320316276,0.20644651359193208,0.20938451759539764,0.0
4.606999999999873,2000.0,2000.002696292597,0.20639561987874913,0.20645625272412446,0.20938526706897367,0.0
4.6079999999998735,2000.0,2000.002672135385,0.20640586294917646,0.2064658687556829,0.20938599507012418,0.0
4.608999999999874,2000.0,2000.0026482988562,0.20641596569705659,0.20647536431584923,0.2093867030900336,0.0
4.609999999999874,2000.0,2000.002624774463,0.20642593225529784,0.2064847418861962,0.20938739248393268,0.0
4.6109999999998745,2000.0,2000.0026015542292,0.20643576646523726,0.20649400381372368,0.20938806448417402,0.0
4.611999999999875,2000.0,2000.0025786306956,0.2064454719030929,0.20650315232235406,0.20938872021169436,0.0
4.612999999999875,2000.0,2000.0025559968751,0.2064550519041674,0.20651218952356645,0.20938936068660846,0.0
4.6139999999998755,2000.0,2000.0025336462104,0.2064645095848285,0.2065211174261162,0.20938998683788004,0.0
4.614999999999876,2000.0,2000.0025115725355,0.20647384786203551,0.20652993794447866,0.20939059951170702,0.0
4.615999999999876,2000.0,2000.002489770039,0.20648306947120212,0.20653865290668874,0.2093911994792978,0.0
4.6169999999998765,2000.0,2000.0024682332373,0.2064921769828823,0.20654726406190813,0.20939178744437345,0.0
4.617999999999877,2000.0,2000.0024469569405,0.20650117281678254,0.2065557730862698,0.20939236404893308,0.0
4.618999999999877,2000.0,2000.0024259362315,0.2065100592556627,0.20656418158931641,0.20939292987961966,0.0
4.6199999999998775,2000.0,2000.0024051664395,0.20651883845706007,0.2065724911190161,0.20939348547264994,0.0
4.620999999999878,2000.0,2000.0023846431218,0.20652751246428652,0.20658070316667435,0.20939403131864281,0.0
4.621999999999878,2000.0,2000.002364362041,0.2065360832161459,0.20658881917115007,0.20939456786674504,0.0
4.6229999999998785,2000.0,2000.0023443191517,0.2065445525560463,0.20659684052299662,0.20939509552868307,0.0
4.623999999999879,2000.0,2000.0023245105806,0.20655292223998561,0.2066047685679347,0.2093956146821418,0.0
4.624999999999879,2000.0,2000.0023049326157,0.20656119394413286,0.20661260461036,0.20939612567417984,0.0
4.6259999999998795,2000.0,2000.0022855816915,0.20656936927124275,0.20662034991608028,0.20939662882386742,0.0
4.62699999999988,2000.0,2000.0022664543776,0.20657744975675965,0.20662800571508827,0.20939712442496305,0.0
4.62799999999988,2000.0,2000.0022475473688,0.20658543687444011,0.20663557320415885,0.20939761274841284,0.0
4.6289999999998805,2000.0,2000.0022288574748,0.20659333204103278,0.2066430535488012,0.209398094044201,0.0
4.629999999999881,2000.0,2000.0022103816123,0.20660113662091067,0.2066504478854348,0.20939856854342698,0.0
4.630999999999881,2000.0,2000.0021921167954,0.20660885193010123,0.20665775732317535,0.20939903645998992,0.0
4.6319999999998815,2000.0,2000.0021740601292,0.20661647924007573,0.20666498294561755,0.20939949799227245,0.0
4.632999999999882,2000.0,2000.002156208805,0.20662401978110417,0.20667212581234257,0.20939995332454603,0.0
4.633999999999882,2000.0,2000.0021385600912,0.20663147474514096,0.20667918696017723,0.20940040262812842,0.0
4.6349999999998825,2000.0,2000.0021211113292,0.20663884528884782,0.20668616740471168,0.2094008460628028,0.0
4.635999999999883,2000.0,2000.0021038599305,0.20664613253604544,0.20669306814137955,0.20940128377779604,0.0
4.636999999999883,2000.0,2000.0020868033696,0.20665333757972623,0.20669989014628024,0.2094017159124985,0.0
4.6379999999998835,2000.0,2000.0020699391819,0.20666046148436304,0.20670663437736853,0.20940214259755605,0.0
4.638999999999884,2000.0,2000.002053264957,0.2066675052876751,0.206713301775222,0.20940256395553572,0.0
4.639999999999884,2000.0,2000.002036778338,0.20667447000257322,0.20671989326407328,0.20940298010186176,0.0
4.6409999999998846,2000.0,2000.0020204770187,0.20668135661865603,0.2067264097524978,0.2094033911454039,0.0
4.641999999999885,2000.0,2000.0020043587385,0.2066881661033578,0.2067328521338198,0.20940379718878283,0.0
4.642999999999885,2000.0,2000.0019884212832,0.2066948994035503,0.20673922128703923,0.2094041983292021,0.0
4.6439999999998856,2000.0,2000.0019726624778,0.20670155744644778,0.2067455180771516,0.20940459465866934,0.0
4.644999999999886,2000.0,2000.0019570801903,0.20670814114107428,0.2067517433560358,0.20940498626479115,0.0
4.645999999999886,2000.0,2000.001941672324,0.20671465137872255,0.20675789796245073,0.20940537323066982,0.0
4.6469999999998866,2000.0,2000.0019264368193,0.20672108903440836,0.20676398272302576,0.20940575563580446,0.0
4.647999999999887,2000.0,2000.001911371652,0.20672745496744285,0.20676999845242836,0.20940613355616264,0.0
4.648999999999887,2000.0,2000.0018964748301,0.20673375002204925,0.20677594595361595,0.2094065070643376,0.0
4.649999999999888,2000.0,2000.0018817443943,0.20673997502811445,0.20678182601827236,0.2094068762298938,0.0
4.650999999999888,2000.0,2000.001867178414,0.20674613080194634,0.20678763942724623,0.20940724111971468,0.0
4.651999999999888,2000.0,2000.0018527749883,0.20675221814674977,0.20679338695076319,0.20940760179812368,0.0
4.652999999999889,2000.0,2000.001838532247,0.20675823785334005,0.2067990693489021,0.2094079583272727,0.0
4.653999999999889,2000.0,2000.001824448343,0.20676419070023266,0.20680468737145913,0.20940831076691346,0.0
4.654999999999889,2000.0,2000.0018105214583,0.2067700774545385,0.20681024175865065,0.20940865917501672,0.0
4.65599999999989,2000.0,2000.0017967497993,0.20677589887214162,0.20681573324109254,0.2094090036076624,0.0
4.65699999999989,2000.0,2000.0017831315977,0.20678165569819376,0.20682116254015825,0.20940934411931278,0.0
4.65799999999989,2000.0,2000.001769665109,0.2067873486671745,0.20682653036787038,0.2094096807626154,0.0
4.658999999999891,2000.0,2000.0017563486106,0.20679297850362433,0.2068318374275137,0.20941001358893618,0.0
4.659999999999891,2000.0,2000.001743180405,0.20679854592223304,0.20683708441360327,0.20941034264824152,0.0
4.660999999999891,2000.0,2000.0017301588139,0.20680405162809437,0.206842272012026,0.20941066798915703,0.0
4.661999999999892,2000.0,2000.0017172821836,0.20680949631710868,0.20684740090034623,0.20941098965919266,0.0
4.662999999999892,2000.0,2000.0017045488783,0.2068148806760366,0.2068524717477735,0.20941130770462785,0.0
4.663999999999892,2000.0,2000.0016919572843,0.2068202053829691,0.20685748521555855,0.20941162217082976,0.0
4.664999999999893,2000.0,2000.0016795058082,0.20682547110745206,0.20686244195702794,0.20941193310220707,0.0
4.665999999999893,2000.0,2000.0016671928756,0.20683067851044168,0.2068673426175112,0.20941224054205762,0.0
4.666999999999893,2000.0,2000.0016550169314,0.20683582824482888,0.20687218783476097,0.20941254453291328,0.0
4.667999999999894,2000.0,2000.0016429764398,0.20684092095537168,0.2068769782388646,0.20941284511637276,0.0
4.668999999999894,2000.0,2000.0016310698832,0.20684595727910993,0.2068817144526086,0.20941314233339275,0.0
4.669999999999894,2000.0,2000.0016192957617,0.20685093784523295,0.20688639709129056,0.20941343622402192,0.0
4.670999999999895,2000.0,2000.0016076525933,0.206855863275434,0.2068910267630518,0.20941372682766138,0.0
4.671999999999895,2000.0,2000.001596138914,0.2068607341841812,0.206895604069098,0.20941401418321282,0.0
4.672999999999895,2000.0,2000.0015847532766,0.20686555117846064,0.20690012960341506,0.20941429832871852,0.0
4.673999999999896,2000.0,2000.001573494251,0.20687031485819987,0.20690460395317625,0.20941457930169907,0.0
4.674999999999896,2000.0,2000.0015623604243,0.2068750258162029,0.2069090276986415,0.20941485713898017,0.0
4.675999999999896,2000.0,2000.0015513503981,0.20687968463842824,0.20691340141342154,0.20941513187688818,0.0
4.676999999999897,2000.0,2000.0015404627927,0.20688429190411653,0.20691772566456898,0.20941540355127153,0.0
4.677999999999897,2000.0,2000.0015296962433,0.20688884818565317,0.20692200101243857,0.20941567219729018,0.0
4.678999999999897,2000.0,2000.0015190493991,0.20689335404884243,0.20692622801095084,0.20941593784961315,0.0
4.679999999999898,2000.0,2000.0015085209268,0.20689781005324145,0.20693040720787878,0.20941620054264015,0.0
4.680999999999898,2000.0,2000.0014981095082,0.20690221675184195,0.20693453914456217,0.20941646031014538,0.0
4.681999999999898,2000.0,2000.001487813839,0.20690657469119156,0.20693862435598087,0.20941671718528587,0.0
4.682999999999899,2000.0,2000.0014776326316,0.20691088441188576,0.2069426633712515,0.20941697120103667,0.0
4.683999999999899,2000.0,2000.0014675646103,0.20691514644812323,0.20694665671317844,0.20941722238967292,0.0
4.684999999999899,2000.0,2000.0014576085161,0.20691936132828626,0.20695060489881906,0.20941747078327608,0.0
4.6859999999999,2000.0,2000.001447763103,0.2069235295746347,0.20695450843916408,0.2094177164133479,0.0
4.6869999999999,2000.0,2000.00143802714,0.2069276517036762,0.20695836783951546,0.2094179593111294,0.0
4.6879999999999,2000.0,2000.0014283994092,0.20693172822598366,0.20696218359929194,0.20941819950734183,0.0
4.688999999999901,2000.0,2000.0014188787065,0.20693575964647393,0.20696595621229233,0.20941843703239194,0.0
4.689999999999901,2000.0,2000.001409463842,0.20693974646443808,0.20696968616674902,0.20941867191636465,0.0
4.690999999999901,2000.0,2000.0014001536385,0.2069436891734344,0.20697337394518667,0.2094189041888211,0.0
4.691999999999902,2000.0,2000.0013909469324,0.2069475882615392,0.2069770200246894,0.20941913387900846,0.0
4.692999999999902,2000.0,2000.001381842572,0.20695144421151068,0.20698062487704905,0.2094193610159516,0.0
4.693999999999902,2000.0,2000.0013728394213,0.20695525750061403,0.20698418896859938,0.20941958562822727,0.0
4.694999999999903,2000.0,2000.0013639363528,0.20695902860073007,0.20698771276031613,0.20941980774400815,0.0
4.695999999999903,2000.0,2000.0013551322556,0.2069627579786804,0.2069911967081366,0.2094200273913285,0.0
4.696999999999903,2000.0,2000.0013464260294,0.20696644609588533,0.20699464126262668,0.20942024459769257,0.0
4.697999999999904,2000.0,2000.0013378165859,0.20697009340862757,0.20699804686923995,0.2094204593902801,0.0
4.698999999999904,2000.0,2000.0013293028496,0.2069737003682476,0.20700141396850366,0.2094206717960799,0.0
4.699999999999904,2000.0,2000.0013208837568,0.20697726742104572,0.2070047429959284,0.20942088184174434,0.0
4.700999999999905,2000.0,2000.0013125582557,0.2069807950083669,0.20700803438208987,0.20942108955361843,0.0
4.701999999999905,2000.0,2000.0013043253066,0.20698428356659979,0.20701128855262288,0.20942129495768075,0.0
4.702999999999905,2000.0,2000.0012961838806,0.206987733527279,0.20701450592833773,0.20942149807960858,0.0
4.703999999999906,2000.0,2000.0012881329608,0.20699114531715518,0.2070176869252747,0.20942169894478133,0.0
4.704999999999906,2000.0,2000.0012801715409,0.206994519358333,0.2070208319548451,0.20942189757837204,0.0
4.705999999999906,2000.0,2000.001272298627,0.206997856068259,0.20702394142382405,0.20942209400528916,0.0
4.706999999999907,2000.0,2000.0012645132358,0.2070011558596409,0.20702701573426308,0.2094222882500385,0.0
4.707999999999907,2000.0,2000.0012568143945,0.20700441914063084,0.20703005528368618,0.20942248033687155,0.0
4.708999999999907,2000.0,2000.0012492011415,0.20700764631485186,0.207033060465103,0.20942267028975045,0.0
4.709999999999908,2000.0,2000.0012416725262,0.2070108377815577,0.20703603166717155,0.2094228581324632,0.0
4.710999999999908,2000.0,2000.0012342276075,0.20701399393547604,0.2070389692740543,0.20942304388843153,0.0
4.711999999999908,2000.0,2000.0012268654555,0.20701711516702326,0.20704187366561105,0.20942322758085746,0.0
4.712999999999909,2000.0,2000.001219585151,0.207020201862334,0.2070447452174486,0.20942340923272756,0.0
4.713999999999909,2000.0,2000.0012123857846,0.20702325440323974,0.20704758430088815,0.2094235888667334,0.0
4.714999999999909,2000.0,2000.001205266456,0.20702627316724978,0.20705039128295508,0.20942376650521569,0.0
4.71599999999991,2000.0,2000.001198226277,0.20702925852791476,0.20705316652673797,0.20942394217048194,0.0
4.71699999999991,2000.0,2000.0011912643677,0.20703221085453477,0.20705591039109247,0.20942411588446236,0.0
4.71799999999991,2000.0,2000.0011843798588,0.20703513051229736,0.20705862323079086,0.20942428766881732,0.0
4.718999999999911,2000.0,2000.0011775718906,0.20703801786228043,0.20706130539652104,0.20942445754489225,0.0
4.719999999999911,2000.0,2000.0011708396125,0.20704087326165976,0.20706395723509022,0.20942462553388022,0.0
4.720999999999911,2000.0,2000.0011641821836,0.20704369706364387,0.20706657908937395,0.2094247916567285,0.0
4.721999999999912,2000.0,2000.0011575987714,0.20704648961753203,0.2070691712983506,0.2094249559341303,0.0
4.722999999999912,2000.0,2000.0011510885545,0.20704925126897644,0.20707173419738675,0.20942511838677189,0.0
4.723999999999912,2000.0,2000.0011446507194,0.20705198235945027,0.20707426811769086,0.20942527903473962,0.0
4.724999999999913,2000.0,2000.0011382844616,0.2070546832268771,0.2070767733869608,0.209425437898133,0.0
4.725999999999913,2000.0,2000.0011319889863,0.2070573542054641,0.20707925032919158,0.2094255949968303,0.0
4.726999999999913,2000.0,2000.0011257635072,0.20705999562554286,0.20708169926454573,0.20942575035031769,0.0
4.727999999999914,2000.0,2000.001119607246,0.207062607813901,0.20708412050966282,0.20942590397796274,0.0
4.728999999999914,2000.0,2000.0011135194338,0.20706519109374644,0.20708651437763612,0.2094260558989518,0.0
4.729999999999914,2000.0,2000.00110749931,0.2070677457847231,0.20708888117802818,0.20942620613226698,0.0
4.730999999999915,2000.0,2000.0011015461223,0.20707027220292276,0.2070912212168764,0.20942635469665433,0.0
4.731999999999915,2000.0,2000.0010956591268,0.20707277066098015,0.2070935347967869,0.20942650161068033,0.0
4.732999999999915,2000.0,2000.0010898375892,0.20707524146809947,0.20709582221698133,0.20942664689274254,0.0
4.733999999999916,2000.0,2000.001084080781,0.20707768492985532,0.2070980837730764,0.20942679056080993,0.0
4.734999999999916,2000.0,2000.0010783879839,0.20708010134860774,0.20710031975750784,0.20942693263281464,0.0
4.735999999999916,2000.0,2000.0010727584859,0.20708249102336856,0.20710253045939978,0.20942707312648415,0.0
4.736999999999917,2000.0,2000.0010671915834,0.20708485424982342,0.20710471616458723,0.20942721205932854,0.0
4.737999999999917,2000.0,2000.0010616865823,0.20708719132056955,0.20710687715583806,0.20942734944882963,0.0
4.738999999999917,2000.0,2000.0010562427933,0.20708950252463557,0.2071090137124035,0.20942748531195188,0.0
4.739999999999918,2000.0,2000.0010508595362,0.2070917881480908,0.20711112611060256,0.20942761966569856,0.0
4.740999999999918,2000.0,2000.0010455361394,0.20709404847382923,0.20711321462361637,0.2094277525268704,0.0
4.741999999999918,2000.0,2000.0010402719377,0.20709628378162398,0.20711527952153727,0.2094278839120809,0.0
4.742999999999919,2000.0,2000.0010350662724,0.2070984943478798,0.2071173210711369,0.2094280138374895,0.0
4.743999999999919,2000.0,2000.001029918494,0.20710068044638547,0.20711933953659664,0.20942814231950618,0.0
4.744999999999919,2000.0,2000.0010248279586,0.20710284234755658,0.2071213351787706,0.2094282693740146,0.0
4.74599999999992,2000.0,2000.00101979403,0.20710498031907215,0.20712330825581496,0.20942839501697608,0.0
4.74699999999992,2000.0,2000.0010148160798,0.2071070946255783,0.20712525902288334,0.20942851926408967,0.0
4.74799999999992,2000.0,2000.0010098934858,0.2071091855286853,0.20712718773214214,0.20942864213077667,0.0
4.748999999999921,2000.0,2000.0010050256324,0.2071112532871715,0.20712909463295434,0.20942876363233498,0.0
4.749999999999921,2000.0,2000.001000211912,0.207113298157027,0.20713097997194227,0.20942888378397226,0.0
4.750999999999921,2000.0,2000.0009954517227,0.20711532039128921,0.2071328439928126,0.2094290026005983,0.0
4.751999999999922,2000.0,2000.000990744469,0.20711732024028978,0.20713468693661058,0.20942912009705245,0.0
4.752999999999922,2000.0,2000.0009860895634,0.20711929795172604,0.20713650904177378,0.20942923628812765,0.0
4.753999999999922,2000.0,2000.0009814864238,0.2071212537702925,0.20713831054379842,0.20942935118820474,0.0
4.754999999999923,2000.0,2000.0009769344756,0.20712318793813445,0.20714009167565545,0.20942946481164337,0.0
4.755999999999923,2000.0,2000.000972433149,0.20712510069461887,0.20714185266758897,0.20942957717254956,0.0
4.756999999999923,2000.0,2000.0009679818818,0.20712699227663667,0.20714359374740374,0.20942968828503855,0.0
4.757999999999924,2000.0,2000.0009635801182,0.20712886291829713,0.20714531514016363,0.20942979816290175,0.0
4.758999999999924,2000.0,2000.000959227307,0.2071307128512073,0.20714701706847233,0.20942990681986234,0.0
4.759999999999924,2000.0,2000.0009549229048,0.2071325423044133,0.20714869975241962,0.20943001426949412,0.0
4.760999999999925,2000.0,2000.0009506663732,0.20713435150442913,0.20715036340960535,0.2094301205252185,0.0
4.761999999999925,2000.0,2000.0009464571806,0.2071361406753038,0.20715200825519683,0.20943022560033575,0.0
4.762999999999925,2000.0,2000.0009422948008,0.20713791003849422,0.20715363450182522,0.20943032950789364,0.0
4.763999999999926,2000.0,2000.000938178713,0.20713965981309518,0.2071552423597925,0.20943043226087105,0.0
4.764999999999926,2000.0,2000.0009341084037,0.2071413902157889,0.20715683203703483,0.20943053387211452,0.0
4.765999999999926,2000.0,2000.0009300833635,0.20714310146076828,0.2071584037390452,0.20943063435423453,0.0
4.766999999999927,2000.0,2000.0009261030898,0.2071447937599643,0.20715995766909553,0.20943073371980492,0.0
4.767999999999927,2000.0,2000.0009221670841,0.20714646732284941,0.20716149402804293,0.2094308319811422,0.0
4.768999999999927,2000.0,2000.0009182748552,0.20714812235676036,0.20716301301464896,0.20943092915060307,0.0
4.769999999999928,2000.0,2000.0009144259157,0.2071497590666173,0.2071645148253095,0.2094310252402874,0.0
4.770999999999928,2000.0,2000.0009106197854,0.20715137765519454,0.20716599965431406,0.20943112026227562,0.0
4.771999999999928,2000.0,2000.0009068559884,0.2071529783228072,0.2071674676935395,0.2094312142282962,0.0
4.772999999999929,2000.0,2000.0009031340546,0.2071545612677075,0.20716891913283855,0.20943130715009386,0.0
4.773999999999929,2000.0,2000.0008994535171,0.20715612668579814,0.2071703541597657,0.20943139903912958,0.0
4.774999999999929,2000.0,2000.0008958139167,0.20715767477117125,0.20717177296010494,0.20943148990709073,0.0
4.77599999999993,2000.0,2000.0008922147988,0.20715920571549967,0.20717317571726118,0.2094315797652533,0.0
4.77699999999993,2000.0,2000.000888655713,0.20716071970836766,0.20717456261261008,0.209431668624813,0.0
4.77799999999993,2000.0,2000.0008851362136,0.20716221693730857,0.2071759338255052,0.20943175649686974,0.0
4.778999999999931,2000.0,2000.000881655862,0.20716369758784972,0.2071772895333439,0.20943184339247278,0.0
4.779999999999931,2000.0,2000.0008782142222,0.20716516184328027,0.20717862991133343,0.2094319293223621,0.0
4.780999999999931,2000.0,2000.000874810864,0.20716660988500207,0.20717995513283438,0.20943201429729416,0.0
4.781999999999932,2000.0,2000.000871445362,0.20716804189236085,0.20718126536919954,0.20943209832785792,0.0
4.782999999999932,2000.0,2000.0008681172956,0.20716945804274234,0.20718256078986266,0.2094321814245427,0.0
4.783999999999932,2000.0,2000.000864826248,0.20717085851156342,0.20718384156233863,0.20943226359771844,0.0
4.784999999999933,2000.0,2000.0008615718089,0.20717224347231925,0.20718510785225264,0.20943234485764425,0.0
4.785999999999933,2000.0,2000.00085835357,0.20717361309654503,0.20718635982333267,0.20943242521444022,0.0
4.786999999999933,2000.0,2000.00085517113,0.20717496755395465,0.2071875976375146,0.2094325046781736,0.0
4.787999999999934,2000.0,2000.0008520240908,0.2071763070122629,0.2071888214547934,0.20943258325868902,0.0
4.788999999999934,2000.0,2000.0008489120582,0.20717763163744304,0.20719003143345457,0.20943266096582203,0.0
4.789999999999934,2000.0,2000.0008458346429,0.20717894159361055,0.20719122772998444,0.20943273780928912,0.0
4.790999999999935,2000.0,2000.0008427914615,0.20718023704319083,0.20719241049920792,0.20943281379880807,0.0
4.791999999999935,2000.0,2000.000839782132,0.20718151814649743,0.20719357989389603,0.20943288894368214,0.0
4.792999999999935,2000.0,2000.0008368062784,0.2071827850623595,0.20719473606537292,0.2094329632533945,0.0
4.793999999999936,2000.0,2000.0008338635284,0.2071840379477645,0.20719587916316706,0.20943303673723737,0.0
4.794999999999936,2000.0,2000.0008309535153,0.20718527695795538,0.207197009335105,0.2094331094043883,0.0
4.795999999999936,2000.0,2000.0008280758736,0.20718650224636043,0.2071981267272554,0.20943318126383564,0.0
4.796999999999937,2000.0,2000.0008252302448,0.20718771396481506,0.2071992314841216,0.20943325232455473,0.0
4.797999999999937,2000.0,2000.000822416272,0.2071889122634783,0.20720032374858705,0.20943332259543532,0.0
4.798999999999937,2000.0,2000.0008196336037,0.20719009729079668,0.20720140366186163,0.20943339208521006,0.0
4.799999999999938,2000.0,2000.0008168818918,0.2071912691936438,0.2072024713636251,0.20943346080258135,0.0
4.800999999999938,2000.0,2000.000814160792,0.20719242811727173,0.20720352699198427,0.2094335287561614,0.0
4.801999999999938,2000.0,2000.0008114699644,0.20719357420527743,0.207204570683437,0.20943359595441893,0.0
4.802999999999939,2000.0,2000.0008088090722,0.207194707599637,0.20720560257289675,0.2094336624056869,0.0
4.803999999999939,2000.0,2000.0008061777821,0.20719582844081474,0.20720662279381372,0.2094337281182687,0.0
4.804999999999939,2000.0,2000.0008035757653,0.20719693686785998,0.2072076314782607,0.20943379310050797,0.0
4.80599999999994,2000.0,2000.0008010026968,0.20719803301804446,0.20720862875659207,0.20943385736042835,0.0
4.80699999999994,2000.0,2000.000798458254,0.20719911702725452,0.2072096147578057,0.20943392090608293,0.0
4.80799999999994,2000.0,2000.0007959421193,0.20720018902984022,0.20721058960941283,0.2094339837454069,0.0
4.808999999999941,2000.0,2000.0007934539772,0.20720124915860613,0.20721155343742437,0.20943404588618794,0.0
4.809999999999941,2000.0,2000.000790993518,0.20720229754504305,0.207212506366576,0.2094341073362787,0.0
4.810999999999941,2000.0,2000.0007885604327,0.2072033343189666,0.2072134485199764,0.2094341681032251,0.0
4.811999999999942,2000.0,2000.000786154417,0.2072043596089201,0.2072143800195007,0.20943422819464974,0.0
4.812999999999942,2000.0,2000.00078377517,0.20720537354201002,0.2072153009856374,0.20943428761808153,0.0
4.813999999999942,2000.0,2000.000781422394,0.20720637624397342,0.20721621153753936,0.20943434638099268,0.0
4.814999999999943,2000.0,2000.0007790957955,0.20720736783907276,0.20721711179293117,0.20943440449069067,0.0
4.815999999999943,2000.0,2000.0007767950826,0.20720834845010874,0.20721800186812392,0.20943446195431842,0.0
4.816999999999943,2000.0,2000.0007745199678,0.20720931819872399,0.2072188818783052,0.20943451877913305,0.0
4.817999999999944,2000.0,2000.0007722701662,0.2072102772051973,0.20721975193734976,0.20943457497230036,0.0
4.818999999999944,2000.0,2000.0007700453968,0.20721122558828925,0.2072206121576465,0.20943463054070638,0.0
4.819999999999944,2000.0,2000.0007678453808,0.20721216346566157,0.20722146265054073,0.20943468549138994,0.0
4.820999999999945,2000.0,2000.0007656698433,0.2072130909535507,0.20722230352597854,0.20943473983117034,0.0
4.821999999999945,2000.0,2000.0007635185125,0.20721400816692964,0.20722313489269553,0.2094347935668235,0.0
4.822999999999945,2000.0,2000.0007613911175,0.2072149152194987,0.20722395685819914,0.20943484670505186,0.0
4.823999999999946,2000.0,2000.000759287394,0.20721581222383303,0.2072247695288995,0.2094348992526025,0.0
4.824999999999946,2000.0,2000.000757207078,0.2072166992910769,0.20722557300983194,0.20943495121597433,0.0
4.825999999999946,2000.0,2000.0007551499098,0.20721757653123773,0.20722636740492442,0.20943500260167497,0.0
4.826999999999947,2000.0,2000.0007531156316,0.2072184440529888,0.20722715281682477,0.20943505341603383,0.0
4.827999999999947,2000.0,2000.000751103988,0.20721930196394606,0.20722792934715772,0.20943510366544865,0.0
4.828999999999947,2000.0,2000.0007491147287,0.20722015037058605,0.20722869709644923,0.2094351533562969,0.0
4.829999999999948,2000.0,2000.0007471476042,0.20722098937802777,0.2072294561639098,0.20943520249470476,0.0
4.830999999999948,2000.0,2000.0007452023688,0.2072218190902905,0.20723020664768396,0.20943525108678673,0.0
4.831999999999948,2000.0,2000.000743278778,0.20722263961020754,0.2072309486447843,0.2094352991385665,0.0
4.832999999999949,2000.0,2000.000741376592,0.20722345103962186,0.2072316822512592,0.20943534665613528,0.0
4.833999999999949,2000.0,2000.0007394955726,0.2072242534791483,0.2072324075619842,0.2094353936454284,0.0
4.834999999999949,2000.0,2000.0007376354847,0.2072250470283004,0.20723312467075822,0.2094354401123119,0.0
4.83599999999995,2000.0,2000.0007357960951,0.2072258317854372,0.20723383367027134,0.2094354860625377,0.0
4.83699999999995,2000.0,2000.0007339771741,0.20722660784785493,0.2072345346521979,0.2094355315018263,0.0
4.83799999999995,2000.0,2000.0007321784933,0.20722737531183624,0.20723522770723402,0.20943557643589333,0.0
4.838999999999951,2000.0,2000.0007303998284,0.2072281342726055,0.2072359129250488,0.20943562087038997,0.0
4.839999999999951,2000.0,2000.0007286409566,0.20722888482422672,0.20723659039420203,0.20943566481080764,0.0
4.840999999999951,2000.0,2000.0007269016578,0.20722962705977294,0.20723726020229008,0.20943570826261537,0.0
4.841999999999952,2000.0,2000.0007251817137,0.20723036107134632,0.20723792243598574,0.20943575123128877,0.0
4.842999999999952,2000.0,2000.0007234809098,0.20723108695002682,0.2072385771809786,0.20943579372223953,0.0
4.843999999999952,2000.0,2000.0007217990326,0.20723180478578773,0.20723922452188456,0.20943583574071337,0.0
4.844999999999953,2000.0,2000.000720135873,0.20723251466773382,0.20723986454248527,0.20943587729202118,0.0
4.845999999999953,2000.0,2000.000718491221,0.2072332166837468,0.20724049732539507,0.209435918381193,0.0
4.846999999999953,2000.0,2000.0007168648722,0.2072339109210968,0.20724112295263408,0.209435959013546,0.0
4.847999999999954,2000.0,2000.000715256622,0.20723459746579892,0.2072417415050227,0.2094359991940634,0.0
4.848999999999954,2000.0,2000.00071366627,0.20723527640303932,0.20724235306257796,0.2094360389277845,0.0
4.849999999999954,2000.0,2000.0007120936166,0.2072359478170598,0.20724295770441445,0.20943607821969493,0.0
4.850999999999955,2000.0,2000.0007105384648,0.20723661179109384,0.20724355550867601,0.20943611707464788,0.0
4.851999999999955,2000.0,2000.0007090006204,0.20723726840761333,0.2072441465527756,0.2094361554975972,0.0
4.852999999999955,2000.0,2000.0007074798903,0.20723791774802583,0.20724473091311685,0.20943619349330592,0.0
4.853999999999956,2000.0,2000.000705976085,0.2072385598929458,0.20724530866532367,0.20943623106656928,0.0
4.854999999999956,2000.0,2000.0007044890158,0.20723919492190168,0.2072458798839819,0.20943626822194455,0.0
4.855999999999956,2000.0,2000.0007030184966,0.20723982291382337,0.20724644464311875,0.20943630496422577,0.0
4.856999999999957,2000.0,2000.0007015643432,0.20724044394653607,0.2072470030156853,0.20943634129791222,0.0
4.857999999999957,2000.0,2000.0007001263746,0.20724105809713994,0.20724755507394924,0.20943637722759606,0.0
4.858999999999957,2000.0,2000.0006987044094,0.2072416654416736,0.2072481008891479,0.20943641275760339,0.0
4.859999999999958,2000.0,2000.00069729827,0.20724226605560736,0.20724864053199296,0.20943644789249444,0.0
4.860999999999958,2000.0,2000.0006959077807,0.2072428600134557,0.20724917407226698,0.20943648263664802,0.0
4.861999999999958,2000.0,2000.0006945327673,0.2072434473889218,0.2072497015789799,0.209436516994411,0.0
4.862999999999959,2000.0,2000.000693173057,0.2072440282549275,0.20725022312039676,0.20943655097011737,0.0
4.863999999999959,2000.0,2000.0006918284805,0.20724460268361106,0.20725073876403008,0.20943658456807301,0.0
4.864999999999959,2000.0,2000.0006904988693,0.2072451707461151,0.2072512485764378,0.20943661779234246,0.0
4.86599999999996,2000.0,2000.0006891840567,0.20724573251298103,0.20725175262360349,0.20943665064712508,0.0
4.86699999999996,2000.0,2000.000687883878,0.20724628805393885,0.20725225097073746,0.20943668313654637,0.0
4.86799999999996,2000.0,2000.0006865981704,0.20724683743788816,0.20725274368226268,0.2094367152646353,0.0
4.868999999999961,2000.0,2000.0006853267737,0.20724738073308274,0.20725323082196812,0.20943674703547152,0.0
4.869999999999961,2000.0,2000.0006840695278,0.20724791800684297,0.20725371245276533,0.2094367784529315,0.0
4.870999999999961,2000.0,2000.0006828262758,0.20724844932593225,0.2072541886370302,0.20943680952102625,0.0
4.871999999999962,2000.0,2000.0006815968613,0.20724897475625456,0.20725465943631938,0.2094368402436069,0.0
4.872999999999962,2000.0,2000.0006803811318,0.20724949436309564,0.2072551249115897,0.20943687062457914,0.0
4.873999999999962,2000.0,2000.0006791789342,0.20725000821077103,0.20725558512287898,0.20943690066757337,0.0
4.874999999999963,2000.0,2000.000677990118,0.2072505163631254,0.20725604012978208,0.2094369303764177,0.0
4.875999999999963,2000.0,2000.000676814535,0.2072510188832317,0.20725648999114998,0.20943695975482682,0.0
4.876999999999963,2000.0,2000.0006756520365,0.207251515833383,0.20725693476508525,0.2094369888063906,0.0
4.877999999999964,2000.0,2000.0006745024782,0.20725200727537088,0.2072573745092259,0.20943701753485333,0.0
4.878999999999964,2000.0,2000.0006733657149,0.2072524932702067,0.20725780928046394,0.2094370459438223,0.0
4.879999999999964,2000.0,2000.0006722416056,0.20725297387832864,0.20725823913513813,0.20943707403695577,0.0
4.880999999999965,2000.0,2000.0006711300089,0.20725344915923635,0.20725866412869648,0.20943710181761505,0.0
4.881999999999965,2000.0,2000.0006700307856,0.20725391917199998,0.20725908431617507,0.20943712928934138,0.0
4.882999999999965,2000.0,2000.0006689437992,0.2072543839749009,0.20725949975185945,0.20943715645550687,0.0
4.883999999999966,2000.0,2000.0006678689124,0.20725484362555202,0.20725991048939385,0.20943718331941885,0.0
4.884999999999966,2000.0,2000.0006668059902,0.20725529818104993,0.20726031658194546,0.2094372098844784,0.0
4.885999999999966,2000.0,2000.0006657549009,0.20725574769794788,0.20726071808215984,0.2094372361541291,0.0
4.886999999999967,2000.0,2000.0006647155117,0.20725619223191952,0.20726111504183775,0.20943726213152447,0.0
4.887999999999967,2000.0,2000.0006636876924,0.2072566318382009,0.20726150751237526,0.20943728781996562,0.0
4.888999999999967,2000.0,2000.0006626713148,0.20725706657147497,0.207261895544635,0.20943731322276524,0.0
4.889999999999968,2000.0,2000.0006616662513,0.20725749648563238,0.2072622791887271,0.20943733834301997,0.0
4.890999999999968,2000.0,2000.0006606723769,0.20725792163407225,0.20726265849429085,0.20943736318388906,0.0
4.891999999999968,2000.0,2000.000659689566,0.207258342069504,0.2072630335103176,0.20943738774840887,0.0
4.892999999999969,2000.0,2000.0006587176958,0.20725875784420444,0.20726340428538886,0.20943741203972752,0.0
4.893999999999969,2000.0,2000.0006577566446,0.20725916900976254,0.20726377086742584,0.2094374360608463,0.0
4.894999999999969,2000.0,2000.0006568062918,0.2072595756172764,0.20726413330389185,0.20943745981481773,0.0
4.89599999999997,2000.0,2000.0006558665195,0.2072599777172432,0.20726449164166863,0.2094374833046152,0.0
4.89699999999997,2000.0,2000.000654937209,0.20726037535946976,0.20726484592699448,0.20943750653306464,0.0
4.89799999999997,2000.0,2000.0006540182444,0.20726076859343792,0.20726519620578854,0.20943752950316613,0.0
4.898999999999971,2000.0,2000.0006531095103,0.20726115746787574,0.20726554252326584,0.20943755221769975,0.0
4.899999999999971,2000.0,2000.000652210893,0.20726154203107386,0.20726588492422296,0.2094375746795085,0.0
4.900999999999971,2000.0,2000.00065132228,0.20726192233085464,0.20726622345300688,0.20943759689146113,0.0
4.901999999999972,2000.0,2000.0006504435598,0.20726229841441116,0.20726655815337366,0.20943761885630435,0.0
4.902999999999972,2000.0,2000.0006495746227,0.20726267032841023,0.20726688906858615,0.20943764057675562,0.0
4.903999999999972,2000.0,2000.0006487153591,0.2072630381190598,0.20726721624146593,0.2094376620555509,0.0
4.904999999999973,2000.0,2000.000647865662,0.20726340183212347,0.2072675397144146,0.2094376832954607,0.0
4.905999999999973,2000.0,2000.0006470254243,0.20726376151269466,0.20726785952920024,0.2094377042990684,0.0
4.906999999999973,2000.0,2000.0006461945416,0.2072641172055007,0.20726817572724157,0.20943772506905367,0.0
4.907999999999974,2000.0,2000.000645372909,0.20726446895471082,0.20726848834943562,0.20943774560801226,0.0
4.908999999999974,2000.0,2000.000644560424,0.20726481680402475,0.2072687974362337,0.2094377659185276,0.0
4.909999999999974,2000.0,2000.0006437569853,0.20726516079663707,0.20726910302760024,0.20943778600312524,0.0
4.910999999999975,2000.0,2000.0006429624916,0.2072655009751794,0.20726940516297312,0.20943780586422683,0.0
4.911999999999975,2000.0,2000.0006421768437,0.20726583738196205,0.207269703881491,0.20943782550437534,0.0
4.912999999999975,2000.0,2000.0006413999429,0.20726617005874495,0.20726999922176656,0.20943784492600137,0.0
4.913999999999976,2000.0,2000.000640631692,0.2072664990468765,0.20727029122202875,0.20943786413156185,0.0
4.914999999999976,2000.0,2000.0006398719947,0.20726682438719285,0.20727057992002065,0.2094378831234322,0.0
4.915999999999976,2000.0,2000.000639120756,0.20726714612016295,0.2072708653531406,0.20943790190404446,0.0
4.916999999999977,2000.0,2000.0006383778816,0.2072674642857087,0.20727114755826437,0.2094379204757028,0.0
4.917999999999977,2000.0,2000.0006376432782,0.20726777892336257,0.20727142657190423,0.20943793884073997,0.0
4.918999999999977,2000.0,2000.0006369168539,0.2072680900722956,0.20727170243023577,0.20943795700153944,0.0
4.919999999999978,2000.0,2000.0006361985184,0.20726839777109063,0.20727197516887189,0.20943797496030336,0.0
4.920999999999978,2000.0,2000.000635488181,0.20726870205792813,0.20727224482304754,0.2094379927192342,0.0
4.921999999999978,2000.0,2000.000634785753,0.20726900297058437,0.20727251142761435,0.20943801028052522,0.0
4.922999999999979,2000.0,2000.000634091146,0.2072693005464497,0.20727277501707148,0.20943802764638733,0.0
4.923999999999979,2000.0,2000.0006334042732,0.2072695948225723,0.2072730356255906,0.2094380448190703,0.0
4.924999999999979,2000.0,2000.0006327250483,0.20726988583548692,0.2072732932868554,0.20943806180069605,0.0
4.92599999999998,2000.0,2000.0006320533864,0.20727017362135108,0.20727354803419726,0.2094380785933918,0.0
4.92699999999998,2000.0,2000.000631389203,0.20727045821596946,0.20727379990061426,0.20943809519930534,0.0
4.92799999999998,2000.0,2000.0006307324152,0.2072707396546785,0.20727404891866624,0.20943811162049464,0.0
4.928999999999981,2000.0,2000.0006300829414,0.2072710179724724,0.2072742951205847,0.20943812785903498,0.0
4.929999999999981,2000.0,2000.0006294406996,0.20727129320380197,0.20727453853808858,0.2094381439168293,0.0
4.930999999999981,2000.0,2000.0006288056093,0.20727156538286048,0.20727477920266513,0.20943815979588748,0.0
4.931999999999982,2000.0,2000.0006281775907,0.20727183454347017,0.2072750171454448,0.2094381754981962,0.0
4.932999999999982,2000.0,2000.0006275565656,0.20727210071916752,0.20727525239729583,0.20943819102581074,0.0
4.933999999999982,2000.0,2000.0006269424548,0.207272363943004,0.2072754849886272,0.20943820638065255,0.0
4.934999999999983,2000.0,2000.0006263351827,0.2072726242477866,0.20727571494961974,0.20943822156473813,0.0
4.935999999999983,2000.0,2000.0006257346731,0.20727288166580538,0.20727594230996116,0.20943823657990865,0.0
4.936999999999983,2000.0,2000.0006251408504,0.20727313622898494,0.20727616709900257,0.20943825142798334,0.0
4.937999999999984,2000.0,2000.0006245536406,0.20727338796900607,0.2072763893458659,0.20943826611086563,0.0
4.938999999999984,2000.0,2000.0006239729692,0.20727363691708953,0.20727660907923853,0.20943828063033104,0.0
4.939999999999984,2000.0,2000.0006233987647,0.20727388310429345,0.20727682632766495,0.20943829498831856,0.0
4.940999999999985,2000.0,2000.0006228309542,0.20727412656108357,0.20727704111911396,0.2094383091864907,0.0
4.941999999999985,2000.0,2000.0006222694667,0.2072743673177658,0.20727725348142073,0.20943832322667544,0.0
4.942999999999985,2000.0,2000.0006217142322,0.20727460540429507,0.2072774634420846,0.20943833711065962,0.0
4.943999999999986,2000.0,2000.0006211651807,0.20727484085020273,0.20727767102821334,0.2094383508401284,0.0
4.944999999999986,2000.0,2000.0006206222442,0.2072750736847584,0.2072778762666646,0.2094383644168052,0.0
4.945999999999986,2000.0,2000.0006200853536,0.20727530393682905,0.2072780791839132,0.20943837784231475,0.0
4.946999999999987,2000.0,2000.0006195544415,0.20727553163513748,0.20727827980631844,0.20943839111844892,0.0
4.947999999999987,2000.0,2000.0006190294428,0.2072757568080619,0.20727847815989803,0.20943840424693616,0.0
4.948999999999987,2000.0,2000.0006185102905,0.20727597948343063,0.20727867427015528,0.20943841722926296,0.0
4.949999999999988,2000.0,2000.0006179969198,0.20727619968895009,0.20727886816248747,0.2094384300670836,0.0
4.950999999999988,2000.0,2000.0006174892653,0.20727641745197273,0.2072790598619626,0.2094384427619914,0.0
4.951999999999988,2000.0,2000.0006169872652,0.20727663279978156,0.2072792493935814,0.20943845531578054,0.0
4.952999999999989,2000.0,2000.0006164908552,0.20727684575902028,0.20727943678173924,0.209438467729899,0.0
4.953999999999989,2000.0,2000.0006159999741,0.20727705635613744,0.20727962205065334,0.2094384800058777,0.0
4.954999999999989,2000.0,2000.00061551456,0.20727726461729204,0.2072798052242726,0.20943849214523588,0.0
4.95599999999999,2000.0,2000.000615034552,0.20727747056837895,0.2072799863262975,0.20943850414949863,0.0
4.95699999999999,2000.0,2000.0006145598895,0.20727767423497465,0.20728016538012467,0.20943851602013797,0.0
4.95799999999999,2000.0,2000.0006140905143,0.2072778756424494,0.20728034240896795,0.20943852775869204,0.0
4.958999999999991,2000.0,2000.0006136263657,0.20727807481574098,0.2072805174356303,0.20943853936653173,0.0
4.959999999999991,2000.0,2000.0006131673865,0.2072782717797796,0.20728069048291967,0.2094385508452787,0.0
4.960999999999991,2000.0,2000.0006127135193,0.20727846655899912,0.20728086157316514,0.20943856219631315,0.0
4.961999999999992,2000.0,2000.0006122647078,0.20727865917757615,0.2072810307284596,0.20943857342101652,0.0
4.962999999999992,2000.0,2000.000611820894,0.20727884965934665,0.20728119797057504,0.2094385845206828,0.0
4.963999999999992,2000.0,2000.0006113820232,0.20727903802823375,0.20728136332138394,0.2094385954969421,0.0
4.964999999999993,2000.0,2000.000610948041,0.20727922430752174,0.20728152680213996,0.2094386063510309,0.0
4.965999999999993,2000.0,2000.0006105188925,0.2072794085203319,0.20728168843395675,0.20943861708427358,0.0
4.966999999999993,2000.0,2000.0006100945234,0.20727959068955837,0.2072818482377286,0.20943862769799915,0.0
4.967999999999994,2000.0,2000.0006096748812,0.20727977083793775,0.2072820062342117,0.20943863819362113,0.0
4.968999999999994,2000.0,2000.0006092599124,0.20727994898786645,0.2072821624438419,0.20943864857245087,0.0
4.969999999999994,2000.0,2000.0006088495663,0.20728012516149524,0.20728231688682044,0.20943865883578133,0.0
4.970999999999995,2000.0,2000.0006084437907,0.2072802993806585,0.2072824695830642,0.20943866898483493,0.0
4.971999999999995,2000.0,2000.0006080425346,0.20728047166704844,0.2072826205523445,0.2094386790209008,0.0
4.972999999999995,2000.0,2000.0006076457473,0.20728064204211752,0.20728276981422564,0.20943868894527046,0.0
4.973999999999996,2000.0,2000.00060725338,0.20728081052711364,0.20728291738807364,0.20943869875924415,0.0
4.974999999999996,2000.0,2000.000606865383,0.20728097714289728,0.20728306329288723,0.20943870846395815,0.0
4.975999999999996,2000.0,2000.0006064817073,0.20728114191023558,0.20728320754759416,0.2094387180606812,0.0
4.976999999999997,2000.0,2000.0006061023055,0.2072813048496327,0.20728335017085892,0.2094387275506182,0.0
4.977999999999997,2000.0,2000.0006057271296,0.2072814659813284,0.20728349118111286,0.20943873693493847,0.0
4.978999999999997,2000.0,2000.0006053561324,0.20728162532536695,0.2072836305966045,0.20943874621482406,0.0
4.979999999999998,2000.0,2000.000604989268,0.20728178290156923,0.20728376843536958,0.20943875539143764,0.0
4.980999999999998,2000.0,2000.0006046264903,0.2072819387295249,0.20728390471523098,0.20943876446591955,0.0
4.981999999999998,2000.0,2000.0006042677528,0.20728209282855584,0.20728403945375953,0.2094387734393468,0.0
4.982999999999999,2000.0,2000.000603913012,0.20728224521798083,0.20728417266853968,0.20943878231299873,0.0
4.983999999999999,2000.0,2000.000603562223,0.20728239591657752,0.20728430437662662,0.20943879108780666,0.0
4.984999999999999,2000.0,2000.0006032153408,0.207282544943085,0.2072844345950595,0.2094387997648703,0.0
4.986,2000.0,2000.0006028723235,0.20728269231613933,0.20728456334077586,0.20943880834536896,0.0
4.987,2000.0,2000.0006025331265,0.20728283805399852,0.20728469063036076,0.20943881683030646,0.0
4.988,2000.0,2000.0006021977076,0.2072829821748869,0.20728481648037642,0.20943882522084173,0.0
4.989000000000001,2000.0,2000.0006018660251,0.20728312469673935,0.20728494090711447,0.2094388335180364,0.0
4.990000000000001,2000.0,2000.0006015380377,0.20728326563726185,0.20728506392664472,0.20943884172290303,0.0
4.991000000000001,2000.0,2000.0006012137042,0.20728340501398207,0.20728518555487915,0.20943884983646618,0.0
4.992000000000002,2000.0,2000.0006008929838,0.2072835428441739,0.2072853058074893,0.20943885785967853,0.0
4.993000000000002,2000.0,2000.0006005758357,0.20728367914496526,0.20728542470001218,0.20943886579352516,0.0
4.994000000000002,2000.0,2000.0006002622213,0.20728381393335887,0.2072855422478744,0.20943887363904592,0.0
4.995000000000003,2000.0,2000.0005999520997,0.20728394722604832,0.2072856584662115,0.20943888139715158,0.0
4.996000000000003,2000.0,2000.0005996454329,0.20728407903980786,0.20728577337024784,0.20943888906900524,0.0
4.997000000000003,2000.0,2000.000599342182,0.2072842093909522,0.20728588697476363,0.20943889665548235,0.0
4.998000000000004,2000.0,2000.00059904231,0.20728433829572912,0.2072859992944869,0.20943890415756472,0.0
4.999000000000004,2000.0,2000.0005987457782,0.20728446577012127,0.20728611034389127,0.20943891157613453,0.0
5.000000000000004,1000.0,1991.835336572313,-19.999999999999996,-19.614873011016673,-19.804019357316115,0.0
5.001000000000005,1000.0,1982.27241685,-19.999999999999996,-19.634406212453786,-19.825119225940174,0.0
5.002000000000005,1000.0,1972.7065188222887,-19.999999999999996,-19.63768646003988,-19.829904661682633,0.0
5.003000000000005,1000.0,1963.138877833011,-19.999999999999996,-19.64065465146205,-19.834437151742403,0.0
5.004000000000006,1000.0,1953.5696035338497,-19.999999999999996,-19.643350542403265,-19.838754398919615,0.0
5.005000000000006,1000.0,1943.9987932101508,-19.999999999999996,-19.64579906339173,-19.842879298973585,0.0
5.0060000000000064,1000.0,1934.4265337590905,-19.999999999999996,-19.64802280818628,-19.84683249540686,0.0
5.007000000000007,1000.0,1924.8529027100824,-19.999999999999996,-19.650042261528014,-19.85063260170717,0.0
5.008000000000007,1000.0,1915.2779691476183,-19.999999999999996,-19.651875997308352,-19.85429639439976,0.0
5.0090000000000074,1000.0,1905.701794546319,-19.999999999999996,-19.653540858085947,-19.85783898784557,0.0
5.010000000000008,1000.0,1896.1244335264978,-19.999999999999996,-19.655052117713755,-19.861273992517482,0.0
5.011000000000008,1000.0,1886.54593453775,-19.999999999999996,-19.65642362866547,-19.86461365831625,0.0
5.0120000000000084,1000.0,1876.9663404773655,-19.999999999999996,-19.657667955501626,-19.867869004340637,0.0
5.013000000000009,1000.0,1867.3856892497315,-19.999999999999996,-19.658796495779455,-19.871049936391312,0.0
5.014000000000009,1000.0,1857.8040142723007,-19.999999999999996,-19.659819589588373,-19.87416535336777,0.0
5.0150000000000095,1000.0,1848.2213449331787,-19.999999999999996,-19.66074661878136,-19.87722324360712,0.0
5.01600000000001,1000.0,1838.6377070048961,-19.999999999999996,-19.66158609687201,-19.880230772115027,0.0
5.01700000000001,1000.0,1829.0531230185209,-19.999999999999996,-19.66234575047558,-19.883194359548483,0.0
5.0180000000000105,1000.0,1819.4676126018476,-19.999999999999996,-19.66303259308986,-19.886119753729414,0.0
5.019000000000011,1000.0,1809.881192785074,-19.999999999999996,-19.663652991936655,-19.889012094394182,0.0
5.020000000000011,1000.0,1800.2938782770277,-19.999999999999996,-19.66421272851693,-19.891875971817473,0.0
5.0210000000000115,1000.0,1790.7056817147413,-19.999999999999996,-19.664717053471154,-19.894715479888653,0.0
5.022000000000012,1000.0,1781.116613888891,-19.999999999999996,-19.665170736280725,-19.897534264164346,0.0
5.023000000000012,1000.0,1771.526683947383,-19.999999999999996,-19.665578110295993,-19.900335565371154,0.0
5.0240000000000125,1000.0,1761.9358995791647,-19.999999999999996,-19.66594311353054,-19.903122258787945,0.0
5.025000000000013,1000.0,1752.3442671801236,-19.999999999999996,-19.666269325620185,-19.905896889896493,0.0
5.026000000000013,1000.0,1742.7517920027815,-19.999999999999996,-19.6665600013076,-19.90866170665265,0.0
5.0270000000000135,1000.0,1733.1584782913137,-19.999999999999996,-19.66681810077947,-19.911418688696916,0.0
5.028000000000014,1000.0,1723.5643294032898,-19.999999999999996,-19.667046317152273,-19.914169573793025,0.0
5.029000000000014,1000.0,1713.9693479193895,-19.999999999999996,-19.667247101375143,-19.916915881756392,0.0
5.0300000000000145,1000.0,1704.3735357422472,-19.999999999999996,-19.667422684792694,-19.919658936109098,0.0
5.031000000000015,1000.0,1694.7768941854472,-19.999999999999996,-19.667575099588078,-19.92239988367589,0.0
5.032000000000015,1000.0,1685.1794240536103,-19.999999999999996,-19.667706197305733,-19.92513971231575,0.0
5.0330000000000155,1000.0,1675.5811257144276,-19.999999999999996,-19.66781766563441,-19.92787926696469,0.0
5.034000000000016,1000.0,1665.9819991633929,-19.999999999999996,-19.667911043614293,-19.930619264149378,0.0
5.035000000000016,1000.0,1656.3820440819427,-19.999999999999996,-19.667987735416407,-19.933360305115894,0.0
5.0360000000000165,1000.0,1646.7812598896305,-19.999999999999996,-19.668049022828605,-19.936102887704237,0.0
5.037000000000017,1000.0,1637.179645790904,-19.999999999999996,-19.668096076569938,-19.938847417087164,0.0
5.038000000000017,1000.0,1627.5772008170013,-19.999999999999996,-19.66812996654353,-19.941594215480528,0.0
5.0390000000000175,1000.0,1617.9739238634331,-19.999999999999996,-19.668151671127838,-19.944343530922243,0.0
5.040000000000018,1000.0,1608.3698137234835,-19.999999999999996,-19.668162085596798,-19.947095545207844,0.0
5.041000000000018,1000.0,1598.764869118096,-19.999999999999996,-19.66816202975076,-19.949850381062472,0.0
5.0420000000000185,1000.0,1589.1590887225088,-19.999999999999996,-19.66815225483248,-19.95260810862123,0.0
5.043000000000019,1000.0,1579.552471189943,-19.999999999999996,-19.668133449795373,-19.9553687512835,0.0
5.044000000000019,1000.0,1569.9450151726326,-19.999999999999996,-19.66810624698502,-19.95813229100031,0.0
5.0450000000000195,1000.0,1560.336719340458,-19.999999999999996,-19.668071227289015,-19.960898673048394,0.0
5.04600000000002,1000.0,1550.7275823974041,-19.999999999999996,-19.66802892480526,-19.96366781033955,0.0
5.04700000000002,1000.0,1541.117603096068,-19.999999999999996,-19.667979831073875,-19.966439587309296,0.0
5.0480000000000205,1000.0,1531.5067802503993,-19.999999999999996,-19.66792439891389,-19.969213863424674,0.0
5.049000000000021,1000.0,1521.8951127468517,-19.999999999999996,-19.667863045901697,-19.971990476347194,0.0
5.050000000000021,1000.0,1512.2825995540957,-19.999999999999996,-19.66779615752516,-19.97476924478383,0.0
5.0510000000000215,1000.0,1502.6692397314393,-19.999999999999996,-19.667724090043663,-19.97754997105542,0.0
5.052000000000022,1000.0,1493.0550324360863,-19.999999999999996,-19.667647173081864,-19.980332443409477,0.0
5.053000000000022,1000.0,1483.439976929344,-19.999999999999996,-19.667565711982142,-19.983116438101614,0.0
5.0540000000000225,1000.0,1473.8240725818891,-19.999999999999996,-19.667479989938382,-19.98590172126759,0.0
5.055000000000023,1000.0,1464.2073188781817,-19.999999999999996,-19.6673902699317,-19.988688050605926,0.0
5.056000000000023,1000.0,1454.5897154201232,-19.999999999999996,-19.667296796486642,-19.991475176889118,0.0
5.0570000000000235,1000.0,1444.9712619300276,-19.999999999999996,-19.66719979726477,-19.994262845319756,0.0
5.058000000000024,1000.0,1435.351958252976,-19.999999999999996,-19.66709948451087,-19.997050796746443,0.0
5.059000000000024,1000.0,1425.7318043586247,-19.999999999999996,-19.666996056365623,-19.9998387687528,0.0
5.0600000000000245,1000.0,1416.1108003425236,-19.999999999999996,-19.666889698057307,-20.002626496631862,0.0
5.061000000000025,1000.0,1406.4889464269888,-19.999999999999996,-19.666780582983804,-20.00541371425662,0.0
5.062000000000025,1000.0,1396.8662429615836,-19.999999999999996,-19.66666887369524,-20.008200154856848,0.0
5.0630000000000255,1000.0,1387.2426904232536,-19.999999999999996,-19.666554722786604,-20.01098555171128,0.0
5.064000000000026,1000.0,1377.6182894161454,-19.999999999999996,-19.66643827370875,-20.01376963876306,0.0
5.065000000000026,1000.0,1367.9930406711483,-19.999999999999996,-19.666319661505373,-20.01655215116607,0.0
5.0660000000000265,1000.0,1358.366945045194,-19.999999999999996,-19.66619901348301,-20.019332825768753,0.0
5.067000000000027,1000.0,1348.740003520335,-19.999999999999996,-19.66607644982026,-20.022111401541544,0.0
5.068000000000027,1000.0,1339.1122172026335,-19.999999999999996,-19.66595208412187,-20.024887619953276,0.0
5.0690000000000275,1000.0,1329.4835873208822,-19.999999999999996,-19.665826023922925,-20.027661225301635,0.0
5.070000000000028,1000.0,1319.8541152251757,-19.999999999999996,-19.665698371147805,-20.030431965002208,0.0
5.071000000000028,1000.0,1310.223802385355,-19.999999999999996,-19.665569222528006,-20.03319958984001,0.0
5.0720000000000285,1000.0,1300.5926503893372,-19.999999999999996,-19.66543866998282,-20.035963854187386,0.0
5.073000000000029,1000.0,1290.9606609413534,-19.999999999999996,-19.66530680096621,-20.038724516191447,0.0
5.074000000000029,1000.0,1281.3278358600992,-19.999999999999996,-19.665173698783168,-20.041481337934247,0.0
5.0750000000000295,1000.0,1271.694177076817,-19.999999999999996,-19.665039442878214,-20.044234085568252,0.0
5.07600000000003,1000.0,1262.059686633319,-19.999999999999996,-19.66490410909879,-20.046982529429638,0.0
5.07700000000003,1000.0,1252.4243666799605,-19.999999999999996,-19.664767769935764,-20.049726444131785,0.0
5.0780000000000305,1000.0,1242.7882194735746,-19.999999999999996,-19.664630494743268,-20.052465608640773,0.0
5.079000000000031,1000.0,1233.1512473753721,-19.999999999999996,-19.664492349939664,-20.055199806334855,0.0
5.080000000000031,1000.0,1223.5134528488186,-19.999999999999996,-19.664353399191516,-20.057928825049594,0.0
5.0810000000000315,1000.0,1213.8748384574928,-19.999999999999996,-19.664213703582007,-20.06065245710997,0.0
5.082000000000032,1000.0,1204.2354068629331,-19.999999999999996,-19.664073321765322,-20.0633704993511,0.0
5.083000000000032,1000.0,1194.595160822475,-19.999999999999996,-19.66393231010828,-20.066082753128534,0.0
5.0840000000000325,1000.0,1184.9541031870885,-19.999999999999996,-19.66379072282033,-20.06878902431935,0.0
5.085000000000033,1000.0,1175.3122368992156,-19.999999999999996,-19.66364861207304,-20.071489123315153,0.0
5.086000000000033,1000.0,1165.669564990611,-19.999999999999996,-19.663506028109975,-20.07418286500763,0.0
5.0870000000000335,1000.0,1156.0260905801974,-19.999999999999996,-19.66336301934795,-20.076870068767743,0.0
5.088000000000034,1000.0,1146.3818168719254,-19.999999999999996,-19.663219632470277,-20.079550558419115,0.0
5.089000000000034,1000.0,1136.7367471526509,-19.999999999999996,-19.66307591251288,-20.08222416220637,0.0
5.0900000000000345,1000.0,1127.0908847900307,-19.999999999999996,-19.66293190294385,-20.084890712759044,0.0
5.091000000000035,1000.0,1117.4442332304313,-19.999999999999996,-19.662787645737048,-20.08755004705149,0.0
5.092000000000035,1000.0,1107.7967959968612,-19.999999999999996,-19.66264318144027,-20.09020200635942,0.0
5.0930000000000355,1000.0,1098.1485766869257,-19.999999999999996,-19.662498549238496,-20.092846436213435,0.0
5.094000000000036,1000.0,1088.4995789708016,-19.999999999999996,-19.66235378701262,-20.095483186349966,0.0
5.095000000000036,1000.0,1078.849806589238,-19.999999999999996,-19.662208931394105,-20.09811211066002,0.0
5.0960000000000365,1000.0,1069.1992633515808,-19.999999999999996,-19.662064017815847,-20.100733067135934,0.0
5.097000000000037,1000.0,1059.547953133827,-19.999999999999996,-19.661919080559702,-20.103345917816657,0.0
5.098000000000037,1000.0,1049.895879876697,-19.999999999999996,-19.661774152800803,-20.10595052873154,0.0
5.0990000000000375,1000.0,1040.2476430942818,-19.988785762565865,-19.650628442423216,-20.097280426617523,0.0
5.100000000000038,1000.0,1031.2969896861055,-18.286808056871543,-17.980886918850928,-18.38976904586089,0.0
5.101000000000038,1000.0,1023.5030198461576,-15.75510428165051,-15.49558685442777,-15.8459941444133,0.0
5.1020000000000385,1000.0,1017.0328161077391,-12.959430460343931,-12.750310826497218,-13.034999691089716,0.0
5.103000000000039,1000.0,1011.8709610930445,-10.247797248673574,-10.086907538601537,-10.307268681220597,0.0
5.104000000000039,1000.0,1007.8981793305926,-7.813462352251467,-7.695294646841085,-7.8576861349972145,0.0
5.1050000000000395,1000.0,1004.9454414832762,-5.744272693313329,-5.6618807427116105,-5.7750014469016495,0.0
5.10600000000004,1000.0,1002.8293411010925,-4.059978080839332,-4.006190301012077,-4.079328324245083,0.0
5.10700000000004,1000.0,1001.3736823343534,-2.7394639112768324,-2.707598560391263,-2.7495631003670287,0.0
5.1080000000000405,1000.0,1000.4212974316084,-1.7398774950318365,-1.7241115335503887,-1.7426626003833534,0.0
5.109000000000041,1000.0,999.839239478666,-1.009471504207299,-1.0049793070482693,-1.0065963995529073,0.0
5.110000000000041,1000.0,999.5197236367413,-0.49574618474351273,-0.4986942429743225,-0.48855932577922,0.0
5.1110000000000415,1000.0,999.3785429845683,-0.15019840170926083,-0.1576576718668054,-0.13976106465007504,0.0
5.112000000000042,1000.0,999.3521657513005,0.06928284054263475,0.05946453159581442,0.08215847533796282,0.0
5.113000000000042,1000.0,999.3943195356666,0.1975773077976908,0.18691503227565187,0.21228346525356265,0.0
5.1140000000000425,1000.0,999.4725691155746,0.26246079114934984,0.25196745405570486,0.27855050859744185,0.0
5.115000000000043,1000.0,999.5651796606708,0.2852776188067538,0.27558467274005716,0.3024261766241715,0.0
5.116000000000043,1000.0,999.6584089987098,0.2818701400472811,0.27332987994662206,0.29984303930034695,0.0
5.1170000000000435,1000.0,999.7442752745377,0.26357764433809505,0.2563462193235381,0.28220524415727016,0.0
5.118000000000044,1000.0,999.8187864883629,0.23819096792370958,0.23229324261447848,0.25734915357459615,0.0
5.119000000000044,1000.0,999.8805851376462,0.21080108810467743,0.20617953926174643,0.23039702357479597,0.0
5.1200000000000445,1000.0,999.9299460173268,0.18451515225588744,0.1810654087899217,0.20447710569684258,0.0
5.121000000000045,1000.0,999.9680617435047,0.16103584696983775,0.1586315043661773,0.1813061477661253,0.0
5.122000000000045,1000.0,999.9965540842018,0.14111327732862466,0.13962240872952683,0.16164359644356993,0.0
5.1230000000000455,1000.0,1000.0171564305394,0.12488538346592226,0.12418084497126164,0.14563368008246536,0.0
5.124000000000046,1000.0,1000.0315215243814,0.11212551461527025,0.11209077836857352,0.13305413759804577,0.0
5.125000000000046,1000.0,1000.0411174812319,0.102415702318626,0.1029475950300987,0.12349026278896788,0.0
5.1260000000000465,1000.0,1000.0471833974434,0.09526256578327882,0.09627196910707063,0.11645130277627366,0.0
5.127000000000047,1000.0,1000.0507229982104,0.09017042911407055,0.09158172412845592,0.11144387382144115,0.0
5.128000000000047,1000.0,1000.0525207228127,0.086683646992709,0.08843346108552706,0.10801445464743553,0.0
5.1290000000000475,1000.0,1000.0531693765688,0.08440763776971101,0.08644327608612032,0.10577050289909906,0.0
5.130000000000048,1000.0,1000.0531021185005,0.0830158851244214,0.08529369496376327,0.10438748898301609,0.0
5.131000000000048,1000.0,1000.0526242573573,0.08224826976301566,0.08473208821927204,0.10360723133599889,0.0
5.1320000000000485,1000.0,1000.0519422659341,0.0819045476189772,0.08456431348170876,0.10323136433140803,0.0
5.133000000000049,1000.0,1000.051188756699,0.08183558031253223,0.08464614440271327,0.1031125536856162,0.0
5.134000000000049,1000.0,1000.050443034826,0.08193400731182056,0.08487414545620062,0.10314515400349858,0.0
5.1350000000000495,1000.0,1000.0497473795622,0.08212537954097822,0.08517699466504956,0.10325633080606789,0.0
5.13600000000005,1000.0,1000.0491195000039,0.08236030282862698,0.08550779347762255,0.10339819639306501,0.0
5.13700000000005,1000.0,1000.0485617436807,0.0826078220881006,0.08583759122008791,0.10354119042894178,0.0
5.1380000000000505,1000.0,1000.0480676638637,0.08285007490894168,0.08615015292361576,0.10366873342445697,0.0
5.139000000000051,1000.0,1000.0476265163692,0.08307812440837162,0.08643788255647553,0.10377306224589222,0.0
5.140000000000051,1000.0,1000.047226188384,0.0832888203594675,0.08669875386983243,0.10385209592089908,0.0
5.1410000000000515,1000.0,1000.0468549802923,0.08348251528738874,0.08693407906059356,0.10390715775152781,0.0
5.142000000000052,1000.0,1000.0465025791457,0.0836614639427252,0.08714694706719664,0.10394138157471339,0.0
5.143000000000052,1000.0,1000.046160486542,0.0838287499762255,0.08734117838767161,0.1039586455497507,0.0
5.1440000000000525,1000.0,1000.0458220979157,0.08398760564230842,0.0875206648629016,0.103962898972943,0.0
5.145000000000053,1000.0,1000.0454825758297,0.08414101430347591,0.08768898633835623,0.10395777166571385,0.0
5.146000000000053,1000.0,1000.0451386165516,0.0842915085573316,0.08784921871808059,0.10394637861413966,0.0
5.1470000000000535,1000.0,1000.0447881759343,0.08444109740306528,0.0880038681226292,0.1039312531958025,0.0
5.148000000000054,1000.0,1000.044430195926,0.08459127331458173,0.08815488297878175,0.10391435982600962,0.0
5.149000000000054,1000.0,1000.0440643553546,0.08474306426146201,0.08830370977261916,0.10389715106096274,0.0
5.1500000000000545,1000.0,1000.0436908564731,0.0848971068134783,0.08845136908121504,0.1038806453104587,0.0
5.151000000000055,1000.0,1000.0433102507966,0.08505372485534043,0.0885985367298474,0.10386550971572116,0.0
5.152000000000055,1000.0,1000.0429233028902,0.08521300456580135,0.08874562093268541,0.10385213888151225,0.0
5.1530000000000555,1000.0,1000.0425308880791,0.08537486062641585,0.08889283050396739,0.10384072446492684,0.0
5.154000000000056,1000.0,1000.0421339188562,0.08553909152711432,0.08904023207279117,0.10383131352451735,0.0
5.155000000000056,1000.0,1000.041733294511,0.08570542368403224,0.0891877960470301,0.10382385537968847,0.0
5.1560000000000565,1000.0,1000.0413298688277,0.08587354516953172,0.08933543213456552,0.10381823781184277,0.0
5.157000000000057,1000.0,1000.0409244313237,0.0860431304106646,0.08948301577456329,0.10381431399203,0.0
5.158000000000057,1000.0,1000.0405176982447,0.08621385741602458,0.08963040702981998,0.10381192172033846,0.0
5.1590000000000575,1000.0,1000.0401103102793,0.08638541907480478,0.0897774634740115,0.10381089654335397,0.0
5.160000000000058,1000.0,1000.0397028346483,0.08655752993264698,0.08992404846944566,0.10381108017401378,0.0
5.161000000000058,1000.0,1000.0392957698227,0.0867299296475538,0.09007003603205335,0.10381232543466606,0.0
5.1620000000000585,1000.0,1000.0388895516138,0.08690238411157075,0.09021531326546671,0.10381449872454006,0.0
5.163000000000059,1000.0,1000.0384845597746,0.0870746850148751,0.09035978113957334,0.10381748080201594,0.0
5.164000000000059,1000.0,1000.0380811245535,0.08724664844102752,0.09050335420339697,0.10382116648274739,0.0
5.1650000000000595,1000.0,1000.0376795328561,0.08741811292445362,0.09064595966625767,0.10382546369567033,0.0
5.16600000000006,1000.0,1000.0372800338388,0.08758893727285913,0.09078753615421253,0.10383029220949483,0.0
5.16700000000006,1000.0,1000.0368828438601,0.08775899835704783,0.090928032349464,0.10383558224105446,0.0
5.1680000000000605,1000.0,1000.036488150787,0.08792818899496933,0.09106740564530857,0.10384127308036195,0.0
5.169000000000061,1000.0,1000.0360961176955,0.08809641600207152,0.09120562089472546,0.10384731181173953,0.0
5.170000000000061,1000.0,1000.0357068860264,0.08826359844196974,0.09134264929262328,0.10385365217162809,0.0
5.1710000000000615,1000.0,1000.0353205782676,0.08842966608543208,0.0914784674056077,0.10386025355706274,0.0
5.172000000000062,1000.0,1000.0349373002304,0.0885945580704834,0.09161305634762469,0.10386708018303623,0.0
5.173000000000062,1000.0,1000.0345571429895,0.08875822174659523,0.09174640108967483,0.10387410037664703,0.0
5.1740000000000625,1000.0,1000.03418018454,0.08892061168231168,0.09187848988776436,0.10388128599184739,0.0
5.175000000000063,1000.0,1000.033806491225,0.08908168881457536,0.09200931381178055,0.10388861192711572,0.0
5.176000000000063,1000.0,1000.0334361189713,0.08924141971801267,0.09213886635756986,0.10389605572797735,0.0
5.1770000000000636,1000.0,1000.0330691143715,0.08939977597595307,0.09226714312760559,0.10390359725946904,0.0
5.178000000000064,1000.0,1000.0327055156358,0.08955673363547692,0.09239414156585349,0.10391121843387882,0.0
5.179000000000064,1000.0,1000.032345353435,0.08971227273306238,0.09251986073632235,0.10391890298304435,0.0
5.1800000000000646,1000.0,1000.0319886516548,0.08986637687881831,0.09264430113594498,0.10392663626567725,0.0
5.181000000000065,1000.0,1000.0316354280732,0.09001903288947494,0.09276746453433724,0.10393440510211979,0.0
5.182000000000065,1000.0,1000.0312856949678,0.09017023046259937,0.09288935383503097,0.10394219763102684,0.0
5.1830000000000656,1000.0,1000.0309394596691,0.09031996188589572,0.09300997295395122,0.1039500031836619,0.0
5.184000000000066,1000.0,1000.0305967250584,0.09046822177618694,0.09312932671147872,0.1039578121720794,0.0
5.185000000000066,1000.0,1000.0302574900226,0.09061500684470321,0.09324742073623914,0.10396561598929592,0.0
5.186000000000067,1000.0,1000.0299217498635,0.0907603156848355,0.09336426137819308,0.10397340691897847,0.0
5.187000000000067,1000.0,1000.0295894966741,0.09090414858026155,0.09347985563018224,0.10398117805378605,0.0
5.188000000000067,1000.0,1000.0292607196767,0.09104650733100124,0.09359421105663894,0.10398892322104461,0.0
5.189000000000068,1000.0,1000.0289354055321,0.09118739509551342,0.09370733572855658,0.10399663691483538,0.0
5.190000000000068,1000.0,1000.0286135386191,0.09132681624750844,0.09381923816436782,0.10400431423413194,0.0
5.191000000000068,1000.0,1000.0282951012878,0.0914647762459867,0.09392992727605347,0.10401195082629573,0.0
5.192000000000069,1000.0,1000.0279800740908,0.09160128151738874,0.09403941232010986,0.104019542835548,0.0
5.193000000000069,1000.0,1000.0276684359904,0.09173633934858995,0.09414770285282731,0.10402708685585871,0.0
5.194000000000069,1000.0,1000.0273601645472,0.09186995778999191,0.09425480868972255,0.10403457988809084,0.0
5.19500000000007,1000.0,1000.027055236091,0.09200214556778631,0.09436073986877602,0.10404201930104179,0.0
5.19600000000007,1000.0,1000.0267536258739,0.09213291200437654,0.09446550661697094,0.10404940279586992,0.0
5.19700000000007,1000.0,1000.0264553082108,0.09226226694658166,0.0945691193201989,0.10405672837396857,0.0
5.198000000000071,1000.0,1000.026160256603,0.09239022070049577,0.09467158849584839,0.1040639943075929,0.0
5.199000000000071,1000.0,1000.0258684438536,0.09251678397290088,0.09477292476833324,0.1040711991134968,0.0
5.200000000000071,1000.0,1000.0255798421682,0.09264196781799225,0.09487313884667241,0.1040783415286784,0.0
5.201000000000072,1000.0,1000.0252944232473,0.09276578358962766,0.09497224150463349,0.10408542048875104,0.0
5.202000000000072,1000.0,1000.0250121583697,0.09288824289810334,0.09507024356272317,0.10409243510821191,0.0
5.203000000000072,1000.0,1000.0247330184667,0.09300935757109355,0.09516715587193042,0.10409938466251079,0.0
5.204000000000073,1000.0,1000.0244569741895,0.09312913961867283,0.09526298929935002,0.10410626857204802,0.0
5.205000000000073,1000.0,1000.0241839959695,0.09324760120156493,0.09535775471505543,0.10411308638745972,0.0
5.206000000000073,1000.0,1000.0239140540721,0.09336475460277122,0.09545146298055175,0.10411983777652548,0.0
5.207000000000074,1000.0,1000.023647118648,0.09348061220193186,0.09554412493832803,0.10412652251220937,0.0
5.208000000000074,1000.0,1000.0233831597728,0.09359518645210062,0.09563575140237615,0.10413314046169964,0.0
5.209000000000074,1000.0,1000.0231221474905,0.09370848985933795,0.09572635315017292,0.10413969157694919,0.0
5.210000000000075,1000.0,1000.022864051846,0.09382053496391922,0.09581594091507865,0.10414617588565575,0.0
5.211000000000075,1000.0,1000.0226088429179,0.09393133432364617,0.09590452537975339,0.10415259348328915,0.0
5.212000000000075,1000.0,1000.0223564908453,0.09404090049893919,0.09599211717037066,0.1041589445259441,0.0
5.213000000000076,1000.0,1000.0221069658551,0.09414924603955326,0.09607872685154534,0.10416522922393126,0.0
5.214000000000076,1000.0,1000.0218602382828,0.09425638347236019,0.09616436492153778,0.10417144783566376,0.0
5.215000000000076,1000.0,1000.021616278593,0.09436232529076063,0.09624904180835726,0.10417760066246975,0.0
5.216000000000077,1000.0,1000.021375057397,0.09446708394513954,0.09633276786622191,0.10418368804378039,0.0
5.217000000000077,1000.0,1000.021136545469,0.09457067183432251,0.09641555337245203,0.10418971035277097,0.0
5.218000000000077,1000.0,1000.0209007137587,0.09467310129792465,0.09649740852470545,0.10419566799236207,0.0
5.219000000000078,1000.0,1000.0206675334061,0.09477438460983627,0.09657834343884335,0.1042015613918731,0.0
5.220000000000078,1000.0,1000.0204369757494,0.0948745339719987,0.0966583681466652,0.10420739100355607,0.0
5.221000000000078,1000.0,1000.0202090123358,0.09497356150941787,0.09673749259446439,0.10421315729997357,0.0
5.222000000000079,1000.0,1000.0199836149307,0.09507147926534404,0.09681572664140344,0.10421886077120682,0.0
5.223000000000079,1000.0,1000.0197607555228,0.09516829919728881,0.09689308005838021,0.1042245019225731,0.0
5.224000000000079,1000.0,1000.0195404063323,0.09526403317346552,0.09696956252703544,0.1042300812724985,0.0
5.22500000000008,1000.0,1000.0193225398143,0.09535869296964387,0.09704518363889787,0.10423559935054222,0.0
5.22600000000008,1000.0,1000.0191071286647,0.0954522902666027,0.09711995289488752,0.10424105669579534,0.0
5.22700000000008,1000.0,1000.0188941458237,0.09554483664774555,0.09719387970476712,0.1042464538552383,0.0
5.228000000000081,1000.0,1000.0186835644785,0.09563634359710924,0.09726697338677609,0.10425179138229497,0.0
5.229000000000081,1000.0,1000.0184753580656,0.09572682249779187,0.09733924316752678,0.1042570698356637,0.0
5.230000000000081,1000.0,1000.0182695002736,0.09581628463060048,0.09741069818192677,0.10426228977818536,0.0
5.231000000000082,1000.0,1000.0180659650442,0.09590474117285239,0.09748134747313927,0.10426745177576144,0.0
5.232000000000082,1000.0,1000.017864726574,0.09599220319752204,0.09755119999273838,0.10427255639648009,0.0
5.233000000000082,1000.0,1000.0176657593139,0.09607868167249536,0.09762026460085736,0.10427760420974552,0.0
5.234000000000083,1000.0,1000.0174690379705,0.09616418746005191,0.09768855006645762,0.10428259578554076,0.0
5.235000000000083,1000.0,1000.0172745375062,0.0962487313165658,0.09775606506772094,0.1042875316938249,0.0
5.236000000000083,1000.0,1000.0170822331381,0.09633232389227393,0.09782281819241458,0.10429241250391412,0.0
5.237000000000084,1000.0,1000.0168921003389,0.09641497573121985,0.09788881793836066,0.10429723878397734,0.0
5.238000000000084,1000.0,1000.0167041148347,0.0964966972712172,0.09795407271384764,0.10430201110048445,0.0
5.239000000000084,1000.0,1000.0165182526059,0.09657749884403287,0.09801859083819926,0.1043067300178232,0.0
5.240000000000085,1000.0,1000.0163344898838,0.09665739067564143,0.0980823805423562,0.10431139609793913,0.0
5.241000000000085,1000.0,1000.0161528031521,0.09673638288661017,0.09814544996953498,0.10431600990006348,0.0
5.242000000000085,1000.0,1000.0159731691433,0.09681448549229611,0.09820780717565432,0.1043205719802152,0.0
5.243000000000086,1000.0,1000.015795564839,0.09689170840355843,0.09826946013023193,0.10432508289118889,0.0
5.244000000000086,1000.0,1000.0156199674665,0.09696806142706045,0.09833041671683619,0.10432954318210175,0.0
5.245000000000086,1000.0,1000.0154463544986,0.09704355426605353,0.09839068473397444,0.10433395339839147,0.0
5.246000000000087,1000.0,1000.0152747036516,0.09711819652086005,0.09845027189566287,0.10433831408150157,0.0
5.247000000000087,1000.0,1000.0151049928832,0.09719199768959122,0.09850918583219868,0.10434262576878038,0.0
5.248000000000087,1000.0,1000.0149372003901,0.09726496716876683,0.09856743409080505,0.10434688899326053,0.0
5.249000000000088,1000.0,1000.0147713046074,0.09733711425422525,0.09862502413655154,0.10435110428372599,0.0
5.250000000000088,1000.0,1000.0146072842053,0.097408448141673,0.0986819633528849,0.10435527216439414,0.0
5.251000000000088,1000.0,1000.0144451180882,0.09747897792761508,0.09873825904253333,0.10435939315498445,0.0
5.252000000000089,1000.0,1000.0142847853916,0.09754871261010771,0.09879391842820313,0.10436346777058556,0.0
5.253000000000089,1000.0,1000.0141262654801,0.09761766108955056,0.09884894865332222,0.10436749652157878,0.0
5.254000000000089,1000.0,1000.013969537947,0.09768583216965784,0.098903356782918,0.10437147991370609,0.0
5.25500000000009,1000.0,1000.0138145826091,0.09775323455808059,0.09895714980417347,0.10437541844782097,0.0
5.25600000000009,1000.0,1000.0136613795074,0.09781987686754394,0.09901033462745057,0.10437931262012054,0.0
5.25700000000009,1000.0,1000.0135099089042,0.09788576761650784,0.09906291808685849,0.10438316292192536,0.0
5.258000000000091,1000.0,1000.0133601512796,0.09795091523004779,0.09911490694101667,0.10438696983966482,0.0
5.259000000000091,1000.0,1000.0132120873305,0.09801532804083697,0.09916630787391699,0.104390733854971,0.0
5.260000000000091,1000.0,1000.0130656979687,0.09807901429004799,0.09921712749569772,0.10439445544469116,0.0
5.261000000000092,1000.0,1000.0129209643176,0.09814198212815159,0.09926737234331573,0.10439813508080564,0.0
5.262000000000092,1000.0,1000.0127778677112,0.09820423961586779,0.09931704888135977,0.10440177323049607,0.0
5.263000000000092,1000.0,1000.0126363896916,0.09826579472500735,0.09936616350274803,0.10440537035610459,0.0
5.264000000000093,1000.0,1000.0124965120064,0.098326655339353,0.09941472252947477,0.10440892691515055,0.0
5.265000000000093,1000.0,1000.0123582166068,0.09838682925560586,0.09946273221339827,0.10441244336039694,0.0
5.266000000000093,1000.0,1000.0122214856457,0.0984463241842346,0.09951019873695803,0.10441592013985213,0.0
5.267000000000094,1000.0,1000.0120863014755,0.09850514775035889,0.0995571282138903,0.10441935769677847,0.0
5.268000000000094,1000.0,1000.0119526466452,0.09856330749462193,0.09960352668996046,0.10442275646972474,0.0
5.269000000000094,1000.0,1000.0118205038999,0.09862081087413892,0.09964940014375252,0.10442611689262427,0.0
5.270000000000095,1000.0,1000.0116898561771,0.09867766526326113,0.09969475448727738,0.10442943939471666,0.0
5.271000000000095,1000.0,1000.0115606866055,0.09873387795451727,0.0997395955667625,0.1044327244006608,0.0
5.272000000000095,1000.0,1000.0114329785038,0.09878945615945055,0.09978392916332865,0.10443597233054028,0.0
5.273000000000096,1000.0,1000.0113067153756,0.09884440700934538,0.099827760993567,0.10443918359977575,0.0
5.274000000000096,1000.0,1000.0111818809105,0.09889873755641042,0.09987109671055464,0.1044423586194875,0.0
5.275000000000096,1000.0,1000.0110584589813,0.09895245477432014,0.09991394190425404,0.10444549779624193,0.0
5.276000000000097,1000.0,1000.0109364336413,0.09900556555913356,0.09995630210226059,0.10444860153215704,0.0
5.277000000000097,1000.0,1000.010815789123,0.09905807673015805,0.09999818277052065,0.10445167022498522,0.0
5.278000000000097,1000.0,1000.0106965098355,0.09910999503069425,0.10003958931392029,0.10445470426807169,0.0
5.279000000000098,1000.0,1000.0105785803631,0.09916132712898026,0.10008052707706623,0.10445770405051423,0.0
5.280000000000098,1000.0,1000.0104619854636,0.09921207961885714,0.1001210013448107,0.10446066995707075,0.0
5.281000000000098,1000.0,1000.0103467100653,0.09926225902065466,0.10016101734297307,0.10446360236827223,0.0
5.282000000000099,1000.0,1000.010232739266,0.09931187178207812,0.10020058023907856,0.10446650166055968,0.0
5.283000000000099,1000.0,1000.0101200583317,0.09936092427881871,0.10023969514281414,0.10446936820614144,0.0
5.284000000000099,1000.0,1000.0100086526934,0.09940942281540217,0.10027836710673076,0.104472202373106,0.0
5.2850000000001,1000.0,1000.0098985079455,0.0994573736259496,0.10031660112685131,0.10447500452544592,0.0
5.2860000000001,1000.0,1000.009789609845,0.09950478287505042,0.10035440214339887,0.10447777502320979,0.0
5.2870000000001,1000.0,1000.0096819443086,0.0995516566584274,0.10039177504130921,0.10448051422244209,0.0
5.288000000000101,1000.0,1000.0095754974125,0.09959800100369313,0.10042872465084164,0.10448322247522837,0.0
5.289000000000101,1000.0,1000.0094702553877,0.09964382187102788,0.10046525574811775,0.10448590012967451,0.0
5.290000000000101,1000.0,1000.0093662046216,0.09968912515412183,0.10050137305591773,0.10448854753015156,0.0
5.291000000000102,1000.0,1000.0092633316546,0.09973391668068164,0.10053708124403865,0.10449116501710398,0.0
5.292000000000102,1000.0,1000.0091616231779,0.09977820221326379,0.10057238492999009,0.10449375292720517,0.0
5.293000000000102,1000.0,1000.0090610660328,0.09982198744996729,0.10060728867955217,0.10449631159337944,0.0
5.294000000000103,1000.0,1000.0089616472094,0.09986527802521095,0.10064179700740712,0.10449884134490403,0.0
5.295000000000103,1000.0,1000.0088633538429,0.09990807951028602,0.10067591437755684,0.10450134250730093,0.0
5.296000000000103,1000.0,1000.0087661732147,0.09995039741421159,0.10070964520404184,0.10450381540253868,0.0
5.297000000000104,1000.0,1000.0086700927486,0.09999223718429648,0.10074299385136956,0.10450626034894625,0.0
5.298000000000104,1000.0,1000.0085751000105,0.10003360420687413,0.10077596463511643,0.10450867766130803,0.0
5.299000000000104,1000.0,1000.0084811827061,0.10007450380800462,0.10080856182249301,0.104511067650927,0.0
5.300000000000105,1000.0,1000.0083883286794,0.10011494125399159,0.10084078963273661,0.10451343062551907,0.0
5.301000000000105,1000.0,1000.008296525912,0.1001549217523241,0.10087265223791866,0.104515766889532,0.0
5.302000000000105,1000.0,1000.0082057625199,0.10019445045204359,0.10090415376318794,0.10451807674389946,0.0
5.303000000000106,1000.0,1000.0081160267544,0.10023353244454908,0.10093529828744147,0.10452036048623256,0.0
5.304000000000106,1000.0,1000.0080273069976,0.1002721727641323,0.10096608984374486,0.10452261841076362,0.0
5.305000000000106,1000.0,1000.0079395917638,0.10031037638870807,0.10099653241992813,0.10452485080847222,0.0
5.306000000000107,1000.0,1000.0078528696965,0.10034814824038411,0.10102662995903681,0.10452705796707029,0.0
5.307000000000107,1000.0,1000.0077671295661,0.10038549318607148,0.1010563863598244,0.1045292401710343,0.0
5.308000000000107,1000.0,1000.0076823602708,0.1004224160382086,0.10108580547735185,0.10453139770174981,0.0
5.309000000000108,1000.0,1000.0075985508339,0.1004589215551961,0.1011148911233008,0.10453353083737296,0.0
5.310000000000108,1000.0,1000.0075156904018,0.10049501444206699,0.10114364706652754,0.10453563985293905,0.0
5.311000000000108,1000.0,1000.0074337682438,0.1005306993510926,0.10117207703356028,0.10453772502041939,0.0
5.312000000000109,1000.0,1000.0073527737502,0.10056598088233848,0.10120018470902514,0.10453978660871058,0.0
5.313000000000109,1000.0,1000.0072726964303,0.10060086358427014,0.10122797373615458,0.10454182488371228,0.0
5.314000000000109,1000.0,1000.0071935259125,0.10063535195437522,0.10125544771727814,0.10454384010839132,0.0
5.31500000000011,1000.0,1000.0071152519417,0.10066945043958718,0.10128261021414921,0.10454583254268518,0.0
5.31600000000011,1000.0,1000.0070378643791,0.10070316343698438,0.10130946474852814,0.10454780244366904,0.0
5.31700000000011,1000.0,1000.0069613531991,0.10073649529421463,0.10133601480249811,0.1045497500654573,0.0
5.318000000000111,1000.0,1000.0068857084904,0.1007694503102342,0.10136226381909277,0.10455167565942483,0.0
5.319000000000111,1000.0,1000.006810920452,0.10080203273565662,0.10138821520254848,0.10455357947405318,0.0
5.320000000000111,1000.0,1000.0067369793954,0.10083424677349125,0.1014138723189165,0.10455546175514534,0.0
5.321000000000112,1000.0,1000.0066638757401,0.10086609657939709,0.10143923849623461,0.10455732274559879,0.0
5.322000000000112,1000.0,1000.0065916000136,0.10089758626245877,0.10146431702518982,0.10455916268568058,0.0
5.323000000000112,1000.0,1000.0065201428513,0.10092871988560657,0.10148911115943275,0.10456098181295334,0.0
5.324000000000113,1000.0,1000.0064494949937,0.1009595014660505,0.10151362411591684,0.10456278036223153,0.0
5.325000000000113,1000.0,1000.0063796472857,0.10098993497590507,0.10153785907542105,0.10456455856572708,0.0
5.326000000000113,1000.0,1000.0063105906754,0.10102002434268857,0.10156181918294757,0.1045663166530727,0.0
5.327000000000114,1000.0,1000.0062423162135,0.10104977344981413,0.10158550754811405,0.10456805485134404,0.0
5.328000000000114,1000.0,1000.006174815051,0.10107918613698418,0.10160892724545892,0.10456977338499807,0.0
5.329000000000114,1000.0,1000.0061080784399,0.10110826620084995,0.10163208131499625,0.10457147247606757,0.0
5.330000000000115,1000.0,1000.0060420977298,0.10113701739529116,0.10165497276240662,0.10457315234399191,0.0
5.331000000000115,1000.0,1000.0059768643689,0.10116544343201898,0.10167760455954178,0.1045748132057687,0.0
5.332000000000115,1000.0,1000.0059123699012,0.10119354798102388,0.10169997964478539,0.10457645527596425,0.0
5.333000000000116,1000.0,1000.0058486059667,0.1012213346710446,0.1017221009234253,0.10457807876673923,0.0
5.334000000000116,1000.0,1000.0057855642991,0.10124880709003449,0.10174397126802867,0.10457968388788141,0.0
5.335000000000116,1000.0,1000.0057232367267,0.10127596878558444,0.1017655935187792,0.10458127084680344,0.0
5.336000000000117,1000.0,1000.0056616151682,0.10130282326534441,0.10178697048381294,0.10458283984854327,0.0
5.337000000000117,1000.0,1000.005600691635,0.10132937399764723,0.10180810493974175,0.10458439109595802,0.0
5.338000000000117,1000.0,1000.0055404582284,0.10135562441175444,0.1018289996318213,0.10458592478956188,0.0
5.339000000000118,1000.0,1000.0054809071387,0.10138157789828618,0.10184965727429915,0.10458744112755018,0.0
5.340000000000118,1000.0,1000.005422030645,0.1014072378098251,0.10187008055092617,0.10458894030599165,0.0
5.341000000000118,1000.0,1000.0053638211126,0.10143260746108343,0.10189027211504531,0.10459042251859738,0.0
5.342000000000119,1000.0,1000.0053062709937,0.10145769012962394,0.10191023459022042,0.10459188795703903,0.0
5.343000000000119,1000.0,1000.0052493728257,0.10148248905607116,0.10192997057038142,0.1045933368107817,0.0
5.344000000000119,1000.0,1000.0051931192305,0.10150700744459826,0.10194948262020839,0.10459476926716188,0.0
5.34500000000012,1000.0,1000.0051375029121,0.10153124846325254,0.1019687732754015,0.1045961855113531,0.0
5.34600000000012,1000.0,1000.0050825166584,0.10155521524456636,0.10198784504318793,0.10459758572657488,0.0
5.34700000000012,1000.0,1000.0050281533382,0.1015789108857579,0.10200670040246154,0.10459897009393351,0.0
5.348000000000121,1000.0,1000.0049744059008,0.10160233844913362,0.10202534180410423,0.1046003387924499,0.0
5.349000000000121,1000.0,1000.0049212673756,0.10162550096255471,0.10204377167137285,0.10460169199915728,0.0
5.350000000000121,1000.0,1000.0048687308698,0.10164840141979198,0.10206199240017443,0.10460302988908847,0.0
5.351000000000122,1000.0,1000.0048167895701,0.1016710427809046,0.10208000635937742,0.1046043526353036,0.0
5.352000000000122,1000.0,1000.0047654367378,0.10169342797257476,0.10209781589107396,0.10460566040887093,0.0
5.353000000000122,1000.0,1000.0047146657125,0.10171555988870305,0.10211542331109114,0.10460695337910277,0.0
5.354000000000123,1000.0,1000.0046644699083,0.10173744139041167,0.10213283090892632,0.10460823171321235,0.0
5.355000000000123,1000.0,1000.0046148428136,0.10175907530668472,0.10215004094831999,0.10460949557661778,0.0
5.356000000000123,1000.0,1000.0045657779906,0.10178046443462248,0.10216705566743454,0.10461074513285142,0.0
5.357000000000124,1000.0,1000.0045172690737,0.10180161153980175,0.10218387727914807,0.10461198054358772,0.0
5.358000000000124,1000.0,1000.0044693097702,0.10182251935670777,0.10220050797141314,0.10461320196874038,0.0
5.359000000000124,1000.0,1000.0044218938581,0.10184319058896808,0.10221694990742142,0.10461440956636583,0.0
5.360000000000125,1000.0,1000.0043750151852,0.10186362790974281,0.10223320522593043,0.10461560349273352,0.0
5.361000000000125,1000.0,1000.0043286676698,0.10188383396210547,0.10224927604157165,0.1046167839023805,0.0
5.362000000000125,1000.0,1000.0042828452979,0.10190381135932462,0.10226516444507433,0.10461795094808309,0.0
5.363000000000126,1000.0,1000.0042375421243,0.10192356268526905,0.10228087250359132,0.10461910478093539,0.0
5.364000000000126,1000.0,1000.0041927522707,0.10194309049467247,0.10229640226091376,0.10462024555031713,0.0
5.365000000000126,1000.0,1000.0041484699249,0.10196239731342052,0.10231175573768492,0.10462137340386428,0.0
5.366000000000127,1000.0,1000.0041046893411,0.10198148563904094,0.10232693493182941,0.10462248848765976,0.0
5.367000000000127,1000.0,1000.0040614048385,0.10200035794082511,0.10234194181861062,0.10462359094605087,0.0
5.368000000000127,1000.0,1000.0040186107997,0.10201901666023788,0.10235677835097987,0.1046246809217648,0.0
5.369000000000128,1000.0,1000.0039763016714,0.10203746421119982,0.10237144645979811,0.10462575855589731,0.0
5.370000000000128,1000.0,1000.0039344719627,0.10205570298049804,0.10238594805418504,0.10462682398803311,0.0
5.371000000000128,1000.0,1000.0038931162452,0.10207373532798296,0.1024002850216516,0.10462787735614992,0.0
5.372000000000129,1000.0,1000.0038522291516,0.1020915635869035,0.10241445922838158,0.10462891879667596,0.0
5.373000000000129,1000.0,1000.0038118053759,0.10210919006421831,0.10242847251948092,0.10462994844451659,0.0
5.374000000000129,1000.0,1000.0037718396712,0.1021266170407792,0.10244232671910675,0.10463096643296288,0.0
5.37500000000013,1000.0,1000.0037323268505,0.10214384677176892,0.10245602363084783,0.10463197289385592,0.0
5.37600000000013,1000.0,1000.0036932617853,0.10216088148700427,0.10246956503795931,0.10463296795760685,0.0
5.37700000000013,1000.0,1000.003654639405,0.10217772339108577,0.10248295270347373,0.10463395175309388,0.0
5.378000000000131,1000.0,1000.0036164546967,0.10219437466377122,0.10249618837050445,0.10463492440775662,0.0
5.379000000000131,1000.0,1000.0035787027037,0.10221083746019699,0.10250927376242411,0.10463588604756599,0.0
5.380000000000131,1000.0,1000.0035413785259,0.10222711391125536,0.10252221058317532,0.10463683679713022,0.0
5.381000000000132,1000.0,1000.0035044773182,0.10224320612374428,0.10253500051737609,0.10463777677959613,0.0
5.382000000000132,1000.0,1000.00346799429,0.10225911618071325,0.10254764523060947,0.10463870611673833,0.0
5.383000000000132,1000.0,1000.0034319247061,0.10227484614179602,0.1025601463697035,0.10463962492904108,0.0
5.384000000000133,1000.0,1000.0033962638834,0.10229039804326015,0.10257250556273016,0.10464053333549872,0.0
5.385000000000133,1000.0,1000.003361007193,0.102305773898498,0.10258472441943856,0.10464143145385651,0.0
5.386000000000133,1000.0,1000.0033261500574,0.10232097569808817,0.10259680453127888,0.10464231940044072,0.0
5.387000000000134,1000.0,1000.0032916879514,0.10233600541022769,0.10260874747177214,0.10464319729033984,0.0
5.388000000000134,1000.0,1000.0032576164011,0.10235086498093307,0.102620554796663,0.10464406523736934,0.0
5.389000000000134,1000.0,1000.0032239309828,0.10236555633414157,0.1026322280439801,0.10464492335394421,0.0
5.390000000000135,1000.0,1000.0031906273227,0.10238008137219283,0.10264376873446257,0.10464577175132449,0.0
5.391000000000135,1000.0,1000.0031577010976,0.10239444197596358,0.10265517837163943,0.10464661053951163,0.0
5.392000000000135,1000.0,1000.0031251480319,0.10240864000495563,0.10266645844189151,0.10464743982712915,0.0
5.393000000000136,1000.0,1000.0030929638993,0.10242267729784557,0.1026776104149318,0.10464825972172868,0.0
5.394000000000136,1000.0,1000.0030611445205,0.1024365556724492,0.10268863574373868,0.10464907032954454,0.0
5.395000000000136,1000.0,1000.0030296857642,0.1024502769261545,0.10269953586493193,0.10464987175569809,0.0
5.396000000000137,1000.0,1000.0029985835457,0.10246384283600748,0.10271031219881993,0.10465066410407182,0.0
5.397000000000137,1000.0,1000.0029678338262,0.10247725515894374,0.10272096614958526,0.1046514474773248,0.0
5.398000000000137,1000.0,1000.0029374326125,0.10249051563214477,0.10273149910559827,0.10465222197703991,0.0
5.399000000000138,1000.0,1000.0029073759574,0.10250362597320188,0.10274191243952914,0.10465298770366901,0.0
5.400000000000138,1000.0,1000.0028776599577,0.10251658788023664,0.10275220750843456,0.10465374475645448,0.0
5.401000000000138,1000.0,1000.0028482807543,0.10252940303223877,0.10276238565404841,0.10465449323355863,0.0
5.402000000000139,1000.0,1000.002819234532,0.10254207308922783,0.10277244820289794,0.10465523323201874,0.0
5.403000000000139,1000.0,1000.0027905175191,0.10255459969251839,0.10278239646653392,0.10465596484781901,0.0
5.404000000000139,1000.0,1000.0027621259858,0.10256698446480488,0.10279223174156744,0.10465668817576904,0.0
5.40500000000014,1000.0,1000.0027340562453,0.10257922901055379,0.1028019553100241,0.10465740330970437,0.0
5.40600000000014,1000.0,1000.002706304652,0.10259133491604533,0.1028115684393478,0.1046581103423356,0.0
5.40700000000014,1000.0,1000.0026788676017,0.10260330374971778,0.1028210723826966,0.10465880936539346,0.0
5.408000000000141,1000.0,1000.0026517415313,0.10261513706218427,0.10283046837893169,0.10465950046946579,0.0
5.409000000000141,1000.0,1000.0026249229172,0.10262683638664831,0.10283975765297858,0.10466018374421274,0.0
5.410000000000141,1000.0,1000.002598408277,0.10263840323899777,0.10284894141589548,0.10466085927828701,0.0
5.411000000000142,1000.0,1000.0025721941665,0.10264983911789133,0.10285802086491713,0.1046615271592319,0.0
5.412000000000142,1000.0,1000.0025462771808,0.10266114550515397,0.10286699718381281,0.1046621874736975,0.0
5.413000000000142,1000.0,1000.0025206539539,0.10267232386588598,0.10287587154294937,0.10466284030736103,0.0
5.414000000000143,1000.0,1000.0024953211578,0.1026833756485836,0.1028846450993903,0.10466348574488513,0.0
5.415000000000143,1000.0,1000.0024702755014,0.10269430228539135,0.10289331899709789,0.10466412386998189,0.0
5.416000000000143,1000.0,1000.0024455137324,0.10270510519231209,0.10290189436711217,0.10466475476545456,0.0
5.417000000000144,1000.0,1000.0024210326338,0.10271578576930353,0.10291037232761481,0.10466537851312552,0.0
5.418000000000144,1000.0,1000.0023968290259,0.10272634540050121,0.102918753984112,0.10466599519388495,0.0
5.419000000000144,1000.0,1000.0023728997646,0.10273678545448814,0.10292704042966513,0.10466660488779025,0.0
5.420000000000145,1000.0,1000.0023492417415,0.10274710728428155,0.10293523274485802,0.10466720767389973,0.0
5.421000000000145,1000.0,1000.0023258518839,0.10275731222766363,0.10294333199807283,0.10466780363042105,0.0
5.422000000000145,1000.0,1000.0023027271529,0.10276740160724046,0.10295133924553175,0.10466839283462306,0.0
5.423000000000146,1000.0,1000.0022798645444,0.10277737673077926,0.1029592555315901,0.10466897536300404,0.0
5.424000000000146,1000.0,1000.0022572610889,0.10278723889122596,0.1029670818887292,0.10466955129115776,0.0
5.425000000000146,1000.0,1000.0022349138496,0.10279698936686925,0.10297481933767805,0.10467012069377102,0.0
5.426000000000147,1000.0,1000.0022128199237,0.10280662942161863,0.10298246888766882,0.10467068364475787,0.0
5.427000000000147,1000.0,1000.0021909764407,0.10281616030505517,0.10299003153644826,0.1046712402171488,0.0
5.428000000000147,1000.0,1000.0021693805633,0.10282558325265612,0.1029975082704731,0.10467179048316688,0.0
5.429000000000148,1000.0,1000.0021480294853,0.10283489948587458,0.10300490006495833,0.10467233451415656,0.0
5.430000000000148,1000.0,1000.0021269204333,0.10284411021248267,0.10301220788419009,0.10467287238078177,0.0
5.431000000000148,1000.0,1000.0021060506646,0.10285321662647746,0.10301943268139968,0.10467340415278129,0.0
5.432000000000149,1000.0,1000.0020854174675,0.10286221990847086,0.10302657539912394,0.10467392989921694,0.0
5.433000000000149,1000.0,1000.0020650181619,0.10287112122573507,0.10303363696921801,0.1046744496883723,0.0
5.434000000000149,1000.0,1000.0020448500974,0.10287992173221912,0.1030406183128476,0.10467496358763145,0.0
5.43500000000015,1000.0,1000.0020249106535,0.1028886225688789,0.10304752034078452,0.10467547166366571,0.0
5.43600000000015,1000.0,1000.0020051972392,0.1028972248638293,0.10305434395353201,0.10467597398244961,0.0
5.43700000000015,1000.0,1000.001985707294,0.10290572973242992,0.10306109004138135,0.10467647060920875,0.0
5.438000000000151,1000.0,1000.001966438285,0.10291413827733471,0.10306775948443168,0.10467696160833129,0.0
5.439000000000151,1000.0,1000.0019473877089,0.10292245158882218,0.10307435315289473,0.10467744704356924,0.0
5.440000000000151,1000.0,1000.0019285530902,0.10293067074477963,0.10308087190705587,0.10467792697789313,0.0
5.441000000000152,1000.0,1000.0019099319815,0.10293879681100901,0.10308731659753799,0.10467840147365401,0.0
5.442000000000152,1000.0,1000.0018915219637,0.10294683084120149,0.10309368806526112,0.10467887059243941,0.0
5.443000000000152,1000.0,1000.0018733206442,0.10295477387711417,0.10309998714158812,0.10467933439511812,0.0
5.444000000000153,1000.0,1000.001855325658,0.1029626269487539,0.10310621464848643,0.10467979294190254,0.0
5.445000000000153,1000.0,1000.0018375346672,0.10297039107451858,0.10311237139863648,0.10468024629235834,0.0
5.446000000000153,1000.0,1000.0018199453597,0.10297806726122058,0.10311845819543144,0.10468069450530529,0.0
5.447000000000154,1000.0,1000.0018025554499,0.10298565650432749,0.10312447583319326,0.10468113763893785,0.0
5.448000000000154,1000.0,1000.0017853626784,0.10299315978802935,0.10313042509721729,0.10468157575077372,0.0
5.449000000000154,1000.0,1000.0017683648109,0.10300057808538574,0.10313630676388902,0.10468200889767593,0.0
5.450000000000155,1000.0,1000.0017515596386,0.10300791235845795,0.10314212160079371,0.10468243713586957,0.0
5.451000000000155,1000.0,1000.0017349449778,0.1030151635584333,0.10314787036681738,0.10468286052095006,0.0
5.452000000000155,1000.0,1000.0017185186696,0.10302233262574378,0.10315355381223681,0.10468327910788211,0.0
5.453000000000156,1000.0,1000.0017022785786,0.10302942049014359,0.1031591726787822,0.10468369295097135,0.0
5.454000000000156,1000.0,1000.0016862225951,0.10303642807100846,0.1031647276998976,0.10468410210403742,0.0
5.455000000000156,1000.0,1000.001670348632,0.10304335627719173,0.10317021960059132,0.10468450662017349,0.0
5.456000000000157,1000.0,1000.001654654627,0.10305020600735565,0.10317564909773141,0.10468490655195652,0.0
5.457000000000157,1000.0,1000.0016391385403,0.10305697814987015,0.10318101689992615,0.1046853019512394,0.0
5.458000000000157,1000.0,1000.0016237983557,0.10306367358313266,0.10318632370782087,0.10468569286936436,0.0
5.459000000000158,1000.0,1000.0016086320794,0.10307029317560448,0.10319157021410953,0.10468607935708951,0.0
5.460000000000158,1000.0,1000.0015936377404,0.10307683778590059,0.10319675710361012,0.10468646146458067,0.0
5.461000000000158,1000.0,1000.0015788133902,0.10308330826298681,0.10320188505342603,0.10468683924149094,0.0
5.462000000000159,1000.0,1000.0015641571018,0.10308970544615341,0.1032069547329133,0.10468721273684523,0.0
5.463000000000159,1000.0,1000.001549666971,0.10309603016528882,0.10321196680391936,0.10468758199919992,0.0
5.464000000000159,1000.0,1000.0015353411139,0.10310228324078693,0.10321692192068142,0.10468794707645956,0.0
5.46500000000016,1000.0,1000.0015211776691,0.10310846548382412,0.10322182073007034,0.10468830801604374,0.0
5.46600000000016,1000.0,1000.0015071747961,0.10311457769639572,0.10322666387161872,0.10468866486483651,0.0
5.46700000000016,1000.0,1000.0014933306743,0.10312062067139255,0.1032314519775663,0.10468901766915431,0.0
5.468000000000161,1000.0,1000.0014796435046,0.10312659519278569,0.10323618567302903,0.10468936647484,0.0
5.469000000000161,1000.0,1000.0014661115082,0.1031325020356568,0.10324086557601178,0.10468971132719923,0.0
5.470000000000161,1000.0,1000.0014527329262,0.1031383419663199,0.10324549229750393,0.10469005227102196,0.0
5.471000000000162,1000.0,1000.0014395060199,0.1031441157424062,0.10325006644155547,0.10469038935058483,0.0
5.472000000000162,1000.0,1000.0014264290706,0.1031498241129652,0.10325458860534126,0.1046907226096424,0.0
5.473000000000162,1000.0,1000.001413500378,0.10315546781853102,0.10325905937922944,0.10469105209142375,0.0
5.474000000000163,1000.0,1000.001400718262,0.10316104759137334,0.10326347934699358,0.10469137783877447,0.0
5.475000000000163,1000.0,1000.0013880810607,0.1031665641554138,0.10326784908572535,0.10469169989399758,0.0
5.476000000000163,1000.0,1000.001375587132,0.10317201822641597,0.10327216916599422,0.10469201829894445,0.0
5.477000000000164,1000.0,1000.0013632348517,0.10317741051201423,0.10327644015186674,0.10469233309496476,0.0
5.478000000000164,1000.0,1000.0013510226147,0.1031827417118543,0.10328066260102524,0.10469264432295758,0.0
5.479000000000164,1000.0,1000.0013389488333,0.1031880125176439,0.10328483706480325,0.10469295202333928,0.0
5.480000000000165,1000.0,1000.0013270119384,0.10319322361323748,0.1032889640882473,0.1046932562360387,0.0
5.481000000000165,1000.0,1000.0013152103782,0.10319837567477178,0.10329304421023953,0.10469355700055462,0.0
5.482000000000165,1000.0,1000.0013035426182,0.10320346937081483,0.10329707796362819,0.10469385435602185,0.0
5.483000000000166,1000.0,1000.0012920071428,0.10320850536235021,0.103301065875191,0.10469414834110913,0.0
5.484000000000166,1000.0,1000.001280602452,0.10321348430273324,0.10330500846558292,0.10469443899390246,0.0
5.485000000000166,1000.0,1000.0012693270634,0.10321840683801159,0.10330890624963432,0.10469472635214255,0.0
5.486000000000167,1000.0,1000.0012581795113,0.10322327360697163,0.10331275973637534,0.10469501045318677,0.0
5.487000000000167,1000.0,1000.0012471583468,0.1032280852411389,0.10331656942903175,0.10469529133394284,0.0
5.488000000000167,1000.0,1000.001236262137,0.10323284236490626,0.1033203358251313,0.10469556903091477,0.0
5.489000000000168,1000.0,1000.0012254894656,0.10323754559557793,0.10332405941652711,0.10469584358016623,0.0
5.490000000000168,1000.0,1000.0012148389324,0.10324219554349667,0.10332774068951664,0.10469611501738033,0.0
5.491000000000168,1000.0,1000.0012043091527,0.10324679281207479,0.10333138012485477,0.10469638337781365,0.0
5.492000000000169,1000.0,1000.001193898758,0.103251337997893,0.103334978197832,0.10469664869631662,0.0
5.493000000000169,1000.0,1000.0011836063946,0.1032558316907937,0.10333853537836188,0.10469691100736397,0.0
5.494000000000169,1000.0,1000.0011734307249,0.10326027447393933,0.10334205213101473,0.10469717034503126,0.0
5.49500000000017,1000.0,1000.0011633704261,0.1032646669239107,0.10334552891510623,0.10469742674302779,0.0
5.49600000000017,1000.0,1000.0011534241899,0.10326900961071013,0.10334896618468947,0.1046976802346326,0.0
5.49700000000017,1000.0,1000.0011435907235,0.1032733030979828,0.1033523643887484,0.10469793085283433,0.0
5.498000000000171,1000.0,1000.0011338687493,0.10327754794293306,0.10335572397111004,0.10469817863018813,0.0
5.499000000000171,1000.0,1000.0011242570027,0.10328174469637434,0.10335904537048603,0.10469842359880292,0.0
5.500000000000171,1000.0,994.5610599955265,7.8936309802321825,7.769731220750453,7.847891107833098,18.0
5.501000000000172,1000.0,991.8493093597716,13.27630050540582,13.083225681531212,13.215425850816592,18.0
5.502000000000172,1000.0,990.9456600910509,16.794233564160244,16.56369329730042,16.73229328646142,18.0
5.503000000000172,1000.0,991.1409875473385,18.879145230019247,18.634981786068703,18.826333731166088,18.0
5.504000000000173,1000.0,991.8906332839049,19.864265545992936,19.624326895932324,19.827714695161198,18.0
5.505000000000173,1000.0,992.7741148596566,19.999999999999996,19.777685281218126,19.984528117690807,18.0
5.506000000000173,1000.0,993.6768012417508,19.999999999999996,19.795384497674164,20.00423766177712,18.0
5.507000000000174,1000.0,994.588388169221,19.999999999999996,19.81129877040851,20.022107431303205,18.0
5.508000000000174,1000.0,995.5080810092965,19.999999999976673,19.825696585065412,20.03840952413988,18.0
5.509000000000174,1000.0,996.3892630387953,19.886531825870122,19.7274184838198,19.940763541539248,18.0
5.510000000000175,1000.0,997.1804078407658,19.666761382518047,19.523521376389564,19.736259091485447,18.0
5.511000000000175,1000.0,997.8556607999607,19.402833365392233,19.275078045395986,19.486610067972595,18.0
5.512000000000175,1000.0,998.4095586988454,19.134396556618498,19.02113503183911,19.23128782446512,18.0
5.513000000000176,1000.0,998.8488865614627,18.884802730959223,18.78472932588941,18.993591391886184,18.0
5.514000000000176,1000.0,999.1869515467753,18.66604263080779,18.577733772475334,18.785538284673045,18.0
5.515000000000176,1000.0,999.4397321945927,18.48254251108975,18.40458450438079,18.611628420916496,18.0
5.516000000000177,1000.0,999.623431361129,18.333986592171534,18.265052440016625,18.471643815140723,18.0
5.517000000000177,1000.0,999.7530435618411,18.21734200326591,18.15623203869796,18.362658273191848,18.0
5.518000000000177,1000.0,999.8416274338899,18.12825459750486,18.073912503978082,18.2804235062696,18.0
5.519000000000178,1000.0,999.9000459909763,18.061965260732396,18.013478246888088,18.220279715316178,18.0
5.520000000000178,1000.0,999.9369986692413,18.013873040361144,17.970462579260627,18.177715754085888,18.0
5.521000000000178,1000.0,999.9592192367859,17.979847446279088,17.940855091821245,18.148680303227486,18.0
5.522000000000179,1000.0,999.9717530423935,17.95636990764312,17.92124122697521,18.129723362897295,18.0
5.523000000000179,1000.0,999.9782570369683,17.940564792693827,17.90883334708209,18.118027987798023,18.0
5.524000000000179,1000.0,999.9812880094447,17.930164064880547,17.901436569803668,18.111376004139473,18.0
5.52500000000018,1000.0,999.9825600637793,17.92343654776425,17.89737978416379,18.10807845999681,18.0
5.52600000000018,1000.0,999.9831629416669,17.919102628181815,17.89543230491823,18.106891500404224,18.0
5.52700000000018,1000.0,999.9837396019371,17.916247636650542,17.894719171383464,18.106930827004508,18.0
5.528000000000181,1000.0,999.9846255294646,17.91424165928567,17.89464271197465,18.107592457844433,18.0
5.529000000000181,1000.0,999.9859543855787,17.912669723313616,17.894814252334918,18.108483717222953,18.0
5.530000000000181,1000.0,999.9877354629136,17.911273769120996,17.894997360985926,18.109365872642197,18.0
5.531000000000182,1000.0,999.9899084440436,17.9099062440062,17.895062476430276,18.11010826719343,18.0
5.532000000000182,1000.0,999.9923805263693,17.90849425564564,17.89495187787878,18.110652902703176,18.0
5.533000000000182,1000.0,999.9950503020008,17.90701279378175,17.894653539231943,18.110988000442447,18.0
5.534000000000183,1000.0,999.9978220270597,17.905465404872455,17.894182283681516,18.111128941518842,18.0
5.535000000000183,1000.0,1000.0006131767819,17.903870767482356,17.893566717559484,18.111105050183127,18.0
5.536000000000183,1000.0,1000.003357515661,17.902253781826744,17.892840584160275,18.11095084656378,18.0
5.537000000000184,1000.0,1000.006005341193,17.90063999792796,17.892037385053914,18.11070060399715,18.0
5.538000000000184,1000.0,1000.0085220923615,17.89905242654072,17.89118733177965,18.11038526359537,18.0
5.539000000000184,1000.0,1000.0108861450838,17.897509983383245,17.890315893180414,18.110030963135294,18.0
5.540000000000185,1000.0,1000.0130863355271,17.896026998717403,17.88944338164672,18.109658617239234,18.0
5.541000000000185,1000.0,1000.0151195448947,17.894613376349277,17.888585170651968,18.10928413654538,18.0
5.5420000000001854,1000.0,1000.0169885319307,17.89327510847237,17.88775225597207,18.108918994902275,18.0
5.543000000000186,1000.0,1000.0187000989431,17.892014947801194,17.886951966192303,18.108570947879784,18.0
5.544000000000186,1000.0,1000.0202636121152,17.890833109789536,17.886188698085338,18.10824477667078,18.0
5.5450000000001864,1000.0,1000.0216898576971,17.889727929457848,17.885464603180672,18.10794298278371,18.0
5.546000000000187,1000.0,1000.0229901946857,17.888696433459412,17.88478018725099,18.10766639475079,18.0
5.547000000000187,1000.0,1000.0241759558355,17.887734812096642,17.884134808049332,18.107414671969487,18.0
5.5480000000001874,1000.0,1000.0252580478798,17.88683879113446,17.883527071460488,18.10718670580787,18.0
5.549000000000188,1000.0,1000.0262467054262,17.88600391197573,17.882955134763254,18.10698092674673,18.0
5.550000000000188,1000.0,1000.0271513589315,17.88522573305022,17.882416929884208,18.106795530572526,18.0
5.5510000000001885,1000.0,1000.0279805839116,17.884499966646487,17.881910320855443,18.106628637988827,18.0
5.552000000000189,1000.0,1000.0287421052542,17.883822565001807,17.881433209260955,18.10647840158624,18.0
5.553000000000189,1000.0,1000.029442836565,17.883189768049963,17.88098360004898,18.106343072690507,18.0
5.5540000000001895,1000.0,1000.0300889397083,17.8825981233611,17.880559638238022,18.10622103873941,18.0
5.55500000000019,1000.0,1000.030685893981,17.882044486834758,17.880159625091153,18.10611083986478,18.0
5.55600000000019,1000.0,1000.0312385677368,17.881526010834612,17.87978202047959,18.106011171481278,18.0
5.5570000000001905,1000.0,1000.0317512878647,17.881040124807644,17.879425436526972,18.10592087803539,18.0
5.558000000000191,1000.0,1000.0322279044105,17.880584512044482,17.879088626251917,18.105838941678094,18.0
5.559000000000191,1000.0,1000.0326718489786,17.880157085118764,17.878770469816313,18.105764468501484,18.0
5.5600000000001915,1000.0,1000.0330861864544,17.879755961680864,17.878469960129134,18.105696674111556,18.0
5.561000000000192,1000.0,1000.0334736601724,17.879379441630366,17.878186188906547,18.105634869652647,18.0
5.562000000000192,1000.0,1000.033836730992,17.87902598622572,17.877918333822514,18.105578448926494,18.0
5.5630000000001925,1000.0,1000.0341776109182,17.878694199360737,17.877665647053345,18.105526876914137,18.0
5.564000000000193,1000.0,1000.0344982919604,17.878382811030022,17.877427445308115,18.105479679794662,18.0
5.565000000000193,1000.0,1000.0348005709202,17.878090662868694,17.87720310129611,18.10543643641209,18.0
5.5660000000001935,1000.0,1000.0350860707313,17.8778166955839,17.8769920365095,18.105396771067866,18.0
5.567000000000194,1000.0,1000.035356258919,17.877559938062088,17.87679371516131,18.10536034747768,18.0
5.568000000000194,1000.0,1000.0356124636508,17.87731949793237,17.876607639109764,18.105326863722034,18.0
5.5690000000001945,1000.0,1000.0358558877822,17.877094553377162,17.87643334360665,18.105296048026766,18.0
5.570000000000195,1000.0,1000.0360876212276,17.876884346000992,17.876270393722223,18.105267655224615,18.0
5.571000000000195,1000.0,1000.0363086519204,17.876688174595053,17.87611838132203,18.10524146377191,18.0
5.5720000000001955,1000.0,1000.0365198755832,17.87650538965449,17.87597692248645,18.105217273210286,18.0
5.573000000000196,1000.0,1000.0367221044726,17.876335388532947,17.8758456552881,18.10519490198763,18.0
5.574000000000196,1000.0,1000.036916075248,17.876177611139227,17.875724237859046,18.105174185569734,18.0
5.5750000000001965,1000.0,1000.0371024560652,17.876031536093162,17.875612346689973,18.10515497478417,18.0
5.576000000000197,1000.0,1000.037281852996,17.87589667728008,17.875509675122363,18.105137134357264,18.0
5.577000000000197,1000.0,1000.0374548158397,17.875772580749274,17.87541593199929,18.105120541609395,18.0
5.5780000000001975,1000.0,1000.0376218433964,17.87565882191403,17.87533084045018,18.10510508528396,18.0
5.579000000000198,1000.0,1000.0377833882491,17.87555500301879,17.875254136791302,18.105090664491524,18.0
5.580000000000198,1000.0,1000.0379398611101,17.8754607508429,17.875185569525915,18.105077187753103,18.0
5.5810000000001985,1000.0,1000.0380916347598,17.87537571461618,17.875124898432475,18.105064572130956,18.0
5.582000000000199,1000.0,1000.0382390476254,17.875299564126543,17.875071893733068,18.105052742439025,18.0
5.583000000000199,1000.0,1000.0383824070268,17.875231987999275,17.875026335332134,18.105041630523033,18.0
5.5840000000001995,1000.0,1000.0385219921199,17.87517269213393,17.874988012121396,18.10503117460627,18.0
5.5850000000002,1000.0,1000.0386580565636,17.875121398281614,17.8749567213423,18.10502131869228,18.0
5.5860000000002,1000.0,1000.0387908309378,17.87507784275376,17.874932268005058,18.10501201202362,18.0
5.5870000000002005,1000.0,1000.0389205249345,17.87504177524674,17.87491446435577,18.105003208588123,18.0
5.588000000000201,1000.0,1000.0390473293371,17.875012957773727,17.874903129389523,18.10499486667061,18.0
5.589000000000201,1000.0,1000.0391714178187,17.874991163694666,17.87489808840616,18.104986948446715,18.0
5.5900000000002015,1000.0,1000.0392929485625,17.874976176833524,17.874899172603108,18.10497941961334,18.0
5.591000000000202,1000.0,1000.0394120657342,17.874967790677,17.874906218704425,18.10497224905465,18.0
5.592000000000202,1000.0,1000.0395289008086,17.874965807645257,17.87491906862072,18.104965408538558,18.0
5.5930000000002025,1000.0,1000.039643573773,17.874970038429836,17.87493756913922,18.104958872442804,18.0
5.594000000000203,1000.0,1000.0397561942145,17.874980301391023,17.87496157163968,18.104952617506353,18.0
5.595000000000203,1000.0,1000.0398668623029,17.87499642200991,17.874990931834613,18.104946622604658,18.0
5.5960000000002035,1000.0,1000.03997566968,17.875018232389856,17.87502550953154,18.104940868546375,18.0
5.597000000000204,1000.0,1000.0400827002642,17.87504557080301,17.87506516841533,18.10493533788976,18.0
5.598000000000204,1000.0,1000.0401880309779,17.875078281276743,17.875109775848102,18.104930014776063,18.0
5.5990000000002045,1000.0,1000.0402917324043,17.875116213217126,17.875159202685794,18.104924884779138,18.0
5.600000000000205,1000.0,1000.0403938693843,17.87515922106629,17.875213323110245,18.104919934770102,18.0
5.601000000000205,1000.0,1000.0404945015529,17.875207163988524,17.875272014473374,18.104915152793573,18.0
5.6020000000002055,1000.0,1000.0405936838264,17.875259905584894,17.875335157154918,18.10491052795705,18.0
5.603000000000206,1000.0,1000.0406914668434,17.87531731363219,17.87540263443081,18.104906050330385,18.0
5.604000000000206,1000.0,1000.0407878973625,17.875379259843907,17.875474332351327,18.104901710854648,18.0
5.6050000000002065,1000.0,1000.0408830186232,17.87544561965187,17.875550139628782,18.104897501260027,18.0
5.606000000000207,1000.0,1000.0409768706699,17.875516272006074,17.87562994753334,18.104893413991437,18.0
5.607000000000207,1000.0,1000.0410694906495,17.87559109919152,17.875713649796744,18.10488944214155,18.0
5.6080000000002075,1000.0,1000.0411609130772,17.875669986659556,17.87580114252227,18.104885579389645,18.0
5.609000000000208,1000.0,1000.0412511700769,17.875752822872936,17.875892324101056,18.10488181994638,18.0
5.610000000000208,1000.0,1000.0413402916012,17.87583949916445,17.87598709513514,18.10487815850488,18.0
5.6110000000002085,1000.0,1000.041428305628,17.875929909604935,17.87608535836389,18.104874590194733,18.0
5.612000000000209,1000.0,1000.0415152383404,17.876023950883052,17.87618701859662,18.104871110541815,18.0
5.613000000000209,1000.0,1000.0416011142871,17.87612152219345,17.876291982648656,18.104867715431105,18.0
5.6140000000002095,1000.0,1000.0416859565308,17.876222525134228,17.876400159282138,18.104864401073865,18.0
5.61500000000021,1000.0,1000.0417697867796,17.87632686361088,17.8765114591493,18.10486116397687,18.0
5.61600000000021,1000.0,1000.0418526255067,17.876434443748284,17.876625794740026,18.10485800091556,18.0
5.6170000000002105,1000.0,1000.0419344920607,17.87654517380802,17.87674308033145,18.10485490890875,18.0
5.618000000000211,1000.0,1000.0420154047624,17.87665896411289,17.876863231941705,18.10485188519727,18.0
5.619000000000211,1000.0,1000.0420953809952,17.87677572697476,17.876986167284276,18.10484892722264,18.0
5.6200000000002115,1000.0,1000.0421744372846,17.87689537662862,17.877111805726123,18.10484603260931,18.0
5.621000000000212,1000.0,1000.0422525893713,17.87701782917052,17.877240068247378,18.104843199147965,18.0
5.622000000000212,1000.0,1000.042329852279,17.877143002499576,17.877370877403155,18.104840424780722,18.0
5.6230000000002125,1000.0,1000.0424062403722,17.87727081626345,17.877504157286953,18.104837707587414,18.0
5.624000000000213,1000.0,1000.0424817674121,17.87740119180684,17.877639833495472,18.10483504577308,18.0
5.625000000000213,1000.0,1000.0425564466052,17.877534052123526,17.8777778330954,18.104832437656956,18.0
5.6260000000002135,1000.0,1000.0426302906475,17.877669321811304,17.877918084591823,18.104829881662837,18.0
5.627000000000214,1000.0,1000.0427033117663,17.877806927028423,17.878060517896824,18.10482737630925,18.0
5.628000000000214,1000.0,1000.0427755217548,17.877946795453457,17.878205064300477,18.10482492020168,18.0
5.6290000000002145,1000.0,1000.0428469320079,17.878088856246293,17.878351656441914,18.104822512024597,18.0
5.630000000000215,1000.0,1000.0429175535497,17.878233040012166,17.878500228282526,18.104820150535247,18.0
5.631000000000215,1000.0,1000.0429873970631,17.878379278766527,17.878650715079193,18.104817834557142,18.0
5.6320000000002155,1000.0,1000.0430564729126,17.878527505901864,17.87880305335869,18.104815562974494,18.0
5.633000000000216,1000.0,1000.0431247911687,17.87867765615629,17.878957180893234,18.104813334727407,18.0
5.634000000000216,1000.0,1000.0431923616279,17.878829665583254,17.87911303667648,18.104811148807222,18.0
5.6350000000002165,1000.0,1000.0432591938303,17.878983471522027,17.87927056089978,18.10480900425189,18.0
5.636000000000217,1000.0,1000.0433252970772,17.87913901257074,17.879429694930497,18.104806900143046,18.0
5.637000000000217,1000.0,1000.0433906804474,17.879296228559173,17.879590381289567,18.10480483560204,18.0
5.6380000000002175,1000.0,1000.0434553528096,17.8794550605228,17.879752563629975,18.10480280978665,18.0
5.639000000000218,1000.0,1000.043519322836,17.879615450678784,17.879916186716724,18.104800821888965,18.0
5.640000000000218,1000.0,1000.043582599014,17.879777342401475,17.880081196406067,18.104798871132278,18.0
5.6410000000002185,1000.0,1000.0436451896564,17.879940680199375,17.88024753962581,18.104796956768745,18.0
5.642000000000219,1000.0,1000.0437071029112,17.88010540969334,17.880415164356616,18.10479507807782,18.0
5.643000000000219,1000.0,1000.0437683467702,17.880271477594246,17.880584019612535,18.10479323436366,18.0
5.6440000000002195,1000.0,1000.0438289290778,17.88043883168277,17.88075405542337,18.104791424954023,18.0
5.64500000000022,1000.0,1000.0438888575369,17.880607420788273,17.880925222816007,18.10478964919799,18.0
5.64600000000022,1000.0,1000.0439481397176,17.880777194769834,17.881097473797634,18.104787906465234,18.0
5.6470000000002205,1000.0,1000.0440067830617,17.880948104496472,17.881270761338044,18.10478619614417,18.0
5.648000000000221,1000.0,1000.0440647948883,17.8811201018285,17.881445039352865,18.104784517640784,18.0
5.649000000000221,1000.0,1000.0441221824007,17.881293139599947,17.881620262687726,18.10478287037816,18.0
5.6500000000002215,1000.0,1000.0441789526886,17.881467171600047,17.881796387101407,18.10478125379473,18.0
5.651000000000222,1000.0,1000.0442351127355,17.881642152556346,17.88197336925041,18.10477966734375,18.0
5.652000000000222,1000.0,1000.0442906694198,17.881818038117725,17.88215116667344,18.104778110492415,18.0
5.6530000000002225,1000.0,1000.0443456295203,17.881994784837957,17.882329737776224,18.104776582721122,18.0
5.654000000000223,1000.0,1000.0443999997195,17.882172350159436,17.882509041816462,18.10477508352264,18.0
5.655000000000223,1000.0,1000.0444537866059,17.882350692397626,17.88268903888946,18.1047736124017,18.0
5.6560000000002235,1000.0,1000.0445069966778,17.882529770725345,17.882869689913424,18.1047721688741,18.0
5.657000000000224,1000.0,1000.0445596363451,17.882709545157777,17.883050956615513,18.104770752466294,18.0
5.658000000000224,1000.0,1000.0446117119326,17.88288997653797,17.883232801518282,18.104769362715196,18.0
5.6590000000002245,1000.0,1000.0446632296824,17.883071026522234,17.883415187925902,18.104767999167564,18.0
5.660000000000225,1000.0,1000.0447141957555,17.88325265756543,17.883598079910378,18.104766661379116,18.0
5.661000000000225,1000.0,1000.0447646162348,17.88343483290767,17.88378144229897,18.104765348914754,18.0
5.6620000000002255,1000.0,1000.0448144971251,17.883617516560633,17.88396524066126,18.104764061348135,18.0
5.663000000000226,1000.0,1000.0448638443571,17.88380067329365,17.88414944129599,18.104762798260875,18.0
5.664000000000226,1000.0,1000.0449126637884,17.883984268621226,17.88433401121921,18.10476155924288,18.0
5.6650000000002265,1000.0,1000.044960961204,17.88416826878956,17.884518918151446,18.104760343891463,18.0
5.666000000000227,1000.0,1000.045008742319,17.884352640764245,17.88470413050605,18.10475915181148,18.0
5.667000000000227,1000.0,1000.0450560127796,17.884537352217905,17.88488961737736,18.104757982615137,18.0
5.6680000000002275,1000.0,1000.0451027781648,17.88472237151763,17.885075348528726,18.104756835921403,18.0
5.669000000000228,1000.0,1000.0451490439868,17.88490766771331,17.88526129438138,18.104755711356162,18.0
5.670000000000228,1000.0,1000.0451948156928,17.885093210525568,17.88544742600286,18.104754608551684,18.0
5.6710000000002285,1000.0,1000.0452400986662,17.885278970334287,17.885633715096052,18.104753527146606,18.0
5.672000000000229,1000.0,1000.0452848982279,17.885464918167447,17.885820133988485,18.10475246678594,18.0
5.673000000000229,1000.0,1000.0453292196368,17.885651025689594,17.886006655621276,18.10475142712059,18.0
5.6740000000002295,1000.0,1000.0453730680907,17.88583726519099,17.88619325353869,18.104750407807344,18.0
5.67500000000023,1000.0,1000.0454164487279,17.886023609576714,17.8863799018777,18.104749408508656,18.0
5.67600000000023,1000.0,1000.0454593666279,17.886210032356328,17.88656657535803,18.104748428892773,18.0
5.6770000000002305,1000.0,1000.0455018268117,17.886396507632973,17.886753249271692,18.1047474686332,18.0
5.678000000000231,1000.0,1000.0455438342434,17.886583010093396,17.886939899473358,18.1047465274089,18.0
5.679000000000231,1000.0,1000.0455853938313,17.88676951499774,17.887126502370563,18.10474560490401,18.0
5.6800000000002315,1000.0,1000.0456265104274,17.88695599816951,17.887313034913998,18.104744700807732,18.0
5.681000000000232,1000.0,1000.0456671888292,17.887142435985893,17.887499474588243,18.104743814814306,18.0
5.682000000000232,1000.0,1000.0457074337803,17.88732880536831,17.887685799402583,18.104742946623062,18.0
5.6830000000002325,1000.0,1000.0457472499708,17.887515083772275,17.887871987881287,18.10474209593769,18.0
5.684000000000233,1000.0,1000.0457866420381,17.887701249178832,17.888058019055325,18.104741262466867,18.0
5.685000000000233,1000.0,1000.0458256145688,17.88788728008529,17.888243872453426,18.104740445924122,18.0
5.6860000000002335,1000.0,1000.0458641720973,17.888073155495697,17.888429528092885,18.104739646027184,18.0
5.687000000000234,1000.0,1000.0459023191072,17.888258854911943,17.888614966470982,18.10473886249795,18.0
5.688000000000234,1000.0,1000.0459400600331,17.888444358326026,17.888800168557488,18.10473809506332,18.0
5.6890000000002345,1000.0,1000.0459773992595,17.88862964621034,17.88898511578533,18.104737343454097,18.0
5.690000000000235,1000.0,1000.0460143411229,17.88881469950987,17.889169790042995,18.10473660740546,18.0
5.691000000000235,1000.0,1000.0460508899114,17.888999499633368,17.88935417366605,18.104735886656492,18.0
5.6920000000002355,1000.0,1000.0460870498653,17.889184028445744,17.88953824942975,18.10473518095061,18.0
5.693000000000236,1000.0,1000.0461228251788,17.889368268259556,17.889722000540864,18.104734490035096,18.0
5.694000000000236,1000.0,1000.0461582199991,17.889552201827264,17.889905410630146,18.104733813661205,18.0
5.6950000000002365,1000.0,1000.046193238428,17.889735812333285,17.890088463744632,18.104733151583897,18.0
5.696000000000237,1000.0,1000.046227884522,17.889919083386634,17.890271144340623,18.104732503562225,18.0
5.697000000000237,1000.0,1000.0462621622919,17.890101999012934,17.890453437275838,18.10473186935871,18.0
5.6980000000002375,1000.0,1000.0462960757061,17.890284543647418,17.890635327802734,18.104731248739796,18.0
5.699000000000238,1000.0,1000.0463296286881,17.89046670212711,17.890816801560916,18.10473064147527,18.0
5.700000000000238,1000.0,1000.0463628251188,17.890648459684215,17.890997844570727,18.104730047338798,18.0
5.7010000000002385,1000.0,1000.0463956688359,17.89082980193842,17.891178443225837,18.10472946610728,18.0
5.702000000000239,1000.0,1000.0464281636356,17.891010714890438,17.891358584286966,18.104728897561266,18.0
5.703000000000239,1000.0,1000.0464603132717,17.891191184914796,17.89153825487493,18.104728341484623,18.0
5.7040000000002395,1000.0,1000.0464921214578,17.891371198753156,17.891717442464177,18.10472779766449,18.0
5.70500000000024,1000.0,1000.0465235918659,17.891550743507914,17.891896134876582,18.10472726589154,18.0
5.70600000000024,1000.0,1000.0465547281285,17.891729806635006,17.89207432027451,18.104726745959237,18.0
5.7070000000002405,1000.0,1000.0465855338374,17.891908375938396,17.892251987155447,18.104726237664707,18.0
5.708000000000241,1000.0,1000.0466160125458,17.892086439563062,17.892429124345284,18.10472574080807,18.0
5.709000000000241,1000.0,1000.0466461677677,17.89226398598889,17.892605720992325,18.10472525519244,18.0
5.7100000000002415,1000.0,1000.0466760029786,17.89244100402476,17.892781766561633,18.104724780624174,18.0
5.711000000000242,1000.0,1000.0467055216164,17.89261748280218,17.892957250828818,18.10472431691244,18.0
5.712000000000242,1000.0,1000.0467347270812,17.892793411769567,17.893132163874572,18.104723863869467,18.0
5.7130000000002426,1000.0,1000.0467636227356,17.892968780686388,17.893306496078925,18.104723421310386,18.0
5.714000000000243,1000.0,1000.0467922119061,17.89314357961724,17.893480238115583,18.10472298905314,18.0
5.715000000000243,1000.0,1000.0468204978823,17.893317798926525,17.89365338094673,18.104722566918674,18.0
5.7160000000002436,1000.0,1000.0468484839183,17.8934914292723,17.893825915817096,18.104722154730375,18.0
5.717000000000244,1000.0,1000.0468761732325,17.893664461601656,17.89399783424952,18.10472175231488,18.0
5.718000000000244,1000.0,1000.0469035690082,17.893836887144356,17.894169128038733,18.104721359501056,18.0
5.7190000000002446,1000.0,1000.0469306743938,17.89400869740828,17.89433978924699,18.104720976120714,18.0
5.720000000000245,1000.0,1000.0469574925037,17.894179884173713,17.894509810198542,18.10472060200809,18.0
5.721000000000245,1000.0,1000.0469840264183,17.894350439488708,17.894679183475162,18.104720237000322,18.0
5.722000000000246,1000.0,1000.0470102791843,17.894520355663364,17.89484790191057,18.104719880936702,18.0
5.723000000000246,1000.0,1000.0470362538157,17.894689625265556,17.89501595858634,18.104719533659377,18.0
5.724000000000246,1000.0,1000.0470619532924,17.894858241115298,17.895183346826457,18.104719195012578,18.0
5.725000000000247,1000.0,1000.0470873805632,17.895026196280757,17.895350060193408,18.104718864843363,18.0
5.726000000000247,1000.0,1000.0471125385442,17.89519348407292,17.89551609248309,18.104718543001056,18.0
5.727000000000247,1000.0,1000.0471374301198,17.895360098041078,17.89568143772038,18.104718229337287,18.0
5.728000000000248,1000.0,1000.0471620581435,17.895526031968227,17.89584609015475,18.104717923706012,18.0
5.729000000000248,1000.0,1000.0471864254367,17.895691279866718,17.896010044256006,18.104717625963588,18.0
5.730000000000248,1000.0,1000.0472105347916,17.895855835973613,17.896173294709822,18.104717335968537,18.0
5.731000000000249,1000.0,1000.0472343889688,17.89601969474629,17.89633583641351,18.10471705358153,18.0
5.732000000000249,1000.0,1000.0472579906991,17.896182850858455,17.896497664472115,18.10471677866562,18.0
5.733000000000249,1000.0,1000.0472813426844,17.896345299195588,17.896658774194055,18.104716511085883,18.0
5.73400000000025,1000.0,1000.0473044475966,17.896507034850934,17.89681916108722,18.10471625070954,18.0
5.73500000000025,1000.0,1000.0473273080786,17.89666805312136,17.896978820854983,18.10471599740589,18.0
5.73600000000025,1000.0,1000.0473499267443,17.896828349503576,17.89713774939253,18.104715751046502,18.0
5.737000000000251,1000.0,1000.0473723061803,17.896987919689778,17.89729594278267,18.104715511504782,18.0
5.738000000000251,1000.0,1000.0473944489444,17.89714675956396,17.897453397292242,18.10471527865616,18.0
5.739000000000251,1000.0,1000.0474163575662,17.89730486519805,17.897610109368397,18.104715052378005,18.0
5.740000000000252,1000.0,1000.0474380345486,17.89746223284829,17.897766075635104,18.10471483254978,18.0
5.741000000000252,1000.0,1000.0474594823675,17.897618858951347,17.897921292889365,18.104714619052768,18.0
5.742000000000252,1000.0,1000.0474807034713,17.897774740120642,17.8980757580977,18.104714411770065,18.0
5.743000000000253,1000.0,1000.0475017002822,17.897929873143035,17.898229468392927,18.104714210586806,18.0
5.744000000000253,1000.0,1000.047522475196,17.898084254974993,17.898382421070455,18.104714015389803,18.0
5.745000000000253,1000.0,1000.0475430305823,17.89823788273921,17.898534613585014,18.104713826067663,18.0
5.746000000000254,1000.0,1000.0475633687857,17.898390753721653,17.898686043547826,18.104713642511133,18.0
5.747000000000254,1000.0,1000.0475834921247,17.898542865367418,17.898836708722566,18.10471346461235,18.0
5.748000000000254,1000.0,1000.0476034028937,17.89869421527779,17.89898660702254,18.104713292265124,18.0
5.749000000000255,1000.0,1000.0476231033615,17.89884480120726,17.899135736507795,18.104713125365215,18.0
5.750000000000255,1000.0,1000.047642595772,17.898994621059895,17.899284095381635,18.10471296380983,18.0
5.751000000000255,1000.0,1000.0476618823458,17.89914367288662,17.899431681987966,18.10471280749801,18.0
5.752000000000256,1000.0,1000.0476809652785,17.89929195488178,17.89957849480797,18.104712656330268,18.0
5.753000000000256,1000.0,1000.0476998467428,17.899439465380425,17.89972453245753,18.104712510208884,18.0
5.754000000000256,1000.0,1000.0477185288873,17.89958620285517,17.89986979368413,18.104712369037696,18.0
5.755000000000257,1000.0,1000.0477370138377,17.899732165913072,17.90001427736389,18.1047122327219,18.0
5.756000000000257,1000.0,1000.0477553036966,17.89987735329308,17.9001579824991,18.10471210116838,18.0
5.757000000000257,1000.0,1000.0477734005439,17.900021763863105,17.900300908215343,18.10471197428551,18.0
5.758000000000258,1000.0,1000.0477913064364,17.900165396617197,17.90044305375882,18.10471185198318,18.0
5.759000000000258,1000.0,1000.04780902341,17.90030825067285,17.90058441849374,18.104711734172756,18.0
5.760000000000258,1000.0,1000.0478265534778,17.900450325268174,17.90072500189954,18.104711620766953,18.0
5.761000000000259,1000.0,1000.0478438986312,17.90059161975932,17.900864803568478,18.104711511679877,18.0
5.762000000000259,1000.0,1000.0478610608396,17.900732133618117,17.90100382320328,18.104711406827214,18.0
5.763000000000259,1000.0,1000.0478780420524,17.90087186642911,17.901142060614326,18.104711306125843,18.0
5.76400000000026,1000.0,1000.0478948441969,17.90101081788736,17.9012795157175,18.10471120949412,18.0
5.76500000000026,1000.0,1000.0479114691801,17.90114898779594,17.90141618853179,18.104711116851792,18.0
5.76600000000026,1000.0,1000.0479279188881,17.901286376063172,17.901552079176614,18.104711028119674,18.0
5.767000000000261,1000.0,1000.047944195187,17.901422982700673,17.90168718786991,18.104710943220027,18.0
5.768000000000261,1000.0,1000.0479602999222,17.901558807820916,17.90182151492585,18.10471086207651,18.0
5.769000000000261,1000.0,1000.0479762349202,17.901693851634814,17.901955060752403,18.104710784613953,18.0
5.770000000000262,1000.0,1000.0479920019869,17.901828114449224,17.902087825849044,18.104710710758223,18.0
5.771000000000262,1000.0,1000.0480076029091,17.901961596665295,17.902219810805065,18.104710640436643,18.0
5.772000000000262,1000.0,1000.0480230394545,17.902094298775907,17.90235101629715,18.104710573577734,18.0
5.773000000000263,1000.0,1000.0480383133713,17.902226221363485,17.90248144308725,18.104710510111065,18.0
5.774000000000263,1000.0,1000.0480534263892,17.902357365098037,17.902611092020724,18.104710449967456,18.0
5.775000000000263,1000.0,1000.0480683802192,17.902487730735025,17.902739964024214,18.104710393078815,18.0
5.776000000000264,1000.0,1000.0480831765539,17.902617319113467,17.902868060103895,18.10471033937837,18.0
5.777000000000264,1000.0,1000.0480978170673,17.90274613115357,17.902995381343132,18.10471028880023,18.0
5.778000000000264,1000.0,1000.0481123034161,17.902874167855117,17.90312192890095,18.104710241279708,18.0
5.779000000000265,1000.0,1000.048126637239,17.903001430295426,17.903247704010067,18.10471019675323,18.0
5.780000000000265,1000.0,1000.0481408201566,17.903127919627337,17.903372707974942,18.10471015515821,18.0
5.781000000000265,1000.0,1000.0481548537725,17.903253637077334,17.903496942169976,18.10471011643301,18.0
5.782000000000266,1000.0,1000.0481687396724,17.903378583944036,17.90362040803804,18.10471008051724,18.0
5.783000000000266,1000.0,1000.048182479426,17.90350276159612,17.903743107088477,18.104710047351467,18.0
5.784000000000266,1000.0,1000.0481960745855,17.903626171470584,17.90386504089546,18.104710016877288,18.0
5.785000000000267,1000.0,1000.0482095266859,17.90374881507091,17.903986211096157,18.104709989037104,18.0
5.786000000000267,1000.0,1000.048222837247,17.903870693965537,17.90410661938933,18.10470996377442,18.0
5.787000000000267,1000.0,1000.0482360077712,17.903991809786287,17.904226267533765,18.104709941033825,18.0
5.788000000000268,1000.0,1000.048249039745,17.90411216422618,17.904345157346174,18.1047099207605,18.0
5.789000000000268,1000.0,1000.0482619346392,17.904231759038538,17.904463290700363,18.104709902900883,18.0
5.790000000000268,1000.0,1000.0482746939086,17.904350596034863,17.904580669525167,18.10470988740218,18.0
5.791000000000269,1000.0,1000.0482873189923,17.904468677083447,17.904697295803086,18.104709874212464,18.0
5.792000000000269,1000.0,1000.0482998113145,17.904586004108054,17.90481317156906,18.104709863280906,18.0
5.793000000000269,1000.0,1000.0483121722832,17.904702579085935,17.90492829890852,18.104709854557257,18.0
5.79400000000027,1000.0,1000.048324403292,17.904818404046686,17.905042679956324,18.104709847992233,18.0
5.79500000000027,1000.0,1000.0483365057191,17.904933481070724,17.90515631689524,18.10470984353731,18.0
5.79600000000027,1000.0,1000.0483484809283,17.905047812288235,17.905269211954998,18.104709841145233,18.0
5.797000000000271,1000.0,1000.0483603302689,17.905161399876828,17.905381367409955,18.10470984076892,18.0
5.798000000000271,1000.0,1000.0483720550752,17.90527424606112,17.90549278557875,18.10470984236247,18.0
5.799000000000271,1000.0,1000.048383656667,17.905386353110842,17.905603468822488,18.104709845880656,18.0
5.800000000000272,1000.0,1000.0483951363507,17.905497723339987,17.905713419543847,18.104709851279246,18.0
5.801000000000272,1000.0,1000.0484064954181,17.90560835910501,17.90582264018544,18.10470985851461,18.0
5.802000000000272,1000.0,1000.0484177351477,17.905718262803727,17.90593113322869,18.104709867543853,18.0
5.803000000000273,1000.0,1000.0484288568039,17.905827436874237,17.906038901192808,18.10470987832494,18.0
5.804000000000273,1000.0,1000.0484398616376,17.905935883793326,17.906145946633263,18.10470989081633,18.0
5.805000000000273,1000.0,1000.0484507508862,17.90604360607563,17.906252272140982,18.10470990497739,18.0
5.806000000000274,1000.0,1000.0484615257744,17.906150606272476,17.906357880341226,18.1047099207683,18.0
5.807000000000274,1000.0,1000.0484721875134,17.906256886970336,17.9064627738921,18.104709938149753,18.0
5.808000000000274,1000.0,1000.0484827373011,17.906362450789892,17.90656695548365,18.104709957083113,18.0
5.809000000000275,1000.0,1000.0484931763233,17.906467300385057,17.906670427836943,18.10470997753051,18.0
5.810000000000275,1000.0,1000.0485035057527,17.906571438441787,17.906773193702904,18.104709999454787,18.0
5.811000000000275,1000.0,1000.0485137267486,17.90667486767682,17.90687525586111,18.104710022819276,18.0
5.812000000000276,1000.0,1000.0485238404598,17.90677759083704,17.90697661711918,18.10471004758822,18.0
5.813000000000276,1000.0,1000.0485338480212,17.90687961069803,17.90707728031138,18.104710073726324,18.0
5.814000000000276,1000.0,1000.0485437505562,17.906980930063092,17.907177248297682,18.104710101198812,18.0
5.815000000000277,1000.0,1000.0485535491764,17.907081551762616,17.907276523963166,18.10471012997178,18.0
5.816000000000277,1000.0,1000.0485632449809,17.90718147865267,17.90737511021664,18.104710160011724,18.0
5.817000000000277,1000.0,1000.0485728390574,17.907280713614316,17.907473009990014,18.10471019128581,18.0
5.818000000000278,1000.0,1000.0485823324818,17.907379259552705,17.90757022623743,18.104710223761945,18.0
5.819000000000278,1000.0,1000.0485917263187,17.90747711939589,17.907666761934074,18.104710257408435,18.0
5.820000000000278,1000.0,1000.0486010216217,17.907574296094072,17.90776262007551,18.104710292194163,18.0
5.821000000000279,1000.0,1000.0486102194324,17.907670792618724,17.907857803676805,18.104710328088583,18.0
5.822000000000279,1000.0,1000.0486193207813,17.907766611961716,17.907952315771706,18.104710365061692,18.0
5.823000000000279,1000.0,1000.0486283266885,17.907861757134555,17.908046159411896,18.104710403084134,18.0
5.82400000000028,1000.0,1000.0486372381627,17.90795623116743,17.90813933766609,18.104710442127057,18.0
5.82500000000028,1000.0,1000.0486460562017,17.908050037108303,17.908231853619153,18.104710482162005,18.0
5.82600000000028,1000.0,1000.0486547817936,17.908143178022517,17.90832371037172,18.104710523161334,18.0
5.827000000000281,1000.0,1000.0486634159151,17.908235656991224,17.90841491103871,18.104710565097403,18.0
5.828000000000281,1000.0,1000.0486719595326,17.908327477111733,17.908505458749634,18.104710607943684,18.0
5.829000000000281,1000.0,1000.0486804136024,17.908418641495487,17.908595356646664,18.10471065167351,18.0
5.830000000000282,1000.0,1000.04868877907,17.908509153268586,17.908684607885135,18.104710696261286,18.0
5.831000000000282,1000.0,1000.0486970568714,17.90859901557004,17.908773215631882,18.1047107416815,18.0
5.832000000000282,1000.0,1000.0487052479326,17.90868823155178,17.908861183065223,18.10471078790942,18.0
5.833000000000283,1000.0,1000.04871335317,17.908776804377354,17.908948513373737,18.104710834920446,18.0
5.834000000000283,1000.0,1000.048721373489,17.90886473722176,17.909035209756095,18.104710882690668,18.0
5.835000000000283,1000.0,1000.0487293097865,17.908952033270424,17.90912127542005,18.104710931196465,18.0
5.836000000000284,1000.0,1000.0487371629499,17.909038695719,17.909206713582307,18.104710980414968,18.0
5.837000000000284,1000.0,1000.0487449338561,17.909124727771978,17.90929152746713,18.104711030323287,18.0
5.838000000000284,1000.0,1000.0487526233741,17.90921013264286,17.909375720306546,18.104711080899328,18.0
5.839000000000285,1000.0,1000.0487602323617,17.909294913552895,17.90945929533913,18.10471113212113,18.0
5.840000000000285,1000.0,1000.0487677616696,17.909379073731156,17.909542255810056,18.104711183967478,18.0
5.841000000000285,1000.0,1000.0487752121384,17.90946261641333,17.909624604969974,18.10471123641737,18.0
5.842000000000286,1000.0,1000.0487825845998,17.909545544841347,17.909706346074614,18.10471128945013,18.0
5.843000000000286,1000.0,1000.0487898798764,17.909627862263022,17.909787482384488,18.10471134304564,18.0
5.844000000000286,1000.0,1000.0487970987828,17.90970957193114,17.909868017163966,18.10471139718399,18.0
5.845000000000287,1000.0,1000.0488042421242,17.909790677103217,17.909947953681094,18.104711451845738,18.0
5.846000000000287,1000.0,1000.0488113106978,17.909871181041023,17.910027295207115,18.104711507011952,18.0
5.847000000000287,1000.0,1000.0488183052915,17.909951087009805,17.91010604501571,18.10471156266397,18.0
5.848000000000288,1000.0,1000.0488252266861,17.910030398277872,17.910184206382656,18.104711618783462,18.0
5.849000000000288,1000.0,1000.0488320756527,17.910109118116036,17.910261782585213,18.104711675352362,18.0
5.850000000000288,1000.0,1000.0488388529551,17.91018724979738,17.910338776901977,18.104711732353124,18.0
5.851000000000289,1000.0,1000.0488455593484,17.910264796596593,17.910415192612188,18.104711789768498,18.0
5.852000000000289,1000.0,1000.0488521955804,17.9103417617895,17.910491032995328,18.104711847581545,18.0
5.853000000000289,1000.0,1000.0488587623903,17.910418148652838,17.910566301330874,18.10471190577582,18.0
5.85400000000029,1000.0,1000.0488652605093,17.91049396046316,17.910641000897268,18.10471196433477,18.0
5.85500000000029,1000.0,1000.0488716906618,17.910569200497445,17.910715134972488,18.104712023242694,18.0
5.85600000000029,1000.0,1000.0488780535635,17.910643872031766,17.91078870683278,18.104712082483886,18.0
5.857000000000291,1000.0,1000.0488843499228,17.91071797834135,17.910861719752738,18.10471214204309,18.0
5.858000000000291,1000.0,1000.0488905804406,17.910791522700002,17.910934177004712,18.104712201905297,18.0
5.859000000000291,1000.0,1000.0488967458105,17.910864508379774,17.91100608185854,18.10471226205582,18.0
5.860000000000292,1000.0,1000.0489028467186,17.91093693865061,17.911077437581167,18.104712322480303,18.0
5.861000000000292,1000.0,1000.0489088838442,17.911008816779766,17.911148247436113,18.104712383164525,18.0
5.862000000000292,1000.0,1000.0489148578579,17.911080146031782,17.911218514683455,18.104712444094726,18.0
5.863000000000293,1000.0,1000.0489207694249,17.911150929667997,17.911288242579353,18.10471250525749,18.0
5.864000000000293,1000.0,1000.0489266192023,17.91122117094598,17.911357434375514,18.104712566639492,18.0
5.865000000000293,1000.0,1000.0489324078408,17.91129087311937,17.91142609331902,18.104712628227674,18.0
5.866000000000294,1000.0,1000.0489381359837,17.91136003943769,17.91149422265218,18.104712690009414,18.0
5.867000000000294,1000.0,1000.0489438042677,17.91142867314567,17.911561825611887,18.10471275197216,18.0
5.868000000000294,1000.0,1000.0489494133228,17.911496777483375,17.911628905429694,18.104712814103813,18.0
5.869000000000295,1000.0,1000.0489549637722,17.91156435568544,17.91169546533116,18.104712876392377,18.0
5.870000000000295,1000.0,1000.0489604562324,17.91163141098126,17.91176150853597,18.10471293882634,18.0
5.871000000000295,1000.0,1000.0489658913136,17.91169794659416,17.91182703825716,18.104713001394177,18.0
5.872000000000296,1000.0,1000.0489712696193,17.91176396574142,17.91189205770117,18.10471306408467,18.0
5.873000000000296,1000.0,1000.0489765917469,17.911829471634096,17.91195657006763,18.104713126886956,18.0
5.874000000000296,1000.0,1000.0489818582871,17.911894467476444,17.91202057854886,18.10471318979027,18.0
5.875000000000297,1000.0,1000.0489870698243,17.911958956465934,17.91208408632985,18.104713252784197,18.0
5.876000000000297,1000.0,1000.0489922269375,17.91202294179277,17.912147096587805,18.104713315858408,18.0
5.877000000000297,1000.0,1000.0489973301984,17.91208642663987,17.912209612492163,18.104713379002966,18.0
5.878000000000298,1000.0,1000.0490023801733,17.912149414182377,17.91227163720409,18.104713442208006,18.0
5.879000000000298,1000.0,1000.0490073774225,17.91221190758767,17.912333173876497,18.104713505463998,18.0
5.880000000000298,1000.0,1000.0490123225005,17.912273910014843,17.912394225653586,18.104713568761483,18.0
5.881000000000299,1000.0,1000.0490172159554,17.912335424614657,17.912454795670737,18.10471363209119,18.0
5.882000000000299,1000.0,1000.0490220583296,17.912396454529535,17.912514887054584,18.104713695444318,18.0
5.883000000000299,1000.0,1000.0490268501601,17.91245700289298,17.91257450292241,18.104713758812085,18.0
5.8840000000003,1000.0,1000.0490315919782,17.912517072829434,17.912633646382012,18.10471382218584,18.0
5.8850000000003,1000.0,1000.0490362843092,17.912576667454196,17.91269232053165,18.10471388555717,18.0
5.8860000000003,1000.0,1000.0490409276731,17.9126357898735,17.912750528460133,18.104713948918153,18.0
5.887000000000301,1000.0,1000.049045522584,17.912694443183508,17.912808273245815,18.104714012260565,18.0
5.888000000000301,1000.0,1000.0490500695511,17.91275263047096,17.91286555795726,18.104714075576652,18.0
5.889000000000301,1000.0,1000.0490545690782,17.9128103548127,17.91292238565278,18.104714138858906,18.0
5.890000000000302,1000.0,1000.0490590216632,17.912867619275175,17.912978759379946,18.10471420209969,18.0
5.891000000000302,1000.0,1000.0490634277996,17.91292442691497,17.913034682176114,18.10471426529193,18.0
5.892000000000302,1000.0,1000.0490677879746,17.912980780777875,17.91309015706755,18.104714328428372,18.0
5.893000000000303,1000.0,1000.049072102671,17.91303668389917,17.913145187069663,18.104714391501986,18.0
5.894000000000303,1000.0,1000.0490763723662,17.913092139303757,17.913199775187202,18.1047144545063,18.0
5.895000000000303,1000.0,1000.0490805975326,17.913147150005212,17.913253924413272,18.104714517434523,18.0
5.896000000000304,1000.0,1000.0490847786376,17.91320171900645,17.913307637730043,18.104714580280405,18.0
5.897000000000304,1000.0,1000.049088916144,17.913255849298853,17.913360918107863,18.10471464303748,18.0
5.898000000000304,1000.0,1000.0490930105091,17.913309543862738,17.913413768505773,18.104714705699692,18.0
5.899000000000305,1000.0,1000.049097062186,17.913362805666946,17.913466191871038,18.104714768261037,18.0
5.900000000000305,1000.0,1000.0491010716221,17.913415637668688,17.913518191139072,18.104714830715626,18.0
5.901000000000305,1000.0,1000.049105039261,17.913468042813705,17.91356976923356,18.10471489305789,18.0
5.902000000000306,1000.0,1000.049108965541,17.913520024035748,17.91362092906598,18.104714955282216,18.0
5.903000000000306,1000.0,1000.0491128508967,17.913571584256918,17.913671673535905,18.104715017383356,18.0
5.904000000000306,1000.0,1000.0491166957563,17.91362272638687,17.913722005530268,18.10471507935579,18.0
5.905000000000307,1000.0,1000.0491205005457,17.913673453323653,17.913771927924184,18.104715141194617,18.0
5.906000000000307,1000.0,1000.0491242656839,17.913723767952913,17.913821443580147,18.104715202894887,18.0
5.907000000000307,1000.0,1000.0491279915879,17.913773673147876,17.91387055534806,18.104715264451656,18.0
5.908000000000308,1000.0,1000.0491316786691,17.91382317176943,17.913919266065264,18.10471532586015,18.0
5.909000000000308,1000.0,1000.0491353273336,17.913872266665905,17.913967578556413,18.1047153871157,18.0
5.910000000000308,1000.0,1000.0491389379852,17.913920960673458,17.914015495633755,18.104715448214087,18.0
5.911000000000309,1000.0,1000.0491425110217,17.913969256615175,17.91406302009636,18.104715509150864,18.0
5.912000000000309,1000.0,1000.0491460468378,17.914017157301437,17.9141101547304,18.104715569921666,18.0
5.913000000000309,1000.0,1000.0491495458236,17.914064665530105,17.914156902309376,18.104715630522577,18.0
5.91400000000031,1000.0,1000.0491530083655,17.914111784086025,17.91420326559363,18.104715690949607,18.0
5.91500000000031,1000.0,1000.0491564348449,17.914158515740844,17.914249247330183,18.104715751198675,18.0
5.91600000000031,1000.0,1000.0491598256399,17.914204863253577,17.914294850253267,18.104715811266125,18.0
5.917000000000311,1000.0,1000.0491631811245,17.914250829370037,17.91434007708381,18.104715871148343,18.0
5.918000000000311,1000.0,1000.0491665016685,17.914296416822875,17.914384930529426,18.104715930841706,18.0
5.919000000000311,1000.0,1000.0491697876386,17.914341628331613,17.914429413284516,18.104715990342815,18.0
5.920000000000312,1000.0,1000.0491730393965,17.914386466602505,17.914473528030094,18.104716049648303,18.0
5.921000000000312,1000.0,1000.0491762573007,17.914430934328646,17.9145172774339,18.104716108755024,18.0
5.922000000000312,1000.0,1000.0491794417054,17.914475034189447,17.914560664149917,18.104716167659607,18.0
5.923000000000313,1000.0,1000.0491825929622,17.91451876885146,17.914603690819156,18.10471622635925,18.0
5.924000000000313,1000.0,1000.049185711418,17.914562140967494,17.9146463600688,18.104716284850944,18.0
5.925000000000313,1000.0,1000.049188797416,17.914605153176947,17.914688674512558,18.1047163431318,18.0
5.926000000000314,1000.0,1000.0491918512965,17.914647808105673,17.914730636750512,18.10471640119897,18.0
5.927000000000314,1000.0,1000.0491948733957,17.914690108366273,17.914772249369403,18.10471645904996,18.0
5.928000000000314,1000.0,1000.0491978640464,17.914732056557526,17.914813514942104,18.10471651668209,18.0
5.929000000000315,1000.0,1000.0492008235776,17.914773655264675,17.914854436027888,18.104716574092826,18.0
5.930000000000315,1000.0,1000.0492037523152,17.914814907059522,17.914895015172522,18.10471663127985,18.0
5.931000000000315,1000.0,1000.0492066505815,17.91485581450007,17.91493525490793,18.104716688240778,18.0
5.932000000000316,1000.0,1000.0492095186953,17.914896380130806,17.914975157752473,18.104716744973437,18.0
5.933000000000316,1000.0,1000.0492123569726,17.914936606482478,17.915014726210725,18.104716801475668,18.0
5.934000000000316,1000.0,1000.0492151657254,17.91497649607203,17.91505396277342,18.10471685774526,18.0
5.935000000000317,1000.0,1000.0492179452626,17.915016051403036,17.9150928699179,18.10471691378041,18.0
5.936000000000317,1000.0,1000.0492206958901,17.915055274964924,17.915131450107317,18.10471696957897,18.0
5.937000000000317,1000.0,1000.04922341791,17.91509416923382,17.91516970579149,18.104717025139255,18.0
5.938000000000318,1000.0,1000.049226111622,17.91513273667182,17.915207639406216,18.10471708045939,18.0
5.939000000000318,1000.0,1000.0492287773219,17.91517097972748,17.915245253373698,18.10471713553774,18.0
5.940000000000318,1000.0,1000.049231415303,17.915208900835488,17.91528255010228,18.104717190372618,18.0
5.941000000000319,1000.0,1000.0492340258548,17.915246502416817,17.91531953198657,18.104717244962437,18.0
5.942000000000319,1000.0,1000.0492366092645,17.915283786878792,17.915356201407533,18.104717299305776,18.0
5.943000000000319,1000.0,1000.0492391658158,17.915320756614864,17.91539256073225,18.104717353401142,18.0
5.94400000000032,1000.0,1000.0492416957901,17.915357414004934,17.915428612314244,18.104717407247296,18.0
5.94500000000032,1000.0,1000.049244199465,17.915393761414943,17.9154643584931,18.104717460842842,18.0
5.94600000000032,1000.0,1000.0492466771153,17.915429801197064,17.91549980159463,18.104717514186415,18.0
5.947000000000321,1000.0,1000.0492491290127,17.91546553568992,17.91553494393111,18.10471756727685,18.0
5.948000000000321,1000.0,1000.0492515554271,17.91550096721854,17.91556978780124,18.104717620113213,18.0
5.949000000000321,1000.0,1000.0492539566247,17.91553609809396,17.915604335489732,18.10471767269427,18.0
5.950000000000322,1000.0,1000.0492563328693,17.915570930613807,17.915638589267918,18.10471772501918,18.0
5.951000000000322,1000.0,1000.0492586844211,17.915605467061717,17.91567255139316,18.10471777708681,18.0
5.952000000000322,1000.0,1000.0492610115385,17.915639709708035,17.915706224109556,18.10471782889646,18.0
5.953000000000323,1000.0,1000.0492633144769,17.915673660809077,17.915739609647208,18.1047178804471,18.0
5.954000000000323,1000.0,1000.0492655934892,17.91570732260783,17.915772710222907,18.104717931738026,18.0
5.955000000000323,1000.0,1000.0492678488249,17.91574069733356,17.915805528039773,18.1047179827685,18.0
5.956000000000324,1000.0,1000.0492700807317,17.91577378720199,17.9158380652874,18.104718033537843,18.0
5.957000000000324,1000.0,1000.0492722894544,17.91580659441522,17.91587032414182,18.10471808404539,18.0
5.958000000000324,1000.0,1000.0492744752349,17.91583912116192,17.915902306765666,18.104718134290614,18.0
5.959000000000325,1000.0,1000.0492766383135,17.91587136961711,17.915934015307958,18.104718184272894,18.0
5.960000000000325,1000.0,1000.0492787789265,17.915903341942382,17.91596545190435,18.104718233991736,18.0
5.961000000000325,1000.0,1000.0492808973089,17.915935040285834,17.91599661867703,18.104718283446637,18.0
5.962000000000326,1000.0,1000.0492829936928,17.91596646678238,17.91602751773508,18.104718332637393,18.0
5.963000000000326,1000.0,1000.049285068308,17.915997623553174,17.916058151173857,18.104718381563483,18.0
5.964000000000326,1000.0,1000.0492871213818,17.916028512706315,17.91608852107571,18.104718430224736,18.0
5.965000000000327,1000.0,1000.0492891531388,17.91605913633627,17.916118629509448,18.104718478620768,18.0
5.966000000000327,1000.0,1000.0492911638025,17.916089496524474,17.91614847853086,18.10471852675146,18.0
5.967000000000327,1000.0,1000.0492931535921,17.91611959533877,17.916178070182248,18.10471857461645,18.0
5.968000000000328,1000.0,1000.0492951227259,17.9161494348339,17.91620740649285,18.104718622215533,18.0
5.969000000000328,1000.0,1000.0492970714195,17.91617901705161,17.91623648947898,18.10471866954877,18.0
5.970000000000328,1000.0,1000.0492989998864,17.916208344020305,17.91626532114368,18.104718716616077,18.0
5.971000000000329,1000.0,1000.0493009083375,17.91623741775525,17.916293903476916,18.104718763417388,18.0
5.972000000000329,1000.0,1000.049302796982,17.9162662402585,17.916322238455525,18.104718809952587,18.0
5.973000000000329,1000.0,1000.049304666026,17.916294813519205,17.9163503280435,18.10471885622171,18.0
5.97400000000033,1000.0,1000.0493065156747,17.9163231395135,17.91637817419191,18.104718902224846,18.0
5.97500000000033,1000.0,1000.0493083461297,17.91635122020459,17.916405778838932,18.104718947962144,18.0
5.97600000000033,1000.0,1000.049310157592,17.916379057542716,17.916433143909895,18.104718993433778,18.0
5.977000000000331,1000.0,1000.0493119502592,17.916406653465174,17.916460271317245,18.10471903863989,18.0
5.978000000000331,1000.0,1000.0493137243278,17.916434009896335,17.91648716296058,18.10471908358057,18.0
5.979000000000331,1000.0,1000.0493154799915,17.91646112874782,17.916513820726834,18.104719128256,18.0
5.980000000000332,1000.0,1000.0493172174428,17.91648801191864,17.916540246490417,18.104719172666545,18.0
5.981000000000332,1000.0,1000.0493189368707,17.916514661294865,17.91656644211288,18.10471921681239,18.0
5.982000000000332,1000.0,1000.0493206384641,17.916541078750154,17.91659240944344,18.104719260693983,18.0
5.983000000000333,1000.0,1000.0493223224083,17.91656726614525,17.916618150318484,18.104719304311516,18.0
5.984000000000333,1000.0,1000.0493239888877,17.916593225328402,17.916643666562013,18.104719347665306,18.0
5.985000000000333,1000.0,1000.0493256380848,17.91661895813562,17.91666895998585,18.104719390755974,18.0
5.986000000000334,1000.0,1000.0493272701788,17.91664446638985,17.91669403238887,18.104719433583625,18.0
5.987000000000334,1000.0,1000.0493288853489,17.916669751902184,17.916718885558165,18.104719476148915,18.0
5.988000000000334,1000.0,1000.0493304837707,17.916694816470894,17.916743521268106,18.104719518452125,18.0
5.989000000000335,1000.0,1000.0493320656194,17.916719661882457,17.916767941281364,18.10471956049411,18.0
5.990000000000335,1000.0,1000.0493336310676,17.91674428991033,17.916792147347675,18.10471960227501,18.0
5.991000000000335,1000.0,1000.0493351802866,17.91676870231625,17.916816141205157,18.10471964379549,18.0
5.992000000000336,1000.0,1000.049336713445,17.916792900849522,17.9168399245796,18.104719685056036,18.0
5.993000000000336,1000.0,1000.0493382307102,17.916816887247396,17.916863499184824,18.104719726057205,18.0
5.994000000000336,1000.0,1000.0493397322482,17.916840663235163,17.916886866722784,18.104719766799708,18.0
5.995000000000337,1000.0,1000.0493412182226,17.916864230525757,17.916910028883187,18.104719807283956,18.0
5.996000000000337,1000.0,1000.0493426887955,17.916887590820554,17.916932987344275,18.104719847510818,18.0
5.997000000000337,1000.0,1000.0493441441275,17.916910745808618,17.916955743772082,18.10471988748079,18.0
5.998000000000338,1000.0,1000.0493455843774,17.916933697167376,17.916978299821096,18.10471992719462,18.0
5.999000000000338,1000.0,1000.0493470097022,17.916956446562317,17.917000657133986,18.10471996665297,18.0
6.000000000000338,500.0,985.9066440671577,-19.999999999999996,-19.483877627536714,-19.666855473011363,18.0
6.001000000000339,500.0,967.8514878238575,-19.999999999999996,-19.528075271900654,-19.714104276042214,18.0
6.002000000000339,500.0,949.7992302078984,-19.999999999999996,-19.513203697078374,-19.701869941081384,18.0
6.003000000000339,500.0,931.7533609742419,-19.999999999999996,-19.499702280943964,-19.691134399639438,18.0
6.00400000000034,500.0,913.7131788233221,-19.999999999999996,-19.4874826618121,-19.68180366935919,18.0
6.00500000000034,500.0,895.6780442427267,-19.999999999999996,-19.476420655686955,-19.673747925771252,18.0
6.00600000000034,500.0,877.6473767639026,-19.999999999999996,-19.466404001221637,-19.66684961807524,18.0
6.007000000000341,500.0,859.6206493698679,-19.999999999999996,-19.457331249571542,-19.661002326925285,18.0
6.008000000000341,500.0,841.5973834370727,-19.999999999999996,-19.44911072533508,-19.656109696557692,18.0
6.009000000000341,500.0,823.577144162373,-19.999999999999996,-19.44165958732435,-19.652084469870186,18.0
6.010000000000342,500.0,805.5595364283589,-19.999999999999996,-19.434902979593183,-19.648847616506774,18.0
6.011000000000342,500.0,787.5442010647861,-19.999999999999996,-19.428773264042945,-19.646327544943755,18.0
6.012000000000342,500.0,769.5308114679664,-19.999999999999996,-19.423209326762258,-19.644459390449846,18.0
6.013000000000343,500.0,751.5190705436507,-19.999999999999996,-19.418155951011475,-19.643184371584116,18.0
6.014000000000343,500.0,733.5087079422707,-19.999999999999996,-19.413563250445094,-19.642449208608625,18.0
6.015000000000343,500.0,715.4994775584207,-19.999999999999996,-19.409386156781757,-19.642205597836206,18.0
6.016000000000344,500.0,697.4911552691667,-19.999999999999996,-19.405583956688528,-19.64240973651386,18.0
6.017000000000344,500.0,679.4835368882294,-19.999999999999996,-19.40211987314958,-19.643021893365923,18.0
6.018000000000344,500.0,661.4764363152952,-19.999999999999996,-19.398960687044468,-19.644006020393654,18.0
6.019000000000345,500.0,643.4696838617195,-19.999999999999996,-19.39607639507213,-19.645329401954207,18.0
6.020000000000345,500.0,625.4631247356798,-19.999999999999996,-19.393439900528488,-19.646962337526844,18.0
6.021000000000345,500.0,607.4566176714776,-19.999999999999993,-19.391026733781224,-19.64887785492147,18.0
6.022000000000346,500.0,589.4500336891615,-19.999999999999996,-19.38881479958883,-19.651051450998608,18.0
6.023000000000346,500.0,571.7426063905282,-19.26312452176765,-18.66392620091667,-18.91952175839575,18.0
6.024000000000346,500.0,555.5203734334264,-15.73382613610795,-15.199194305211135,-15.40514512022434,18.0
6.025000000000347,500.0,541.5127065944762,-10.890046998308788,-10.442360717543805,-10.57664087271001,18.0
6.026000000000347,500.0,529.9553389982549,-5.693953357718921,-5.338330652856246,-5.394152176674339,18.0
6.027000000000347,500.0,520.7790869366308,-0.7297634656372777,-0.46100413325802747,-0.4415653908864291,18.0
6.028000000000348,500.0,513.7446098543866,3.6851520630212105,3.877714134558825,3.963573573756808,18.0
6.029000000000348,500.0,508.5345047592696,7.413837108067139,7.543087379972284,7.684087759396311,18.0
6.030000000000348,500.0,504.8129834784857,10.434797997350763,10.513789335631614,10.69831617513546,18.0
6.031000000000349,500.0,502.26181224792083,12.79489050133493,12.83564995852114,13.052978703486101,18.0
6.032000000000349,500.0,500.5995427880095,14.576442238602473,14.589371824396045,14.830264410523412,18.0
6.033000000000349,500.0,499.58950285112326,15.875334964671111,15.869004518018125,16.12589847972758,18.0
6.03400000000035,500.0,499.040643961406,16.787238547002975,16.768421731480974,17.035378253560026,18.0
6.03500000000035,500.0,498.8042059603611,17.399694996207124,17.373542284279708,17.646067941211694,18.0
6.03600000000035,500.0,498.7682528646609,17.788236339325465,17.758512369142252,18.033328605347272,18.0
6.037000000000351,500.0,498.85144099144156,18.01515208194338,17.984490143900867,18.259295347318226,18.0
6.038000000000351,500.0,498.99686708439754,18.12988680335618,18.10003178709349,18.373280963238035,18.0
6.039000000000351,500.0,499.1664777913648,18.170343959161492,18.142368198580456,18.41308229804117,18.0
6.040000000000352,500.0,499.3362706358919,18.16460285578804,18.13908817072197,18.406697016243584,18.0
6.041000000000352,500.0,499.4923527269454,18.13273008610475,18.109914990954483,18.374132966144163,18.0
6.042000000000352,500.0,499.6278235307631,18.08849385338412,18.068388260584612,18.329119363707818,18.0
6.043000000000353,500.0,499.740393309497,18.040878912665256,18.023350400424942,18.280618153552403,18.0
6.044000000000353,500.0,499.83062472113636,17.99535987894125,17.980196256291787,18.234093743010025,18.0
6.045000000000353,500.0,499.900680610336,17.954928772941937,17.941881661376303,18.192537265390264,18.0
6.046000000000354,500.0,499.953468241799,17.920894986279897,17.909708733990232,18.15726371065052,18.0
6.047000000000354,500.0,499.9920835752357,17.89348718132419,17.883916831938176,18.12851150007343,18.0
6.048000000000354,500.0,500.01947493810496,17.872290701474164,17.864112084785837,18.10587807694049,18.0
6.049000000000355,500.0,500.03826127804507,17.856553597711727,17.84956797553778,18.088624575318534,18.0
6.050000000000355,500.0,500.0506547172086,17.84539133703002,17.839426467626897,18.075879567689448,18.0
6.051000000000355,500.0,500.0584497136497,17.837915991626055,17.832824991386417,18.06676761788196,18.0
6.052000000000356,500.0,500.0630515373948,17.833311091484017,17.828970077483106,18.06048375090426,18.0
6.053000000000356,500.0,500.06552504491526,17.830868891528162,17.827174078056785,18.056330526585377,18.0
6.054000000000356,500.0,500.06665109452905,17.830002850239545,17.826867536851328,18.053730459093153,18.0
6.055000000000357,500.0,500.0669826676748,17.83024476798375,17.827596483837617,18.052223186030247,18.0
6.056000000000357,500.0,500.0668961457111,17.831233313643434,17.829011260883036,18.051454081079537,18.0
6.057000000000357,500.0,500.0666355228657,17.8326985383187,17.830851394650285,18.05115888321653,18.0
6.058000000000358,500.0,500.06634886490474,17.834445362964427,17.832929450688834,18.05114731111641,18.0
6.059000000000358,500.0,500.0661172620825,17.836337848145245,17.835115645545663,18.051287458745,18.0
6.060000000000358,500.0,500.06597704547914,17.83828522356717,17.837324178267338,18.05149194227237,18.0
6.061000000000359,500.0,500.06593627173885,17.840230094581933,17.839501692269703,18.051706211436226,18.0
6.062000000000359,500.0,500.0659865333571,17.842138884885575,17.84161792691985,18.051899082939467,18.0
6.063000000000359,500.0,500.0661110935342,17.843994363263523,17.843658410470013,18.052055343712894,18.0
6.06400000000036,500.0,500.0662902277633,17.8457899930476,17.845618938607704,18.052170163677427,18.0
6.06500000000036,500.0,500.06650451339004,17.847525801769958,17.847501542298264,18.052245016993396,18.0
6.06600000000036,500.0,500.0667366653097,17.849205469977854,17.84931164991167,18.052284812474998,18.0
6.067000000000361,500.0,500.0669723836252,17.850834364118864,17.85105617398609,18.052295959795767,18.0
6.068000000000361,500.0,500.06720056394323,17.85241827629591,17.85274229008917,18.05228513587432,18.0
6.069000000000361,500.0,500.0674131253895,17.85396267530947,17.854376716025936,18.052258557254014,18.0
6.070000000000362,500.0,500.0676046350433,17.855472313700506,17.855965339148867,18.05222160436699,18.0
6.071000000000362,500.0,500.06777184857975,17.856951071680477,17.85751307499681,18.052178679528122,18.0
6.072000000000362,500.0,500.0679132429671,17.85840194961718,17.859023870679174,18.052133211086776,18.0
6.073000000000363,500.0,500.0680285854248,17.859827145850666,17.86050079104588,18.052087741095807,18.0
6.074000000000363,500.0,500.0681185609383,17.86122817635279,17.861946145045547,18.052044053451652,18.0
6.075000000000363,500.0,500.0681844661416,17.862606007745683,17.86336162438913,18.05200331434441,18.0
6.076000000000364,500.0,500.06822796840027,17.8639611862129,17.864748437444074,18.051966207784833,18.0
6.077000000000364,500.0,500.06825092384827,17.865293952639547,17.866107428936292,18.051933056708954,18.0
6.0780000000003644,500.0,500.0682552457491,17.866604339617844,17.867439181234783,18.051903925411512,18.0
6.079000000000365,500.0,500.068242813896,17.867892249368893,17.868744096340333,18.051878702437588,18.0
6.080000000000365,500.0,500.0682154161781,17.869157513675944,17.87002245970285,18.051857165082687,18.0
6.0810000000003654,500.0,500.0681747144276,17.87039993800384,17.87127448804747,18.05183902771442,18.0
6.082000000000366,500.0,500.06812222789046,17.87161933242248,17.872500363821054,18.05182397656199,18.0
6.083000000000366,500.0,500.06805932894355,17.872815531978905,17.873700258893862,18.05181169364102,18.0
6.0840000000003664,500.0,500.06798724686473,17.873988408959622,17.874874349948556,18.05180187227397,18.0
6.085000000000367,500.0,500.06790707650987,17.875137879158057,17.87602282766528,18.05179422633925,18.0
6.086000000000367,500.0,500.06781978961567,17.876263903895268,17.877145901448618,18.051788495013575,18.0
6.0870000000003675,500.0,500.06772624714506,17.87736648918153,17.878243801085762,18.051784444412043,18.0
6.088000000000368,500.0,500.06762721162994,17.878445683081928,17.879316776404362,18.051781867205364,18.0
6.089000000000368,500.0,500.0675233588688,17.879501572069778,17.880365095722,18.05178058101457,18.0
6.0900000000003685,500.0,500.0674152886238,17.880534276922546,17.8813890436523,18.05178042615386,18.0
6.091000000000369,500.0,500.0673035341638,17.881543948537963,17.88238891865701,18.051781263114712,18.0
6.092000000000369,500.0,500.0671885706315,17.882530763908488,17.883365030594646,18.05178297004467,18.0
6.0930000000003695,500.0,500.0670708222903,17.88349492239384,17.884317698418133,18.05178544037446,18.0
6.09400000000037,500.0,500.0669506687543,17.88443664235976,17.8852472481021,18.051788580675257,18.0
6.09500000000037,500.0,500.0668284503221,17.885356158203734,17.886154010832637,18.051792308779135,18.0
6.0960000000003705,500.0,500.06670447253947,17.886253717758354,17.88703832146168,18.051796552165133,18.0
6.097000000000371,500.0,500.06657901010794,17.887129580043084,17.887900517207438,18.05180124659222,18.0
6.098000000000371,500.0,500.0664523102463,17.887984013330456,17.88874093657676,18.051806334955067,18.0
6.0990000000003715,500.0,500.0663245955964,17.888817293485083,17.889559918476873,18.051811766329752,18.0
6.100000000000372,500.0,500.0661960667508,17.88962970253889,17.8903578014881,18.051817495181055,18.0
6.101000000000372,500.0,500.06606690446716,17.89042152746552,17.89113492326798,18.051823480701476,18.0
6.1020000000003725,500.0,500.0659372716201,17.891193059124042,17.89189162006356,18.05182968625876,18.0
6.103000000000373,500.0,500.0658073149335,17.89194459134382,17.892628226309892,18.051836078929792,18.0
6.104000000000373,500.0,500.065677166527,17.89267642012816,17.893345074297585,18.051842629103778,18.0
6.1050000000003735,500.0,500.06554694530234,17.89338884295906,17.894042493896826,18.05184931014201,18.0
6.106000000000374,500.0,500.06541675819193,17.89408215818559,17.89472081232463,18.051856098081004,18.0
6.107000000000374,500.0,500.0652867012869,17.894756664485516,17.89538035394891,18.051862971372625,18.0
6.1080000000003745,500.0,500.06515686085703,17.89541266038883,17.896021440121597,18.051869910653423,18.0
6.109000000000375,500.0,500.0650273142767,17.896050443855298,17.8966443890361,18.05187689853852,18.0
6.110000000000375,500.0,500.06489813086404,17.896670311899552,17.897249515605388,18.051883919436335,18.0
6.1110000000003755,500.0,500.0647693726436,17.89727256025759,17.89783713135734,18.051890959380856,18.0
6.112000000000376,500.0,500.0646410950381,17.89785748309098,17.89840754434582,18.051898005879895,18.0
6.113000000000376,500.0,500.0645133474972,17.89842537272434,17.89896105907514,18.05190504777709,18.0
6.1140000000003765,500.0,500.0643861740669,17.89897651941171,17.89949797643567,18.05191207512538,18.0
6.115000000000377,500.0,500.0642596139071,17.899511211132026,17.90001859365209,18.051919079073535,18.0
6.116000000000377,500.0,500.0641337017611,17.900029733406907,17.90052320423952,18.05192605176091,18.0
6.1170000000003775,500.0,500.0640084683794,17.900532369142372,17.901012097970128,18.051932986223175,18.0
6.118000000000378,500.0,500.0638839409064,17.901019398489634,17.90148556084694,18.05193987630565,18.0
6.119000000000378,500.0,500.0637601432278,17.901491098724474,17.901943875085326,18.05194671658478,18.0
6.1200000000003785,500.0,500.0636370962867,17.90194774414315,17.902387319101162,18.05195350229681,18.0
6.121000000000379,500.0,500.06351481836896,17.902389605973553,17.902816167505446,18.051960229273387,18.0
6.122000000000379,500.0,500.06339332536214,17.90281695229949,17.903230691103932,18.051966893882646,18.0
6.1230000000003795,500.0,500.0632726309886,17.903230047997322,17.90363115690188,18.051973492976032,18.0
6.12400000000038,500.0,500.0631527470168,17.903629154684126,17.90401782811375,18.051980023840493,18.0
6.12500000000038,500.0,500.06303368345283,17.904014530675155,17.904390964176287,18.051986484154657,18.0
6.1260000000003805,500.0,500.062915448713,17.904386430950865,17.9047508207657,18.051992871949672,18.0
6.127000000000381,500.0,500.06279804977925,17.904745107131447,17.905097649817616,18.0519991855733,18.0
6.128000000000381,500.0,500.0626814923416,17.90509080745955,17.905431699550732,18.052005423658333,18.0
6.1290000000003815,500.0,500.0625657809252,17.905423776788513,17.90575321449202,18.052011585093084,18.0
6.130000000000382,500.0,500.06245091900513,17.905744256576963,17.906062435504705,18.05201766899522,18.0
6.131000000000382,500.0,500.0623369091113,17.906052484888413,17.906359599818042,18.052023674687987,18.0
6.1320000000003825,500.0,500.0622237529226,17.90634869639603,17.906644941059234,18.052029601679102,18.0
6.133000000000383,500.0,500.0621114513523,17.906633122390797,17.90691868928614,18.052035449641032,18.0
6.134000000000383,500.0,500.06200000462434,17.906905990794122,17.907181071022023,18.05204121839389,18.0
6.1350000000003835,500.0,500.06188941234365,17.907167526173076,17.90743230929076,18.052046907889316,18.0
6.136000000000384,500.0,500.06177967355876,17.907417949759278,17.907672623653696,18.052052518196668,18.0
6.137000000000384,500.0,500.06167078681904,17.907657479469577,17.907902230246556,18.0520580494897,18.0
6.1380000000003845,500.0,500.0615627502254,17.907886329929653,17.908121341817672,18.052063502035253,18.0
6.139000000000385,500.0,500.061455561477,17.90810471249964,17.908330167766742,18.052068876182986,18.0
6.140000000000385,500.0,500.06134921791386,17.90831283530077,17.90852891418335,18.05207417235544,18.0
6.1410000000003855,500.0,500.0612437165541,17.90851090324453,17.90871778388676,18.052079391039925,18.0
6.142000000000386,500.0,500.0611390541285,17.908699118062636,17.908896976465492,18.052084532780775,18.0
6.143000000000386,500.0,500.0610352271112,17.908877678338044,17.90906668831696,18.052089598172216,18.0
6.1440000000003865,500.0,500.0609322317481,17.909046779537455,17.909227112687706,18.052094587852388,18.0
6.145000000000387,500.0,500.0608300640823,17.909206614044322,17.90937843971338,18.052099502497644,18.0
6.146000000000387,500.0,500.0607287199763,17.909357371192414,17.909520856458528,18.05210434281723,18.0
6.1470000000003875,500.0,500.0606281951328,17.9094992373006,17.909654546956972,18.0521091095491,18.0
6.148000000000388,500.0,500.060528485114,17.90963239570766,17.90977969225164,18.0521138034557,18.0
6.149000000000388,500.0,500.0604295853579,17.909757026807537,17.90989647043427,18.05211842532022,18.0
6.1500000000003885,500.0,500.06033149119366,17.909873308084848,17.910005056684966,18.052122975943124,18.0
6.151000000000389,500.0,500.0602341978548,17.909981414150838,17.910105623311697,18.052127456139317,18.0
6.152000000000389,500.0,500.0601377004926,17.91008151677965,17.910198339789755,18.052131866735657,18.0
6.1530000000003895,500.0,500.06004199418663,17.910173784944234,17.910283372800528,18.052136208568346,18.0
6.15400000000039,500.0,500.0599470739553,17.910258384852238,17.91036088626984,18.052140482480446,18.0
6.15500000000039,500.0,500.0598529347642,17.910335479982837,17.91043104140711,18.052144689320677,18.0
6.1560000000003905,500.0,500.0597595715353,17.910405231122315,17.910493996742833,18.052148829941075,18.0
6.157000000000391,500.0,500.05966697915386,17.91046779640026,17.910549908166544,18.052152905195644,18.0
6.158000000000391,500.0,500.059575152475,17.910523331325518,17.910598928964305,18.052156915938987,18.0
6.1590000000003915,500.0,500.05948408633026,17.910571988821772,17.910641209855612,18.052160863024937,18.0
6.160000000000392,500.0,500.05939377553256,17.910613919263522,17.91067689903058,18.052164747305866,18.0
6.161000000000392,500.0,500.05930421488097,17.91064927051085,17.91070614218569,18.052168569631096,18.0
6.1620000000003925,500.0,500.05921539916585,17.910678187945074,17.910729082560337,18.05217233084661,18.0
6.163000000000393,500.0,500.05912732317256,17.910700814503194,17.910745860972032,18.052176031793845,18.0
6.164000000000393,500.0,500.0590399816845,17.910717290712622,17.910756615851792,18.05217967330917,18.0
6.1650000000003935,500.0,500.05895336948737,17.910727754725663,17.910761483279117,18.05218325622344,18.0
6.166000000000394,500.0,500.05886748137095,17.910732342353157,17.910760597016125,18.052186781361158,18.0
6.167000000000394,500.0,500.05878231213234,17.9107311870984,17.91075408854184,18.05219024954022,18.0
6.1680000000003945,500.0,500.0586978565783,17.910724420190594,17.910742087085904,18.052193661571586,18.0
6.169000000000395,500.0,500.05861410952735,17.91071217061748,17.91072471966149,18.05219701825859,18.0
6.170000000000395,500.0,500.0585310658116,17.910694565158582,17.910702111098676,18.052200320397134,18.0
6.1710000000003955,500.0,500.0584487202782,17.910671728417036,17.910674384076387,18.05220356877491,18.0
6.172000000000396,500.0,500.0583670677913,17.910643782851977,17.910641659154912,18.052206764171657,18.0
6.173000000000396,500.0,500.0582861032335,17.910610848809885,17.910604054807205,18.052209907358556,18.0
6.1740000000003965,500.0,500.05820582150653,17.910573044555868,17.910561687450215,18.052212999098188,18.0
6.175000000000397,500.0,500.0581262175326,17.910530486304893,17.91051467147604,18.052216040144643,18.0
6.176000000000397,500.0,500.0580472862556,17.910483288252184,17.910463119282273,18.052219031243308,18.0
6.1770000000003975,500.0,500.05796902264126,17.91043156260314,17.910407141301803,18.052221973130468,18.0
6.178000000000398,500.0,500.05789142167913,17.910375419603728,17.910346846033093,18.052224866533866,18.0
6.179000000000398,500.0,500.057814478382,17.91031496756932,17.91028234006888,18.05222771217197,18.0
6.1800000000003985,500.0,500.05773818778755,17.91025031291432,17.910213728125633,18.052230510754566,18.0
6.181000000000399,500.0,500.0576625449579,17.91018156018062,17.910141113071806,18.05223326298234,18.0
6.182000000000399,500.0,500.0575875449811,17.910108812066014,17.91006459595611,18.052235969547084,18.0
6.1830000000003995,500.0,500.05751318297087,17.910032169452236,17.909984276035303,18.052238631131605,18.0
6.1840000000004,500.0,500.0574394540671,17.909951731432503,17.90990025080152,18.05224124840971,18.0
6.1850000000004,500.0,500.0573663534362,17.90986759533901,17.909812616009564,18.05224382204645,18.0
6.1860000000004005,500.0,500.0572938762713,17.909779856769678,17.909721465703402,18.052246352697942,18.0
6.187000000000401,500.0,500.05722201779287,17.909688609614836,17.90962689224261,18.052248841011576,18.0
6.188000000000401,500.0,500.05715077324857,17.909593946083596,17.909528986328482,18.052251287626135,18.0
6.1890000000004015,500.0,500.05708013791343,17.909495956729273,17.90942783702924,18.0522536931715,18.0
6.190000000000402,500.0,500.05701010709026,17.909394730475345,17.9093235318057,18.05225605826907,18.0
6.191000000000402,500.0,500.0569406761091,17.90929035464038,17.90921615653595,18.052258383531623,18.0
6.1920000000004025,500.0,500.0568718403281,17.909182914963043,17.909105795540096,18.05226066956351,18.0
6.193000000000403,500.0,500.0568035951334,17.909072495626685,17.908992531604593,18.052262916960853,18.0
6.194000000000403,500.0,500.0567359359387,17.908959179283222,17.90887644600584,18.052265126311315,18.0
6.1950000000004035,500.0,500.05666885818647,17.908843047077305,17.908757618534107,18.052267298194494,18.0
6.196000000000404,500.0,500.0566023573462,17.90872417866946,17.908636127516377,18.05226943318166,18.0
6.197000000000404,500.0,500.056536428916,17.908602652259688,17.908512049839732,18.052271531836272,18.0
6.1980000000004045,500.0,500.0564710684219,17.908478544609956,17.908385460973502,18.052273594713633,18.0
6.199000000000405,500.0,500.0564062714179,17.908351931067052,17.908256434991923,18.052275622361318,18.0
6.200000000000405,500.0,500.05634203348586,17.90822288558462,17.908125044595856,18.052277615319074,18.0
6.2010000000004055,500.0,500.0562783502359,17.908091480745128,17.90799136113453,18.05227957411895,18.0
6.202000000000406,500.0,500.0562152173056,17.907957787781598,17.907855454626986,18.052281499285492,18.0
6.203000000000406,500.0,500.0561526303608,17.907821876598828,17.907717393783035,18.052283391335763,18.0
6.2040000000004065,500.0,500.0560905850952,17.90768381579445,17.907577246024054,18.05228525077945,18.0
6.205000000000407,500.0,500.0560290772301,17.907543672679306,17.907435077503152,18.05228707811868,18.0
6.206000000000407,500.0,500.05596810251467,17.907401513298566,17.90729095312595,18.052288873848735,18.0
6.2070000000004075,500.0,500.0559076567254,17.90725740245106,17.907144936569733,18.052290638457414,18.0
6.208000000000408,500.0,500.0558477356665,17.907111403709646,17.906997090303538,18.05229237242562,18.0
6.209000000000408,500.0,500.05578833516967,17.90696357944083,17.9068474756075,18.0522940762275,18.0
6.2100000000004085,500.0,500.055729451094,17.906813990823686,17.906696152591557,18.05229575033021,18.0
6.211000000000409,500.0,500.0556710793261,17.906662697868963,17.906543180214335,18.052297395194074,18.0
6.212000000000409,500.0,500.05561321577943,17.9065097594378,17.90638861630156,18.052299011272712,18.0
6.2130000000004095,500.0,500.0555558563949,17.906355233260438,17.906232517564575,18.052300599013332,18.0
6.21400000000041,500.0,500.0554989971404,17.906199175954214,17.90607493961808,18.05230215885662,18.0
6.21500000000041,500.0,500.05544263401055,17.906041643041316,17.905915936997676,18.05230369123671,18.0
6.2160000000004105,500.0,500.055386763027,17.905882688966816,17.905755563177635,18.052305196581568,18.0
6.217000000000411,500.0,500.05533138023804,17.90572236711583,17.905593870587843,18.05230667531286,18.0
6.218000000000411,500.0,500.0552764817189,17.90556072983074,17.90543091063082,18.05230812784609,18.0
6.2190000000004115,500.0,500.05522206357125,17.90539782842824,17.905266733698507,18.052309554590835,18.0
6.220000000000412,500.0,500.0551681219231,17.905233713215726,17.905101389188466,18.052310955950535,18.0
6.221000000000412,500.0,500.0551146529287,17.905068433507815,17.904934925520156,18.052312332322668,18.0
6.2220000000004125,500.0,500.05506165276887,17.90490203764264,17.904767390151036,18.05231368409898,18.0
6.223000000000413,500.0,500.0550091176503,17.904734572997796,17.904598829592278,18.052315011665545,18.0
6.224000000000413,500.0,500.05495704380553,17.904566086005996,17.904429289424243,18.0523163154028,18.0
6.2250000000004135,500.0,500.0549054274934,17.904396622170417,17.90425881431159,18.052317595685487,18.0
6.226000000000414,500.0,500.0548542649984,17.90422622608012,17.9040874480185,18.052318852882912,18.0
6.227000000000414,500.0,500.0548035526308,17.904054941424867,17.903915233423312,18.0523200873588,18.0
6.2280000000004145,500.0,500.0547532867262,17.903882811010327,17.903742212533505,18.0523212994718,18.0
6.229000000000415,500.0,500.0547034636459,17.903709876772208,17.903568426499632,18.05232248957507,18.0
6.230000000000415,500.0,500.05465407977664,17.903536179790983,17.903393915629895,18.052323658016753,18.0
6.2310000000004155,500.0,500.0546051315299,17.903361760305483,17.903218719403494,18.052324805139463,18.0
6.232000000000416,500.0,500.0545566153426,17.903186657727797,17.90304287648538,18.052325931281317,18.0
6.233000000000416,500.0,500.054508527677,17.903010910655993,17.90286642473874,18.05232703677499,18.0
6.2340000000004165,500.0,500.0544608650196,17.902834556888493,17.902689401239257,18.052328121948648,18.0
6.235000000000417,500.0,500.0544136238823,17.90265763343673,17.902511842287534,18.052329187125324,18.0
6.236000000000417,500.0,500.0543668008012,17.902480176538493,17.902333783422282,18.052330232623195,18.0
6.2370000000004175,500.0,500.05432039233733,17.902302221671096,17.902155259433314,18.052331258755935,18.0
6.238000000000418,500.0,500.0542743950758,17.902123803563907,17.901976304373882,18.052332265832497,18.0
6.239000000000418,500.0,500.0542288056262,17.901944956211015,17.9017969515732,18.052333254157343,18.0
6.2400000000004185,500.0,500.0541836206222,17.90176571288342,17.901617233648444,18.052334224030353,18.0
6.241000000000419,500.0,500.05413883672196,17.90158610614112,17.901437182516695,18.052335175746755,18.0
6.242000000000419,500.0,500.0540944506071,17.90140616784569,17.90125682940732,18.052336109597817,18.0
6.2430000000004195,500.0,500.0540504589833,17.901225929171346,17.901076204872922,18.052337025870145,18.0
6.24400000000042,500.0,500.05400685857984,17.901045420616978,17.900895338801153,18.052337924846128,18.0
6.24500000000042,500.0,500.05396364614984,17.900864672017637,17.900714260426113,18.052338806804105,18.0
6.2460000000004205,500.0,500.0539208184698,17.900683712555765,17.900532998339365,18.05233967201827,18.0
6.247000000000421,500.0,500.0538783723395,17.900502570772073,17.900351580500697,18.05234052075857,18.0
6.248000000000421,500.0,500.0538363045823,17.90032127457666,17.900170034249072,18.052341353290924,18.0
6.2490000000004216,500.0,500.05379461204416,17.900139851259862,17.899988386313346,18.05234216987734,18.0
6.250000000000422,500.0,500.05375329159443,17.89995832750292,17.899806662822762,18.052342970776017,18.0
6.251000000000422,500.0,500.0537123401254,17.89977672938822,17.899624889317085,18.05234375624126,18.0
6.2520000000004226,500.0,500.0536717545519,17.899595082409608,17.899443090756733,18.052344526523477,18.0
6.253000000000423,500.0,500.05363153181145,17.899413411482573,17.899261291532845,18.052345281869318,18.0
6.254000000000423,500.0,500.0535916688642,17.899231740954278,17.899079515477172,18.052346022521792,18.0
6.2550000000004236,500.0,500.0535521626929,17.8990500946135,17.89889778587187,18.052346748720417,18.0
6.256000000000424,500.0,500.05351301030214,17.89886849569992,17.89871612545867,18.0523474607009,18.0
6.257000000000424,500.0,500.0534742087191,17.89868696691399,17.8985345564486,18.052348158695516,18.0
6.258000000000425,500.0,500.05343575499285,17.898505530426192,17.898353100531114,18.05234884293305,18.0
6.259000000000425,500.0,500.05339764619436,17.898324207886123,17.89817177888308,18.05234951363871,18.0
6.260000000000425,500.0,500.0533598794165,17.89814302043205,17.897990612178123,18.05235017103458,18.0
6.261000000000426,500.0,500.05332245177397,17.897961988699286,17.897809620594998,18.05235081533918,18.0
6.262000000000426,500.0,500.0532853604027,17.897781132829373,17.897628823826555,18.052351446767837,18.0
6.263000000000426,500.0,500.0532486024603,17.897600472478796,17.897448241088348,18.052352065532723,18.0
6.264000000000427,500.0,500.05321217512596,17.897420026827128,17.897267891126706,18.05235267184259,18.0
6.265000000000427,500.0,500.0531760755996,17.897239814585756,17.8970877922273,18.052353265903115,18.0
6.266000000000427,500.0,500.0531403011026,17.89705985400639,17.896907962223523,18.052353847917082,18.0
6.267000000000428,500.0,500.05310484887724,17.89688016288848,17.89672841850385,18.052354418083837,18.0
6.268000000000428,500.0,500.05306971618654,17.896700758587993,17.89654917802044,18.052354976599954,18.0
6.269000000000428,500.0,500.05303490031423,17.896521658025073,17.896370257296716,18.05235552365913,18.0
6.270000000000429,500.0,500.0530003985651,17.89634287769152,17.89619167243473,18.052356059451885,18.0
6.271000000000429,500.0,500.0529662082639,17.896164433658768,17.896013439123045,18.052356584165953,18.0
6.272000000000429,500.0,500.05293232675604,17.895986341585346,17.895835572644064,18.052357097986228,18.0
6.27300000000043,500.0,500.05289875140755,17.89580861672436,17.895658087881415,18.052357601094883,18.0
6.27400000000043,500.0,500.05286547960384,17.89563127393052,17.8954809993269,18.05235809367115,18.0
6.27500000000043,500.0,500.05283250875067,17.895454327667576,17.895304321087785,18.05235857589159,18.0
6.276000000000431,500.0,500.0527998362742,17.895277792015378,17.89512806689379,18.052359047930107,18.0
6.277000000000431,500.0,500.05276745961953,17.89510168067686,17.894952250103977,18.052359509958073,18.0
6.278000000000431,500.0,500.0527353762524,17.894926006984644,17.894776883713227,18.052359962144045,18.0
6.279000000000432,500.0,500.0527035836571,17.894750783908012,17.894601980359152,18.05236040465408,18.0
6.280000000000432,500.0,500.05267207933827,17.894576024059553,17.894427552328608,18.052360837651754,18.0
6.281000000000432,500.0,500.05264086081917,17.894401739701504,17.894253611563997,18.052361261298053,18.0
6.282000000000433,500.0,500.0526099256429,17.894227942752494,17.89408016966986,18.052361675751673,18.0
6.283000000000433,500.0,500.05257927137114,17.894054644793357,17.893907237918626,18.05236208116856,18.0
6.284000000000433,500.0,500.05254889558466,17.893881857073964,17.893734827257365,18.052362477702577,18.0
6.285000000000434,500.0,500.0525187958833,17.893709590518984,17.893562948313445,18.052362865505145,18.0
6.286000000000434,500.0,500.0524889698855,17.893537855734017,17.893391611400574,18.052363244725395,18.0
6.287000000000434,500.0,500.05245941522816,17.893366663011154,17.893220826524303,18.05236361550983,18.0
6.288000000000435,500.0,500.05243012956686,17.893196022335726,17.893050603388648,18.052363978003257,18.0
6.289000000000435,500.0,500.0524011105758,17.8930259433911,17.892880951400844,18.0523643323479,18.0
6.290000000000435,500.0,500.05237235594683,17.89285643556487,17.89271187967743,18.052364678683947,18.0
6.291000000000436,500.0,500.0523438633907,17.892687507954125,17.892543397049437,18.05236501714927,18.0
6.292000000000436,500.0,500.05231563063575,17.892519169371134,17.892375512068003,18.052365347879732,18.0
6.293000000000436,500.0,500.0522876554284,17.892351428348594,17.892208233009537,18.052365671009014,18.0
6.294000000000437,500.0,500.0522599355329,17.892184293145057,17.892041567881076,18.05236598666884,18.0
6.295000000000437,500.0,500.052232468731,17.892017771750005,17.891875524425274,18.052366294988822,18.0
6.296000000000437,500.0,500.0522052528225,17.89185187188906,17.89171011012553,18.052366596096565,18.0
6.297000000000438,500.0,500.05217828562405,17.89168660102902,17.891545332210985,18.05236689011774,18.0
6.298000000000438,500.0,500.05215156497036,17.891521966382747,17.891381197661296,18.05236717717598,18.0
6.299000000000438,500.0,500.05212508871256,17.891357974914115,17.89121771321154,18.052367457393036,18.0
6.300000000000439,500.0,500.05209885471965,17.89119463334294,17.891054885357054,18.052367730888868,18.0
6.301000000000439,500.0,500.0520728608773,17.89103194814954,17.890892720357932,18.05236799778154,18.0
6.302000000000439,500.0,500.05204710508843,17.89086992557932,17.890731224243567,18.0523682581872,18.0
6.30300000000044,500.0,500.05202158527226,17.89070857164742,17.89057040281719,18.05236851222015,18.0
6.30400000000044,500.0,500.05199629936516,17.890547892143402,17.890410261660513,18.052368759993065,18.0
6.30500000000044,500.0,500.0519712453196,17.89038789263534,17.890250806137747,18.052369001616704,18.0
6.306000000000441,500.0,500.0519464211053,17.890228578474524,17.89009204140025,18.052369237200278,18.0
6.307000000000441,500.0,500.05192182470734,17.890069954799305,17.8899339723903,18.05236946685104,18.0
6.308000000000441,500.0,500.0518974541278,17.889912026539665,17.88977660384562,18.05236969067469,18.0
6.309000000000442,500.0,500.0518733073847,17.889754798421382,17.889619940303433,18.05236990877537,18.0
6.310000000000442,500.0,500.05184938251193,17.889598274969764,17.889463986104204,18.052370121255397,18.0
6.311000000000442,500.0,500.0518256775597,17.889442460514097,17.889308745395965,18.05237032821573,18.0
6.312000000000443,500.0,500.05180219059343,17.889287359191187,17.889154222137844,18.052370529755564,18.0
6.313000000000443,500.0,500.0517789196949,17.88913297494933,17.88900042010395,18.052370725972477,18.0
6.314000000000443,500.0,500.05175586296093,17.888979311552248,17.888847342887278,18.05237091696258,18.0
6.315000000000444,500.0,500.0517330185043,17.888826372582844,17.888694993903357,18.052371102820516,18.0
6.316000000000444,500.0,500.0517103844529,17.888674161446847,17.888543376393898,18.05237128363947,18.0
6.317000000000444,500.0,500.0516879589498,17.88852268137621,17.88839249343011,18.052371459510976,18.0
6.318000000000445,500.0,500.0516657401538,17.88837193543317,17.8882423479167,18.0523716305254,18.0
6.319000000000445,500.0,500.05164372623807,17.888221926512962,17.88809294259455,18.052371796771208,18.0
6.320000000000445,500.0,500.05162191539125,17.88807265734833,17.887944280045154,18.05237195833603,18.0
6.321000000000446,500.0,500.0516003058166,17.88792413051197,17.887796362693038,18.052372115305737,18.0
6.322000000000446,500.0,500.051578895732,17.887776348420218,17.88764919280938,18.05237226776485,18.0
6.323000000000446,500.0,500.0515576833705,17.887629313336625,17.887502772515518,18.052372415796796,18.0
6.324000000000447,500.0,500.05153666697925,17.887483027374607,17.887357103785607,18.052372559483448,18.0
6.325000000000447,500.0,500.0515158448201,17.887337492500826,17.88721218844989,18.05237269890527,18.0
6.326000000000447,500.0,500.0514952151689,17.88719271053864,17.887068028198122,18.052372834141746,18.0
6.327000000000448,500.0,500.05147477631607,17.887048683170732,17.88692462458217,18.05237296527093,18.0
6.328000000000448,500.0,500.05145452656626,17.8869054119423,17.88678197901913,18.052373092369656,18.0
6.329000000000448,500.0,500.0514344642377,17.88676289826381,17.886640092794064,18.052373215513366,18.0
6.330000000000449,500.0,500.05141458766315,17.886621143414388,17.886498967063297,18.052373334776583,18.0
6.331000000000449,500.0,500.05139489518854,17.88648014854431,17.886358602856923,18.0523734502326,18.0
6.332000000000449,500.0,500.05137538517425,17.886339914677556,17.886219001081283,18.05237356195323,18.0
6.33300000000045,500.0,500.051356055994,17.886200442715044,17.886080162522155,18.052373670009295,18.0
6.33400000000045,500.0,500.05133690603475,17.886061733437263,17.88594208784735,18.05237377447054,18.0
6.33500000000045,500.0,500.05131793369736,17.885923787506822,17.88580477760923,18.052373875405586,18.0
6.336000000000451,500.0,500.05129913739574,17.88578660547108,17.88566823224727,18.052373972881913,18.0
6.337000000000451,500.0,500.0512805155572,17.88565018776464,17.885532452090544,18.052374066965815,18.0
6.338000000000451,500.0,500.0512620666222,17.885514534712108,17.885397437360428,18.052374157722642,18.0
6.339000000000452,500.0,500.0512437890443,17.885379646530417,17.885263188172868,18.05237424521663,18.0
6.340000000000452,500.0,500.05122568128985,17.88524552333134,17.885129704540887,18.05237432951103,18.0
6.341000000000452,500.0,500.05120774183837,17.88511216512378,17.884996986376834,18.05237441066799,18.0
6.342000000000453,500.0,500.0511899691818,17.884979571816242,17.884865033494783,18.05237448874866,18.0
6.343000000000453,500.0,500.05117236182497,17.884847743219034,17.88473384561273,18.05237456381311,18.0
6.344000000000453,500.0,500.05115491828525,17.88471667904673,17.88460342235502,18.052374635920543,18.0
6.345000000000454,500.0,500.0511376370924,17.884586378920346,17.88447376325447,18.052374705129225,18.0
6.346000000000454,500.0,500.05112051678867,17.884456842369552,17.88434486775454,18.052374771496506,18.0
6.347000000000454,500.0,500.0511035559288,17.884328068834552,17.884216735211233,18.0523748350786,18.0
6.348000000000455,500.0,500.05108675307946,17.884200057668615,17.884089364895512,18.05237489593095,18.0
6.349000000000455,500.0,500.05107010681957,17.884072808139898,17.883962755995146,18.05237495410799,18.0
6.350000000000455,500.0,500.05105361574016,17.883946319433708,17.88383690761692,18.05237500966341,18.0
6.351000000000456,500.0,500.0510372784441,17.883820590654228,17.883711818788335,18.052375062649844,18.0
6.352000000000456,500.0,500.0510210935461,17.883695620826614,17.88358748845966,18.052375113119012,18.0
6.353000000000456,500.0,500.0510050596727,17.88357140889919,17.88346391550612,18.05237516112201,18.0
6.354000000000457,500.0,500.0509891754619,17.883447953745023,17.8833410987294,18.05237520670893,18.0
6.355000000000457,500.0,500.05097343956356,17.88332525416392,17.88321903685965,18.052375249929078,18.0
6.356000000000457,500.0,500.050957850639,17.883203308884333,17.88309772855736,18.052375290830984,18.0
6.357000000000458,500.0,500.0509424073608,17.88308211656507,17.882977172414996,18.05237532946235,18.0
6.358000000000458,500.0,500.0509271084131,17.882961675797013,17.88285736695874,18.05237536587,18.0
6.359000000000458,500.0,500.050911952491,17.88284198510501,17.88273831065034,18.052375400100043,18.0
6.360000000000459,500.0,500.05089693830087,17.88272304294961,17.88262000188878,18.05237543219789,18.0
6.361000000000459,500.0,500.05088206456014,17.88260484772833,17.8825024390116,18.052375462207895,18.0
6.362000000000459,500.0,500.0508673299974,17.88248739777806,17.882385620297153,18.05237549017405,18.0
6.36300000000046,500.0,500.0508527333519,17.88237069137603,17.882269543965684,18.052375516139428,18.0
6.36400000000046,500.0,500.0508382733738,17.882254726741692,17.88215420818108,18.052375540146432,18.0
6.36500000000046,500.0,500.0508239488239,17.882139502038093,17.882039611052264,18.052375562236612,18.0
6.366000000000461,500.0,500.05080975847375,17.88202501537362,17.881925750634895,18.052375582450924,18.0
6.367000000000461,500.0,500.05079570110547,17.88191126480352,17.881812624932877,18.05237560082971,18.0
6.368000000000461,500.0,500.0507817755115,17.881798248331094,17.881700231899526,18.052375617412476,18.0
6.369000000000462,500.0,500.050767980495,17.88168596390952,17.881588569439366,18.05237563223824,18.0
6.370000000000462,500.0,500.05075431486915,17.881574409442855,17.8814776354091,18.052375645345116,18.0
6.371000000000462,500.0,500.0507407774575,17.88146358278776,17.881367427619324,18.052375656770675,18.0
6.372000000000463,500.0,500.05072736709354,17.881353481754886,17.88125794383588,18.05237566655196,18.0
6.373000000000463,500.0,500.05071408262114,17.881244104109996,17.881149181780955,18.05237567472527,18.0
6.374000000000463,500.0,500.0507009228942,17.881135447575456,17.88104113913456,18.052375681326335,18.0
6.375000000000464,500.0,500.0506878867761,17.88102750983152,17.880933813535773,18.05237568639031,18.0
6.376000000000464,500.0,500.05067497314064,17.880920288517377,17.8808272025838,18.052375689951592,18.0
6.377000000000464,500.0,500.05066218087086,17.880813781232675,17.88072130383943,18.05237569204406,18.0
6.378000000000465,500.0,500.05064950886015,17.880707985538706,17.88061611482623,18.052375692701062,18.0
6.379000000000465,500.0,500.05063695601064,17.880602898959435,17.880511633031556,18.052375691955287,18.0
6.380000000000465,500.0,500.0506245212348,17.88049851898299,17.880407855908004,18.052375689839014,18.0
6.381000000000466,500.0,500.05061220345397,17.880394843062366,17.880304780874095,18.052375686383723,18.0
6.382000000000466,500.0,500.05060000159915,17.88029186861713,17.880202405315988,18.052375681620656,18.0
6.383000000000466,500.0,500.0505879146107,17.880189593033798,17.88010072658779,18.05237567558008,18.0
6.384000000000467,500.0,500.0505759414381,17.880088013667848,17.879999742013606,18.052375668292257,18.0
6.385000000000467,500.0,500.0505640810401,17.879987127843854,17.8798994488876,18.052375659786446,18.0
6.386000000000467,500.0,500.05055233238437,17.87988693285738,17.879799844475908,18.05237565009183,18.0
6.387000000000468,500.0,500.05054069444776,17.87978742597523,17.879700926016845,18.052375639236672,18.0
6.388000000000468,500.0,500.050529166216,17.879688604437057,17.87960269072253,18.052375627249,18.0
6.389000000000468,500.0,500.05051774668374,17.879590465456126,17.879505135779585,18.052375614156315,18.0
6.390000000000469,500.0,500.05050643485424,17.879493006220073,17.87940825834992,18.052375599985442,18.0
6.391000000000469,500.0,500.0504952297398,17.879396223892464,17.879312055572232,18.052375584763087,18.0
6.392000000000469,500.0,500.05048413036116,17.879300115612843,17.879216524562082,18.052375568515032,18.0
6.39300000000047,500.0,500.0504731357476,17.879204678498613,17.879121662413734,18.05237555126704,18.0
6.39400000000047,500.0,500.05046224493714,17.879109909645173,17.87902746620026,18.05237553304415,18.0
6.39500000000047,500.0,500.0504514569761,17.879015806127246,17.878933932974892,18.0523755138711,18.0
6.396000000000471,500.0,500.0504407709191,17.878922364999458,17.878841059771545,18.05237549377208,18.0
6.397000000000471,500.0,500.05043018582955,17.87882958329732,17.87874884360581,18.052375472770837,18.0
6.398000000000471,500.0,500.0504197007785,17.87873745803811,17.87865728147583,18.052375450890803,18.0
6.399000000000472,500.0,500.05040931484535,17.87864598622155,17.878566370362915,18.052375428154882,18.0
6.400000000000472,500.0,500.050399027118,17.878555164830644,17.87847610723241,18.05237540458557,18.0
6.401000000000472,500.0,500.0503888366918,17.878464990832647,17.878386489034636,18.05237538020513,18.0
6.402000000000473,500.0,500.05037874267066,17.878375461179417,17.87829751270522,18.052375355035167,18.0
6.403000000000473,500.0,500.05036874416584,17.878286572808616,17.878209175166283,18.052375329097096,18.0
6.404000000000473,500.0,500.05035884029695,17.878198322644092,17.87812147332682,18.052375302411832,18.0
6.405000000000474,500.0,500.050349030191,17.878110707596743,17.878034404083564,18.052375274999925,18.0
6.406000000000474,500.0,500.050339312983,17.878023724565235,17.87794796432162,18.05237524688154,18.0
6.407000000000474,500.0,500.05032968781563,17.877937370436634,17.877862150915185,18.052375218076463,18.0
6.408000000000475,500.0,500.05032015383887,17.877851642087347,17.877776960728383,18.05237518860435,18.0
6.409000000000475,500.0,500.05031071021045,17.877766536383106,17.877692390615305,18.05237515848407,18.0
6.410000000000475,500.0,500.0503013560957,17.8776820501804,17.87760843742139,18.052375127734475,18.0
6.411000000000476,500.0,500.0502920906671,17.877598180326622,17.87752509798358,18.052375096373947,18.0
6.412000000000476,500.0,500.05028291310447,17.877514923660904,17.87744236913112,18.052375064420605,18.0
6.413000000000476,500.0,500.05027382259516,17.877432277014478,17.87736024768593,18.052375031892055,18.0
6.414000000000477,500.0,500.05026481833363,17.87735023721157,17.87727873046348,18.052374998805735,18.0
6.415000000000477,500.0,500.0502558995215,17.877268801069857,17.87719781427323,18.05237496517875,18.0
6.416000000000477,500.0,500.05024706536744,17.877187965400932,17.877117495919084,18.052374931027806,18.0
6.417000000000478,500.0,500.05023831508726,17.877107727011122,17.877037772200204,18.05237489636947,18.0
6.418000000000478,500.0,500.0502296479038,17.877028082701496,17.876958639911,18.052374861219647,18.0
6.419000000000478,500.0,500.0502210630466,17.87694902926906,17.87688009584233,18.052374825594224,18.0
6.420000000000479,500.0,500.0502125597524,17.876870563506962,17.87680213678166,18.052374789508782,18.0
6.421000000000479,500.0,500.0502041372646,17.876792682204957,17.876724759513557,18.05237475297857,18.0
6.422000000000479,500.0,500.0501957948333,17.87671538214989,17.876647960820133,18.052374716018452,18.0
6.42300000000048,500.0,500.0501875317153,17.876638660126197,17.876571737481573,18.052374678642995,18.0
6.42400000000048,500.0,500.0501793471742,17.87656251291662,17.876496086276784,18.052374640866613,18.0
6.42500000000048,500.0,500.0501712404798,17.87648693730244,17.876421003983666,18.052374602703456,18.0
6.426000000000481,500.0,500.05016321090903,17.876411930064073,17.876346487379667,18.05237456416745,18.0
6.427000000000481,500.0,500.05015525774496,17.876337487981104,17.87627253324185,18.052374525271993,18.0
6.428000000000481,500.0,500.0501473802771,17.876263607833263,17.876199138347797,18.0523744860304,18.0
6.429000000000482,500.0,500.05013957780125,17.876190286400576,17.876126299475825,18.052374446455723,18.0
6.430000000000482,500.0,500.05013184962,17.876117520463776,17.87605401340532,18.052374406560688,18.0
6.431000000000482,500.0,500.05012419504146,17.876045306804798,17.875982276917263,18.052374366357853,18.0
6.432000000000483,500.0,500.0501166133804,17.875973642207214,17.87591108679464,18.052374325859578,18.0
6.433000000000483,500.0,500.0501091039578,17.875902523456265,17.875840439822476,18.052374285077722,18.0
6.434000000000483,500.0,500.05010166610066,17.87583194733981,17.87577033278878,18.052374244024236,18.0
6.435000000000484,500.0,500.05009429914213,17.87576191064825,17.87570076248442,18.05237420271064,18.0
6.436000000000484,500.0,500.05008700242087,17.875692410174906,17.87563172570357,18.052374161148187,18.0
6.437000000000484,500.0,500.0500797752821,17.875623442716726,17.87556321924433,18.05237411934808,18.0
6.438000000000485,500.0,500.0500726170767,17.875555005074272,17.875495239908748,18.052374077321197,18.0
6.439000000000485,500.0,500.0500655271614,17.875487094052087,17.875427784503167,18.052374035078117,18.0
6.440000000000485,500.0,500.05005850489874,17.875419706459315,17.87536084983886,18.052373992629438,18.0
6.441000000000486,500.0,500.0500515496571,17.875352839109595,17.875294432731867,18.052373949985295,18.0
6.442000000000486,500.0,500.0500446608104,17.875286488821644,17.87522853000363,18.052373907155708,18.0
6.443000000000486,500.0,500.0500378377382,17.875220652419465,17.875163138481142,18.052373864150447,18.0
6.444000000000487,500.0,500.05003107982606,17.875155326732965,17.875098254997603,18.052373820979398,18.0
6.445000000000487,500.0,500.0500243864646,17.87509050859742,17.875033876391832,18.052373777651677,18.0
6.446000000000487,500.0,500.05001775705034,17.875026194854676,17.874969999509503,18.05237373417665,18.0
6.447000000000488,500.0,500.050011190985,17.87496238235288,17.874906621202857,18.052373690563318,18.0
6.448000000000488,500.0,500.0500046876756,17.874899067946945,17.87484373833113,18.052373646820545,18.0
6.449000000000488,500.0,500.049998246535,17.87483624849871,17.874781347760756,18.05237360295699,18.0
6.450000000000489,500.0,500.0499918669811,17.874773920877203,17.874719446365592,18.05237355898109,18.0
6.451000000000489,500.0,500.04998554843695,17.874712081959096,17.87465803102737,18.05237351490126,18.0
6.452000000000489,500.0,500.0499792903311,17.87465072862844,17.874597098635434,18.052373470725446,18.0
6.45300000000049,500.0,500.0499730920972,17.87458985777758,17.874536646087652,18.052373426461788,18.0
6.45400000000049,500.0,500.0499669531742,17.874529466306836,17.874476670290075,18.05237338211805,18.0
6.45500000000049,500.0,500.0499608730057,17.87446955112471,17.874417168157155,18.052373337701656,18.0
6.456000000000491,500.0,500.04995485104064,17.874410109148585,17.874358136612422,18.052373293220136,18.0
6.457000000000491,500.0,500.04994888673303,17.87435113730459,17.874299572588363,18.052373248680826,18.0
6.458000000000491,500.0,500.04994297954175,17.874292632527737,17.874241473026537,18.05237320409079,18.0
6.459000000000492,500.0,500.04993712893065,17.87423459176245,17.874183834878107,18.052373159457165,18.0
6.460000000000492,500.0,500.0499313343686,17.874177011962292,17.874126655103574,18.052373114786704,18.0
6.461000000000492,500.0,500.0499255953288,17.874119890090274,17.87406993067303,18.05237307008585,18.0
6.462000000000493,500.0,500.0499199112898,17.87406322311951,17.874013658566888,18.052373025361312,18.0
6.463000000000493,500.0,500.04991428173474,17.874007008032862,17.873957835775446,18.05237298061946,18.0
6.464000000000493,500.0,500.0499087061514,17.873951241823224,17.873902459299224,18.052372935866504,18.0
6.465000000000494,500.0,500.0499031840323,17.87389592149388,17.873847526149262,18.052372891108618,18.0
6.466000000000494,500.0,500.04989771487453,17.873841044058185,17.873793033346857,18.052372846351542,18.0
6.467000000000494,500.0,500.04989229818005,17.87378660654051,17.873738977924454,18.052372801601337,18.0
6.468000000000495,500.0,500.04988693345496,17.87373260597549,17.873685356924916,18.052372756863484,18.0
6.469000000000495,500.0,500.0498816202102,17.8736790394089,17.873632167402388,18.05237271214366,18.0
6.470000000000495,500.0,500.0498763579609,17.873625903897178,17.873579406421808,18.052372667447077,18.0
6.471000000000496,500.0,500.04987114622685,17.87357319650829,17.87352707105979,18.052372622779238,18.0
6.472000000000496,500.0,500.0498659845322,17.873520914321144,17.87347515840401,18.05237257814522,18.0
6.473000000000496,500.0,500.0498608724052,17.873469054426092,17.87342366555369,18.052372533550066,18.0
6.474000000000497,500.0,500.049855809379,17.873417613925017,17.873372589619763,18.052372488998746,18.0
6.475000000000497,500.0,500.04985079499033,17.87336658993145,17.873321927724866,18.05237244449615,18.0
6.476000000000497,500.0,500.04984582878075,17.873315979570275,17.87327167700313,18.052372400046693,18.0
6.477000000000498,500.0,500.04984091029553,17.873265779978606,17.873221834601036,18.052372355655113,18.0
6.478000000000498,500.0,500.04983603908454,17.87321598830543,17.87317239767702,18.052372311325946,18.0
6.479000000000498,500.0,500.0498312147016,17.873166601711624,17.873123363401522,18.052372267063514,18.0
6.480000000000499,500.0,500.04982643670473,17.873117617370085,17.87307472895709,18.05237222287191,18.0
6.481000000000499,500.0,500.04982170465564,17.873069032466137,17.873026491538816,18.052372178755373,18.0
6.482000000000499,500.0,500.0498170181208,17.873020844197377,17.87297864835414,18.052372134717977,18.0
6.4830000000005,500.0,500.04981237666976,17.872973049773663,17.872931196622854,18.052372090763598,18.0
6.4840000000005,500.0,500.0498077798768,17.87292564641739,17.87288413357737,18.052372046896064,18.0
6.4850000000005,500.0,500.0498032273195,17.872878631363406,17.872837456462637,18.052372003119036,18.0
6.486000000000501,500.0,500.0497987185798,17.872832001859422,17.872791162536544,18.052371959436314,18.0
6.487000000000501,500.0,500.04979425324336,17.872785755165687,17.87274524906959,18.052371915851463,18.0
6.488000000000501,500.0,500.0497898308996,17.87273988855503,17.87269971334494,18.052371872367782,18.0
6.489000000000502,500.0,500.0497854511418,17.87269439931326,17.872654552658794,18.052371828988637,18.0
6.490000000000502,500.0,500.0497811135668,17.872649284739072,17.872609764320305,18.0523717857173,18.0
6.491000000000502,500.0,500.04977681777547,17.87260454214408,17.872565345651612,18.052371742556954,18.0
6.492000000000503,500.0,500.049772563372,17.872560168852843,17.87252129398786,18.05237169951064,18.0
6.493000000000503,500.0,500.0497683499643,17.872516162203066,17.87247760667741,18.052371656581446,18.0
6.494000000000503,500.0,500.0497641771643,17.872472519545564,17.872434281081755,18.052371613772358,18.0
6.495000000000504,500.0,500.0497600445871,17.87242923824406,17.87239131457538,18.052371571086052,18.0
6.496000000000504,500.0,500.0497559518517,17.87238631567563,17.872348704546166,18.052371528525317,18.0
6.497000000000504,500.0,500.04975189858004,17.872343749230577,17.872306448395243,18.052371486092838,18.0
6.498000000000505,500.0,500.0497478843982,17.872301536312495,17.87226454353712,18.05237144379129,18.0
6.499000000000505,500.0,500.0497439089352,17.872259674338157,17.87222298739949,18.052371401623127,18.0
6.500000000000505,500.0,503.0790817141382,13.560029511517627,13.62853900508181,13.767900375789596,8.0
6.501000000000506,500.0,504.60314191008257,10.591022379184354,10.69750357275479,10.808717480061317,8.0
6.502000000000506,500.0,505.12854340905403,8.645680071648995,8.772725320709965,8.865474254684035,8.0
6.503000000000506,500.0,505.03134011581363,7.454331711165246,7.589467283102669,7.6708551177120565,8.0
6.504000000000507,500.0,504.58061871631736,6.7984709784889,6.933175261643066,7.0082247871289685,8.0
6.505000000000507,500.0,503.9613164561906,6.507316861985066,6.636120893225692,6.708239117832467,8.0
6.506000000000507,500.0,503.29439548020486,6.4518541872671165,6.571562209687973,6.642943104010911,8.0
6.507000000000508,500.0,502.65381113268785,6.537917358712564,6.646962288789843,6.718919182552579,8.0
6.508000000000508,500.0,502.0802178471346,6.699298052256234,6.797229059268512,6.870459056246938,8.0
6.509000000000508,500.0,501.5916517748328,6.891440423458397,6.978529904048728,7.053317358768952,8.0
6.510000000000509,500.0,501.1915796891491,7.086000051611839,7.162952650554624,7.239320711060126,8.0
6.511000000000509,500.0,500.87475806400244,7.26635413388557,7.33409925414365,7.411918900757055,8.0
6.512000000000509,500.0,500.63134069177937,7.424034287335819,7.483584391990116,7.562649913049292,8.0
6.51300000000051,500.0,500.4496335603505,7.555988669889063,7.608347654355311,7.688426498956689,8.0
6.51400000000051,500.0,500.31783966388446,7.662550583017561,7.708658948798784,7.7895226664332835,8.0
6.51500000000051,500.0,500.2250755691475,7.745983883279327,7.7866899671326255,7.868131677103018,8.0
6.516000000000511,500.0,500.1618829912178,7.809482371362416,7.845531236132511,7.927373885203312,8.0
6.517000000000511,500.0,500.12040625547996,7.856514493585786,7.888548145054238,7.970646773757389,8.0
6.518000000000511,500.0,500.09436207595047,7.8904219065970045,7.918986217559936,8.001226588872322,8.0
6.519000000000512,500.0,500.0788919078572,7.914198000007232,7.93975309975559,8.022048348403622,8.0
6.520000000000512,500.0,500.07035874538167,7.930388745915058,7.953320699398036,8.035607121336872,8.0
6.521000000000512,500.0,500.06612870337824,7.941072431904178,7.961704830729798,8.043937528868074,8.0
6.522000000000513,500.0,500.06436193757224,7.947886637235126,7.966491301213307,8.048640111492892,8.0
6.523000000000513,500.0,500.06382630404346,7.952080256940669,7.968886645593543,8.050932564117389,8.0
6.524000000000513,500.0,500.06373960573575,7.954575676726255,7.969778875967103,8.051711072384562,8.0
6.525000000000514,500.0,500.0636414272461,7.95603165353317,7.969798968384106,8.051612385660398,8.0
6.526000000000514,500.0,500.06329267808167,7.956901389393869,7.969377667616495,8.051071159336267,8.0
6.527000000000514,500.0,500.06259945762446,7.95748301494977,7.968794871190864,8.050369803435327,8.0
6.528000000000515,500.0,500.0615572666362,7.957961505767034,7.968220628303195,8.049679865352658,8.0
6.529000000000515,500.0,500.06021158086105,7.958442178876369,7.967747893797887,8.0490950891679,8.0
6.530000000000515,500.0,500.0586311281093,7.958976553792122,7.967417803372221,8.048656925540204,8.0
6.531000000000516,500.0,500.05689070236696,7.959581664738378,7.967238533821184,8.048373566412742,8.0
6.532000000000516,500.0,500.0550608957255,7.960253995120903,7.967198895518517,8.048233662741566,8.0
6.533000000000516,500.0,500.05320266249555,7.96097915664223,7.967277757085103,8.048215835648524,8.0
6.534000000000517,500.0,500.05136511115666,7.961738314110875,7.9674502834781515,8.048294971480232,8.0
6.535000000000517,500.0,500.04958533091,7.96251220376568,7.96769181863006,8.048446139687801,8.0
6.536000000000517,500.0,500.0478893960186,7.963283434040504,7.967980088025898,8.048646815210722,8.0
6.537000000000518,500.0,500.0462939564585,7.964037608736809,7.968296250565487,8.048877939621478,8.0
6.538000000000518,500.0,500.0448080256578,7.964763681732399,7.968625200752775,8.049124225777772,8.0
6.539000000000518,500.0,500.0434347251225,7.965453842852914,7.968955414863024,8.049374002333712,8.0
6.540000000000519,500.0,500.0421728516678,7.966103146447383,7.969278548343388,8.049618807263144,8.0
6.541000000000519,500.0,500.0410182052006,7.966709025808048,7.96958892461156,8.049852871836888,8.0
6.542000000000519,500.0,500.03996466179274,7.967270785224661,7.9698830050509955,8.050072585665509,8.0
6.54300000000052,500.0,500.03900500499344,7.9677891242161145,7.9701588934695184,8.050275996552783,8.0
6.54400000000052,500.0,500.0381315434879,7.968265722477192,7.970415902785941,8.050462373170053,8.0
6.54500000000052,500.0,500.0373365495706,7.968702896719313,7.970654194690311,8.050631841388295,8.0
6.546000000000521,500.0,500.0366125536575,7.969103329655028,7.97087449231333,8.050785094298107,8.0
6.547000000000521,500.0,500.0359525275346,7.969469865071861,7.971077859768387,8.050923169720722,8.0
6.548000000000521,500.0,500.0353499848182,7.969805359820354,7.971265539381274,8.05104728593808,8.0
6.549000000000522,500.0,500.0347990222689,7.970112582523774,7.971438836437898,8.051158725377256,8.0
6.550000000000522,500.0,500.03429432081117,7.970394149090545,7.971599041562039,8.051258756269593,8.0
6.551000000000522,500.0,500.0338311207539,7.970652486108478,7.971747381827211,8.051348583306599,8.0
6.552000000000523,500.0,500.033405181955,7.970889814530987,7.971884993025099,8.051429319645376,8.0
6.553000000000523,500.0,500.0330127366033,7.971108147476217,7.9720129069086685,8.051501974025147,8.0
6.554000000000523,500.0,500.03265043984743,7.971309297298362,7.972132048552298,8.051567448092808,8.0
6.555000000000524,500.0,500.0323153216438,7.971494888276032,7.9722432401443015,8.051626540219338,8.0
6.556000000000524,500.0,500.03200474183234,7.9716663722593175,7.9723472085147495,8.051679953085491,8.0
6.557000000000524,500.0,500.0317163494629,7.971825045420301,7.972444594497911,8.051728303118788,8.0
6.558000000000525,500.0,500.0314480467479,7.971972064878984,7.972535962851686,8.051772130492706,8.0
6.559000000000525,500.0,500.0311979575834,7.9721084644439095,7.972621811922131,8.051811908868807,8.0
6.560000000000525,500.0,500.03096440033147,7.972235169049281,7.972702582583484,8.051848054407975,8.0
6.561000000000526,500.0,500.03074586442943,7.972353007705196,7.972778666220308,8.051880933815335,8.0
6.562000000000526,500.0,500.03054099034074,7.972462724934349,7.972850411677383,8.051910871343821,8.0
6.563000000000526,500.0,500.03034855236723,7.972564990765651,7.972918131202893,8.05193815478218,8.0
6.564000000000527,500.0,500.03016744388015,7.972660409408466,7.972982105466953,8.05196304051016,8.0
6.565000000000527,500.0,500.02999666457305,7.972749526756088,7.973042587765806,8.051985757732322,8.0
6.566000000000527,500.0,500.0298353094011,7.972832836871654,7.973099807529903,8.05200651200966,8.0
6.567000000000528,500.0,500.02968255892074,7.972910787602097,7.973153973249762,8.052025488203963,8.0
6.568000000000528,500.0,500.02953767079833,7.972983785453512,7.973205274924267,8.052042852940566,8.0
6.569000000000528,500.0,500.0293999722984,7.973052199842585,7.97325388612027,8.052058756679076,8.0
6.570000000000529,500.0,500.02926885359705,7.973116366823888,7.973299965719988,8.052073335469325,8.0
6.571000000000529,500.0,500.02914376180223,7.97317659237511,7.9733436594173694,8.05208671245421,8.0
6.572000000000529,500.0,500.0290241955797,7.973233155308355,7.973385101012875,8.052098999169292,8.0
6.57300000000053,500.0,500.02890970030927,7.973286309863328,7.973424413545518,8.0521102966784,8.0
6.57400000000053,500.0,500.0287998637051,7.973336288027747,7.973461710292442,8.052120696575727,8.0
6.57500000000053,500.0,500.02869431184996,7.973383301621478,7.973497095658885,8.052130281877506,8.0
6.576000000000531,500.0,500.02859270559935,7.973427544174528,7.973530665976394,8.052139127821226,8.0
6.577000000000531,500.0,500.02849473731794,7.973469192623248,7.973562510222608,8.052147302585892,8.0
6.578000000000531,500.0,500.02840012791785,7.973508408845595,7.973592710673551,8.052154867944296,8.0
6.579000000000532,500.0,500.02830862416937,7.973545341051742,7.973621343495697,8.052161879854664,8.0
6.580000000000532,500.0,500.0282199962608,7.973580125045647,7.973648479285368,8.052168388999288,8.0
6.581000000000532,500.0,500.02813403558497,7.973612885369274,7.973674183559804,8.052174441274506,8.0
6.582000000000533,500.0,500.0280505527303,7.973643736340832,7.973698517204724,8.052180078236896,8.0
6.583000000000533,500.0,500.0279693756617,7.973672782996975,7.973721536882301,8.052185337509638,8.0
6.584000000000533,500.0,500.02789034807097,7.973700121947486,7.9737432954027,8.05219025315223,8.0
6.585000000000534,500.0,500.02781332788265,7.973725842150321,7.973763842062172,8.052194855996538,8.0
6.586000000000534,500.0,500.02773818590174,7.973750025614517,7.973783222950807,8.052199173952333,8.0
6.587000000000534,500.0,500.0276648045896,7.973772748037397,7.973801481232338,8.052203232284747,8.0
6.588000000000535,500.0,500.027593076956,7.973794079381736,7.973818657398132,8.05220705386573,8.0
6.589000000000535,500.0,500.02752290555713,7.973814084398825,7.973834789497963,8.052210659402213,8.0
6.590000000000535,500.0,500.02745420158885,7.9738328231021685,7.973849913349378,8.052214067642712,8.0
6.591000000000536,500.0,500.0273868840671,7.973850351196448,7.973864062727618,8.052217295564429,8.0
6.592000000000536,500.0,500.02732087908646,7.973866720465919,7.973877269537846,8.052220358542558,8.0
6.593000000000536,500.0,500.02725611914957,7.973881979126247,7.973889563971467,8.052223270503626,8.0
6.594000000000537,500.0,500.02719254256084,7.973896172142816,7.97390097464765,8.05222604406397,8.0
6.595000000000537,500.0,500.0271300928784,7.973909341518891,7.973911528741613,8.052228690654943,8.0
6.596000000000537,500.0,500.02706871841826,7.973921526556987,7.973921252101376,8.052231220636527,8.0
6.597000000000538,500.0,500.0270083718059,7.973932764094767,7.973930169352915,8.052233643399347,8.0
6.598000000000538,500.0,500.02694900957067,7.973943088719502,7.973938303996353,8.052235967457687,8.0
6.599000000000538,500.0,500.02689059177993,7.973952532961736,7.973945678492675,8.052238200533,8.0
6.600000000000539,500.0,500.02683308170685,7.973961127470811,7.973952314342544,8.05224034962953,8.0
6.601000000000539,500.0,500.0267764455303,7.973968901174114,7.97395823215806,8.05224242110287,8.0
6.602000000000539,500.0,500.0267206520641,7.973975881421152,7.973963451727742,8.052244420721731,8.0
6.60300000000054,500.0,500.0266656725118,7.973982094114324,7.973967992075726,8.052246353723952,8.0
6.60400000000054,500.0,500.0266114802438,7.973987563827294,7.973971871515461,8.052248224866998,8.0
6.60500000000054,500.0,500.0265580505978,7.973992313912437,7.973975107698608,8.052250038473698,8.0
6.606000000000541,500.0,500.02650536069626,7.973996366598322,7.973977717659589,8.052251798473602,8.0
6.607000000000541,500.0,500.02645338928255,7.973999743078031,7.973979717856057,8.052253508440348,8.0
6.608000000000541,500.0,500.0264021165723,7.974002463589492,7.973981124205894,8.0522551716255,8.0
6.609000000000542,500.0,500.0263515241185,7.974004547488223,7.973981952120814,8.05225679098908,8.0
6.610000000000542,500.0,500.02630159469015,7.974006013313587,7.973982216537188,8.052258369227298,8.0
6.611000000000542,500.0,500.02625231216206,7.974006878848709,7.9739819319439045,8.052259908797375,8.0
6.612000000000543,500.0,500.0262036614153,7.97400716117546,7.973981112408388,8.052261411940524,8.0
6.613000000000543,500.0,500.0261556282465,7.9740068767237275,7.97397977159963,8.05226288070201,8.0
6.6140000000005434,500.0,500.0261081992873,7.974006041316736,7.973977922809819,8.052264316949794,8.0
6.615000000000544,500.0,500.02606136192895,7.974004670212309,7.973975578974116,8.052265722391386,8.0
6.616000000000544,500.0,500.0260151042568,7.97400277814013,7.97397275268853,8.052267098588821,8.0
6.6170000000005444,500.0,500.02596941498905,7.974000379335923,7.973969456226524,8.052268446972366,8.0
6.618000000000545,500.0,500.02592428342206,7.973997487572706,7.973965701554394,8.052269768853101,8.0
6.619000000000545,500.0,500.0258796993806,7.973994116188875,7.973961500344962,8.052271065433775,8.0
6.6200000000005454,500.0,500.0258356531735,7.973990278114388,7.973956863990777,8.052272337819236,8.0
6.621000000000546,500.0,500.0257921355519,7.97398598589424,7.9739518036157975,8.052273587025391,8.0
6.622000000000546,500.0,500.0257491376733,7.9739812517102875,7.973946330086587,8.05227481398767,8.0
6.6230000000005464,500.0,500.0257066510674,7.9739760874009775,7.973940454022396,8.052276019568456,8.0
6.624000000000547,500.0,500.0256646676067,7.973970504479457,7.9739341858045485,8.052277204563811,8.0
6.625000000000547,500.0,500.02562317947815,7.973964514150263,7.973927535585241,8.052278369709684,8.0
6.6260000000005475,500.0,500.025582179159,7.973958127324516,7.9739205132955915,8.052279515687372,8.0
6.627000000000548,500.0,500.02554165939387,7.9739513546340826,7.973913128653337,8.052280643128686,8.0
6.628000000000548,500.0,500.0255016131742,7.973944206444384,7.973905391169776,8.052281752620383,8.0
6.6290000000005485,500.0,500.0254620337201,7.9739366928663,7.97389731015638,8.052282844708303,8.0
6.630000000000549,500.0,500.0254229144629,7.973928823767125,7.973888894730945,8.052283919901093,8.0
6.631000000000549,500.0,500.02538424903076,7.9739206087808485,7.973880153823524,8.0522849786737,8.0
6.6320000000005495,500.0,500.0253460312338,7.9739120573171824,7.973871096181518,8.052286021470113,8.0
6.63300000000055,500.0,500.02530825505255,7.973903178570624,7.973861730375163,8.052287048706502,8.0
6.63400000000055,500.0,500.0252709146253,7.973893981528101,7.973852064801961,8.052288060773321,8.0
6.6350000000005505,500.0,500.0252340042384,7.973884474976791,7.973842107691556,8.052289058037923,8.0
6.636000000000551,500.0,500.02519751831704,7.97387466751088,7.97383186710984,8.05229004084641,8.0
6.637000000000551,500.0,500.02516145141607,7.973864567538117,7.973821350963104,8.052291009525561,8.0
6.6380000000005515,500.0,500.02512579821257,7.973854183285802,7.973810567001838,8.052291964384452,8.0
6.639000000000552,500.0,500.0250905534982,7.973843522806419,7.973799522824399,8.052292905715975,8.0
6.640000000000552,500.0,500.02505571217324,7.973832593983006,7.973788225880576,8.05229383379826,8.0
6.6410000000005525,500.0,500.0250212692402,7.973821404534123,7.973776683474931,8.052294748895928,8.0
6.642000000000553,500.0,500.0249872197992,7.973809962018467,7.973764902769931,8.052295651261165,8.0
6.643000000000553,500.0,500.02495355904153,7.973798273839298,7.973752890789037,8.052296541134758,8.0
6.6440000000005535,500.0,500.0249202822467,7.973786347248587,7.9737406544196405,8.05229741874704,8.0
6.645000000000554,500.0,500.0248873847772,7.9737741893510705,7.973728200415992,8.052298284318821,8.0
6.646000000000554,500.0,500.0248548620754,7.973761807107735,7.973715535401692,8.052299138061949,8.0
6.6470000000005545,500.0,500.02482270965976,7.973749207339519,7.97370266587248,8.052299980180159,8.0
6.648000000000555,500.0,500.02479092312154,7.9737363967306445,7.973689598198716,8.052300810869653,8.0
6.649000000000555,500.0,500.0247594981222,7.9737233818316975,7.973676338627719,8.052301630319603,8.0
6.6500000000005555,500.0,500.02472843039027,7.9737101690628585,7.973662893286304,8.052302438712806,8.0
6.651000000000556,500.0,500.02469771571907,7.973696764716681,7.973649268182924,8.052303236226036,8.0
6.652000000000556,500.0,500.02466734996466,7.973683174960952,7.973635469209966,8.052304023030548,8.0
6.6530000000005565,500.0,500.0246373290434,7.97366940584129,7.973621502145817,8.052304799292365,8.0
6.654000000000557,500.0,500.02460764893004,7.973655463283854,7.9736073726571,8.052305565172801,8.0
6.655000000000557,500.0,500.02457830565567,7.973641353097539,7.973593086300431,8.052306320828494,8.0
6.6560000000005575,500.0,500.024549295307,7.9736270809768195,7.973578648524855,8.052307066412146,8.0
6.657000000000558,500.0,500.02452061402346,7.973612652503451,7.973564064673208,8.052307802072235,8.0
6.658000000000558,500.0,500.02449225799666,7.973598073149254,7.973549339984526,8.052308527953791,8.0
6.6590000000005585,500.0,500.0244642234689,7.973583348277772,7.9735344795954335,8.052309244198142,8.0
6.660000000000559,500.0,500.02443650673143,7.973568483146732,7.9735194885422915,8.052309950943506,8.0
6.661000000000559,500.0,500.0244091041239,7.973553482909764,7.9735043717626795,8.052310648324886,8.0
6.6620000000005595,500.0,500.02438201203233,7.973538352618472,7.973489134097224,8.05231133647435,8.0
6.66300000000056,500.0,500.0243552268897,7.9735230972244935,7.97347378029142,8.052312015521348,8.0
6.66400000000056,500.0,500.024328745173,7.973507721581086,7.973458314997034,8.0523126855926,8.0
6.6650000000005605,500.0,500.0243025634038,7.973492230444963,7.9734427427737495,8.052313346812271,8.0
6.666000000000561,500.0,500.02427667814635,7.973476628478109,7.973427068090803,8.052313999302147,8.0
6.667000000000561,500.0,500.0242510860074,7.973460920249568,7.973411295328611,8.052314643181845,8.0
6.6680000000005615,500.0,500.02422578363536,7.97344511023685,7.9733954287800355,8.052315278568633,8.0
6.669000000000562,500.0,500.02420076771904,7.97342920282779,7.973379472652101,8.052315905577784,8.0
6.670000000000562,500.0,500.0241760349877,7.973413202322056,7.973363431067366,8.052316524322563,8.0
6.6710000000005625,500.0,500.0241515822096,7.973397112932608,7.97334730806527,8.052317134914233,8.0
6.672000000000563,500.0,500.02412740619167,7.973380938787378,7.9733311076037,8.052317737462278,8.0
6.673000000000563,500.0,500.0241035037791,7.97336468393052,7.973314833560141,8.052318332074238,8.0
6.6740000000005635,500.0,500.0240798718542,7.973348352324282,7.973298489733424,8.052318918856196,8.0
6.675000000000564,500.0,500.0240565073366,7.9733319478498945,7.973282079844561,8.052319497912299,8.0
6.676000000000564,500.0,500.0240334071819,7.973315474309362,7.973265607538419,8.052320069345212,8.0
6.6770000000005645,500.0,500.0240105683817,7.973298935426624,7.973249076384809,8.052320633255954,8.0
6.678000000000565,500.0,500.0239879879628,7.973282334848972,7.973232489879828,8.052321189744026,8.0
6.679000000000565,500.0,500.02396566298654,7.97326567614835,7.9732158514470814,8.052321738907446,8.0
6.6800000000005655,500.0,500.02394359054875,7.973248962822715,7.973199164438979,8.052322280842846,8.0
6.681000000000566,500.0,500.02392176777926,7.973232198297116,7.973182432137741,8.052322815645336,8.0
6.682000000000566,500.0,500.0239001918407,7.973215385925028,7.973165657756684,8.052323343408624,8.0
6.6830000000005665,500.0,500.0238788599287,7.97319852898975,7.9731488444415355,8.052323864225228,8.0
6.684000000000567,500.0,500.0238577692718,7.973181630705342,7.9731319952713315,8.052324378186235,8.0
6.685000000000567,500.0,500.0238369171299,7.973164694217935,7.9731151132596745,8.052324885381477,8.0
6.6860000000005675,500.0,500.02381630079503,7.973147722606995,7.973098201355926,8.052325385899655,8.0
6.687000000000568,500.0,500.0237959175904,7.973130718886038,7.973081262445891,8.052325879827947,8.0
6.688000000000568,500.0,500.02377576486947,7.973113686004309,7.973064299353443,8.052326367252594,8.0
6.6890000000005685,500.0,500.02375584001675,7.973096626847551,7.973047314841236,8.052326848258584,8.0
6.690000000000569,500.0,500.0237361404464,7.973079544239064,7.973030311611738,8.052327322929663,8.0
6.691000000000569,500.0,500.02371666360233,7.973062440940956,7.97301329230842,8.05232779134854,8.0
6.6920000000005695,500.0,500.0236974069579,7.97304531965505,7.972996259516632,8.052328253596768,8.0
6.69300000000057,500.0,500.0236783680153,7.973028183023969,7.972979215764642,8.052328709754804,8.0
6.69400000000057,500.0,500.0236595443051,7.973011033632079,7.972962163524556,8.052329159902001,8.0
6.6950000000005705,500.0,500.02364093338645,7.972993874006665,7.972945105213421,8.052329604116764,8.0
6.696000000000571,500.0,500.02362253284633,7.9729767066186,7.972928043193905,8.052330042476267,8.0
6.697000000000571,500.0,500.02360434029896,7.97295953388365,7.972910979775515,8.052330475056827,8.0
6.6980000000005715,500.0,500.02358635338624,7.972942358163222,7.972893917215355,8.05233090193371,8.0
6.699000000000572,500.0,500.02356856977667,7.972925181765269,7.972876857718968,8.052331323181104,8.0
6.700000000000572,500.0,500.02355098716583,7.972908006945369,7.972859803441399,8.052331738872327,8.0
6.7010000000005725,500.0,500.02353360327453,7.97289083590747,7.972842756487888,8.052332149079646,8.0
6.702000000000573,500.0,500.02351641585057,7.972873670804957,7.972825718914929,8.052332553874493,8.0
6.703000000000573,500.0,500.0234994226673,7.972856513741418,7.972808692730989,8.052332953327376,8.0
6.7040000000005735,500.0,500.0234826215231,7.972839366771318,7.972791679897156,8.052333347507666,8.0
6.705000000000574,500.0,500.02346601024146,7.972822231901187,7.972774682328307,8.052333736484004,8.0
6.706000000000574,500.0,500.0234495866708,7.972805111090349,7.972757701893789,8.052334120324154,8.0
6.7070000000005745,500.0,500.0234333486839,7.972788006251545,7.972740740418029,8.052334499094863,8.0
6.708000000000575,500.0,500.02341729417793,7.972770919252048,7.972723799681623,8.052334872862152,8.0
6.709000000000575,500.0,500.02340142107374,7.972753851914262,7.972706881421891,8.052335241691136,8.0
6.7100000000005755,500.0,500.023385727316,7.97273680601652,7.972689987333665,8.05233560564605,8.0
6.711000000000576,500.0,500.0233702108728,7.97271978329389,7.972673119070068,8.05233596479031,8.0
6.712000000000576,500.0,500.0233548697352,7.972702785438971,7.972656278243273,8.052336319186534,8.0
6.7130000000005765,500.0,500.0233397019171,7.972685814102632,7.972639466425224,8.052336668896555,8.0
6.714000000000577,500.0,500.02332470545497,7.972668870894631,7.97262268514824,8.052337013981344,8.0
6.715000000000577,500.0,500.023309878408,7.972651957384508,7.972605935905856,8.052337354501132,8.0
6.7160000000005775,500.0,500.0232952188566,7.972635075102127,7.972589220153381,8.052337690515312,8.0
6.717000000000578,500.0,500.023280724904,7.972618225538571,7.97257253930873,8.052338022082587,8.0
6.718000000000578,500.0,500.0232663946743,7.972601410146659,7.972555894752951,8.052338349260848,8.0
6.7190000000005785,500.0,500.02325222631305,7.97258463034167,7.972539287830901,8.052338672107206,8.0
6.720000000000579,500.0,500.02323821798683,7.9725678875021915,7.972522719852086,8.05233899067818,8.0
6.721000000000579,500.0,500.02322436788324,7.972551182970425,7.972506192090943,8.052339305029367,8.0
6.7220000000005795,500.0,500.0232106742102,7.972534518053162,7.972489705787796,8.052339615215775,8.0
6.72300000000058,500.0,500.0231971351965,7.972517894022345,7.972473262149385,8.052339921291741,8.0
6.72400000000058,500.0,500.0231837490903,7.972501312115472,7.9724568623492695,8.05234022331074,8.0
6.7250000000005805,500.0,500.0231705141604,7.972484773536555,7.9724405075287414,8.052340521325698,8.0
6.726000000000581,500.0,500.0231574286949,7.972468279456454,7.972424198797168,8.052340815388774,8.0
6.727000000000581,500.0,500.0231444910011,7.972451831013593,7.9724079372326635,8.05234110555145,8.0
6.7280000000005815,500.0,500.0231316994058,7.972435429314672,7.97239172388279,8.052341391864672,8.0
6.729000000000582,500.0,500.02311905225474,7.972419075435011,7.9723755597648935,8.05234167437862,8.0
6.730000000000582,500.0,500.0231065479128,7.972402770419237,7.97235944586675,8.052341953142836,8.0
6.7310000000005825,500.0,500.0230941847626,7.972386515281816,7.972343383147098,8.052342228206204,8.0
6.732000000000583,500.0,500.02308196120595,7.9723703110077135,7.97232737253627,8.052342499617058,8.0
6.733000000000583,500.0,500.0230698756624,7.9723541585527755,7.9723114149365655,8.052342767423031,8.0
6.7340000000005835,500.0,500.02305792656944,7.972338058844416,7.9722955112229075,8.052343031671214,8.0
6.735000000000584,500.0,500.0230461123824,7.9723220127820325,7.972279662243253,8.05234329240805,8.0
6.736000000000584,500.0,500.0230344315743,7.972306021237528,7.9722638688190886,8.052343549679344,8.0
6.7370000000005845,500.0,500.02302288263485,7.972290085055916,7.9722481317460305,8.052343803530377,8.0
6.738000000000585,500.0,500.0230114640717,7.972274205055726,7.972232451794195,8.052344054005786,8.0
6.739000000000585,500.0,500.0230001744091,7.972258382029576,7.972216829708771,8.052344301149688,8.0
6.7400000000005855,500.0,500.0229890121878,7.972242616744565,7.9722012662103925,8.052344545005559,8.0
6.741000000000586,500.0,500.0229779759655,7.972226909942954,7.972185761995796,8.052344785616462,8.0
6.742000000000586,500.0,500.02296706431616,7.972211262342343,7.972170317737992,8.052345023024762,8.0
6.7430000000005865,500.0,500.0229562758298,7.972195674636326,7.972154934086899,8.052345257272304,8.0
6.744000000000587,500.0,500.02294560911247,7.972180147494984,7.972139611669822,8.05234548840048,8.0
6.745000000000587,500.0,500.0229350627861,7.972164681565097,7.972124351091658,8.052345716449992,8.0
6.7460000000005875,500.0,500.02292463548827,7.972149277470925,7.972109152935639,8.052345941461173,8.0
6.747000000000588,500.0,500.02291432587197,7.97213393581432,7.9720940177634585,8.052346163473711,8.0
6.748000000000588,500.0,500.0229041326058,7.972118657175458,7.972078946115972,8.05234638252694,8.0
6.7490000000005885,500.0,500.0228940543726,7.972103442112852,7.972063938513203,8.052346598659422,8.0
6.750000000000589,500.0,500.0228840898712,7.972088291164307,7.972048995455268,8.05234681190952,8.0
6.751000000000589,500.0,500.0228742378143,7.972073204846772,7.972034117422247,8.052347022314843,8.0
6.7520000000005895,500.0,500.0228644969298,7.972058183657291,7.9720193048750865,8.052347229912796,8.0
6.75300000000059,500.0,500.02285486595997,7.972043228072876,7.972004558255483,8.052347434740064,8.0
6.75400000000059,500.0,500.02284534366106,7.972028338551189,7.97198987798654,8.052347636832916,8.0
6.7550000000005905,500.0,500.0228359288034,7.972013515530923,7.971975264473148,8.05234783622722,8.0
6.756000000000591,500.0,500.0228266201717,7.9719987594320605,7.971960718102207,8.0523480329583,8.0
6.757000000000591,500.0,500.0228174165643,7.971984070656311,7.971946239243082,8.05234822706105,8.0
6.7580000000005915,500.0,500.0228083167929,7.971969449587538,7.971931828247997,8.05234841856998,8.0
6.759000000000592,500.0,500.0227993196829,7.971954896591954,7.971917485452221,8.052348607519054,8.0
6.760000000000592,500.0,500.022790424073,7.971940412018625,7.971903211174567,8.052348793941865,8.0
6.7610000000005925,500.0,500.0227816288149,7.9719259961997135,7.97188900571762,8.052348977871537,8.0
6.762000000000593,500.0,500.0227729327737,7.971911649450833,7.971874869368083,8.05234915934073,8.0
6.763000000000593,500.0,500.0227643348269,7.97189737207155,7.97186080239725,8.052349338381815,8.0
6.7640000000005935,500.0,500.0227558338652,7.971883164345444,7.971846805061085,8.052349515026636,8.0
6.765000000000594,500.0,500.0227474287914,7.971869026540559,7.9718328776006455,8.052349689306608,8.0
6.766000000000594,500.0,500.0227391185213,7.971854958909781,7.971819020242441,8.052349861252793,8.0
6.7670000000005945,500.0,500.02273090198264,7.971840961691057,7.97180523319865,8.052350030895827,8.0
6.768000000000595,500.0,500.0227227781153,7.971827035107723,7.971791516667458,8.052350198265934,8.0
6.769000000000595,500.0,500.02271474587104,7.9718131793688665,7.971777870833367,8.052350363392975,8.0
6.7700000000005955,500.0,500.02270680421407,7.9717993946696675,7.971764295867559,8.052350526306519,8.0
6.771000000000596,500.0,500.02269895211987,7.97178568119142,7.971750791927899,8.052350687035572,8.0
6.772000000000596,500.0,500.0226911885755,7.971772039102097,7.971737359159492,8.05235084560885,8.0
6.7730000000005965,500.0,500.02268351257993,7.971758468556531,7.971723997694839,8.052351002054682,8.0
6.774000000000597,500.0,500.0226759231431,7.9717449696967595,7.971710707654198,8.052351156401098,8.0
6.775000000000597,500.0,500.0226684192863,7.971731542652115,7.971697489145645,8.052351308675625,8.0
6.7760000000005975,500.0,500.02266100004175,7.971718187539763,7.971684342265604,8.052351458905576,8.0
6.777000000000598,500.0,500.022653664453,7.971704904464738,7.971671267098888,8.052351607117831,8.0
6.778000000000598,500.0,500.0226464115741,7.97169169352036,7.9716582637190925,8.052351753338986,8.0
6.7790000000005985,500.0,500.0226392404701,7.971678554788311,7.971645332188671,8.052351897595168,8.0
6.780000000000599,500.0,500.02263215021634,7.971665488339135,7.971632472559423,8.052352039912321,8.0
6.781000000000599,500.0,500.0226251398988,7.971652494232237,7.97161968487248,8.052352180315927,8.0
6.7820000000005995,500.0,500.0226182086141,7.9716395725163585,7.971606969158785,8.052352318831273,8.0
6.7830000000006,500.0,500.0226113554686,7.971626723229518,7.9715943254390105,8.052352455483131,8.0
6.7840000000006,500.0,500.0226045795789,7.971613946399619,7.971581753724169,8.052352590296145,8.0
6.7850000000006006,500.0,500.0225978800721,7.97160124204434,7.971569254015489,8.052352723294504,8.0
6.786000000000601,500.0,500.0225912560847,7.9715886101715325,7.9715568263048135,8.052352854502107,8.0
6.787000000000601,500.0,500.02258470676287,7.9715760507794435,7.971544470574793,8.052352983942555,8.0
6.7880000000006016,500.0,500.0225782312629,7.971563563856941,7.971532186799132,8.052353111639185,8.0
6.789000000000602,500.0,500.02257182875053,7.971551149383696,7.971519974942744,8.05235323761503,8.0
6.790000000000602,500.0,500.02256549840075,7.9715388073302895,7.971507834961861,8.052353361892719,8.0
6.7910000000006026,500.0,500.0225592393979,7.971526537658652,7.971495766804461,8.052353484494699,8.0
6.792000000000603,500.0,500.0225530509357,7.971514340322108,7.9714837704103,8.052353605443098,8.0
6.793000000000603,500.0,500.0225469322172,7.971502215265568,7.9714718457111085,8.052353724759715,8.0
6.794000000000604,500.0,500.0225408824541,7.9714901624258605,7.971459992630911,8.05235384246615,8.0
6.795000000000604,500.0,500.0225349008674,7.971478181731724,7.971448211086006,8.052353958583609,8.0
6.796000000000604,500.0,500.0225289866865,7.971466273104174,7.9714365009853365,8.05235407313309,8.0
6.797000000000605,500.0,500.0225231391496,7.971454436456587,7.971424862230567,8.052354186135283,8.0
6.798000000000605,500.0,500.02251735750417,7.971442671695036,7.971413294716391,8.052354297610696,8.0
6.799000000000605,500.0,500.02251164100534,7.97143097871826,7.971401798330523,8.052354407579504,8.0
6.800000000000606,500.0,500.0225059889172,7.971419357417947,7.971390372953962,8.052354516061602,8.0
6.801000000000606,500.0,500.022500400512,7.971407807678881,7.971379018461132,8.05235462307661,8.0
6.802000000000606,500.0,500.0224948750703,7.971396329379248,7.971367734720179,8.052354728644007,8.0
6.803000000000607,500.0,500.0224894118806,7.971384922390636,7.971356521592973,8.052354832782965,8.0
6.804000000000607,500.0,500.0224840102399,7.971373586578191,7.971345378935252,8.05235493551233,8.0
6.805000000000607,500.0,500.0224786694529,7.971362321800874,7.971334306596878,8.052355036850741,8.0
6.806000000000608,500.0,500.02247338883205,7.9713511279116585,7.971323304422016,8.052355136816654,8.0
6.807000000000608,500.0,500.0224681676978,7.971340004757518,7.97131237224914,8.052355235428182,8.0
6.808000000000608,500.0,500.0224630053781,7.971328952179763,7.971301509911342,8.05235533270329,8.0
6.809000000000609,500.0,500.02245790120867,7.971317970014136,7.971290717236423,8.052355428659716,8.0
6.810000000000609,500.0,500.02245285453284,7.971307058090857,7.971279994046955,8.052355523314906,8.0
6.811000000000609,500.0,500.022447864701,7.971296216234926,7.971269340160547,8.052355616686143,8.0
6.81200000000061,500.0,500.0224429310714,7.971285444266125,7.971258755389867,8.052355708790419,8.0
6.81300000000061,500.0,500.02243805300907,7.9712747419992125,7.971248239542822,8.052355799644506,8.0
6.81400000000061,500.0,500.0224332298864,7.971264109244153,7.971237792422775,8.05235588926502,8.0
6.815000000000611,500.0,500.02242846108345,7.971253545806169,7.971227413828607,8.052355977668373,8.0
6.816000000000611,500.0,500.0224237459864,7.971243051485774,7.971217103554732,8.052356064870654,8.0
6.817000000000611,500.0,500.02241908398884,7.971232626079039,7.971206861391368,8.052356150887775,8.0
6.818000000000612,500.0,500.02241447449114,7.971222269377771,7.9711966871247055,8.052356235735518,8.0
6.819000000000612,500.0,500.02240991690064,7.971211981169472,7.971186580536857,8.052356319429375,8.0
6.820000000000612,500.0,500.02240541063105,7.971201761237603,7.971176541406135,8.052356401984703,8.0
6.821000000000613,500.0,500.02240095510297,7.971191609361592,7.971166569507029,8.052356483416588,8.0
6.822000000000613,500.0,500.0223965497436,7.971181525317107,7.9711566646105,8.052356563740016,8.0
6.823000000000613,500.0,500.02239219398643,7.971171508875952,7.971146826483854,8.052356642969663,8.0
6.824000000000614,500.0,500.0223878872714,7.971161559806351,7.971137054891026,8.052356721120045,8.0
6.825000000000614,500.0,500.022383629045,7.97115167787307,7.971127349592707,8.052356798205553,8.0
6.826000000000614,500.0,500.0223794187596,7.971141862837482,7.971117710346389,8.052356874240388,8.0
6.827000000000615,500.0,500.02237525587407,7.971132114457601,7.971108136906406,8.052356949238503,8.0
6.828000000000615,500.0,500.0223711398536,7.971122432488253,7.971098629024107,8.05235702321367,8.0
6.829000000000615,500.0,500.02236707016874,7.971112816681202,7.971089186447956,8.0523570961795,8.0
6.830000000000616,500.0,500.0223630462968,7.971103266785298,7.971079808923691,8.052357168149486,8.0
6.831000000000616,500.0,500.0223590677207,7.971093782546378,7.971070496194233,8.052357239136816,8.0
6.832000000000616,500.0,500.02235513392884,7.97108436370757,7.971061247999958,8.05235730915457,8.0
6.833000000000617,500.0,500.022351244416,7.971075010009368,7.971052064078792,8.052357378215717,8.0
6.834000000000617,500.0,500.02234739868237,7.971065721189625,7.971042944166185,8.05235744633299,8.0
6.835000000000617,500.0,500.0223435962338,7.971056496983697,7.9710338879952625,8.052357513518967,8.0
6.836000000000618,500.0,500.0223398365819,7.971047337124551,7.971024895296929,8.052357579786069,8.0
6.837000000000618,500.0,500.02233611924373,7.971038241342852,7.9710159657999355,8.052357645146568,8.0
6.838000000000618,500.0,500.0223324437415,7.971029209366916,7.97100709923085,8.05235770961245,8.0
6.839000000000619,500.0,500.0223288096034,7.971020240923153,7.970998295314493,8.05235777319579,8.0
6.840000000000619,500.0,500.0223252163626,7.971011335735712,7.970989553773565,8.052357835908285,8.0
6.841000000000619,500.0,500.0223216635575,7.971002493526843,7.9709808743290225,8.05235789776157,8.0
6.84200000000062,500.0,500.0223181507319,7.970993714016957,7.970972256700119,8.052357958767164,8.0
6.84300000000062,500.0,500.0223146774346,7.970984996924516,7.970963700604315,8.05235801893632,8.0
6.84400000000062,500.0,500.02231124321986,7.97097634196642,7.970955205757626,8.052358078280287,8.0
6.845000000000621,500.0,500.0223078476465,7.970967748857725,7.970946771874381,8.052358136810014,8.0
6.846000000000621,500.0,500.0223044902787,7.970959217312073,7.970938398667616,8.052358194536458,8.0
6.847000000000621,500.0,500.02230117068524,7.97095074704146,7.9709300858488445,8.052358251470292,8.0
6.848000000000622,500.0,500.0222978884403,7.970942337756533,7.970921833128369,8.052358307622153,8.0
6.849000000000622,500.0,500.02229464312234,7.970933989166533,7.970913640215204,8.052358363002496,8.0
6.850000000000622,500.0,500.02229143431475,7.970925700979401,7.970905506817184,8.052358417621633,8.0
6.851000000000623,500.0,500.0222882616058,7.970917472901813,7.970897432640999,8.052358471489708,8.0
6.852000000000623,500.0,500.0222851245884,7.970909304639367,7.970889417392377,8.052358524616825,8.0
6.853000000000623,500.0,500.0222820228596,7.970901195896513,7.970881460776009,8.052358577012903,8.0
6.854000000000624,500.0,500.0222789560215,7.970893146376632,7.9708735624956235,8.052358628687701,8.0
6.855000000000624,500.0,500.0222759236808,7.970885155782278,7.970865722254231,8.052358679650983,8.0
6.856000000000624,500.0,500.02227292544814,7.970877223814786,7.970857939753745,8.052358729912118,8.0
6.857000000000625,500.0,500.0222699609389,7.970869350174945,7.970850214695606,8.052358779480612,8.0
6.858000000000625,500.0,500.02226702977276,7.970861534562683,7.9708425467805135,8.052358828365813,8.0
6.859000000000625,500.0,500.0222641315739,7.970853776677008,7.97083493570834,8.052358876576749,8.0
6.860000000000626,500.0,500.02226126597014,7.9708460762164615,7.970827381178586,8.05235892412255,8.0
6.861000000000626,500.0,500.02225843259424,7.970838432878883,7.970819882890146,8.052358971012158,8.0
6.862000000000626,500.0,500.0222556310828,7.970830846361475,7.970812440541368,8.052359017254325,8.0
6.863000000000627,500.0,500.0222528610762,7.9708233163609705,7.970805053830217,8.05235906285774,8.0
6.864000000000627,500.0,500.02225012221936,7.970815842573657,7.970797722454298,8.052359107831002,8.0
6.865000000000627,500.0,500.02224741416103,7.97080842469544,7.97079044611092,8.052359152182639,8.0
6.866000000000628,500.0,500.02224473655417,7.970801062421705,7.970783224496956,8.052359195920918,8.0
6.867000000000628,500.0,500.0222420890551,7.970793755447592,7.970776057309111,8.052359239054066,8.0
6.868000000000628,500.0,500.0222394713246,7.97078650346807,7.970768944244003,8.05235928159032,8.0
6.869000000000629,500.0,500.022236883027,7.970779306177701,7.970761884997911,8.052359323537612,8.0
6.870000000000629,500.0,500.02223432383045,7.970772163270994,7.970754879267137,8.052359364903907,8.0
6.871000000000629,500.0,500.0222317934069,7.970765074442228,7.970747926747834,8.05235940569699,8.0
6.87200000000063,500.0,500.0222292914321,7.970758039385674,7.970741027136204,8.052359445924608,8.0
6.87300000000063,500.0,500.0222268175853,7.970751057795492,7.970734180128416,8.052359485594375,8.0
6.87400000000063,500.0,500.02222437154927,7.970744129365841,7.970727385420702,8.052359524713793,8.0
6.875000000000631,500.0,500.02222195301067,7.970737253790842,7.970720642709323,8.052359563290226,8.0
6.876000000000631,500.0,500.0222195616594,7.970730430764833,7.970713951690816,8.052359601331066,8.0
6.877000000000631,500.0,500.02221719718926,7.970723659982122,7.9707073120617515,8.052359638843491,8.0
6.878000000000632,500.0,500.0222148592972,7.970716941137253,7.970700723518998,8.052359675834673,8.0
6.879000000000632,500.0,500.0222125476837,7.970710273924817,7.9706941857595295,8.052359712311567,8.0
6.880000000000632,500.0,500.02221026205257,7.970703658039787,7.970687698480751,8.052359748281194,8.0
6.881000000000633,500.0,500.022208002111,7.970697093177202,7.970681261380198,8.052359783750303,8.0
6.882000000000633,500.0,500.02220576756935,7.970690579032518,7.970674874155868,8.052359818725684,8.0
6.883000000000633,500.0,500.02220355814154,7.970684115301508,7.970668536506136,8.05235985321405,8.0
6.884000000000634,500.0,500.0222013735444,7.970677701680236,7.97066224812971,8.052359887221954,8.0
6.885000000000634,500.0,500.0221992134983,7.970671337865141,7.970656008725726,8.052359920755864,8.0
6.886000000000634,500.0,500.0221970777265,7.970665023553062,7.97064981799377,8.052359953822156,8.0
6.887000000000635,500.0,500.0221949659556,7.970658758441428,7.970643675634058,8.052359986427259,8.0
6.888000000000635,500.0,500.022192877915,7.970652542227934,7.9706375813471215,8.052360018577323,8.0
6.889000000000635,500.0,500.0221908133374,7.9706463746109115,7.970631534834165,8.052360050278551,8.0
6.890000000000636,500.0,500.02218877195855,7.970640255289148,7.9706255357968985,8.052360081536984,8.0
6.891000000000636,500.0,500.0221867535169,7.97063418396197,7.970619583937605,8.05236011235858,8.0
6.892000000000636,500.0,500.0221847577542,7.970628160329354,7.970613678959268,8.052360142749286,8.0
6.893000000000637,500.0,500.0221827844149,7.97062218409184,7.970607820565453,8.052360172714911,8.0
6.894000000000637,500.0,500.02218083324635,7.9706162549507305,7.970602008460541,8.052360202261337,8.0
6.895000000000637,500.0,500.0221789039989,7.97061037260771,7.970596242349324,8.052360231394081,8.0
6.896000000000638,500.0,500.0221769964254,7.970604536765392,7.97059052193756,8.052360260118844,8.0
6.897000000000638,500.0,500.022175110282,7.970598747127005,7.97058484693165,8.05236028844115,8.0
6.898000000000638,500.0,500.02217324532717,7.970593003396472,7.970579217038722,8.052360316366428,8.0
6.899000000000639,500.0,500.0221714013223,7.9705873052784915,7.97057363196672,8.052360343900064,8.0
6.900000000000639,500.0,500.02216957803125,7.970581652478575,7.9705680914244175,8.052360371047405,8.0
6.901000000000639,500.0,500.022167775221,7.970576044703006,7.970562595121394,8.052360397813711,8.0
6.90200000000064,500.0,500.0221659926607,7.970570481658795,7.9705571427679835,8.052360424204092,8.0
6.90300000000064,500.0,500.02216423012254,7.97056496305385,7.970551734075448,8.05236045022366,8.0
6.90400000000064,500.0,500.0221624873808,7.970559488596964,7.970546368755951,8.052360475877478,8.0
6.905000000000641,500.0,500.0221607642124,7.97055405799771,7.970541046522463,8.052360501170472,8.0
6.906000000000641,500.0,500.02215906039726,7.970548670966656,7.97053576708898,8.052360526107599,8.0
6.907000000000641,500.0,500.02215737571726,7.9705433272152675,7.970530530170407,8.052360550693745,8.0
6.908000000000642,500.0,500.02215570995696,7.970538026455783,7.970525335482454,8.05236057493358,8.0
6.909000000000642,500.0,500.0221540629033,7.9705327684015606,7.970520182741957,8.052360598831902,8.0
6.910000000000642,500.0,500.0221524343457,7.970527552766782,7.970515071666613,8.05236062239331,8.0
6.911000000000643,500.0,500.0221508240758,7.97052237926667,7.970510001975162,8.052360645622409,8.0
6.912000000000643,500.0,500.02214923188785,7.970517247617411,7.970504973387336,8.05236066852372,8.0
6.913000000000643,500.0,500.0221476575782,7.970512157536198,7.970499985623887,8.052360691101729,8.0
6.914000000000644,500.0,500.02214610094563,7.970507108741213,7.970495038406568,8.052360713360816,8.0
6.915000000000644,500.0,500.022144561791,7.970502100951701,7.970490131458221,8.052360735305351,8.0
6.916000000000644,500.0,500.02214303991764,7.970497133887922,7.970485264502707,8.052360756939615,8.0
6.917000000000645,500.0,500.02214153513097,7.970492207271173,7.970480437264941,8.052360778267822,8.0
6.918000000000645,500.0,500.02214004723857,7.970487320823921,7.970475649471019,8.052360799294224,8.0
6.919000000000645,500.0,500.0221385760505,7.970482474269605,7.9704709008480235,8.052360820022923,8.0
6.920000000000646,500.0,500.0221371213785,7.970477667332723,7.97046619112411,8.05236084045793,8.0
6.921000000000646,500.0,500.0221356830369,7.970472899738979,7.9704615200286435,8.052360860603304,8.0
6.922000000000646,500.0,500.0221342608417,7.970468171215049,7.970456887291972,8.052360880462917,8.0
6.923000000000647,500.0,500.02213285461136,7.970463481488906,7.970452292645762,8.05236090004077,8.0
6.924000000000647,500.0,500.02213146416585,7.97045883028955,7.970447735822693,8.052360919340689,8.0
6.925000000000647,500.0,500.0221300893279,7.9704542173471165,7.970443216556609,8.052360938366464,8.0
6.926000000000648,500.0,500.0221287299216,7.970449642392952,7.970438734582561,8.052360957121884,8.0
6.927000000000648,500.0,500.0221273857735,7.970445105159509,7.970434289636714,8.052360975610636,8.0
6.928000000000648,500.0,500.022126056712,7.970440605380428,7.970429881456423,8.052360993836377,8.0
6.929000000000649,500.0,500.0221247425668,7.97043614279042,7.970425509780129,8.052361011802613,8.0
6.930000000000649,500.0,500.0221234431704,7.97043171712559,7.970421174347666,8.052361029513014,8.0
6.931000000000649,500.0,500.0221221583569,7.97042732812314,7.9704168748999695,8.052361046971104,8.0
6.93200000000065,500.0,500.0221208879622,7.970422975521348,7.970412611179049,8.052361064180241,8.0
6.93300000000065,500.0,500.0221196318238,7.9704186590598525,7.970408382928284,8.052361081143891,8.0
6.93400000000065,500.0,500.02211838978155,7.970414378479507,7.970404189892273,8.052361097865482,8.0
6.935000000000651,500.0,500.02211716167676,7.970410133522245,7.970400031816686,8.05236111434825,8.0
6.936000000000651,500.0,500.02211594735263,7.970405923931341,7.970395908448548,8.052361130595509,8.0
6.937000000000651,500.0,500.02211474665415,7.970401749451301,7.970391819536104,8.052361146610535,8.0
6.938000000000652,500.0,500.022113559428,7.9703976098277804,7.970387764828764,8.052361162396478,8.0
6.939000000000652,500.0,500.0221123855225,7.970393504807779,7.970383744077266,8.052361177956534,8.0
6.940000000000652,500.0,500.02211122478815,7.970389434139427,7.9703797570334824,8.052361193293754,8.0
6.941000000000653,500.0,500.02211007707655,7.970385397572174,7.9703758034506125,8.052361208411224,8.0
6.942000000000653,500.0,500.0221089422413,7.970381394856697,7.97037188308307,8.052361223311948,8.0
6.943000000000653,500.0,500.02210782013753,7.970377425744934,7.970367995686537,8.052361237998909,8.0
6.944000000000654,500.0,500.02210671062204,7.970373489990145,7.9703641410180035,8.052361252475094,8.0
6.945000000000654,500.0,500.02210561355304,7.970369587346746,7.970360318835628,8.05236126674336,8.0
6.946000000000654,500.0,500.02210452879086,7.970365717570533,7.970356528898929,8.052361280806622,8.0
6.947000000000655,500.0,500.0221034561968,7.9703618804185,7.97035277096863,8.05236129466769,8.0
6.948000000000655,500.0,500.0221023956343,7.970358075648954,7.970349044806759,8.052361308329377,8.0
6.949000000000655,500.0,500.0221013469679,7.970354303021408,7.970345350176547,8.05236132179439,8.0
6.950000000000656,500.0,500.02210031006376,7.97035056229672,7.970341686842566,8.05236133506546,8.0
6.951000000000656,500.0,500.0220992847898,7.970346853237031,7.970338054570667,8.052361348145293,8.0
6.952000000000656,500.0,500.02209827101495,7.970343175605695,7.970334453127898,8.052361361036473,8.0
6.953000000000657,500.0,500.0220972686101,7.970339529167493,7.970330882282743,8.052361373741714,8.0
6.954000000000657,500.0,500.02209627744736,7.970335913688326,7.970327341804786,8.05236138626351,8.0
6.955000000000657,500.0,500.02209529740037,7.9703323289354735,7.97032383146499,8.05236139860442,8.0
6.956000000000658,500.0,500.022094328344,7.970328774677451,7.970320351035551,8.052361410766924,8.0
6.957000000000658,500.0,500.02209337015506,7.970325250684108,7.970316900289981,8.052361422753497,8.0
6.958000000000658,500.0,500.0220924227109,7.97032175672653,7.970313479003026,8.052361434566542,8.0
6.959000000000659,500.0,500.02209148589094,7.97031829257721,7.970310086950835,8.052361446208554,8.0
6.960000000000659,500.0,500.02209055957564,7.970314858009816,7.970306723910716,8.052361457681844,8.0
6.961000000000659,500.0,500.02208964364695,7.9703114527993035,7.970303389661261,8.052361468988726,8.0
6.96200000000066,500.0,500.0220887379883,7.970308076722021,7.970300083982448,8.052361480131577,8.0
6.96300000000066,500.0,500.022087842484,7.970304729555535,7.970296806655451,8.052361491112652,8.0
6.96400000000066,500.0,500.0220869570199,7.970301411078712,7.970293557462757,8.052361501934211,8.0
6.965000000000661,500.0,500.02208608148317,7.970298121071666,7.97029033618807,8.052361512598424,8.0
6.966000000000661,500.0,500.0220852157623,7.970294859315909,7.97028714261649,8.052361523107544,8.0
6.967000000000661,500.0,500.022084359747,7.970291625594132,7.970283976534289,8.052361533463692,8.0
6.968000000000662,500.0,500.02208351332814,7.970288419690316,7.970280837729014,8.052361543668955,8.0
6.969000000000662,500.0,500.0220826763978,7.970285241389811,7.970277725989574,8.052361553725483,8.0
6.970000000000662,500.0,500.02208184884944,7.970282090479174,7.970274641106076,8.052361563635321,8.0
6.971000000000663,500.0,500.0220810305777,7.97027896674629,7.97027158286993,8.052361573400514,8.0
6.972000000000663,500.0,500.02208022147784,7.970275869980269,7.970268551073779,8.052361583023039,8.0
6.973000000000663,500.0,500.02207942144724,7.97027279997166,7.970265545511681,8.052361592505003,8.0
6.974000000000664,500.0,500.02207863038393,7.970269756512061,7.970262565978734,8.052361601848249,8.0
6.975000000000664,500.0,500.0220778481872,7.970266739394513,7.970259612271467,8.05236161105477,8.0
6.976000000000664,500.0,500.0220770747572,7.970263748413223,7.970256684187568,8.052361620126423,8.0
6.977000000000665,500.0,500.02207630999544,7.970260783363806,7.970253781526113,8.052361629065166,8.0
6.978000000000665,500.0,500.02207555380465,7.970257844043023,7.970250904087314,8.052361637872819,8.0
6.979000000000665,500.0,500.02207480608837,7.970254930248923,7.970248051672669,8.052361646551198,8.0
6.980000000000666,500.0,500.02207406675166,7.970252041780916,7.970245224085007,8.052361655102182,8.0
6.981000000000666,500.0,500.02207333570016,7.970249178439538,7.970242421128273,8.052361663527483,8.0
6.982000000000666,500.0,500.0220726128408,7.970246340026634,7.970239642607729,8.052361671828868,8.0
6.983000000000667,500.0,500.0220718980817,7.970243526345317,7.970236888329859,8.052361680008055,8.0
6.984000000000667,500.0,500.0220711913316,7.97024073719995,7.9702341581024125,8.05236168806676,8.0
6.985000000000667,500.0,500.0220704925007,7.970237972396208,7.970231451734423,8.052361696006725,8.0
6.986000000000668,500.0,500.0220698014999,7.970235231740918,7.97022876903606,8.052361703829579,8.0
6.987000000000668,500.0,500.0220691182415,7.97023251504219,7.970226109818773,8.052361711536967,8.0
6.988000000000668,500.0,500.02206844263833,7.970229822109399,7.970223473895254,8.052361719130532,8.0
6.989000000000669,500.0,500.02206777460435,7.970227152753067,7.970220861079332,8.052361726611805,8.0
6.990000000000669,500.0,500.0220671140547,7.970224506785105,7.970218271186213,8.052361733982455,8.0
6.991000000000669,500.0,500.02206646090525,7.970221884018548,7.970215704032203,8.05236174124401,8.0
6.99200000000067,500.0,500.022065815073,7.970219284267608,7.970213159434783,8.052361748397947,8.0
6.99300000000067,500.0,500.0220651764756,7.970216707347805,7.9702106372127215,8.052361755445794,8.0
6.99400000000067,500.0,500.02206454503175,7.970214153075898,7.970208137186009,8.052361762389067,8.0
6.995000000000671,500.0,500.0220639206612,7.9702116212698115,7.970205659175793,8.05236176922924,8.0
6.996000000000671,500.0,500.02206330328465,7.970209111748736,7.970203203004471,8.052361775967793,8.0
6.997000000000671,500.0,500.02206269282345,7.970206624332992,7.970200768495548,8.052361782606125,8.0
6.998000000000672,500.0,500.0220620891999,7.970204158844116,7.970198355473744,8.052361789145623,8.0
6.999000000000672,500.0,500.02206149233723,7.970201715104951,7.970195963765056,8.052361795587762,8.0
7.000000000000672,1500.0,504.8836763395482,19.999999999999996,19.770904565845846,19.969284156159297,8.0
7.001000000000673,1500.0,510.5778766320656,19.999999999999996,19.782181024803045,19.98175639066219,8.0
7.002000000000673,1500.0,516.2737466965212,19.999999999999996,19.783672550592026,19.984369801583583,8.0
7.003000000000673,1500.0,521.9705470315546,19.999999999999996,19.785009078708985,19.986854037278324,8.0
7.004000000000674,1500.0,527.668222363794,19.999999999999996,19.78621241498164,19.98923027963766,8.0
7.005000000000674,1500.0,533.3667239996073,19.999999999999996,19.787295240365285,19.9915105083117,8.0
7.006000000000674,1500.0,539.0660086741088,19.999999999999996,19.78826902204949,19.993705498923486,8.0
7.007000000000675,1500.0,544.7660380066354,19.999999999999996,19.78914413494009,19.99582494484089,8.0
7.008000000000675,1500.0,550.4667780091208,19.999999999999996,19.78992996587972,19.997877561565563,8.0
7.009000000000675,1500.0,556.1681986419082,19.999999999999996,19.790635007915718,19.99987118112832,8.0
7.010000000000676,1500.0,561.870273412462,19.999999999999996,19.79126694557002,20.001812837450675,8.0
7.011000000000676,1500.0,567.5729790128705,19.999999999999996,19.791832731969844,20.00370884353614,8.0
7.012000000000676,1500.0,573.2762949924313,19.999999999999996,19.792338658616302,20.005564861272205,8.0
7.013000000000677,1500.0,578.980203461953,19.999999999999996,19.79279041849357,20.007385964549396,8.0
7.014000000000677,1500.0,584.6846888267454,19.999999999999996,19.793193163154474,20.00917669633607,8.0
7.015000000000677,1500.0,590.3897375455431,19.999999999999996,19.793551554357297,20.01094112028669,8.0
7.016000000000678,1500.0,596.0953379128829,19.999999999999996,19.79386981077423,20.012682867406227,8.0
7.017000000000678,1500.0,601.8014798626866,19.999999999999996,19.794151750241564,20.014405178242924,8.0
7.018000000000678,1500.0,607.508154791016,19.999999999999996,19.79440082797755,20.01611094103711,8.0
7.019000000000679,1500.0,613.2153553961639,19.999999999999996,19.79462017115263,20.017802726212423,8.0
7.020000000000679,1500.0,618.9230755344183,19.999999999999996,19.794812610160317,20.019482817559158,8.0
7.021000000000679,1500.0,624.6313100899936,19.999999999999996,19.794980706903647,20.02115324042575,8.0
7.02200000000068,1500.0,630.3400548577753,19.999999999999996,19.79512678038216,20.02281578720458,8.0
7.02300000000068,1500.0,636.0493064376415,19.999999999999996,19.79525292983698,20.024472040370554,8.0
7.02400000000068,1500.0,641.7590621392543,19.999999999999996,19.795361055687213,20.02612339330655,8.0
7.025000000000681,1500.0,647.4693198963109,19.999999999999996,19.79545287846845,20.027771069127205,8.0
7.026000000000681,1500.0,653.1800781893505,19.999999999999996,19.795529955964035,20.029416137692394,8.0
7.027000000000681,1500.0,658.8913359762864,19.999999999999996,19.79559369870173,20.03105953098357,8.0
7.028000000000682,1500.0,664.603092629928,19.999999999999996,19.795645383971713,20.032702056999454,8.0
7.029000000000682,1500.0,670.3153478818108,19.999999999999996,19.795686168507107,20.034344412312635,8.0
7.030000000000682,1500.0,676.0281017717346,19.999999999999996,19.79571709995469,20.035987193415195,8.0
7.031000000000683,1500.0,681.7413546024524,19.999999999999996,19.79573912725125,20.037630906969138,8.0
7.032000000000683,1500.0,687.4551068990171,19.999999999999996,19.795753110010157,20.039275979066453,8.0
7.033000000000683,1500.0,693.1693593723327,19.999999999999996,19.795759827012436,20.040922763593404,8.0
7.034000000000684,1500.0,698.8841128865042,19.999999999999996,19.795759983888026,20.042571549785016,8.0
7.035000000000684,1500.0,704.5993684296205,19.999999999999996,19.795754220064378,20.04422256904693,8.0
7.036000000000684,1500.0,710.3151270876316,19.999999999999993,19.79574311505238,20.045876001115072,8.0
7.037000000000685,1500.0,716.0313900210244,19.999999999999986,19.795727194132922,20.047531979616295,8.0
7.038000000000685,1500.0,721.748158444025,19.99999999999998,19.79570693350113,20.049190597087467,8.0
7.039000000000685,1500.0,727.465433606075,19.999999999999968,19.795682764920272,20.050851909504843,8.0
7.040000000000686,1500.0,733.1832167753686,19.99999999999995,19.795655079931944,20.052515940370675,8.0
7.041000000000686,1500.0,738.9015092242411,19.999999999999936,19.795624233664984,20.05418268439943,8.0
7.042000000000686,1500.0,744.620312216231,19.999999999999996,19.79559054828145,20.05585211084211,8.0
7.043000000000687,1500.0,750.3396269946528,19.999999999999996,19.79555431609389,20.057524166482988,8.0
7.044000000000687,1500.0,756.0594547725254,19.999999999999996,19.7955158023863,20.059198778341138,8.0
7.045000000000687,1500.0,761.7797967237293,19.999999999999996,19.795475247965705,20.060875856103824,8.0
7.046000000000688,1500.0,767.5006539752651,19.999999999999996,19.7954328714711,20.062555294318496,8.0
7.047000000000688,1500.0,773.2220276005074,19.999999999999996,19.795388871462414,20.06423697436606,8.0
7.048000000000688,1500.0,778.9439186133528,19.999999999999996,19.79534342831069,20.0659207662367,8.0
7.049000000000689,1500.0,784.6663279631716,19.999999999999996,19.79529670590831,20.06760653012711,8.0
7.050000000000689,1500.0,790.389256530486,19.999999999999996,19.795248853216524,20.069294117876357,8.0
7.051000000000689,1500.0,796.1127051232947,19.999999999999996,19.795200005665844,20.070983374255988,8.0
7.05200000000069,1500.0,801.8366744739855,19.999999999999996,19.79515028642319,20.072674138128313,8.0
7.05300000000069,1500.0,807.5611652367679,19.999999999999996,19.79509980753865,20.074366243485652,8.0
7.05400000000069,1500.0,813.2861779855823,19.999999999999996,19.795048670983274,20.07605952038211,8.0
7.055000000000691,1500.0,819.0117132124225,19.999999999999996,19.794996969588283,20.077753795768082,8.0
7.056000000000691,1500.0,824.7377713260431,19.999999999999996,19.79494478789513,20.07944889423707,8.0
7.057000000000691,1500.0,830.4643526509986,19.999999999999996,19.79489220292492,20.081144638693306,8.0
7.058000000000692,1500.0,836.1914574269873,19.999999999999996,19.794839284874833,20.08284085094772,8.0
7.059000000000692,1500.0,841.9190858084625,19.999999999999996,19.79478609774852,20.084537352249363,8.0
7.060000000000692,1500.0,847.6472378644836,19.999999999999996,19.794732699926858,20.086233963758538,8.0
7.061000000000693,1500.0,853.375913578781,19.999999999999996,19.794679144684597,20.087930506967254,8.0
7.062000000000693,1500.0,859.1051128500089,19.999999999999996,19.794625480658194,20.08962680407223,8.0
7.063000000000693,1500.0,864.8348354921671,19.999999999999996,19.794571752269402,20.09132267830507,8.0
7.064000000000694,1500.0,870.56508123517,19.999999999999996,19.79451800010886,20.093017954223775,8.0
7.065000000000694,1500.0,876.2958497255479,19.999999999999996,19.794464261283487,20.094712457969454,8.0
7.066000000000694,1500.0,882.0271405272605,19.999999999999996,19.79441056973117,20.096406017491624,8.0
7.067000000000695,1500.0,887.7589531226131,19.999999999999996,19.794356956505766,20.098098462745245,8.0
7.068000000000695,1500.0,893.4912869132613,19.999999999999996,19.794303450035336,20.099789625862257,8.0
7.069000000000695,1500.0,899.2241412212891,19.999999999999996,19.794250076356143,20.10147934130018,8.0
7.070000000000696,1500.0,904.9575152903558,19.999999999999996,19.794196859324643,20.103167445970055,8.0
7.071000000000696,1500.0,910.6914082868981,19.999999999999996,19.794143820809722,20.10485377934588,8.0
7.072000000000696,1500.0,916.4258193013799,19.999999999999996,19.79409098086682,20.106538183557237,8.0
7.073000000000697,1500.0,922.1607473495839,19.999999999999996,19.794038357895936,20.10822050346705,8.0
7.074000000000697,1500.0,927.8961913739352,19.999999999999996,19.793985968784842,20.109900586735737,8.0
7.075000000000697,1500.0,933.6321502448549,19.999999999999996,19.793933829038995,20.111578283873403,8.0
7.076000000000698,1500.0,939.3686227621337,19.999999999999996,19.79388195289939,20.113253448281103,8.0
7.077000000000698,1500.0,945.1056076563241,19.999999999999996,19.79383035344953,20.114925936282418,8.0
7.078000000000698,1500.0,950.8431035901452,19.999999999999996,19.793779042712487,20.11659560714638,8.0
7.079000000000699,1500.0,956.5811091598954,19.999999999999996,19.79372803173907,20.118262323102606,8.0
7.080000000000699,1500.0,962.3196228968725,19.999999999999996,19.793677330687856,20.119925949349454,8.0
7.081000000000699,1500.0,968.058643268795,19.999999999999996,19.793626948897924,20.1215863540561,8.0
7.0820000000007,1500.0,973.7981686812232,19.999999999999996,19.79357689495494,20.123243408358995,8.0
7.0830000000007,1500.0,979.5381974789758,19.999999999999996,19.79352717675129,20.124896986353512,8.0
7.0840000000007,1500.0,985.2787279475457,19.999999999999996,19.793477801540686,20.126546965081175,8.0
7.085000000000701,1500.0,991.0197583145033,19.999999999999996,19.793428775987927,20.128193224513154,8.0
7.086000000000701,1500.0,996.7612867508941,19.999999999999996,19.793380106214176,20.129835647530246,8.0
7.087000000000701,1500.0,1002.503311372626,19.999999999999996,19.79333179783816,20.131474119899945,8.0
7.088000000000702,1500.0,1008.2458302418448,19.999999999999996,19.793283856013783,20.133108530250855,8.0
7.089000000000702,1500.0,1013.9888413682945,19.999999999999996,19.79323628546437,20.134738770044862,8.0
7.090000000000702,1500.0,1019.7323427106679,19.999999999999996,19.793189090513902,20.136364733547214,8.0
7.091000000000703,1500.0,1025.4763321779387,19.999999999999996,19.793142275115564,20.137986317794958,8.0
7.092000000000703,1500.0,1031.22080763068,19.999999999999996,19.793095842877825,20.139603422563866,8.0
7.093000000000703,1500.0,1036.9657668823659,19.999999999999996,19.79304979708822,20.14121595033405,8.0
7.094000000000704,1500.0,1042.711207700657,19.999999999999996,19.793004140735185,20.142823806254537,8.0
7.095000000000704,1500.0,1048.4571278086694,19.999999999999996,19.792958876527983,20.144426898106953,8.0
7.096000000000704,1500.0,1054.2035248862223,19.999999999999996,19.79291400691502,20.14602513626842,8.0
7.097000000000705,1500.0,1059.9503965710728,19.999999999999996,19.792869534100586,20.14761843367388,8.0
7.098000000000705,1500.0,1065.6977404601305,19.999999999999996,19.792825460060254,20.149206705777907,8.0
7.099000000000705,1500.0,1071.4455541106508,19.999999999999996,19.792781786555057,20.15078987051619,8.0
7.100000000000706,1500.0,1077.193835041415,19.999999999999996,19.792738515144467,20.15236784826675,8.0
7.101000000000706,1500.0,1082.942580733887,19.999999999999996,19.79269564719839,20.15394056181095,8.0
7.102000000000706,1500.0,1088.691788633355,19.999999999999996,19.792653183908207,20.155507936294434,8.0
7.103000000000707,1500.0,1094.4414561500516,19.999999999999996,19.792611126296993,20.157069899188087,8.0
7.104000000000707,1500.0,1100.1915806602567,19.999999999999996,19.792569475228902,20.158626380248958,8.0
7.105000000000707,1500.0,1105.9421595073825,19.999999999999996,19.792528231417922,20.160177311481327,8.0
7.106000000000708,1500.0,1111.6931900030374,19.999999999999996,19.79248739543591,20.161722627097966,8.0
7.107000000000708,1500.0,1117.4446694280737,19.999999999999996,19.79244696772013,20.163262263481535,8.0
7.108000000000708,1500.0,1123.1965950336153,19.999999999999996,19.792406948580172,20.16479615914623,8.0
7.109000000000709,1500.0,1128.948964042069,19.999999999999996,19.792367338204443,20.166324254699745,8.0
7.110000000000709,1500.0,1134.7017736481155,19.999999999999996,19.792328136666214,20.167846492805506,8.0
7.111000000000709,1500.0,1140.4550210196835,19.999999999999996,19.79228934392921,20.169362818145203,8.0
7.11200000000071,1500.0,1146.2087032989057,19.999999999999996,19.792250959852918,20.170873177381775,8.0
7.11300000000071,1500.0,1151.962817603058,19.999999999999996,19.792212984197455,20.172377519122648,8.0
7.11400000000071,1500.0,1157.71736102548,19.999999999999996,19.792175416628226,20.1738757938835,8.0
7.115000000000711,1500.0,1163.4723306364779,19.999999999999996,19.792138256720214,20.175367954052284,8.0
7.116000000000711,1500.0,1169.2277234842131,19.999999999999996,19.79210150396208,20.17685395385383,8.0
7.117000000000711,1500.0,1174.9835365955703,19.999999999999996,19.792065157759968,20.178333749314746,8.0
7.118000000000712,1500.0,1180.739766977011,19.999999999999996,19.792029217441147,20.17980729822886,8.0
7.119000000000712,1500.0,1186.49641161541,19.999999999999996,19.791993682257395,20.18127456012301,8.0
7.120000000000712,1500.0,1192.2534674788762,19.999999999999996,19.791958551388248,20.18273549622344,8.0
7.121000000000713,1500.0,1198.0109315175569,19.999999999999996,19.791923823944042,20.184190069422467,8.0
7.122000000000713,1500.0,1203.7688006644255,19.999999999999996,19.79188949896882,20.185638244245766,8.0
7.123000000000713,1500.0,1209.527071836056,19.999999999999996,19.791855575443098,20.187079986820045,8.0
7.124000000000714,1500.0,1215.2857419333786,19.999999999999996,19.791822052286456,20.188515264841175,8.0
7.125000000000714,1500.0,1221.0448078424251,19.999999999999996,19.79178892836006,20.189944047542852,8.0
7.126000000000714,1500.0,1226.8042664350535,19.999999999999996,19.79175620246904,20.1913663056657,8.0
7.127000000000715,1500.0,1232.5641145696625,19.999999999999996,19.79172387336476,20.192782011426765,8.0
7.128000000000715,1500.0,1238.3243490918894,19.999999999999996,19.79169193974699,20.194191138489582,8.0
7.129000000000715,1500.0,1244.0849668352955,19.999999999999996,19.791660400266,20.195593661934673,8.0
7.130000000000716,1500.0,1249.8459646220338,19.999999999999996,19.791629253524544,20.196989558230435,8.0
7.131000000000716,1500.0,1255.6073392635083,19.999999999999996,19.79159849807978,20.19837880520458,8.0
7.132000000000716,1500.0,1261.3690875610143,19.999999999999996,19.79156813244512,20.199761382015986,8.0
7.133000000000717,1500.0,1267.1312063063704,19.999999999999996,19.791538155091988,20.20113726912701,8.0
7.134000000000717,1500.0,1272.8936922825317,19.999999999999996,19.79150856445151,20.202506448276175,8.0
7.135000000000717,1500.0,1278.6565422641959,19.999999999999996,19.79147935891619,20.203868902451443,8.0
7.136000000000718,1500.0,1284.419753018393,19.999999999999996,19.791450536841474,20.20522461586381,8.0
7.137000000000718,1500.0,1290.1833213050627,19.999999999999996,19.791422096547247,20.206573573921332,8.0
7.138000000000718,1500.0,1295.947243877621,19.999999999999996,19.79139403631937,20.207915763203673,8.0
7.139000000000719,1500.0,1301.7115174835144,19.999999999999996,19.791366354411043,20.209251171436982,8.0
7.140000000000719,1500.0,1307.4761388647596,19.999999999999996,19.791339049044222,20.210579787469218,8.0
7.141000000000719,1500.0,1313.2411047584765,19.999999999999996,19.791312118410925,20.211901601245913,8.0
7.14200000000072,1500.0,1319.0064118974046,19.999999999999996,19.791285560674556,20.21321660378634,8.0
7.14300000000072,1500.0,1324.7720570104107,19.999999999999996,19.791259373971116,20.21452478716002,8.0
7.14400000000072,1500.0,1330.5380368229867,19.999999999999996,19.79123355641044,20.215826144463705,8.0
7.145000000000721,1500.0,1336.3043480577307,19.999999999999996,19.791208106077367,20.21712066979873,8.0
7.146000000000721,1500.0,1342.0709874348267,19.999999999999996,19.79118302103288,20.218408358248716,8.0
7.147000000000721,1500.0,1347.837951672505,19.999999999999996,19.791158299315196,20.219689205857705,8.0
7.148000000000722,1500.0,1353.605237487496,19.999999999999996,19.791133938940867,20.220963209608644,8.0
7.149000000000722,1500.0,1359.3728415954743,19.999999999999996,19.791109937905812,20.222230367402275,8.0
7.1500000000007224,1500.0,1365.1407607114936,19.999999999999996,19.7910862941863,20.223490678036285,8.0
7.151000000000723,1500.0,1370.9089915504057,19.999999999999996,19.791063005739996,20.224744141184996,8.0
7.152000000000723,1500.0,1376.6775308272793,19.999999999999996,19.791040070506853,20.225990757379215,8.0
7.1530000000007234,1500.0,1382.4463752578004,19.999999999999996,19.791017486410077,20.227230527986585,8.0
7.154000000000724,1500.0,1388.215521558668,19.999999999999996,19.790995251357035,20.22846345519223,8.0
7.155000000000724,1500.0,1393.9849664479816,19.999999999999996,19.79097336324012,20.229689541979674,8.0
7.1560000000007244,1500.0,1399.7547066456168,19.999999999999996,19.7909518199376,20.230908792112206,8.0
7.157000000000725,1500.0,1405.524738873592,19.999999999999996,19.790930619314477,20.232121210114528,8.0
7.158000000000725,1500.0,1411.2950598564291,19.999999999999996,19.79090975922325,20.233326801254655,8.0
7.1590000000007254,1500.0,1417.065666321503,19.999999999999996,19.790889237504764,20.234525571526312,8.0
7.160000000000726,1500.0,1422.8365549993844,19.999999999999996,19.790869051988924,20.23571752763142,8.0
7.161000000000726,1500.0,1428.6077226241728,19.999999999999996,19.790849200495465,20.236902676963098,8.0
7.1620000000007265,1500.0,1434.3791659338249,19.999999999999996,19.790829680834673,20.238081027588827,8.0
7.163000000000727,1500.0,1440.1508816704697,19.999999999999996,19.79081049080807,20.23925258823397,8.0
7.164000000000727,1500.0,1445.9228665807177,19.999999999999996,19.79079162820916,20.240417368265636,8.0
7.1650000000007275,1500.0,1451.695117415967,19.999999999999996,19.790773090824022,20.24157537767671,8.0
7.166000000000728,1500.0,1457.467630932696,19.999999999999996,19.790754876432015,20.242726627070315,8.0
7.167000000000728,1500.0,1463.240403892749,19.999999999999996,19.7907369828064,20.243871127644425,8.0
7.1680000000007285,1500.0,1469.0134330636206,19.999999999999996,19.79071940771494,20.24500889117685,8.0
7.169000000000729,1500.0,1474.7867152187057,19.999999999955257,19.790702148876623,20.24613992996552,8.0
7.170000000000729,1500.0,1480.2234814497456,19.17813250848127,18.984551512382726,19.421717201186333,8.0
7.1710000000007295,1500.0,1485.0215274381471,17.75965398576008,17.59253162894169,17.997036237777486,8.0
7.17200000000073,1500.0,1489.0471347036994,16.11744881918261,15.980543762317323,16.34673805276301,8.0
7.17300000000073,1500.0,1492.2884614852237,14.4850574190185,14.377944020752105,14.70577383614857,8.0
7.1740000000007305,1500.0,1494.804859732415,12.99609138094745,12.915972479902974,13.208641381109622,8.0
7.175000000000731,1500.0,1496.691661802634,11.715360234312868,11.658311762033296,11.92063020641783,8.0
7.176000000000731,1500.0,1498.0568656581058,10.662600109827629,10.62438318730403,10.861669765371705,8.0
7.1770000000007315,1500.0,1499.0066436131324,9.829938134214174,9.806493238865489,10.023896753395668,8.0
7.178000000000732,1500.0,1499.6371560330122,9.194275175660447,9.1819913428609,9.384116971314125,8.0
7.179000000000732,1500.0,1500.030685800628,8.725697694346923,8.72152939079196,8.912272734435074,8.0
7.1800000000007325,1500.0,1500.2545857397827,8.392893885553185,8.39438030785209,8.576894871051625,8.0
7.181000000000733,1500.0,1500.3619334042867,8.166388586074158,8.171615179333381,8.348358644987684,8.0
7.182000000000733,1500.0,1500.3931128209315,8.020249931257231,8.027779925921708,8.200601099472399,8.0
7.1830000000007335,1500.0,1500.377795925759,7.932772572727692,7.941567072177003,8.111808266105744,8.0
7.184000000000734,1500.0,1500.3369866462072,7.886514328850971,7.895852576912902,8.064451795280002,8.0
7.185000000000734,1500.0,1500.2849284725403,7.867957688503884,7.877364189810122,8.044948285903683,8.0
7.1860000000007345,1500.0,1500.2307724920063,7.86698399719876,7.876165748126936,8.043130354345422,8.0
7.187000000000735,1500.0,1500.1799668462888,7.876284205122499,7.885079053699009,8.051654061875386,8.0
7.188000000000735,1500.0,1500.1353686696623,7.890782808952555,7.8991185883904755,8.065419746858113,8.0
7.1890000000007355,1500.0,1500.098102537452,7.907117969196881,7.914981289919167,8.081049444114937,8.0
7.190000000000736,1500.0,1500.068200639095,7.9231977975415715,7.930611039852944,8.09644095358745,8.0
7.191000000000736,1500.0,1500.0450633517294,7.937837895668135,7.944842871322205,8.110403630164058,8.0
7.1920000000007365,1500.0,1500.0277776178766,7.950476217526517,7.957123055294742,8.12237191678848,8.0
7.193000000000737,1500.0,1500.0153266429743,7.960956474208949,7.967296456537973,8.13218777331341,8.0
7.194000000000737,1500.0,1500.0067193643365,7.969369248651114,7.975450532912015,8.139941098901598,8.0
7.1950000000007375,1500.0,1500.001062829466,7.975939720150664,7.981805086788258,8.145856983583197,8.0
7.196000000000738,1500.0,1499.9975956127653,7.9809516809011605,7.986637643349573,8.150219415545834,8.0
7.197000000000738,1500.0,1499.9956959886965,7.9846988468545765,7.990235625048707,8.153322400805932,8.0
7.1980000000007385,1500.0,1499.9948748844124,7.9874559835421195,7.992867981004468,8.155440979913296,8.0
7.199000000000739,1500.0,1499.9947606634994,7.9894638718321955,7.994770406228398,8.156816139334715,8.0
7.200000000000739,1500.0,1499.9950804880216,7.9909235080681755,7.996139629516349,8.157648991903555,8.0
7.2010000000007395,1500.0,1499.9956412796614,7.991996109410551,7.997133403413176,8.158100782959597,8.0
7.20200000000074,1500.0,1499.9963120525824,7.992806461298873,7.997873777917628,8.158296249427414,8.0
7.20300000000074,1500.0,1499.997008522893,7.993447907576323,7.998451989182362,8.158328626096122,8.0
7.2040000000007405,1500.0,1499.9976803238771,7.993987866558769,7.998933866529957,8.158265178545072,8.0
7.205000000000741,1500.0,1499.9983007970727,7.994473185850251,7.9993650827903275,8.15815257337649,8.0
7.206000000000741,1500.0,1499.9988591251151,7.994934953839843,7.9997758725566595,8.158021702677683,8.0
7.2070000000007415,1500.0,1499.9993544744516,7.995392593648037,8.000185047036553,8.157891788179585,8.0
7.208000000000742,1500.0,1499.999791787689,7.99585719960412,8.00060326608044,8.157773725307607,8.0
7.209000000000742,1500.0,1500.0001788793545,7.996334157020387,8.001035607223674,8.157672708219879,8.0
7.2100000000007425,1500.0,1500.0005245260704,7.996825129045273,8.001483513848015,8.157590220028615,8.0
7.211000000000743,1500.0,1500.000837289593,7.997329512087765,8.001946221988714,8.157525490116518,8.0
7.212000000000743,1500.0,1500.0011248604778,7.99784546295798,8.002421766962975,8.157476522074045,8.0
7.2130000000007435,1500.0,1500.0013937564136,7.998370593138808,8.002907663428868,8.157440787995437,8.0
7.214000000000744,1500.0,1500.0016492498503,7.998902413122163,8.003401340247398,8.15741567232639,8.0
7.215000000000744,1500.0,1500.0018954334766,7.999438595578124,8.003900397626584,8.157398734230366,8.0
7.2160000000007445,1500.0,1500.0021353593265,7.9999771121843075,8.004402740349699,8.157387843447182,8.0
7.217000000000745,1500.0,1500.0023712083616,8.000516286302254,8.00490662848684,8.157381231933272,8.0
7.218000000000745,1500.0,1500.0026044631486,8.001054792861167,8.005410676364974,8.157377492712438,8.0
7.2190000000007455,1500.0,1500.0028360676176,8.00159162793844,8.005913821866011,8.157375548469256,8.0
7.220000000000746,1500.0,1500.0030665657832,8.002126063527315,8.006415281253288,8.157374605399559,8.0
7.221000000000746,1500.0,1500.0032962165594,8.002657597649753,8.006914499493252,8.157374102487086,8.0
7.2220000000007465,1500.0,1500.0035250850008,8.003185906046992,8.007411102186246,8.157373662441493,8.0
7.223000000000747,1500.0,1500.0037531122014,8.003710798900958,8.007904852492093,8.15737304774798,8.0
7.224000000000747,1500.0,1500.003980166909,8.004232184142511,8.008395614574043,8.157372123378915,8.0
7.2250000000007475,1500.0,1500.0042060821834,8.004750037686147,8.00888332389079,8.157370826500005,8.0
7.226000000000748,1500.0,1500.0044306802663,8.005264380198817,8.009367963947666,8.157369142771099,8.0
7.227000000000748,1500.0,1500.004653788502,8.00577525962303,8.009849548738051,8.157367088454714,8.0
7.2280000000007485,1500.0,1500.0048752486912,8.006282738518772,8.010328109953207,8.157364697390046,8.0
7.229000000000749,1500.0,1500.0050949218169,8.006786885275163,8.01080368802568,8.157362011877558,8.0
7.230000000000749,1500.0,1500.005312689646,8.0072877683189,8.011276326146273,8.157359076596086,8.0
7.2310000000007495,1500.0,1500.0055284543553,8.007785452560649,8.011746066506761,8.157355934789056,8.0
7.23200000000075,1500.0,1500.00574213699,8.00827999745155,8.0122129481494,8.15735262608836,8.0
7.23300000000075,1500.0,1500.005953675352,8.008771456152878,8.012677005932883,8.157349185475548,8.0
7.2340000000007505,1500.0,1500.0061630216933,8.009259875433594,8.013138270234347,8.157345642992512,8.0
7.235000000000751,1500.0,1500.0063701404522,8.009745296013463,8.013596767108092,8.157342023916753,8.0
7.236000000000751,1500.0,1500.0065750061856,8.010227753149554,8.014052518700781,8.157338349197191,8.0
7.2370000000007515,1500.0,1500.0067776017454,8.010707277326349,8.014505543784091,8.157334636008857,8.0
7.238000000000752,1500.0,1500.0069779167393,8.011183894961174,8.014955858316664,8.157330898336705,8.0
7.239000000000752,1500.0,1500.0071759462494,8.011657629068555,8.015403475978559,8.157327147530701,8.0
7.2400000000007525,1500.0,1500.007371689794,8.012128499856848,8.015848408650786,8.157323392804372,8.0
7.241000000000753,1500.0,1500.0075651504965,8.012596525243211,8.016290666825096,8.157319641661744,8.0
7.242000000000753,1500.0,1500.007756334428,8.013061721287196,8.016730259943307,8.157315900252005,8.0
7.2430000000007535,1500.0,1500.0079452500863,8.013524102547583,8.017167196669726,8.15731217365562,8.0
7.244000000000754,1500.0,1500.0081319079895,8.013983682372038,8.017601485105288,8.157308466110647,8.0
7.245000000000754,1500.0,1500.0083163203542,8.014440473129273,8.018033132952123,8.15730478118825,8.0
7.2460000000007545,1500.0,1500.0084985008411,8.01489448639366,8.018462147637685,8.1573011219267,8.0
7.247000000000755,1500.0,1500.0086784643486,8.015345733091502,8.018888536406818,8.15729749093247,8.0
7.248000000000755,1500.0,1500.0088562268438,8.015794223617421,8.019312306389585,8.157293890456323,8.0
7.2490000000007555,1500.0,1500.009031805223,8.016239967926932,8.019733464650255,8.157290322450057,8.0
7.250000000000756,1500.0,1500.00920521719,8.016682975611364,8.020152018223072,8.1572867886095,8.0
7.251000000000756,1500.0,1500.0093764811525,8.017123255958802,8.020567974138064,8.1572832904072,8.0
7.2520000000007565,1500.0,1500.0095456161323,8.017560818004789,8.020981339440082,8.157279829118007,8.0
7.253000000000757,1500.0,1500.009712641678,8.017995670574706,8.021392121202778,8.157276405839328,8.0
7.254000000000757,1500.0,1500.0098775777954,8.018427822320668,8.021800326539866,8.157273021508448,8.0
7.2550000000007575,1500.0,1500.0100404448756,8.018857281753121,8.022205962613686,8.157269676916943,8.0
7.256000000000758,1500.0,1500.0102012636366,8.019284057268672,8.02260903664227,8.157266372723399,8.0
7.257000000000758,1500.0,1500.0103600550653,8.019708157175181,8.023009555905748,8.157263109465333,8.0
7.2580000000007585,1500.0,1500.0105168403657,8.020129589713646,8.023407527751417,8.157259887569616,8.0
7.259000000000759,1500.0,1500.0106716409111,8.020548363078138,8.023802959598514,8.157256707362434,8.0
7.260000000000759,1500.0,1500.010824478203,8.020964485433991,8.024195858942758,8.157253569078916,8.0
7.2610000000007595,1500.0,1500.0109753738311,8.021377964933322,8.024586233359623,8.157250472871343,8.0
7.26200000000076,1500.0,1500.0111243494384,8.021788809729351,8.02497409050761,8.157247418817242,8.0
7.26300000000076,1500.0,1500.011271426689,8.022197027989563,8.025359438131474,8.1572444069273,8.0
7.2640000000007605,1500.0,1500.0114166272406,8.022602627906451,8.025742284064052,8.15724143715178,8.0
7.265000000000761,1500.0,1500.0115599727187,8.023005617707685,8.026122636228424,8.157238509387177,8.0
7.266000000000761,1500.0,1500.0117014846917,8.023406005664688,8.026500502639271,8.157235623481904,8.0
7.2670000000007615,1500.0,1500.0118411846536,8.023803800100467,8.026875891404268,8.157232779241987,8.0
7.268000000000762,1500.0,1500.0119790940048,8.024199009395774,8.02724881072445,8.157229976435584,8.0
7.269000000000762,1500.0,1500.0121152340344,8.024591641994713,8.027619268894615,8.157227214797459,8.0
7.2700000000007625,1500.0,1500.0122496259082,8.024981706409642,8.027987274303593,8.15722449403324,8.0
7.271000000000763,1500.0,1500.0123822906555,8.02536921122505,8.028352835433955,8.157221813823025,8.0
7.272000000000763,1500.0,1500.0125132491594,8.025754165100334,8.028715960861067,8.157219173824236,8.0
7.2730000000007635,1500.0,1500.0126425221429,8.026136576772522,8.029076659252505,8.15721657367476,8.0
7.274000000000764,1500.0,1500.0127701301667,8.026516455058749,8.029434939367551,8.157214012996103,8.0
7.275000000000764,1500.0,1500.0128960936177,8.026893808856864,8.029790810055179,8.157211491394936,8.0
7.2760000000007645,1500.0,1500.0130204327038,8.027268647147014,8.030144280253273,8.15720900846581,8.0
7.277000000000765,1500.0,1500.013143167449,8.027640978991974,8.030495358986864,8.157206563792828,8.0
7.278000000000765,1500.0,1500.013264317689,8.028010813537575,8.03084405536672,8.157204156951567,8.0
7.2790000000007655,1500.0,1500.0133839030675,8.028378160012204,8.031190378587212,8.157201787510239,8.0
7.280000000000766,1500.0,1500.013501943032,8.02874302772672,8.031534337924759,8.157199455031346,8.0
7.281000000000766,1500.0,1500.0136184568312,8.029105426073823,8.031875942735923,8.15719715907295,8.0
7.2820000000007665,1500.0,1500.0137334635158,8.029465364527177,8.032215202455424,8.157194899189747,8.0
7.283000000000767,1500.0,1500.0138469819342,8.029822852640041,8.032552126593778,8.157192674933745,8.0
7.284000000000767,1500.0,1500.0139590307301,8.030177900044247,8.032886724735418,8.15719048585535,8.0
7.2850000000007675,1500.0,1500.014069628347,8.030530516449216,8.033219006536953,8.157188331504548,8.0
7.286000000000768,1500.0,1500.0141787930208,8.030880711639718,8.03354898172429,8.157186211430849,8.0
7.287000000000768,1500.0,1500.0142865427852,8.031228495474819,8.033876660091035,8.157184125184507,8.0
7.2880000000007685,1500.0,1500.0143928954699,8.031573877885936,8.034202051496063,8.157182072316818,8.0
7.289000000000769,1500.0,1500.0144978687008,8.03191686887507,8.03452516586133,8.157180052380617,8.0
7.290000000000769,1500.0,1500.0146014798997,8.03225747851278,8.034846013169561,8.157178064930598,8.0
7.2910000000007695,1500.0,1500.014703746287,8.032595716936722,8.035164603462455,8.157176109524112,8.0
7.29200000000077,1500.0,1500.0148046848808,8.032931594349145,8.035480946837998,8.157174185720988,8.0
7.29300000000077,1500.0,1500.0149043124989,8.033265121015402,8.035795053448764,8.157172293084338,8.0
7.2940000000007705,1500.0,1500.0150026457607,8.033596307261414,8.03610693349927,8.157170431180326,8.0
7.295000000000771,1500.0,1500.0150997010867,8.033925163471922,8.036416597244104,8.15716859957868,8.0
7.296000000000771,1500.0,1500.0151954947007,8.034251700088396,8.03672405498578,8.157166797852897,8.0
7.2970000000007715,1500.0,1500.0152900426317,8.034575927606939,8.037029317072605,8.157165025580387,8.0
7.298000000000772,1500.0,1500.0153833607148,8.034897856576123,8.037332393896497,8.157163282342538,8.0
7.299000000000772,1500.0,1500.0154754645941,8.035217497595088,8.037633295891105,8.157161567725046,8.0
7.3000000000007725,1500.0,1500.0155663697233,8.035534861311142,8.037932033529431,8.157159881317687,8.0
7.301000000000773,1500.0,1500.0156560913654,8.03584995841774,8.038228617321883,8.157158222714472,8.0
7.302000000000773,1500.0,1500.0157446445999,8.03616279965294,8.038523057814768,8.157156591514232,8.0
7.3030000000007735,1500.0,1500.0158320443188,8.036473395796545,8.038815365587542,8.157154987319892,8.0
7.304000000000774,1500.0,1500.015918305232,8.036781757668853,8.039105551251636,8.157153409739271,8.0
7.305000000000774,1500.0,1500.0160034418689,8.037087896128117,8.039393625448021,8.157151858384623,8.0
7.3060000000007745,1500.0,1500.0160874685769,8.037391822068594,8.039679598845401,8.157150332872705,8.0
7.307000000000775,1500.0,1500.0161703995293,8.037693546418886,8.039963482138631,8.15714883282511,8.0
7.308000000000775,1500.0,1500.0162522487217,8.037993080139557,8.040245286046504,8.157147357867839,8.0
7.3090000000007755,1500.0,1500.0163330299767,8.038290434221505,8.040525021310224,8.157145907631602,8.0
7.310000000000776,1500.0,1500.0164127569444,8.038585619683934,8.040802698691556,8.157144481751718,8.0
7.311000000000776,1500.0,1500.016491443105,8.03887864757261,8.041078328971196,8.157143079868202,8.0
7.3120000000007765,1500.0,1500.0165691017714,8.03916952895796,8.041351922947031,8.157141701625717,8.0
7.313000000000777,1500.0,1500.0166457460907,8.039458274933136,8.041623491432347,8.157140346673428,8.0
7.314000000000777,1500.0,1500.0167213890447,8.03974489661226,8.04189304525424,8.157139014665036,8.0
7.3150000000007775,1500.0,1500.0167960434537,8.040029405128776,8.042160595252112,8.157137705258855,8.0
7.316000000000778,1500.0,1500.0168697219772,8.040311811633513,8.042426152275908,8.157136418117581,8.0
7.317000000000778,1500.0,1500.0169424371165,8.040592127293326,8.042689727184882,8.157135152908612,8.0
7.3180000000007785,1500.0,1500.017014201216,8.040870363288965,8.042951330845659,8.15713390930356,8.0
7.319000000000779,1500.0,1500.0170850264653,8.04114653081388,8.04321097413117,8.157132686978658,8.0
7.320000000000779,1500.0,1500.017154924902,8.041420641072124,8.043468667918734,8.157131485614244,8.0
7.3210000000007796,1500.0,1500.0172239084102,8.041692705277134,8.043724423088989,8.157130304895096,8.0
7.32200000000078,1500.0,1500.0172919887273,8.041962734650133,8.043978250524443,8.157129144510355,8.0
7.32300000000078,1500.0,1500.0173591774408,8.042230740418498,8.044230161108004,8.157128004153357,8.0
7.3240000000007806,1500.0,1500.0174254859935,8.042496733814314,8.044480165721696,8.157126883521668,8.0
7.325000000000781,1500.0,1500.0174909256857,8.04276072607285,8.044728275245276,8.157125782316971,8.0
7.326000000000781,1500.0,1500.0175555076733,8.043022728431142,8.044974500554975,8.157124700245042,8.0
7.3270000000007816,1500.0,1500.0176192429715,8.043282752126506,8.045218852522169,8.157123637015646,8.0
7.328000000000782,1500.0,1500.0176821424586,8.043540808395507,8.045461342012475,8.157122592342827,8.0
7.329000000000782,1500.0,1500.0177442168742,8.043796908472048,8.04570197988402,8.157121565944314,8.0
7.330000000000783,1500.0,1500.0178054768235,8.044051063586558,8.045940776986741,8.157120557541985,8.0
7.331000000000783,1500.0,1500.0178659327764,8.044303284964174,8.046177744160751,8.157119566861319,8.0
7.332000000000783,1500.0,1500.017925595072,8.044553583824108,8.04641289223579,8.157118593631944,8.0
7.333000000000784,1500.0,1500.017984473919,8.044801971377817,8.0466462320296,8.157117637587072,8.0
7.334000000000784,1500.0,1500.0180425793958,8.045048458828196,8.04687777434721,8.1571166984638,8.0
7.335000000000784,1500.0,1500.0180999214551,8.045293057368054,8.04710752997957,8.157115776002763,8.0
7.336000000000785,1500.0,1500.0181565099226,8.04553577817914,8.047335509702698,8.15711486994826,8.0
7.337000000000785,1500.0,1500.0182123545005,8.04577663243111,8.047561724276797,8.15711398004834,8.0
7.338000000000785,1500.0,1500.0182674647676,8.046015631280158,8.047786184445002,8.157113106054494,8.0
7.339000000000786,1500.0,1500.0183218501827,8.046252785868226,8.048008900932713,8.157112247721871,8.0
7.340000000000786,1500.0,1500.0183755200833,8.046488107321476,8.048229884446208,8.15711140480882,8.0
7.341000000000786,1500.0,1500.0184284836905,8.046721606749827,8.048449145672297,8.15711057707738,8.0
7.342000000000787,1500.0,1500.018480750107,8.04695329524547,8.048666695276955,8.157109764292798,8.0
7.343000000000787,1500.0,1500.0185323283224,8.047183183882172,8.048882543904757,8.157108966223756,8.0
7.344000000000787,1500.0,1500.01858322721,8.047411283714055,8.049096702177762,8.157108182642075,8.0
7.345000000000788,1500.0,1500.0186334555335,8.047637605775016,8.049309180695051,8.157107413323054,8.0
7.346000000000788,1500.0,1500.0186830219418,8.04786216107734,8.049519990031467,8.157106658044938,8.0
7.347000000000788,1500.0,1500.0187319349777,8.048084960611313,8.049729140737316,8.157105916589403,8.0
7.348000000000789,1500.0,1500.0187802030744,8.048306015343856,8.049936643337134,8.15710518874102,8.0
7.349000000000789,1500.0,1500.0188278345574,8.048525336218024,8.050142508329277,8.15710447428757,8.0
7.350000000000789,1500.0,1500.0188748376488,8.048742934152049,8.050346746185074,8.157103773019868,8.0
7.35100000000079,1500.0,1500.018921220464,8.048958820038344,8.050549367347946,8.157103084731556,8.0
7.35200000000079,1500.0,1500.0189669910162,8.049173004743059,8.050750382233048,8.157102409219409,8.0
7.35300000000079,1500.0,1500.0190121572175,8.04938549910515,8.05094980122644,8.15710174628311,8.0
7.354000000000791,1500.0,1500.0190567268794,8.04959631393559,8.051147634684407,8.157101095725208,8.0
7.355000000000791,1500.0,1500.0191007077142,8.049805460016595,8.051343892932765,8.157100457351014,8.0
7.356000000000791,1500.0,1500.0191441073355,8.050012948101031,8.051538586266384,8.157099830968686,8.0
7.357000000000792,1500.0,1500.0191869332607,8.050218788911726,8.051731724948569,8.157099216389216,8.0
7.358000000000792,1500.0,1500.0192291929131,8.050422993140762,8.051923319210449,8.157098613426317,8.0
7.359000000000792,1500.0,1500.0192708936188,8.050625571448595,8.052113379250207,8.157098021896207,8.0
7.360000000000793,1500.0,1500.0193120426138,8.050826534463921,8.052301915232993,8.157097441618049,8.0
7.361000000000793,1500.0,1500.0193526470405,8.051025892782453,8.052488937289825,8.157096872413312,8.0
7.362000000000793,1500.0,1500.0193927139503,8.051223656966819,8.052674455517554,8.15709631410626,8.0
7.363000000000794,1500.0,1500.019432250305,8.051419837545772,8.052858479978148,8.157095766523678,8.0
7.364000000000794,1500.0,1500.01947126298,8.05161444501355,8.053041020698148,8.157095229494793,8.0
7.365000000000794,1500.0,1500.0195097587596,8.051807489829269,8.053222087668129,8.157094702851166,8.0
7.366000000000795,1500.0,1500.0195477443447,8.05199898241681,8.053401690842671,8.1570941864271,8.0
7.367000000000795,1500.0,1500.0195852263498,8.05218893316393,8.053579840139532,8.157093680059205,8.0
7.368000000000795,1500.0,1500.0196222113043,8.0523773524217,8.053756545439189,8.157093183586351,8.0
7.369000000000796,1500.0,1500.0196587056566,8.052564250504462,8.053931816584821,8.157092696850036,8.0
7.370000000000796,1500.0,1500.0196947157713,8.05274963768874,8.054105663381339,8.157092219693759,8.0
7.371000000000796,1500.0,1500.0197302479323,8.052933524213186,8.054278095595377,8.157091751963403,8.0
7.372000000000797,1500.0,1500.0197653083433,8.053115920278229,8.054449122955008,8.157091293507273,8.0
7.373000000000797,1500.0,1500.0197999031304,8.053296836045194,8.054618755148928,8.157090844175617,8.0
7.374000000000797,1500.0,1500.01983403834,8.053476281636232,8.054787001826469,8.157090403820952,8.0
7.375000000000798,1500.0,1500.019867719941,8.053654267133886,8.05495387259721,8.157089972297994,8.0
7.376000000000798,1500.0,1500.0199009538278,8.053830802580821,8.055119377030767,8.157089549463734,8.0
7.377000000000798,1500.0,1500.019933745819,8.05400589797901,8.055283524656067,8.157089135176996,8.0
7.378000000000799,1500.0,1500.0199661016586,8.054179563289862,8.055446324961498,8.15708872929886,8.0
7.379000000000799,1500.0,1500.0199980270174,8.054351808433466,8.055607787394244,8.157088331692254,8.0
7.380000000000799,1500.0,1500.0200295274944,8.054522643288786,8.05576792136051,8.157087942222432,8.0
7.3810000000008,1500.0,1500.020060608617,8.054692077692708,8.055926736224647,8.157087560756342,8.0
7.3820000000008,1500.0,1500.0200912758417,8.054860121440113,8.056084241309268,8.15708718716295,8.0
7.3830000000008,1500.0,1500.0201215345548,8.055026784283575,8.056240445894993,8.157086821313234,8.0
7.384000000000801,1500.0,1500.0201513900745,8.055192075933034,8.0563953592202,8.157086463080114,8.0
7.385000000000801,1500.0,1500.0201808476518,8.055356006055435,8.056548990480676,8.157086112338312,8.0
7.386000000000801,1500.0,1500.0202099124692,8.055518584274479,8.056701348829447,8.157085768964368,8.0
7.387000000000802,1500.0,1500.0202385896448,8.055679820170354,8.056852443376556,8.157085432836597,8.0
7.388000000000802,1500.0,1500.020266884228,8.055839723279556,8.057002283188917,8.157085103835108,8.0
7.389000000000802,1500.0,1500.020294801207,8.05599830309495,8.057150877290425,8.15708478184208,8.0
7.390000000000803,1500.0,1500.0203223455042,8.056155569065067,8.05729823466131,8.157084466741257,8.0
7.391000000000803,1500.0,1500.02034952198,8.056311530594014,8.057444364238075,8.157084158418025,8.0
7.392000000000803,1500.0,1500.020376335433,8.05646619704145,8.057589274913527,8.157083856759593,8.0
7.393000000000804,1500.0,1500.020402790599,8.056619577722174,8.057732975536418,8.157083561654732,8.0
7.394000000000804,1500.0,1500.020428892155,8.056771681906193,8.057875474911512,8.157083272993976,8.0
7.395000000000804,1500.0,1500.0204546447155,8.056922518818219,8.058016781799166,8.15708299066931,8.0
7.396000000000805,1500.0,1500.0204800528386,8.057072097638029,8.058156904915716,8.15708271457464,8.0
7.397000000000805,1500.0,1500.0205051210226,8.057220427499683,8.058295852932712,8.157082444605129,8.0
7.398000000000805,1500.0,1500.020529853708,8.05736751749193,8.058433634477394,8.157082180657763,8.0
7.399000000000806,1500.0,1500.0205542552796,8.057513376657795,8.058570258132288,8.157081922631004,8.0
7.400000000000806,1500.0,1500.0205783300648,8.057658013994496,8.058705732435174,8.15708167042485,8.0
7.401000000000806,1500.0,1500.020602082337,8.05780143845322,8.058840065878892,8.157081423940674,8.0
7.402000000000807,1500.0,1500.0206255163125,8.057943658939127,8.058973266911378,8.157081183081342,8.0
7.403000000000807,1500.0,1500.0206486361556,8.058084684311389,8.05910534393573,8.157080947751304,8.0
7.404000000000807,1500.0,1500.0206714459766,8.05822452338292,8.059236305309986,8.157080717856427,8.0
7.405000000000808,1500.0,1500.0206939498323,8.058363184920198,8.059366159346961,8.157080493303859,8.0
7.406000000000808,1500.0,1500.020716151729,8.058500677643488,8.059494914314499,8.157080274002295,8.0
7.407000000000808,1500.0,1500.0207380556203,8.058637010226485,8.05962257843516,8.157080059861718,8.0
7.408000000000809,1500.0,1500.0207596654088,8.058772191296413,8.05974915988634,8.157079850793497,8.0
7.409000000000809,1500.0,1500.0207809849478,8.058906229433994,8.059874666800258,8.157079646710407,8.0
7.410000000000809,1500.0,1500.020802018041,8.059039133173304,8.059999107263852,8.15707944752651,8.0
7.41100000000081,1500.0,1500.0208227684436,8.059170911001793,8.060122489318813,8.157079253157194,8.0
7.41200000000081,1500.0,1500.0208432398617,8.059301571359976,8.060244820961321,8.1570790635189,8.0
7.41300000000081,1500.0,1500.0208634359542,8.059431122641902,8.060366110142516,8.157078878529576,8.0
7.414000000000811,1500.0,1500.0208833603328,8.059559573194893,8.060486364768273,8.157078698108432,8.0
7.415000000000811,1500.0,1500.020903016562,8.059686931319492,8.060605592699169,8.157078522175876,8.0
7.416000000000811,1500.0,1500.0209224081627,8.0598132052695,8.060723801750536,8.157078350653542,8.0
7.417000000000812,1500.0,1500.0209415386091,8.059938403251799,8.060840999692326,8.157078183464115,8.0
7.418000000000812,1500.0,1500.0209604113295,8.060062533426573,8.06095719424934,8.157078020531522,8.0
7.419000000000812,1500.0,1500.020979029711,8.060185603907401,8.061072393101336,8.157077861780984,8.0
7.420000000000813,1500.0,1500.0209973970934,8.06030762276082,8.061186603882618,8.15707770713857,8.0
7.421000000000813,1500.0,1500.0210155167777,8.060428598007116,8.061299834182844,8.157077556531933,8.0
7.422000000000813,1500.0,1500.021033392019,8.060548537619471,8.061412091546195,8.157077409889432,8.0
7.423000000000814,1500.0,1500.0210510260317,8.060667449524574,8.061523383472009,8.15707726714069,8.0
7.424000000000814,1500.0,1500.0210684219894,8.06078534160251,8.061633717414665,8.157077128216418,8.0
7.425000000000814,1500.0,1500.0210855830228,8.060902221686666,8.061743100783534,8.15707699304828,8.0
7.426000000000815,1500.0,1500.0211025122248,8.06101809756416,8.061851540943401,8.157076861569259,8.0
7.427000000000815,1500.0,1500.021119212648,8.061132976975438,8.06195904521409,8.157076733713176,8.0
7.428000000000815,1500.0,1500.0211356873033,8.061246867614276,8.062065620870488,8.157076609414638,8.0
7.429000000000816,1500.0,1500.021151939165,8.061359777128551,8.06217127514331,8.157076488609725,8.0
7.430000000000816,1500.0,1500.021167971169,8.061471713119639,8.062276015218517,8.157076371235298,8.0
7.431000000000816,1500.0,1500.0211837862114,8.061582683142575,8.062379848237507,8.157076257229104,8.0
7.432000000000817,1500.0,1500.0211993871526,8.061692694706498,8.06248278129755,8.157076146530102,8.0
7.433000000000817,1500.0,1500.021214776817,8.061801755274264,8.062584821451425,8.157076039078001,8.0
7.434000000000817,1500.0,1500.0212299579898,8.06190987226266,8.062685975707653,8.157075934813383,8.0
7.435000000000818,1500.0,1500.0212449334213,8.062017053042789,8.062786251030865,8.157075833677972,8.0
7.436000000000818,1500.0,1500.0212597058278,8.062123304939881,8.062885654341663,8.157075735614363,8.0
7.437000000000818,1500.0,1500.0212742778883,8.062228635233282,8.062984192516586,8.157075640565882,8.0
7.438000000000819,1500.0,1500.0212886522488,8.06233305115688,8.063081872388562,8.157075548476916,8.0
7.439000000000819,1500.0,1500.0213028315204,8.062436559898975,8.06317870074679,8.157075459292674,8.0
7.440000000000819,1500.0,1500.0213168182806,8.062539168602385,8.063274684336838,8.157075372959158,8.0
7.44100000000082,1500.0,1500.0213306150727,8.062640884364608,8.063369829860843,8.157075289423227,8.0
7.44200000000082,1500.0,1500.0213442244092,8.062741714238042,8.063464143977706,8.157075208632673,8.0
7.44300000000082,1500.0,1500.0213576487677,8.062841665229886,8.063557633303027,8.157075130536008,8.0
7.444000000000821,1500.0,1500.0213708905953,8.062940744302415,8.063650304409366,8.157075055082608,8.0
7.445000000000821,1500.0,1500.0213839523065,8.063038958372914,8.063742163826207,8.15707498222252,8.0
7.446000000000821,1500.0,1500.0213968362855,8.063136314314226,8.06383321804049,8.15707491190686,8.0
7.447000000000822,1500.0,1500.0214095448846,8.063232818954319,8.063923473496198,8.157074844087248,8.0
7.448000000000822,1500.0,1500.0214220804266,8.06332847907686,8.064012936594935,8.157074778716261,8.0
7.449000000000822,1500.0,1500.021434445203,8.063423301421007,8.064101613695716,8.15707471574705,8.0
7.450000000000823,1500.0,1500.021446641477,8.063517292681746,8.064189511115329,8.157074655133561,8.0
7.451000000000823,1500.0,1500.0214586714808,8.063610459510075,8.06427663512849,8.157074596830546,8.0
7.452000000000823,1500.0,1500.021470537419,8.063702808513233,8.064362991968105,8.157074540793653,8.0
7.453000000000824,1500.0,1500.0214822414682,8.063794346254308,8.064448587824872,8.157074486978887,8.0
7.454000000000824,1500.0,1500.0214937857752,8.063885079252763,8.064533428847817,8.157074435342981,8.0
7.455000000000824,1500.0,1500.021505172459,8.063975013984708,8.06461752114455,8.157074385843488,8.0
7.456000000000825,1500.0,1500.0215164036115,8.064064156882962,8.064700870781365,8.15707433843873,8.0
7.457000000000825,1500.0,1500.0215274812979,8.064152514337119,8.064783483783266,8.157074293087641,8.0
7.458000000000825,1500.0,1500.021538407556,8.064240092693614,8.06486536613407,8.157074249749737,8.0
7.459000000000826,1500.0,1500.021549184397,8.0643268982562,8.064946523776864,8.157074208385366,8.0
7.460000000000826,1500.0,1500.0215598138077,8.064412937285619,8.065026962613695,8.157074168955253,8.0
7.461000000000826,1500.0,1500.0215702977468,8.064498216000073,8.065106688506036,8.157074131420796,8.0
7.462000000000827,1500.0,1500.0215806381486,8.064582740575485,8.065185707275043,8.157074095744147,8.0
7.463000000000827,1500.0,1500.0215908369223,8.064666517145449,8.065264024701502,8.157074061887979,8.0
7.464000000000827,1500.0,1500.021600895951,8.06474955180151,8.065341646526141,8.157074029815645,8.0
7.465000000000828,1500.0,1500.021610817096,8.064831850593391,8.065418578449794,8.15707399949114,8.0
7.466000000000828,1500.0,1500.0216206021917,8.064913419528835,8.065494826133333,8.157073970878868,8.0
7.467000000000828,1500.0,1500.0216302530498,8.064994264574192,8.065570395198165,8.15707394394397,8.0
7.468000000000829,1500.0,1500.0216397714585,8.065074391654314,8.065645291226184,8.157073918652088,8.0
7.469000000000829,1500.0,1500.0216491591825,8.06515380665285,8.065719519760048,8.157073894969455,8.0
7.470000000000829,1500.0,1500.0216584179636,8.065232515412303,8.065793086303232,8.157073872862785,8.0
7.47100000000083,1500.0,1500.02166754952,8.065310523734338,8.065865996320342,8.15707385229938,8.0
7.47200000000083,1500.0,1500.0216765555488,8.065387837380035,8.065938255237363,8.157073833247221,8.0
7.47300000000083,1500.0,1500.0216854377256,8.065464462069821,8.06600986844158,8.15707381567469,8.0
7.474000000000831,1500.0,1500.0216941977014,8.065540403483592,8.066080841281723,8.157073799550531,8.0
7.475000000000831,1500.0,1500.0217028371087,8.06561566726139,8.066151179068623,8.157073784844327,8.0
7.476000000000831,1500.0,1500.0217113575563,8.065690259002947,8.066220887074751,8.157073771525843,8.0
7.477000000000832,1500.0,1500.0217197606337,8.065764184268465,8.06628997053501,8.157073759565634,8.0
7.478000000000832,1500.0,1500.0217280479087,8.065837448578323,8.066358434646434,8.15707374893457,8.0
7.479000000000832,1500.0,1500.0217362209296,8.065910057413543,8.066426284568639,8.15707373960407,8.0
7.480000000000833,1500.0,1500.0217442812232,8.065982016215738,8.0664935254238,8.157073731545914,8.0
7.481000000000833,1500.0,1500.0217522302974,8.066053330387582,8.066560162297076,8.15707372473248,8.0
7.482000000000833,1500.0,1500.0217600696394,8.066124005292895,8.066626200236719,8.15707371913664,8.0
7.483000000000834,1500.0,1500.0217678007182,8.066194046256639,8.066691644254064,8.157073714731576,8.0
7.484000000000834,1500.0,1500.0217754249834,8.066263458565349,8.066756499323953,8.157073711491007,8.0
7.485000000000834,1500.0,1500.0217829438645,8.066332247467164,8.066820770384764,8.157073709389037,8.0
7.486000000000835,1500.0,1500.0217903587725,8.066400418172167,8.066884462338736,8.15707370840027,8.0
7.487000000000835,1500.0,1500.0217976711015,8.06646797585253,8.066947580052124,8.157073708499787,8.0
7.488000000000835,1500.0,1500.0218048822253,8.06653492564257,8.067010128355257,8.157073709663006,8.0
7.489000000000836,1500.0,1500.0218119935012,8.066601272639181,8.067072112042933,8.157073711865886,8.0
7.490000000000836,1500.0,1500.0218190062685,8.066667021901727,8.06713353587435,8.15707371508466,8.0
7.491000000000836,1500.0,1500.0218259218493,8.066732178452435,8.067194404573456,8.15707371929599,8.0
7.492000000000837,1500.0,1500.0218327415473,8.066796747276376,8.067254722828958,8.157073724476795,8.0
7.493000000000837,1500.0,1500.0218394666495,8.066860733322022,8.067314495294857,8.157073730604576,8.0
7.494000000000837,1500.0,1500.0218460984265,8.06692414150118,8.067373726590375,8.15707373765716,8.0
7.495000000000838,1500.0,1500.0218526381311,8.06698697668936,8.067432421300314,8.157073745612863,8.0
7.496000000000838,1500.0,1500.0218590870015,8.067049243725807,8.0674905839751,8.157073754450334,8.0
7.497000000000838,1500.0,1500.0218654462585,8.067110947413578,8.067548219130854,8.157073764148432,8.0
7.498000000000839,1500.0,1500.021871717107,8.067172092520044,8.06760533124986,8.15707377468651,8.0
7.499000000000839,1500.0,1500.0218779007355,8.067232683776966,8.067661924780667,8.157073786044306,8.0
7.500000000000839,1500.0,1500.0218839983188,8.067292725880513,8.067718004138094,8.157073798201775,8.0
7.50100000000084,1500.0,1500.0218900110137,8.067352223491824,8.067773573703768,8.157073811139405,8.0
7.50200000000084,1500.0,1500.0218959399647,8.067411181236842,8.067828637825974,8.1570738248379,8.0
7.50300000000084,1500.0,1500.021901786298,8.067469603706627,8.067883200819953,8.157073839278262,8.0
7.504000000000841,1500.0,1500.021907551128,8.067527495457712,8.067937266968254,8.157073854441967,8.0
7.505000000000841,1500.0,1500.0219132355526,8.067584861012044,8.067990840520663,8.15707387031068,8.0
7.506000000000841,1500.0,1500.0219188406563,8.067641704857381,8.068043925694603,8.157073886866483,8.0
7.507000000000842,1500.0,1500.0219243675083,8.067698031447286,8.068096526675113,8.15707390409164,8.0
7.508000000000842,1500.0,1500.0219298171648,8.067753845201592,8.06814864761531,8.157073921968873,8.0
7.509000000000842,1500.0,1500.0219351906678,8.067809150506482,8.06820029263646,8.157073940481252,8.0
7.510000000000843,1500.0,1500.0219404890456,8.067863951714362,8.068251465827853,8.157073959611854,8.0
7.511000000000843,1500.0,1500.0219457133123,8.067918253144638,8.068302171247568,8.157073979344352,8.0
7.512000000000843,1500.0,1500.0219508644684,8.067972059083484,8.068352412922227,8.157073999662575,8.0
7.513000000000844,1500.0,1500.0219559435027,8.068025373784337,8.06840219484749,8.15707402055079,8.0
7.514000000000844,1500.0,1500.0219609513904,8.068078201467777,8.06845152098793,8.157074041993422,8.0
7.515000000000844,1500.0,1500.0219658890937,8.0681305463219,8.068500395277395,8.15707406397519,8.0
7.516000000000845,1500.0,1500.0219707575618,8.06818241250242,8.068548821619107,8.157074086481032,8.0
7.517000000000845,1500.0,1500.0219755577316,8.068233804132987,8.068596803885965,8.157074109496207,8.0
7.518000000000845,1500.0,1500.0219802905283,8.068284725305451,8.068644345920813,8.157074133006393,8.0
7.519000000000846,1500.0,1500.021984956864,8.06833518007956,8.068691451536122,8.157074156997151,8.0
7.520000000000846,1500.0,1500.021989557639,8.068385172483891,8.068738124514915,8.157074181454671,8.0
7.521000000000846,1500.0,1500.0219940937423,8.068434706515557,8.06878436861047,8.157074206365296,8.0
7.522000000000847,1500.0,1500.02199856605,8.068483786140362,8.068830187546464,8.157074231715466,8.0
7.523000000000847,1500.0,1500.022002975427,8.068532415293427,8.068875585017592,8.157074257492141,8.0
7.524000000000847,1500.0,1500.022007322729,8.068580597878826,8.0689205646892,8.157074283682269,8.0
7.525000000000848,1500.0,1500.0220116087967,8.068628337770091,8.06896513019778,8.157074310273066,8.0
7.526000000000848,1500.0,1500.0220158344623,8.06867563881052,8.069009285151264,8.15707433725214,8.0
7.527000000000848,1500.0,1500.0220200005454,8.06872250481301,8.069053033128858,8.15707436460715,8.0
7.528000000000849,1500.0,1500.0220241078562,8.06876893956066,8.069096377681634,8.157074392326171,8.0
7.529000000000849,1500.0,1500.0220281571933,8.06881494680667,8.06913932233241,8.157074420397432,8.0
7.530000000000849,1500.0,1500.022032149345,8.068860530274513,8.06918187057595,8.157074448809299,8.0
7.53100000000085,1500.0,1500.0220360850892,8.068905693658268,8.069224025879237,8.157074477550387,8.0
7.53200000000085,1500.0,1500.0220399651932,8.068950440622817,8.069265791681715,8.1570745066096,8.0
7.53300000000085,1500.0,1500.0220437904145,8.068994774803908,8.069307171395298,8.157074535975973,8.0
7.534000000000851,1500.0,1500.0220475615006,8.069038699808518,8.069348168404757,8.157074565638851,8.0
7.535000000000851,1500.0,1500.0220512791884,8.069082219214753,8.069388786067599,8.157074595587618,8.0
7.536000000000851,1500.0,1500.022054944206,8.069125336572382,8.069429027714593,8.157074625812019,8.0
7.537000000000852,1500.0,1500.022058557271,8.06916805540279,8.069468896649717,8.15707465630193,8.0
7.538000000000852,1500.0,1500.0220621190922,8.069210379199227,8.069508396150404,8.157074687047423,8.0
7.539000000000852,1500.0,1500.0220656303686,8.069252311426983,8.0695475294677,8.157074718038754,8.0
7.540000000000853,1500.0,1500.0220690917904,8.069293855523577,8.069586299826446,8.15707474926635,8.0
7.541000000000853,1500.0,1500.0220725040379,8.069335014898895,8.069624710425416,8.157074780720777,8.0
7.542000000000853,1500.0,1500.0220758677824,8.06937579293556,8.069662764437668,8.157074812392922,8.0
7.543000000000854,1500.0,1500.0220791836875,8.069416192988957,8.069700465010579,8.157074844273827,8.0
7.544000000000854,1500.0,1500.0220824524065,8.069456218387261,8.069737815265835,8.15707487635453,8.0
7.545000000000854,1500.0,1500.0220856745848,8.069495872431933,8.069774818299951,8.157074908626385,8.0
7.546000000000855,1500.0,1500.0220888508588,8.069535158397803,8.069811477184324,8.157074941080957,8.0
7.547000000000855,1500.0,1500.0220919818566,8.069574079533115,8.069847794965282,8.157074973709891,8.0
7.548000000000855,1500.0,1500.0220950681985,8.06961263905994,8.069883774664468,8.15707500650511,8.0
7.549000000000856,1500.0,1500.022098110496,8.069650840174113,8.06991941927881,8.157075039458636,8.0
7.550000000000856,1500.0,1500.0221011093515,8.069688686045346,8.069954731780584,8.157075072562458,8.0
7.551000000000856,1500.0,1500.0221040653616,8.069726179817943,8.069989715118135,8.1570751058091,8.0
7.552000000000857,1500.0,1500.0221069791137,8.069763324610399,8.070024372215487,8.15707513919104,8.0
7.553000000000857,1500.0,1500.0221098511875,8.069800123515673,8.070058705972563,8.157075172700782,8.0
7.554000000000857,1500.0,1500.022112682153,8.06983657960158,8.07009271926563,8.157075206331108,8.0
7.555000000000858,1500.0,1500.0221154725768,8.069872695911103,8.070126414947548,8.157075240075173,8.0
7.556000000000858,1500.0,1500.022118223015,8.069908475461943,8.070159795847331,8.157075273925903,8.0
7.557000000000858,1500.0,1500.0221209340166,8.069943921247205,8.070192864770844,8.157075307876507,8.0
7.558000000000859,1500.0,1500.0221236061245,8.069979036235484,8.070225624500845,8.15707534192037,8.0
7.559000000000859,1500.0,1500.0221262398732,8.070013823370909,8.070258077797057,8.157075376050944,8.0
7.560000000000859,1500.0,1500.0221288357898,8.07004828557335,8.070290227396338,8.157075410261765,8.0
7.56100000000086,1500.0,1500.0221313943946,8.07008242573883,8.070322076013108,8.157075444546706,8.0
7.56200000000086,1500.0,1500.0221339162026,8.070116246739508,8.070353626339289,8.157075478899769,8.0
7.56300000000086,1500.0,1500.0221364017198,8.070149751423564,8.07038488104423,8.157075513314828,8.0
7.564000000000861,1500.0,1500.0221388514467,8.070182942615892,8.07041584277535,8.157075547786121,8.0
7.565000000000861,1500.0,1500.0221412658752,8.070215823117728,8.070446514157792,8.157075582307735,8.0
7.566000000000861,1500.0,1500.022143645494,8.070248395707567,8.070476897795293,8.157075616874334,8.0
7.567000000000862,1500.0,1500.0221459907823,8.070280663140409,8.070506996269463,8.15707565148026,8.0
7.568000000000862,1500.0,1500.022148302214,8.07031262814864,8.070536812140624,8.157075686120212,8.0
7.569000000000862,1500.0,1500.0221505802565,8.070344293441861,8.070566347947652,8.157075720788947,8.0
7.570000000000863,1500.0,1500.0221528253708,8.070375661707166,8.070595606208236,8.157075755481372,8.0
7.571000000000863,1500.0,1500.0221550380118,8.070406735609259,8.070624589418998,8.157075790192497,8.0
7.572000000000863,1500.0,1500.02215721863,8.070437517790626,8.07065330005564,8.157075824917447,8.0
7.573000000000864,1500.0,1500.0221593676667,8.070468010871473,8.070681740572892,8.157075859651236,8.0
7.574000000000864,1500.0,1500.0221614855598,8.070498217450346,8.070709913405114,8.157075894389235,8.0
7.575000000000864,1500.0,1500.0221635727394,8.070528140104084,8.070737820966238,8.157075929126941,8.0
7.576000000000865,1500.0,1500.0221656296324,8.070557781387798,8.07076546564975,8.157075963859821,8.0
7.577000000000865,1500.0,1500.022167656657,8.07058714383519,8.070792849828988,8.157075998583448,8.0
7.578000000000865,1500.0,1500.0221696542276,8.070616229958835,8.070819975857425,8.157076033293643,8.0
7.579000000000866,1500.0,1500.0221716227534,8.070645042250018,8.070846846068505,8.15707606798615,8.0
7.580000000000866,1500.0,1500.0221735626362,8.070673583179099,8.07087346277598,8.157076102656834,8.0
7.581000000000866,1500.0,1500.0221754742743,8.070701855195823,8.07089982827422,8.15707613730184,8.0
7.582000000000867,1500.0,1500.0221773580595,8.070729860729031,8.070925944837931,8.157076171917158,8.0
7.583000000000867,1500.0,1500.0221792143789,8.070757602187374,8.070951814722836,8.157076206499166,8.0
7.584000000000867,1500.0,1500.0221810436149,8.070785081958809,8.070977440165183,8.157076241043983,8.0
7.585000000000868,1500.0,1500.0221828461429,8.070812302411225,8.071002823382365,8.157076275547952,8.0
7.586000000000868,1500.0,1500.022184622335,8.070839265892584,8.071027966573027,8.157076310007596,8.0
7.587000000000868,1500.0,1500.0221863725578,8.070865974730921,8.071052871917086,8.1570763444195,8.0
7.588000000000869,1500.0,1500.0221880971728,8.070892431234462,8.071077541575832,8.15707637878026,8.0
7.589000000000869,1500.0,1500.0221897965366,8.070918637691882,8.071101977692173,8.157076413086614,8.0
7.590000000000869,1500.0,1500.0221914710016,8.070944596372398,8.071126182390726,8.157076447335342,8.0
7.59100000000087,1500.0,1500.0221931209142,8.070970309525906,8.071150157777943,8.157076481523301,8.0
7.59200000000087,1500.0,1500.0221947466175,8.07099577938322,8.071173905942343,8.157076515647491,8.0
7.59300000000087,1500.0,1500.022196348449,8.071021008155968,8.071197428954415,8.15707654970483,8.0
7.594000000000871,1500.0,1500.022197926742,8.071045998037226,8.07122072886721,8.1570765836926,8.0
7.595000000000871,1500.0,1500.0221994818257,8.071070751201091,8.071243807715941,8.157076617607915,8.0
7.596000000000871,1500.0,1500.022201014024,8.071095269803056,8.071266667518334,8.157076651447937,8.0
7.597000000000872,1500.0,1500.022202523657,8.07111955598036,8.071289310274969,8.157076685210079,8.0
7.598000000000872,1500.0,1500.022204011041,8.071143611851886,8.071311737969182,8.157076718891775,8.0
7.599000000000872,1500.0,1500.0222054764865,8.071167439518288,8.071333952567167,8.157076752490443,8.0
7.600000000000873,1500.0,1500.0222069203019,8.071191041062216,8.071355956018213,8.157076786003598,8.0
7.601000000000873,1500.0,1500.0222083427882,8.07121441854838,8.071377750254753,8.15707681942876,8.0
7.602000000000873,1500.0,1500.0222097442463,8.071237574024003,8.071399337192792,8.157076852763751,8.0
7.603000000000874,1500.0,1500.0222111249705,8.071260509518464,8.071420718731577,8.157076886006246,8.0
7.604000000000874,1500.0,1500.022212485251,8.07128322704368,8.071441896753942,8.157076919153976,8.0
7.605000000000874,1500.0,1500.0222138253757,8.071305728594432,8.071462873126642,8.157076952204939,8.0
7.606000000000875,1500.0,1500.0222151456271,8.071328016148,8.071483649699974,8.157076985156895,8.0
7.607000000000875,1500.0,1500.0222164462846,8.071350091664828,8.07150422830844,8.157077018007886,8.0
7.608000000000875,1500.0,1500.0222177276237,8.071371957088388,8.0715246107706,8.15707705075599,8.0
7.609000000000876,1500.0,1500.0222189899164,8.071393614345258,8.071544798889144,8.157077083399237,8.0
7.610000000000876,1500.0,1500.0222202334305,8.07141506534534,8.071564794451103,8.157077115935726,8.0
7.611000000000876,1500.0,1500.02222145843,8.071436311982172,8.071584599228144,8.157077148363769,8.0
7.612000000000877,1500.0,1500.0222226651758,8.071457356132631,8.071604214976302,8.157077180681512,8.0
7.613000000000877,1500.0,1500.0222238539254,8.071478199657575,8.071623643436556,8.15707721288739,8.0
7.614000000000877,1500.0,1500.0222250249326,8.071498844401587,8.071642886334617,8.157077244979789,8.0
7.615000000000878,1500.0,1500.0222261784472,8.071519292193171,8.071661945381093,8.1570772769571,8.0
7.616000000000878,1500.0,1500.0222273147174,8.071539544844919,8.071680822271658,8.15707730881775,8.0
7.617000000000878,1500.0,1500.022228433985,8.07155960415368,8.071699518687204,8.157077340560237,8.0
7.618000000000879,1500.0,1500.0222295364917,8.07157947190076,8.071718036294053,8.157077372183249,8.0
7.619000000000879,1500.0,1500.022230622474,8.071599149851597,8.071736376743594,8.157077403685152,8.0
7.620000000000879,1500.0,1500.0222316921656,8.071618639756675,8.071754541673222,8.157077435064831,8.0
7.62100000000088,1500.0,1500.0222327457964,8.071637943350861,8.071772532705658,8.15707746632088,8.0
7.62200000000088,1500.0,1500.0222337835953,8.07165706235402,8.071790351449541,8.1570774974521,8.0
7.62300000000088,1500.0,1500.0222348057855,8.071675998470802,8.071807999499235,8.157077528457158,8.0
7.624000000000881,1500.0,1500.0222358125889,8.07169475339121,8.071825478435365,8.157077559335045,8.0
7.625000000000881,1500.0,1500.0222368042223,8.07171332879021,8.071842789824439,8.15707759008456,8.0
7.626000000000881,1500.0,1500.0222377809023,8.071731726328286,8.071859935219386,8.157077620704746,8.0
7.627000000000882,1500.0,1500.0222387428407,8.071749947651272,8.071876916159386,8.157077651194603,8.0
7.628000000000882,1500.0,1500.0222396902477,8.071767994390438,8.07189373416995,8.157077681553064,8.0
7.629000000000882,1500.0,1500.022240623329,8.071785868162715,8.071910390763138,8.157077711779095,8.0
7.630000000000883,1500.0,1500.0222415422895,8.071803570570918,8.071926887437765,8.1570777418718,8.0
7.631000000000883,1500.0,1500.0222424473288,8.071821103203717,8.071943225679389,8.157077771830288,8.0
7.632000000000883,1500.0,1500.0222433386455,8.071838467635766,8.071959406960408,8.157077801653674,8.0
7.633000000000884,1500.0,1500.0222442164356,8.071855665428053,8.071975432740414,8.15707783134133,8.0
7.634000000000884,1500.0,1500.022245080891,8.071872698127427,8.071991304465726,8.157077860892286,8.0
7.635000000000884,1500.0,1500.0222459322024,8.071889567267473,8.072007023570233,8.157077890305999,8.0
7.636000000000885,1500.0,1500.0222467705578,8.071906274368041,8.072022591474942,8.157077919581772,8.0
7.637000000000885,1500.0,1500.0222475961414,8.071922820935423,8.07203800958813,8.157077948718813,8.0
7.638000000000885,1500.0,1500.0222484091362,8.071939208462787,8.072053279305782,8.157077977716572,8.0
7.639000000000886,1500.0,1500.022249209722,8.071955438429928,8.07206840201134,8.157078006574379,8.0
7.640000000000886,1500.0,1500.0222499980762,8.071971512303637,8.072083379076046,8.157078035291686,8.0
7.641000000000886,1500.0,1500.0222507743733,8.071987431537737,8.07209821185899,8.15707806386802,8.0
7.642000000000887,1500.0,1500.022251538787,8.072003197573133,8.07211290170715,8.157078092302925,8.0
7.643000000000887,1500.0,1500.0222522914876,8.072018811837811,8.072127449955383,8.157078120595825,8.0
7.644000000000887,1500.0,1500.022253032642,8.072034275747079,8.072141857926667,8.157078148746205,8.0
7.645000000000888,1500.0,1500.0222537624174,8.072049590703868,8.072156126932372,8.157078176753771,8.0
7.646000000000888,1500.0,1500.0222544809762,8.0720647580983,8.072170258271862,8.157078204617932,8.0
7.647000000000888,1500.0,1500.0222551884785,8.07207977930841,8.072184253233175,8.157078232338414,8.0
7.648000000000889,1500.0,1500.0222558850849,8.072094655700077,8.072198113092957,8.157078259915076,8.0
7.649000000000889,1500.0,1500.0222565709519,8.072109388626648,8.0722118391161,8.15707828734747,8.0
7.650000000000889,1500.0,1500.022257246233,8.072123979429382,8.072225432556156,8.157078314635136,8.0
7.65100000000089,1500.0,1500.0222579110814,8.072138429437949,8.072238894655838,8.15707834177804,8.0
7.65200000000089,1500.0,1500.0222585656468,8.072152739969829,8.072252226646414,8.157078368775844,8.0
7.65300000000089,1500.0,1500.0222592100777,8.07216691233093,8.072265429748333,8.157078395628453,8.0
7.654000000000891,1500.0,1500.02225984452,8.072180947815307,8.072278505170903,8.157078422335605,8.0
7.655000000000891,1500.0,1500.0222604691191,8.072194847705601,8.072291454112769,8.157078448897243,8.0
7.656000000000891,1500.0,1500.0222610840167,8.0722086132727,8.072304277761525,8.157078475313057,8.0
7.657000000000892,1500.0,1500.0222616893523,8.072222245776272,8.072316977294273,8.157078501582934,8.0
7.658000000000892,1500.0,1500.0222622852646,8.072235746464699,8.072329553877548,8.15707852770679,8.0
7.659000000000892,1500.0,1500.02226287189,8.07224911657517,8.072342008667384,8.157078553684576,8.0
7.660000000000893,1500.0,1500.0222634493632,8.072262357333743,8.072354342809394,8.157078579516238,8.0
7.661000000000893,1500.0,1500.022264017816,8.072275469955423,8.072366557438826,8.157078605201693,8.0
7.662000000000893,1500.0,1500.02226457738,8.072288455644452,8.072378653680861,8.157078630741058,8.0
7.663000000000894,1500.0,1500.022265128184,8.072301315594089,8.072390632650375,8.157078656134296,8.0
7.664000000000894,1500.0,1500.022265670355,8.072314050986781,8.072402495452122,8.157078681381343,8.0
7.665000000000894,1500.0,1500.022266204019,8.072326662994447,8.072414243180987,8.157078706482258,8.0
7.666000000000895,1500.0,1500.0222667292985,8.072339152778424,8.072425876921955,8.157078731437103,8.0
7.667000000000895,1500.0,1500.0222672463162,8.072351521489612,8.072437397750223,8.157078756245989,8.0
7.668000000000895,1500.0,1500.0222677551922,8.072363770268481,8.07244880673124,8.15707878090902,8.0
7.669000000000896,1500.0,1500.022268256046,8.072375900245259,8.072460104920827,8.157078805426332,8.0
7.670000000000896,1500.0,1500.0222687489936,8.072387912539753,8.072471293365071,8.157078829797904,8.0
7.671000000000896,1500.0,1500.0222692341504,8.072399808261876,8.072482373100787,8.157078854023947,8.0
7.672000000000897,1500.0,1500.0222697116305,8.072411588511457,8.072493345155346,8.157078878104642,8.0
7.673000000000897,1500.0,1500.0222701815458,8.072423254378403,8.072504210546828,8.157078902040213,8.0
7.674000000000897,1500.0,1500.0222706440068,8.072434806942548,8.072514970283873,8.157078925830703,8.0
7.675000000000898,1500.0,1500.0222710991225,8.07244624727422,8.072525625366234,8.157078949476455,8.0
7.676000000000898,1500.0,1500.0222715470013,8.072457576433882,8.072536176784414,8.15707897297764,8.0
7.677000000000898,1500.0,1500.022271987748,8.072468795472295,8.072546625519834,8.157078996334393,8.0
7.678000000000899,1500.0,1500.0222724214666,8.072479905430923,8.072556972545216,8.157079019547087,8.0
7.679000000000899,1500.0,1500.022272848262,8.072490907341757,8.072567218824412,8.157079042616084,8.0
7.680000000000899,1500.0,1500.0222732682355,8.07250180222713,8.072577365312222,8.157079065541492,8.0
7.6810000000009,1500.0,1500.0222736814865,8.072512591100168,8.072587412954833,8.157079088323526,8.0
7.6820000000009,1500.0,1500.022274088115,8.072523274964947,8.072597362689956,8.157079110962561,8.0
7.6830000000009,1500.0,1500.0222744882171,8.072533854816282,8.07260721544664,8.157079133458886,8.0
7.684000000000901,1500.0,1500.0222748818894,8.07254433164003,8.072616972145546,8.157079155812887,8.0
7.685000000000901,1500.0,1500.0222752692275,8.07255470641287,8.072626633698729,8.15707917802477,8.0
7.6860000000009014,1500.0,1500.022275650324,8.072564980102667,8.072636201010015,8.157079200094852,8.0
7.687000000000902,1500.0,1500.022276025271,8.072575153668598,8.072645674975089,8.157079222023594,8.0
7.688000000000902,1500.0,1500.0222763941588,8.07258522806093,8.072655056481292,8.157079243811319,8.0
7.6890000000009024,1500.0,1500.0222767570767,8.072595204221368,8.072664346407965,8.157079265458474,8.0
7.690000000000903,1500.0,1500.0222771141155,8.07260508308308,8.072673545626442,8.157079286965574,8.0
7.691000000000903,1500.0,1500.0222774653598,8.072614865570205,8.072682654999614,8.15707930833267,8.0
7.6920000000009034,1500.0,1500.0222778108966,8.072624552598883,8.07269167538288,8.157079329560254,8.0
7.693000000000904,1500.0,1500.0222781508098,8.072634145076792,8.072700607623734,8.157079350648772,8.0
7.694000000000904,1500.0,1500.022278485183,8.07264364390334,8.072709452561924,8.157079371598698,8.0
7.6950000000009044,1500.0,1500.0222788140984,8.072653049969617,8.072718211029404,8.157079392410452,8.0
7.696000000000905,1500.0,1500.0222791376373,8.072662364158614,8.07272688385057,8.15707941308453,8.0
7.697000000000905,1500.0,1500.0222794558795,8.072671587345061,8.072735471842071,8.157079433621268,8.0
7.6980000000009055,1500.0,1500.0222797689053,8.072680720395795,8.07274397581317,8.157079454021153,8.0
7.699000000000906,1500.0,1500.0222800767904,8.072689764169493,8.072752396565495,8.15707947428447,8.0
7.700000000000906,1500.0,1500.022280379612,8.07269871951722,8.072760734893569,8.157079494411802,8.0
7.7010000000009065,1500.0,1500.022280677446,8.072707587282212,8.072768991584578,8.157079514403712,8.0
7.702000000000907,1500.0,1500.0222809703666,8.072716368299789,8.072777167418304,8.15707953426063,8.0
7.703000000000907,1500.0,1500.0222812584475,8.072725063397662,8.072785263167404,8.157079553983044,8.0
7.7040000000009075,1500.0,1500.0222815417608,8.072733673395813,8.072793279597308,8.15707957357136,8.0
7.705000000000908,1500.0,1500.0222818203779,8.07274219910681,8.07280121746651,8.157079593026118,8.0
7.706000000000908,1500.0,1500.02228209437,8.07275064133577,8.072809077526543,8.157079612347903,8.0
7.7070000000009085,1500.0,1500.0222823638048,8.07275900088014,8.072816860521751,8.157079631537062,8.0
7.708000000000909,1500.0,1500.0222826287522,8.072767278530364,8.072824567189942,8.157079650594294,8.0
7.709000000000909,1500.0,1500.0222828892795,8.072775475069273,8.072832198261782,8.15707966951998,8.0
7.7100000000009095,1500.0,1500.022283145452,8.072783591272605,8.072839754461326,8.157079688314658,8.0
7.71100000000091,1500.0,1500.0222833973362,8.072791627908977,8.072847236505954,8.157079706978902,8.0
7.71200000000091,1500.0,1500.0222836449966,8.072799585739949,8.072854645106451,8.157079725513334,8.0
7.7130000000009105,1500.0,1500.0222838884958,8.07280746551982,8.072861980966813,8.157079743918377,8.0
7.714000000000911,1500.0,1500.022284127898,8.072815267996106,8.072869244784682,8.157079762194638,8.0
7.715000000000911,1500.0,1500.0222843632646,8.072822993909293,8.07287643725114,8.157079780342624,8.0
7.7160000000009115,1500.0,1500.0222845946562,8.072830643993138,8.072883559050961,8.157079798362972,8.0
7.717000000000912,1500.0,1500.0222848221329,8.072838218974521,8.072890610862503,8.15707981625624,8.0
7.718000000000912,1500.0,1500.0222850457546,8.072845719573507,8.072897593357737,8.157079834022921,8.0
7.7190000000009125,1500.0,1500.0222852655809,8.072853146503627,8.072904507202534,8.157079851663648,8.0
7.720000000000913,1500.0,1500.0222854816666,8.07286050047145,8.072911353056234,8.157079869178705,8.0
7.721000000000913,1500.0,1500.02228569407,8.072867782177509,8.072918131572575,8.15707988656893,8.0
7.7220000000009135,1500.0,1500.022285902847,8.072874992315604,8.072924843398962,8.157079903834907,8.0
7.723000000000914,1500.0,1500.0222861080529,8.072882131572992,8.072931489176693,8.157079920977132,8.0
7.724000000000914,1500.0,1500.0222863097426,8.07288920063062,8.072938069541166,8.15707993799619,8.0
7.7250000000009145,1500.0,1500.0222865079684,8.072896200163065,8.072944585121837,8.157079954892636,8.0
7.726000000000915,1500.0,1500.0222867027842,8.072903130838652,8.072951036542287,8.157079971667027,8.0
7.727000000000915,1500.0,1500.0222868942412,8.072909993319536,8.07295742442036,8.157079988319994,8.0
7.7280000000009155,1500.0,1500.0222870823904,8.072916788261688,8.072963749368105,8.157080004852148,8.0
7.729000000000916,1500.0,1500.0222872672841,8.072923516315234,8.072970011992112,8.15708002126435,8.0
7.730000000000916,1500.0,1500.0222874489707,8.072930178123523,8.072976212892621,8.157080037556776,8.0
7.7310000000009165,1500.0,1500.0222876274995,8.072936774324587,8.07298235266492,8.157080053730255,8.0
7.732000000000917,1500.0,1500.0222878029201,8.072943305550346,8.072988431898576,8.157080069785469,8.0
7.733000000000917,1500.0,1500.0222879752798,8.072949772426508,8.072994451177339,8.15708008572279,8.0
7.7340000000009175,1500.0,1500.0222881446248,8.072956175573168,8.073000411079724,8.157080101542821,8.0
7.735000000000918,1500.0,1500.0222883110025,8.07296251560482,8.07300631217901,8.15708011724635,8.0
7.736000000000918,1500.0,1500.0222884744578,8.072968793129812,8.073012155042731,8.15708013283377,8.0
7.7370000000009185,1500.0,1500.0222886350361,8.072975008751273,8.073017940233541,8.157080148305933,8.0
7.738000000000919,1500.0,1500.0222887927828,8.072981163066276,8.073023668308435,8.15708016366328,8.0
7.739000000000919,1500.0,1500.0222889477402,8.07298725666643,8.073029339819302,8.157080178906385,8.0
7.7400000000009195,1500.0,1500.0222890999526,8.072993290137939,8.073034955312977,8.157080194035945,8.0
7.74100000000092,1500.0,1500.0222892494612,8.072999264061403,8.073040515331062,8.157080209052552,8.0
7.74200000000092,1500.0,1500.0222893963094,8.073005179012117,8.0730460204102,8.157080223956912,8.0
7.7430000000009205,1500.0,1500.022289540537,8.073011035559702,8.073051471081724,8.157080238749476,8.0
7.744000000000921,1500.0,1500.0222896821854,8.0730168342688,8.073056867872335,8.157080253431042,8.0
7.745000000000921,1500.0,1500.0222898212949,8.073022575698547,8.07306221130356,8.157080268002193,8.0
7.7460000000009215,1500.0,1500.0222899579053,8.073028260402786,8.073067501892,8.157080282463482,8.0
7.747000000000922,1500.0,1500.0222900920558,8.073033888930214,8.073072740149438,8.1570802968155,8.0
7.748000000000922,1500.0,1500.0222902237847,8.073039461824324,8.0730779265828,8.157080311058802,8.0
7.7490000000009225,1500.0,1500.022290353129,8.073044979623585,8.073083061694312,8.15708032519402,8.0
7.750000000000923,1500.0,1500.022290480126,8.073050442861375,8.073088145981442,8.157080339221746,8.0
7.751000000000923,1500.0,1500.022290604813,8.073055852066215,8.073093179937143,8.157080353142744,8.0
7.7520000000009235,1500.0,1500.0222907272264,8.073061207761524,8.073098164049576,8.15708036695764,8.0
7.753000000000924,1500.0,1500.0222908474018,8.073066510465654,8.073103098802173,8.157080380666919,8.0
7.754000000000924,1500.0,1500.022290965374,8.073071760692248,8.073107984673962,8.157080394271226,8.0
7.7550000000009245,1500.0,1500.0222910811776,8.073076958950073,8.073112822139436,8.1570804077712,8.0
7.756000000000925,1500.0,1500.0222911948472,8.073082105743191,8.073117611668673,8.157080421167532,8.0
7.757000000000925,1500.0,1500.0222913064172,8.073087201570727,8.07312235372714,8.157080434460738,8.0
7.7580000000009255,1500.0,1500.0222914159187,8.07309224692711,8.073127048775921,8.15708044765135,8.0
7.759000000000926,1500.0,1500.0222915233867,8.073097242302344,8.073131697271974,8.15708046074013,8.0
7.760000000000926,1500.0,1500.0222916288517,8.07310218818157,8.073136299667706,8.157080473727609,8.0
7.7610000000009265,1500.0,1500.0222917323458,8.073107085045471,8.07314085641136,8.157080486614436,8.0
7.762000000000927,1500.0,1500.0222918339011,8.073111933370157,8.073145367946905,8.157080499401212,8.0
7.763000000000927,1500.0,1500.022291933548,8.073116733627204,8.073149834714084,8.15708051208852,8.0
7.7640000000009275,1500.0,1500.0222920313167,8.073121486283718,8.073154257148456,8.157080524676925,8.0
7.765000000000928,1500.0,1500.0222921272373,8.07312619180256,8.073158635681617,8.157080537167149,8.0
7.766000000000928,1500.0,1500.0222922213388,8.073130850641936,8.073162970740821,8.15708054955965,8.0
7.7670000000009285,1500.0,1500.022292313651,8.073135463255982,8.073167262749509,8.157080561855139,8.0
7.768000000000929,1500.0,1500.0222924042016,8.073140030094466,8.073171512127065,8.157080574054271,8.0
7.769000000000929,1500.0,1500.0222924930194,8.073144551602855,8.073175719288832,8.157080586157639,8.0
7.7700000000009295,1500.0,1500.0222925801322,8.07314902822233,8.07317988464616,8.157080598165784,8.0
7.77100000000093,1500.0,1500.0222926655672,8.073153460389966,8.073184008606566,8.157080610079316,8.0
7.77200000000093,1500.0,1500.0222927493508,8.073157848538726,8.073188091573723,8.15708062189887,8.0
7.7730000000009305,1500.0,1500.0222928315109,8.073162193097533,8.073192133947535,8.157080633625139,8.0
7.774000000000931,1500.0,1500.0222929120732,8.073166494490932,8.073196136123808,8.157080645258514,8.0
7.775000000000931,1500.0,1500.022292991063,8.073170753139697,8.073200098494842,8.157080656799655,8.0
7.7760000000009315,1500.0,1500.0222930685068,8.073174969460638,8.073204021449223,8.157080668249225,8.0
7.777000000000932,1500.0,1500.0222931444284,8.07317914386638,8.073207905371632,8.157080679607677,8.0
7.778000000000932,1500.0,1500.022293218853,8.07318327676585,8.0732117506433,8.15708069087568,8.0
7.7790000000009325,1500.0,1500.022293291805,8.073187368564039,8.07321555764178,8.157080702053843,8.0
7.780000000000933,1500.0,1500.0222933633077,8.073191419662027,8.073219326740983,8.15708071314273,8.0
7.781000000000933,1500.0,1500.022293433386,8.073195430457195,8.073223058311351,8.157080724142997,8.0
7.7820000000009335,1500.0,1500.0222935020622,8.07319940134298,8.073226752719654,8.157080735055152,8.0
7.783000000000934,1500.0,1500.0222935693594,8.073203332709177,8.073230410329252,8.15708074587979,8.0
7.784000000000934,1500.0,1500.0222936352998,8.073207224941791,8.073234031499974,8.157080756617432,8.0
7.7850000000009345,1500.0,1500.0222936999062,8.073211078423281,8.073237616588345,8.157080767268742,8.0
7.786000000000935,1500.0,1500.0222937632007,8.07321489353238,8.073241165947396,8.157080777834263,8.0
7.787000000000935,1500.0,1500.0222938252039,8.07321867064417,8.073244679926756,8.157080788314529,8.0
7.7880000000009355,1500.0,1500.022293885938,8.073222410130198,8.073248158872754,8.157080798710092,8.0
7.789000000000936,1500.0,1500.0222939454234,8.073226112358508,8.073251603128456,8.15708080902156,8.0
7.790000000000936,1500.0,1500.022294003681,8.073229777693681,8.073255013033686,8.157080819249565,8.0
7.7910000000009365,1500.0,1500.0222940607298,8.073233406496609,8.073258388924822,8.157080829394545,8.0
7.792000000000937,1500.0,1500.0222941165914,8.07323699912515,8.073261731135432,8.15708083945734,8.0
7.793000000000937,1500.0,1500.0222941712852,8.07324055593332,8.073265039995473,8.15708084943836,8.0
7.7940000000009375,1500.0,1500.0222942248304,8.073244077271845,8.073268315831838,8.157080859338114,8.0
7.795000000000938,1500.0,1500.0222942772457,8.073247563488172,8.073271558968353,8.157080869157168,8.0
7.796000000000938,1500.0,1500.0222943285505,8.073251014926479,8.073274769725806,8.157080878896151,8.0
7.7970000000009385,1500.0,1500.0222943787637,8.07325443192745,8.073277948421717,8.15708088855548,8.0
7.798000000000939,1500.0,1500.0222944279021,8.073257814828729,8.073281095370762,8.15708089813579,8.0
7.799000000000939,1500.0,1500.0222944759855,8.073261163964695,8.073284210884593,8.157080907637681,8.0
7.8000000000009395,1500.0,1500.0222945230305,8.073264479666381,8.073287295271705,8.157080917061602,8.0
7.80100000000094,1500.0,1500.022294569055,8.073267762261752,8.073290348837755,8.157080926408105,8.0
7.80200000000094,1500.0,1500.0222946140757,8.073271012075617,8.07329337188544,8.157080935677715,8.0
7.8030000000009405,1500.0,1500.0222946581093,8.073274229429714,8.073296364714604,8.157080944871016,8.0
7.804000000000941,1500.0,1500.022294701174,8.073277414642842,8.073299327622355,8.157080953988714,8.0
7.805000000000941,1500.0,1500.0222947432846,8.073280568030306,8.073302260902503,8.15708096303108,8.0
7.8060000000009415,1500.0,1500.022294784458,8.073283689904724,8.073305164846392,8.157080971998734,8.0
7.807000000000942,1500.0,1500.02229482471,8.073286780575748,8.073308039742574,8.1570809808923,8.0
7.808000000000942,1500.0,1500.0222948640571,8.073289840349814,8.073310885876605,8.157080989712178,8.0
7.8090000000009425,1500.0,1500.0222949025137,8.07329286953049,8.073313703531362,8.157080998458827,8.0
7.810000000000943,1500.0,1500.0222949400957,8.073295868418514,8.073316492987086,8.157081007132799,8.0
7.811000000000943,1500.0,1500.0222949768172,8.073298837311734,8.073319254521323,8.157081015734633,8.0
7.8120000000009435,1500.0,1500.0222950126933,8.073301776505245,8.073321988409049,8.157081024264972,8.0
7.813000000000944,1500.0,1500.0222950477387,8.073304686291081,8.07332469492239,8.15708103272425,8.0
7.814000000000944,1500.0,1500.0222950819675,8.073307566958654,8.073327374331013,8.157081041113063,8.0
7.8150000000009445,1500.0,1500.0222951153935,8.073310418794447,8.073330026901854,8.15708104943186,8.0
7.816000000000945,1500.0,1500.0222951480314,8.073313242082268,8.073332652899362,8.157081057681184,8.0
7.817000000000945,1500.0,1500.0222951798944,8.073316037103089,8.073335252585329,8.157081065861462,8.0
7.8180000000009455,1500.0,1500.0222952109962,8.07331880413539,8.073337826219232,8.157081073973325,8.0
7.819000000000946,1500.0,1500.0222952413494,8.07332154345468,8.073340374057759,8.157081082017122,8.0
7.820000000000946,1500.0,1500.022295270967,8.07332425533404,8.073342896355351,8.157081089993419,8.0
7.8210000000009465,1500.0,1500.0222952998633,8.073326940043946,8.073345393364027,8.157081097902815,8.0
7.822000000000947,1500.0,1500.0222953280502,8.073329597852004,8.073347865333089,8.157081105745618,8.0
7.823000000000947,1500.0,1500.02229535554,8.073332229023428,8.073350312509646,8.15708111352236,8.0
7.8240000000009475,1500.0,1500.0222953823443,8.073334833820825,8.073352735138355,8.157081121233489,8.0
7.825000000000948,1500.0,1500.0222954084757,8.073337412504397,8.073355133461641,8.157081128879593,8.0
7.826000000000948,1500.0,1500.0222954339463,8.073339965331792,8.073357507719546,8.157081136461214,8.0
7.8270000000009485,1500.0,1500.0222954587678,8.073342492557963,8.073359858149578,8.15708114397867,8.0
7.828000000000949,1500.0,1500.022295482951,8.073344994435613,8.073362184987175,8.157081151432516,8.0
7.829000000000949,1500.0,1500.0222955065078,8.073347471215058,8.073364488465527,8.15708115882332,8.0
7.8300000000009495,1500.0,1500.0222955294503,8.073349923143898,8.073366768815301,8.157081166151386,8.0
7.83100000000095,1500.0,1500.0222955517877,8.07335235046757,8.073369026265135,8.157081173417222,8.0
7.83200000000095,1500.0,1500.0222955735314,8.073354753429124,8.073371261041457,8.157081180621322,8.0
7.8330000000009505,1500.0,1500.0222955946927,8.073357132269315,8.073373473368548,8.157081187764245,8.0
7.834000000000951,1500.0,1500.022295615281,8.07335948722642,8.073375663468372,8.157081194846384,8.0
7.835000000000951,1500.0,1500.022295635308,8.073361818536432,8.073377831560768,8.157081201868152,8.0
7.8360000000009515,1500.0,1500.0222956547832,8.073364126433134,8.073379977863505,8.157081208830043,8.0
7.837000000000952,1500.0,1500.0222956737168,8.073366411147974,8.073382102592179,8.157081215732461,8.0
7.838000000000952,1500.0,1500.0222956921175,8.073368672910147,8.073384205960295,8.157081222575819,8.0
7.8390000000009525,1500.0,1500.0222957099966,8.073370911946826,8.073386288179462,8.1570812293607,8.0
7.840000000000953,1500.0,1500.0222957273622,8.07337312848277,8.073388349459039,8.157081236087485,8.0
7.841000000000953,1500.0,1500.0222957442245,8.07337532274065,8.073390390006441,8.157081242756641,8.0
7.8420000000009535,1500.0,1500.022295760593,8.073377494941058,8.073392410027141,8.157081249368709,8.0
7.843000000000954,1500.0,1500.022295776476,8.073379645302229,8.073394409724413,8.157081255924009,8.0
7.844000000000954,1500.0,1500.022295791883,8.073381774040346,8.073396389299614,8.157081262422924,8.0
7.8450000000009545,1500.0,1500.0222958068225,8.073383881369725,8.07339834895237,8.15708126886607,8.0
7.846000000000955,1500.0,1500.0222958213033,8.073385967502258,8.073400288880034,8.157081275253704,8.0
7.847000000000955,1500.0,1500.0222958353343,8.073388032647996,8.073402209278251,8.157081281586304,8.0
7.8480000000009555,1500.0,1500.0222958489235,8.07339007701492,8.07340411034074,8.157081287864326,8.0
7.849000000000956,1500.0,1500.022295862079,8.073392100808945,8.073405992259275,8.157081294088151,8.0
7.850000000000956,1500.0,1500.0222958748095,8.07339410423402,8.073407855223818,8.157081300258216,8.0
7.8510000000009565,1500.0,1500.0222958871227,8.073396087492098,8.073409699422456,8.15708130637493,8.0
7.852000000000957,1500.0,1500.0222958990266,8.073398050783142,8.073411525041422,8.157081312438672,8.0
7.853000000000957,1500.0,1500.0222959105286,8.073399994305221,8.073413332265188,8.157081318449874,8.0
7.8540000000009575,1500.0,1500.0222959216364,8.07340191825455,8.073415121276499,8.157081324409036,8.0
7.855000000000958,1500.0,1500.022295932357,8.073403822825297,8.073416892256187,8.157081330316515,8.0
7.856000000000958,1500.0,1500.0222959426985,8.073405708209794,8.073418645383367,8.157081336172716,8.0
7.8570000000009586,1500.0,1500.0222959526686,8.073407574598605,8.07342038083552,8.157081341978147,8.0
7.858000000000959,1500.0,1500.022295962274,8.073409422180177,8.073422098788132,8.157081347733058,8.0
7.859000000000959,1500.0,1500.0222959715215,8.073411251141293,8.073423799415158,8.15708135343786,8.0
7.8600000000009596,1500.0,1500.0222959804178,8.073413061666868,8.073425482888792,8.157081359092917,8.0
7.86100000000096,1500.0,1500.0222959889707,8.073414853940161,8.07342714937971,8.157081364698735,8.0
7.86200000000096,1500.0,1500.0222959971863,8.073416628142416,8.073428799056677,8.15708137025559,8.0
7.8630000000009606,1500.0,1500.0222960050712,8.073418384453243,8.07343043208696,8.157081375763878,8.0
7.864000000000961,1500.0,1500.0222960126318,8.073420123050507,8.073432048636196,8.157081381224023,8.0
7.865000000000961,1500.0,1500.0222960198748,8.073421844110339,8.07343364886839,8.157081386636417,8.0
7.866000000000962,1500.0,1500.0222960268059,8.073423547807048,8.073435232945867,8.157081392001373,8.0
7.867000000000962,1500.0,1500.0222960334313,8.073425234313426,8.073436801029526,8.157081397319365,8.0
7.868000000000962,1500.0,1500.0222960397573,8.0734269038005,8.073438353278632,8.157081402590794,8.0
7.869000000000963,1500.0,1500.0222960457895,8.07342855643763,8.073439889850883,8.15708140781606,8.0
7.870000000000963,1500.0,1500.022296051535,8.073430192392438,8.073441410902365,8.157081412995478,8.0
7.871000000000963,1500.0,1500.0222960569984,8.07343181183091,8.073442916587629,8.157081418129358,8.0
7.872000000000964,1500.0,1500.0222960621863,8.073433414917528,8.073444407059831,8.157081423218127,8.0
7.873000000000964,1500.0,1500.0222960671035,8.073435001815026,8.073445882470503,8.157081428262078,8.0
7.874000000000964,1500.0,1500.0222960717558,8.073436572684663,8.073447342969791,8.157081433261604,8.0
7.875000000000965,1500.0,1500.022296076148,8.073438127686085,8.073448788706349,8.157081438217068,8.0
7.876000000000965,1500.0,1500.022296080287,8.073439666977462,8.073450219827448,8.157081443128911,8.0
7.877000000000965,1500.0,1500.0222960841766,8.073441190715117,8.07345163647863,8.157081447997271,8.0
7.878000000000966,1500.0,1500.0222960878218,8.073442699054311,8.073453038804464,8.157081452822752,8.0
7.879000000000966,1500.0,1500.022296091229,8.073444192148404,8.073454426947741,8.157081457605583,8.0
7.880000000000966,1500.0,1500.0222960944025,8.073445670149374,8.07345580104995,8.157081462346095,8.0
7.881000000000967,1500.0,1500.0222960973467,8.073447133207665,8.073457161251172,8.157081467044586,8.0
7.882000000000967,1500.0,1500.022296100067,8.073448581472418,8.073458507690258,8.157081471701503,8.0
7.883000000000967,1500.0,1500.022296102568,8.073450015091158,8.073459840504562,8.157081476317158,8.0
7.884000000000968,1500.0,1500.0222961048544,8.073451434209982,8.0734611598301,8.157081480891863,8.0
7.885000000000968,1500.0,1500.0222961069308,8.073452838973562,8.07346246580156,8.157081485425934,8.0
7.886000000000968,1500.0,1500.0222961088014,8.073454229525225,8.073463758552393,8.157081489919774,8.0
7.887000000000969,1500.0,1500.0222961104714,8.073455606006744,8.073465038214568,8.157081494373607,8.0
7.888000000000969,1500.0,1500.0222961119443,8.073456968558663,8.073466304918943,8.157081498787848,8.0
7.889000000000969,1500.0,1500.0222961132247,8.07345831731996,8.073467558794897,8.157081503162704,8.0
7.89000000000097,1500.0,1500.0222961143168,8.073459652428454,8.073468799970735,8.157081507498585,8.0
7.89100000000097,1500.0,1500.022296115224,8.07346097402062,8.073470028573517,8.157081511795914,8.0
7.89200000000097,1500.0,1500.0222961159513,8.073462282231459,8.073471244728914,8.157081516054967,8.0
7.893000000000971,1500.0,1500.0222961165027,8.073463577194614,8.073472448561343,8.157081520276,8.0
7.894000000000971,1500.0,1500.0222961168822,8.0734648590425,8.073473640194067,8.157081524459334,8.0
7.895000000000971,1500.0,1500.0222961170934,8.07346612790615,8.073474819749059,8.157081528605218,8.0
7.896000000000972,1500.0,1500.0222961171403,8.073467383915382,8.073475987347178,8.157081532713976,8.0
7.897000000000972,1500.0,1500.022296117025,8.073468627198816,8.073477143108159,8.157081536785999,8.0
7.898000000000972,1500.0,1500.0222961167528,8.073469857883804,8.07347828715055,8.15708154082167,8.0
7.899000000000973,1500.0,1500.0222961163277,8.073471076096348,8.073479419591642,8.157081544821274,8.0
7.900000000000973,1500.0,1500.0222961157524,8.073472281961113,8.07348054054748,8.157081548785001,8.0
7.901000000000973,1500.0,1500.022296115031,8.073473475601565,8.07348165013299,8.157081552713064,8.0
7.902000000000974,1500.0,1500.0222961141662,8.0734746571401,8.073482748462101,8.157081556605817,8.0
7.903000000000974,1500.0,1500.022296113162,8.073475826697948,8.07348383564767,8.157081560463656,8.0
7.904000000000974,1500.0,1500.022296112021,8.073476984394937,8.073484911801227,8.15708156428675,8.0
7.905000000000975,1500.0,1500.0222961107465,8.073478130349898,8.073485977033387,8.157081568075473,8.0
7.906000000000975,1500.0,1500.022296109342,8.073479264680433,8.073487031453617,8.15708157183012,8.0
7.907000000000975,1500.0,1500.0222961078114,8.073480387503052,8.073488075170365,8.15708157555105,8.0
7.908000000000976,1500.0,1500.0222961061563,8.073481498932894,8.073489108290797,8.157081579238412,8.0
7.909000000000976,1500.0,1500.0222961043808,8.073482599084143,8.073490130921197,8.157081582892515,8.0
7.910000000000976,1500.0,1500.0222961024872,8.07348368806982,8.073491143166763,8.157081586513641,8.0
7.911000000000977,1500.0,1500.0222961004793,8.07348476600189,8.073492145131704,8.157081590102118,8.0
7.912000000000977,1500.0,1500.0222960983594,8.073485832991038,8.073493136919042,8.15708159365811,8.0
7.913000000000977,1500.0,1500.02229609613,8.073486889147052,8.073494118630965,8.157081597181959,8.0
7.914000000000978,1500.0,1500.0222960937947,8.073487934578583,8.073495090368592,8.157081600673958,8.0
7.915000000000978,1500.0,1500.022296091355,8.073488969393102,8.073496052231956,8.157081604134294,8.0
7.916000000000978,1500.0,1500.022296088815,8.073489993697237,8.073497004320295,8.157081607563358,8.0
7.917000000000979,1500.0,1500.0222960861759,8.073491007596289,8.073497946731612,8.15708161096127,8.0
7.918000000000979,1500.0,1500.0222960834415,8.073492011194826,8.073498879563237,8.157081614328465,8.0
7.919000000000979,1500.0,1500.0222960806134,8.073493004596124,8.073499802911282,8.157081617665105,8.0
7.92000000000098,1500.0,1500.0222960776944,8.073493987902626,8.0735007168711,8.15708162097154,8.0
7.92100000000098,1500.0,1500.0222960746871,8.073494961215633,8.073501621536955,8.157081624247981,8.0
7.92200000000098,1500.0,1500.0222960715942,8.07349592463544,8.073502517002193,8.157081627494641,8.0
7.923000000000981,1500.0,1500.0222960684177,8.073496878261357,8.07350340335924,8.157081630711746,8.0
7.924000000000981,1500.0,1500.02229606516,8.073497822191717,8.073504280699598,8.157081633899502,8.0
7.925000000000981,1500.0,1500.022296061823,8.073498756524055,8.073505149114055,8.157081637058312,8.0
7.926000000000982,1500.0,1500.0222960584097,8.073499681354798,8.07350600869234,8.157081640188407,8.0
7.927000000000982,1500.0,1500.0222960549213,8.073500596779233,8.073506859523127,8.157081643289855,8.0
7.928000000000982,1500.0,1500.0222960513604,8.073501502892096,8.073507701694586,8.1570816463631,8.0
7.929000000000983,1500.0,1500.0222960477297,8.073502399786932,8.07350853529377,8.157081649408338,8.0
7.930000000000983,1500.0,1500.0222960440303,8.073503287556372,8.073509360406876,8.157081652425768,8.0
7.931000000000983,1500.0,1500.0222960402646,8.073504166292157,8.073510177119278,8.157081655415617,8.0
7.932000000000984,1500.0,1500.0222960364351,8.073505036085237,8.07351098551562,8.157081658378225,8.0
7.933000000000984,1500.0,1500.0222960325432,8.0735058970254,8.073511785679448,8.15708166131368,8.0
7.934000000000984,1500.0,1500.0222960285905,8.073506749201782,8.073512577693714,8.157081664222291,8.0
7.935000000000985,1500.0,1500.0222960245792,8.07350759270252,8.073513361640426,8.157081667104256,8.0
7.936000000000985,1500.0,1500.0222960205115,8.073508427615074,8.073514137600988,8.157081669959972,8.0
7.937000000000985,1500.0,1500.0222960163892,8.07350925402574,8.073514905655689,8.157081672789527,8.0
7.938000000000986,1500.0,1500.022296012214,8.073510072020069,8.073515665884136,8.157081675593126,8.0
7.939000000000986,1500.0,1500.022296007988,8.073510881682749,8.073516418365132,8.157081678370956,8.0
7.940000000000986,1500.0,1500.0222960037117,8.073511683097616,8.073517163176685,8.157081681123184,8.0
7.941000000000987,1500.0,1500.022295999388,8.073512476347886,8.07351790039624,8.157081683850205,8.0
7.942000000000987,1500.0,1500.0222959950174,8.07351326151571,8.07351863010023,8.157081686552148,8.0
7.943000000000987,1500.0,1500.0222959906027,8.073514038682582,8.073519352364489,8.157081689229312,8.0
7.944000000000988,1500.0,1500.0222959861444,8.073514807929023,8.073520067263939,8.157081691881835,8.0
7.945000000000988,1500.0,1500.0222959816447,8.07351556933499,8.073520774872984,8.15708169451008,8.0
7.946000000000988,1500.0,1500.0222959771056,8.073516322979355,8.073521475264997,8.157081697114108,8.0
7.947000000000989,1500.0,1500.0222959725277,8.073517068940264,8.073522168512696,8.157081699694064,8.0
7.948000000000989,1500.0,1500.0222959679131,8.073517807295316,8.073522854688289,8.157081702250297,8.0
7.949000000000989,1500.0,1500.0222959632629,8.073518538121139,8.073523533863067,8.157081704782959,8.0
7.95000000000099,1500.0,1500.0222959585785,8.07351926149367,8.073524206107688,8.157081707292273,8.0
7.95100000000099,1500.0,1500.0222959538619,8.073519977488004,8.073524871492022,8.157081709778382,8.0
7.95200000000099,1500.0,1500.0222959491132,8.07352068617858,8.073525530085323,8.1570817122415,8.0
7.953000000000991,1500.0,1500.0222959443345,8.073521387639149,8.073526181956215,8.157081714681901,8.0
7.954000000000991,1500.0,1500.0222959395264,8.073522081942716,8.07352682717263,8.15708171709985,8.0
7.955000000000991,1500.0,1500.022295934691,8.073522769161492,8.07352746580175,8.157081719495533,8.0
7.956000000000992,1500.0,1500.02229592983,8.073523449366895,8.07352809791001,8.157081721869057,8.0
7.957000000000992,1500.0,1500.0222959249436,8.073524122629689,8.073528723563255,8.157081724220596,8.0
7.958000000000992,1500.0,1500.0222959200337,8.073524789019997,8.073529342826724,8.157081726550384,8.0
7.959000000000993,1500.0,1500.0222959151013,8.073525448607162,8.073529955764924,8.157081728858557,8.0
7.960000000000993,1500.0,1500.022295910147,8.073526101459855,8.073530562441752,8.157081731145295,8.0
7.961000000000993,1500.0,1500.022295905173,8.0735267476462,8.07353116292059,8.157081733410887,8.0
7.962000000000994,1500.0,1500.0222959001796,8.0735273872334,8.073531757263947,8.157081735655389,8.0
7.963000000000994,1500.0,1500.022295895168,8.073528020288212,8.073532345533936,8.157081737879075,8.0
7.964000000000994,1500.0,1500.0222958901397,8.073528646876634,8.07353292779196,8.157081740082136,8.0
7.965000000000995,1500.0,1500.022295885095,8.073529267063932,8.073533504098734,8.157081742264669,8.0
7.966000000000995,1500.0,1500.0222958800352,8.073529880914862,8.073534074514496,8.15708174442692,8.0
7.967000000000995,1500.0,1500.0222958749616,8.073530488493548,8.073534639098915,8.157081746569151,8.0
7.968000000000996,1500.0,1500.0222958698744,8.073531089863314,8.07353519791089,8.157081748691452,8.0
7.969000000000996,1500.0,1500.0222958647757,8.073531685086955,8.073535751008839,8.157081750794017,8.0
7.970000000000996,1500.0,1500.0222958596664,8.073532274226585,8.073536298450543,8.157081752876984,8.0
7.971000000000997,1500.0,1500.022295854546,8.073532857343707,8.073536840293222,8.15708175494051,8.0
7.972000000000997,1500.0,1500.0222958494162,8.073533434499316,8.073537376593617,8.157081756984836,8.0
7.973000000000997,1500.0,1500.0222958442782,8.073534005753736,8.073537907407841,8.15708175901015,8.0
7.974000000000998,1500.0,1500.0222958391325,8.073534571166686,8.073538432791457,8.157081761016634,8.0
7.975000000000998,1500.0,1500.0222958339803,8.07353513079726,8.073538952799431,8.157081763004447,8.0
7.976000000000998,1500.0,1500.0222958288225,8.073535684703891,8.073539467486116,8.157081764973661,8.0
7.977000000000999,1500.0,1500.0222958236595,8.073536232944457,8.073539976905344,8.157081766924389,8.0
7.978000000000999,1500.0,1500.0222958184922,8.073536775576358,8.07354048111052,8.157081768856838,8.0
7.979000000000999,1500.0,1500.0222958133209,8.07353731265646,8.07354098015454,8.157081770771251,8.0
7.980000000001,1500.0,1500.0222958081472,8.073537844241004,8.073541474089721,8.15708177266781,8.0
7.981000000001,1500.0,1500.022295802972,8.073538370385592,8.073541962967784,8.157081774546628,8.0
7.982000000001,1500.0,1500.022295797795,8.073538891145262,8.073542446839916,8.157081776407797,8.0
7.983000000001001,1500.0,1500.0222957926173,8.073539406574596,8.073542925756895,8.157081778251513,8.0
7.984000000001001,1500.0,1500.0222957874396,8.073539916727627,8.073543399768985,8.157081780077968,8.0
7.985000000001001,1500.0,1500.0222957822625,8.07354042165786,8.07354386892595,8.157081781887348,8.0
7.986000000001002,1500.0,1500.0222957770868,8.073540921418234,8.073544333277038,8.157081783679825,8.0
7.987000000001002,1500.0,1500.0222957719127,8.07354141606109,8.073544792870932,8.157081785455494,8.0
7.988000000001002,1500.0,1500.022295766742,8.073541905638379,8.073545247755948,8.157081787214576,8.0
7.989000000001003,1500.0,1500.022295761574,8.073542390201325,8.073545697979737,8.157081788957099,8.0
7.990000000001003,1500.0,1500.0222957564097,8.073542869800812,8.073546143589624,8.15708179068325,8.0
7.991000000001003,1500.0,1500.02229575125,8.073543344487286,8.073546584632535,8.157081792393292,8.0
7.992000000001004,1500.0,1500.022295746096,8.073543814310396,8.07354702115464,8.157081794087189,8.0
7.993000000001004,1500.0,1500.0222957409474,8.073544279319554,8.073547453201908,8.15708179576517,8.0
7.994000000001004,1500.0,1500.022295735805,8.07354473956352,8.073547880819676,8.157081797427303,8.0
7.995000000001005,1500.0,1500.0222957306696,8.07354519509068,8.073548304052963,8.157081799073774,8.0
7.996000000001005,1500.0,1500.022295725541,8.073545645948881,8.073548722946258,8.157081800704706,8.0
7.997000000001005,1500.0,1500.02229572042,8.07354609218549,8.073549137543624,8.157081802320228,8.0
7.998000000001006,1500.0,1500.0222957153062,8.0735465338475,8.073549547888769,8.157081803920557,8.0
7.999000000001006,1500.0,1500.0222957102021,8.073546970981484,8.073549954025015,8.157081805505973,8.0
8.000000000001005,0.0,1492.8015555903614,-19.999999999999996,-19.53149467179359,-19.716167378692113,0.0
8.001000000001005,0.0,1483.2986132481453,-19.999999999999996,-19.570193572485515,-19.757359087567398,0.0
8.002000000001004,0.0,1473.78830477831,-19.999999999999996,-19.57971650037223,-19.769196007395003,0.0
8.003000000001004,0.0,1464.2730366586322,-19.999999999999996,-19.58831322458432,-19.780156930303296,0.0
8.004000000001003,0.0,1454.753198248019,-19.999999999999996,-19.596091182420874,-19.790346499696124,0.0
8.005000000001003,0.0,1445.2291400175752,-19.999999999999996,-19.603127427060794,-19.79983901341081,0.0
8.006000000001002,0.0,1435.7011786761793,-19.999999999999996,-19.60949172262919,-19.808701659075446,0.0
8.007000000001002,0.0,1426.1696003964137,-19.999999999999996,-19.615247248744105,-19.816995204716456,0.0
8.008000000001001,0.0,1416.6346637332388,-19.999999999999996,-19.620451222760355,-19.824774608020736,0.0
8.009000000001,0.0,1407.0966022656721,-19.999999999999996,-19.625155463185372,-19.83208956776752,0.0
8.010000000001,0.0,1397.55562698775,-19.999999999999996,-19.629406899840113,-19.83898502294502,0.0
8.011000000001,0.0,1388.0119284725617,-19.999999999999996,-19.633248035799248,-19.84550160452727,0.0
8.012000000000999,0.0,1378.4656788308694,-19.999999999999996,-19.63671736566875,-19.85167604441108,0.0
8.013000000000998,0.0,1368.9170334837966,-19.999999999999996,-19.63984975432828,-19.857541545583235,0.0
8.014000000000998,0.0,1359.3661327672057,-19.999999999999996,-19.642676779875263,-19.863128117199857,0.0
8.015000000000997,0.0,1349.8131033837258,-19.999999999999996,-19.64522704415454,-19.868462877908755,0.0
8.016000000000997,0.0,1340.258059716857,-19.999999999999996,-19.647526453937427,-19.87357033042836,0.0
8.017000000000996,0.0,1330.7011050202307,-19.999999999999996,-19.649598475524463,-19.878472610109952,0.0
8.018000000000995,0.0,1321.142332493848,-19.999999999999996,-19.651464365283882,-19.88318970995043,0.0
8.019000000000995,0.0,1311.5818262580071,-19.999999999999996,-19.653143378400287,-19.887739684288363,0.0
8.020000000000994,0.0,1302.0196622346118,-19.999999999999996,-19.654652957893212,-19.89213883320375,0.0
8.021000000000994,0.0,1292.4559089446325,-19.999999999999996,-19.656008905770403,-19.89640186945013,0.0
8.022000000000993,0.0,1282.890628229666,-19.999999999999996,-19.65722553800443,-19.900542069574012,0.0
8.023000000000993,0.0,1273.3238759047779,-19.999999999999996,-19.65831582486169,-19.904571410719374,0.0
8.024000000000992,0.0,1263.7557023491454,-19.999999999999996,-19.659291517968256,-19.90850069447317,0.0
8.025000000000992,0.0,1254.1861530403853,-19.999999999999996,-19.66016326536624,-19.912339658978805,0.0
8.026000000000991,0.0,1244.6152690379029,-19.999999999999996,-19.6609407156958,-19.91609708042872,0.0
8.02700000000099,0.0,1235.0430874200977,-19.999999999999996,-19.661632612530685,-19.919780864941178,0.0
8.02800000000099,0.0,1225.4696416797904,-19.999999999999996,-19.662246879797937,-19.92339813173183,0.0
8.02900000000099,0.0,1215.894962081833,-19.999999999999996,-19.662790699124653,-19.926955288403917,0.0
8.030000000000989,0.0,1206.3190759864872,-19.999999999999996,-19.6632705798747,-19.93045809910302,0.0
8.031000000000988,0.0,1196.7420081418115,-19.999999999999996,-19.663692422566513,-19.933911746211674,0.0
8.032000000000988,0.0,1187.1637809480014,-19.999999999999996,-19.66406157629755,-19.937320886195245,0.0
8.033000000000987,0.0,1177.5844146963327,-19.999999999999996,-19.664382890741944,-19.940689700152433,0.0
8.034000000000987,0.0,1168.003927785126,-19.999999999999996,-19.664660763234302,-19.944021939571527,0.0
8.035000000000986,0.0,1158.4223369149054,-19.999999999999996,-19.664899181404223,-19.94732096774615,0.0
8.036000000000985,0.0,1148.8396572647257,-19.999999999999996,-19.66510176178201,-19.950589797260992,0.0
8.037000000000985,0.0,1139.2559026514618,-19.999999999999996,-19.665271784756477,-19.95383112391962,0.0
8.038000000000984,0.0,1129.6710856736674,-19.999999999999996,-19.665412226229716,-19.95704735745091,0.0
8.039000000000984,0.0,1120.0852178414782,-19.999999999999996,-19.66552578628093,-19.960240649298846,0.0
8.040000000000983,0.0,1110.4983096938772,-19.999999999999996,-19.66561491512226,-19.963412917771883,0.0
8.041000000000983,0.0,1100.9103709045323,-19.999999999999996,-19.66568183660238,-19.966565870801485,0.0
8.042000000000982,0.0,1091.3214103772816,-19.999999999999996,-19.665728569489936,-19.96970102653634,0.0
8.043000000000982,0.0,1081.7314363322616,-19.999999999999996,-19.66575694674636,-19.97281973197681,0.0
8.044000000000981,0.0,1072.1404563835629,-19.999999999999996,-19.665768632978526,-19.975923179835345,0.0
8.04500000000098,0.0,1062.5484776092205,-19.999999999999996,-19.665765140242996,-19.97901242379065,0.0
8.04600000000098,0.0,1052.9555066142752,-19.999999999999996,-19.66574784235784,-19.982088392287608,0.0
8.04700000000098,0.0,1043.3615495875558,-19.999999999999996,-19.665717987863047,-19.98515190102072,0.0
8.048000000000979,0.0,1033.7666123527936,-19.999999999999996,-19.66567671175738,-19.988203664225722,0.0
8.049000000000978,0.0,1024.1707004146015,-19.999999999999996,-19.665625046127207,-19.99124430489207,0.0
8.050000000000978,0.0,1014.5738189998136,-19.999999999999996,-19.66556392977218,-19.994274363998798,0.0
8.051000000000977,0.0,1004.975973094627,-19.999999999999996,-19.66549421692247,-19.99729430886582,0.0
8.052000000000977,0.0,995.3771674779487,-19.999999999999996,-19.665416685133525,-20.000304540704906,0.0
8.053000000000976,0.0,985.7774067513121,-19.999999999999996,-19.665332042436116,-20.003305401445942,0.0
8.054000000000975,0.0,976.1766953656916,-19.999999999999996,-19.665240933811933,-20.0062971799071,0.0
8.055000000000975,0.0,966.5750376455138,-19.999999999999996,-19.665143947058667,-20.00928011737134,0.0
8.056000000000974,0.0,956.9724378101366,-19.999999999999996,-19.665041618102112,-20.01225441262525,0.0
8.057000000000974,0.0,947.3688999930373,-19.999999999999996,-19.664934435807723,-20.015220226511516,0.0
8.058000000000973,0.0,937.7644282589365,-19.999999999999996,-19.664822846338772,-20.01817768604089,0.0
8.059000000000973,0.0,928.15902661905,-19.999999999999996,-19.664707257104123,-20.021126888105677,0.0
8.060000000000972,0.0,918.5526990446602,-19.999999999999996,-19.664588040334266,-20.024067902832428,0.0
8.061000000000972,0.0,908.9454494791598,-19.999999999999996,-19.664465536320847,-20.027000776608165,0.0
8.062000000000971,0.0,899.3372818487255,-19.999999999999996,-19.66434005635144,-20.02992553481116,0.0
8.06300000000097,0.0,889.7282000717503,-19.999999999999996,-19.66421188536837,-20.032842184274323,0.0
8.06400000000097,0.0,880.1182080671593,-19.999999999999996,-19.66408128437768,-20.03575071550667,0.0
8.06500000000097,0.0,870.5073097617156,-19.999999999999996,-19.66394849263184,-20.038651104695855,0.0
8.066000000000969,0.0,860.895509096421,-19.999999999999996,-19.663813729607522,-20.041543315512577,0.0
8.067000000000968,0.0,851.2828100320946,-19.999999999999996,-19.66367719679796,-20.044427300735887,0.0
8.068000000000968,0.0,841.6692165542175,-19.999999999999996,-19.663539079337152,-20.04730300371627,0.0
8.069000000000967,0.0,832.0547326771124,-19.999999999999996,-19.663399547472043,-20.050170359692082,0.0
8.070000000000967,0.0,822.4393624475287,-19.999999999999996,-19.663258757896905,-20.053029296973435,0.0
8.071000000000966,0.0,812.8231099476884,-19.999999999999996,-19.66311685496292,-20.055879738005945,0.0
8.072000000000966,0.0,803.2059792978528,-19.999999999999996,-19.662973971774846,-20.058721600326187,0.0
8.073000000000965,0.0,793.5879746584562,-19.999999999999996,-19.662830231185293,-20.061554797418808,0.0
8.074000000000964,0.0,783.9691002318506,-19.999999999999996,-19.662685746696393,-20.06437923948517,0.0
8.075000000000964,0.0,774.3493602637038,-19.999999999999996,-19.66254062327752,-20.067194834131627,0.0
8.076000000000963,0.0,764.7287590440873,-19.999999999999996,-19.662394958106997,-20.07000148698545,0.0
8.077000000000963,0.0,755.107300908283,-19.999999999999996,-19.662248841245045,-20.0727991022452,0.0
8.078000000000962,0.0,745.4849902373454,-19.999999999999996,-19.66210235624425,-20.07558758317188,0.0
8.079000000000962,0.0,735.8618314584387,-19.999999999999996,-19.6619555807037,-20.07836683252673,0.0
8.080000000000961,0.0,726.2378290449793,-19.999999999999996,-19.661808586771876,-20.081136752960592,0.0
8.08100000000096,0.0,716.6129875166009,-19.999999999999996,-19.661661441603275,-20.08389724735981,0.0
8.08200000000096,0.0,706.9873114389655,-19.999999999999996,-19.661514207773003,-20.08664821915261,0.0
8.08300000000096,0.0,697.3608054234361,-19.999999999999996,-19.661366943653423,-20.089389572580078,0.0
8.084000000000959,0.0,687.7334741266275,-19.999999999999996,-19.661219703756295,-20.092121212934988,0.0
8.085000000000958,0.0,678.1053222498512,-19.999999999999996,-19.66107253904375,-20.094843046771786,0.0
8.086000000000958,0.0,668.4763545384648,-19.999999999999996,-19.66092549721098,-20.0975549820904,0.0
8.087000000000957,0.0,658.846575781142,-19.999999999999996,-19.660778622943294,-20.10025692849664,0.0
8.088000000000957,0.0,649.2159908090679,-19.999999999999996,-19.66063195815,-20.10294879734134,0.0
8.089000000000956,0.0,639.5846044950744,-19.999999999999996,-19.66048554217722,-20.10563050184051,0.0
8.090000000000956,0.0,629.9524217527232,-19.999999999999996,-19.66033941200165,-20.108301957178252,0.0
8.091000000000955,0.0,620.3194475353416,-19.999999999999996,-19.66019360240702,-20.110963080594274,0.0
8.092000000000954,0.0,610.685686835021,-19.999999999999996,-19.660048146144945,-20.113613791457517,0.0
8.093000000000954,0.0,601.0511446815835,-19.999999999999996,-19.65990307408152,-20.11625401132725,0.0
8.094000000000953,0.0,591.4158261415217,-19.999999999999996,-19.659758415331048,-20.11888366400307,0.0
8.095000000000953,0.0,581.7797363169167,-19.999999999999996,-19.65961419737813,-20.121502675564766,0.0
8.096000000000952,0.0,572.14288034434,-19.999999999999996,-19.659470446189133,-20.124110974403216,0.0
8.097000000000952,0.0,562.5052633937432,-19.999999999999996,-19.65932718631405,-20.126708491243217,0.0
8.098000000000951,0.0,552.8668906673373,-19.999999999999996,-19.65918444097972,-20.129295159159128,0.0
8.09900000000095,0.0,543.2277673984659,-19.999999999999996,-19.659042232174997,-20.131870913583995,0.0
8.10000000000095,0.0,533.5878988504778,-19.999999999999996,-19.658900580728933,-20.13443569231305,0.0
8.10100000000095,0.0,523.9472903155976,-19.999999999999996,-19.658759506382285,-20.136989435501985,0.0
8.102000000000949,0.0,514.3059471137973,-19.999999999999996,-19.658619027853224,-20.139532085660733,0.0
8.103000000000948,0.0,504.66387459167424,-19.999999999999996,-19.65847916289761,-20.142063587643207,0.0
8.104000000000948,0.0,495.0210781213331,-19.999999999999996,-19.658339928364416,-20.144583888633434,0.0
8.105000000000947,0.0,485.3775630992762,-19.999999999999996,-19.65820134024675,-20.147092938128623,0.0
8.106000000000947,0.0,475.73333494530243,-19.999999999999996,-19.65806341372879,-20.149590687919304,0.0
8.107000000000946,0.0,466.08839910141586,-19.999999999999996,-19.657926163229114,-20.152077092067195,0.0
8.108000000000946,0.0,456.4427610307467,-19.999999999999996,-19.657789602440662,-20.15455210688077,0.0
8.109000000000945,0.0,446.7964262164824,-19.999999999999996,-19.65765374436772,-20.15701569088914,0.0
8.110000000000944,0.0,437.14940016081425,-19.999999999999996,-19.657518601360103,-20.159467804814188,0.0
8.111000000000944,0.0,427.5016883838954,-19.999999999999996,-19.657384185144828,-20.161908411541397,0.0
8.112000000000943,0.0,417.853296422814,-19.999999999999996,-19.65725050685554,-20.164337476089443,0.0
8.113000000000943,0.0,408.2042298305823,-19.999999999999996,-19.657117577059843,-20.166754965578914,0.0
8.114000000000942,0.0,398.55449417513887,-19.999999999999996,-19.656985405784695,-20.16916084919997,0.0
8.115000000000942,0.0,388.9040950383676,-19.999999999999996,-19.656854002540115,-20.171555098179546,0.0
8.116000000000941,0.0,379.2530380151326,-19.999999999999996,-19.656723376341297,-20.173937685747852,0.0
8.11700000000094,0.0,369.6013287123296,-19.999999999999996,-19.65659353572927,-20.1763085871045,0.0
8.11800000000094,0.0,359.9489727479519,-19.999999999999996,-19.656464488790238,-20.178667779384245,0.0
8.11900000000094,0.0,350.2959757501756,-19.999999999999996,-19.656336243173723,-20.18101524162255,0.0
8.120000000000939,0.0,340.64234335645835,-19.999999999999996,-19.656208806109586,-20.1833509547209,0.0
8.121000000000938,0.0,330.98808121265677,-19.999999999999996,-19.656082184424072,-20.185674901412227,0.0
8.122000000000938,0.0,321.33319497216047,-19.999999999999996,-19.655956384554873,-20.187987066226064,0.0
8.123000000000937,0.0,311.67769029504086,-19.999999999999996,-19.65583141256537,-20.190287435453975,0.0
8.124000000000937,0.0,302.02157284721864,-19.999999999999996,-19.655707274158104,-20.192575997114965,0.0
8.125000000000936,0.0,292.3648482996465,-19.999999999999996,-19.655583974687488,-20.19485274092108,0.0
8.126000000000936,0.0,282.70752232750874,-19.999999999999996,-19.6554615191719,-20.197117658243208,0.0
8.127000000000935,0.0,273.04960060943745,-19.999999999999996,-19.655339912305127,-20.19937074207708,0.0
8.128000000000934,0.0,263.3910888267437,-19.999999999999996,-19.65521915846727,-20.201611987009546,0.0
8.129000000000934,0.0,253.73199266266647,-19.999999999999996,-19.65509926173512,-20.203841389185193,0.0
8.130000000000933,0.0,244.0723178016364,-19.999999999999996,-19.654980225892057,-20.20605894627321,0.0
8.131000000000933,0.0,234.41206992855552,-19.999999999999996,-19.654862054437483,-20.20826465743459,0.0
8.132000000000932,0.0,224.7512547280928,-19.999999999999996,-19.65474475059588,-20.210458523289766,0.0
8.133000000000932,0.0,215.0898778839948,-19.999999999999996,-19.65462831732545,-20.21264054588655,0.0
8.134000000000931,0.0,205.42794507841194,-19.999999999999996,-19.65451275732639,-20.21481072866851,0.0
8.13500000000093,0.0,195.76546199123945,-19.999999999999996,-19.654398073048895,-20.216969076443675,0.0
8.13600000000093,0.0,186.10243429947334,-19.999999999999996,-19.654284266700767,-20.219115595353735,0.0
8.13700000000093,0.0,176.43886767658125,-19.999999999999996,-19.654171340254806,-20.22125029284362,0.0
8.138000000000929,0.0,166.77476779188717,-19.999999999999996,-19.654059295455873,-20.2233731776315,0.0
8.139000000000928,0.0,157.11014030997114,-19.999999999999996,-19.653948133827754,-20.22548425967922,0.0
8.140000000000928,0.0,147.44499089008232,-19.999999999999996,-19.65383785667972,-20.22758355016315,0.0
8.141000000000927,0.0,137.7793251855664,-19.999999999999996,-19.65372846511292,-20.22967106144553,0.0
8.142000000000927,0.0,128.11314884330628,-19.999999999999996,-19.65361996002654,-20.231746807046186,0.0
8.143000000000926,0.0,118.44646750317655,-19.999999999999996,-19.65351234212376,-20.23381080161475,0.0
8.144000000000926,0.0,108.7792867975107,-19.999999999999996,-19.65340561191752,-20.23586306090322,0.0
8.145000000000925,0.0,99.11161235058152,-19.999999999999996,-19.65329976973612,-20.23790360173911,0.0
8.146000000000925,0.0,89.44344977809476,-19.999999999999996,-19.653194815728604,-20.239932441998867,0.0
8.147000000000924,0.0,79.77480468669441,-19.999999999999996,-19.653090749870103,-20.24194960058189,0.0
8.148000000000923,0.0,70.10568267348117,-19.999999999999996,-19.652987571966865,-20.243955097384852,0.0
8.149000000000923,0.0,60.436089325542675,-19.999999999999996,-19.65288528166125,-20.245948953276503,0.0
8.150000000000922,0.0,50.766030219495725,-19.999999999999996,-19.652783878436555,-20.247931190072958,0.0
8.151000000000922,0.0,41.09551092104045,-19.999999999999996,-19.652683361621712,-20.249901830513288,0.0
8.152000000000921,0.0,32.05922310898218,-18.4633942635876,-18.145301361027137,-18.695885796333044,0.0
8.15300000000092,0.0,24.143758399422467,-16.012518912879248,-15.739742778539316,-16.213949418360812,0.0
8.15400000000092,0.0,17.545298579230263,-13.244386447788559,-13.022067993093293,-13.409101545677,0.0
8.15500000000092,0.0,12.264742235827022,-10.52916130176719,-10.355852298824075,-10.657017546876748,0.0
8.156000000000919,0.0,8.190567201301038,-8.075114533169096,-7.945713312167294,-8.169266540939974,0.0
8.157000000000918,0.0,5.1560969227414315,-5.97974475864482,-5.88749283650684,-6.044984142200029,0.0
8.158000000000918,0.0,2.977135929165281,-4.26859477463611,-4.206364380490461,-4.3102109767908106,0.0
8.159000000000917,0.0,1.4750967627143814,-2.923685777729538,-2.884750493283338,-2.946760863079561,0.0
8.160000000000917,0.0,0.4898104634243091,-1.9035603961752046,-1.8820032789686318,-1.9125894654557463,0.0
8.161000000000916,0.0,-0.11468413913976272,-1.156796016189263,-1.1476747329737895,-1.1555312857952227,0.0
8.162000000000916,0.0,-0.44887747005770706,-0.6306157133606757,-0.6299740356106942,-0.6220512119923912,0.0
8.163000000000915,0.0,-0.5992326980477063,-0.27594998070592003,-0.2807400552588852,-0.2623854480375055,0.0
8.164000000000915,0.0,-0.631059767397035,-0.050029103757351374,-0.05798909984977467,-0.03317104681265113,0.0
8.165000000000914,0.0,-0.5919656571502873,0.0826632646557208,0.07314671050215621,0.10159007776197954,0.0
8.166000000000913,0.0,-0.5153415216713937,0.1504588328370158,0.14048517845546524,0.17060498518005185,0.0
8.167000000000913,0.0,-0.4235741171475961,0.17515468063849832,0.16543084877272715,0.19595272732573982,0.0
8.168000000000912,0.0,-0.3308256523266142,0.1729418545600633,0.16388567722559602,0.194028947045836,0.0
8.169000000000912,0.0,-0.24532938802298404,0.155415039371925,0.14723958175068252,0.17657161691601742,0.0
8.170000000000911,0.0,-0.1712119839189523,0.1305429982249262,0.12332270339299269,0.15164603215514424,0.0
8.17100000000091,0.0,-0.10988917874196091,0.10353403045604541,0.09725477288660764,0.12452260767879127,0.0
8.17200000000091,0.0,-0.0610978390971288,0.07756761131844019,0.07216322816356158,0.098418481519263,0.0
8.17300000000091,0.0,-0.023631484884224188,0.05438702447834329,0.049764951485505575,0.07509787596281219,0.0
8.174000000000909,0.0,0.0041569734278317175,0.03476181661050828,0.03082026538597087,0.05534033460227849,0.0
8.175000000000908,0.0,0.024028906870861146,0.018836202600014614,0.015474999514617602,0.03929330475518423,0.0
8.176000000000908,0.0,0.03766268676724975,0.006382370931132709,0.003509215920355421,0.026728351510985453,0.0
8.177000000000907,0.0,0.04654728926991692,-0.0030223508939400687,-0.0054888048611353565,0.017220265893240556,0.0
8.178000000000907,0.0,0.05193715036841523,-0.009877115551788681,-0.012006286033332548,0.010266678256437331,0.0
8.179000000000906,0.0,0.05484604903843299,-0.014682999714997907,-0.0165327030240641,0.005363343229294051,0.0
8.180000000000906,0.0,0.056063940438401655,-0.017899958521165937,-0.019517471855722616,0.002047570239811701,0.0
8.181000000000905,0.0,0.056185554863981975,-0.019925541965802148,-0.021349008007865055,-8.033180475187571e-05,0.0
8.182000000000905,0.0,0.05564333834185959,-0.02108792549995303,-0.022347844427839606,-0.0013500613214085912,0.0
8.183000000000904,0.0,0.05474010064101933,-0.021647760999823944,-0.0227684149638501,-0.0020232281485540876,0.0
8.184000000000903,0.0,0.053678732314319424,-0.021804942923113826,-0.022805668799495422,-0.0023002094499001884,0.0
8.185000000000903,0.0,0.052587722769390936,-0.021707628486936675,-0.022603902615993054,-0.0023292707334519264,0.0
8.186000000000902,0.0,0.05154210623217996,-0.02146179119245788,-0.02226612048459198,-0.0022162162847489215,0.0
8.187000000000902,0.0,0.05058000827191118,-0.021140273351372783,-0.02186290532046093,-0.00203352681790518,0.0
8.188000000000901,0.0,0.049715264554620116,-0.02079078536640685,-0.021440259094227032,-0.0018284289218678355,0.0
8.1890000000009,0.0,0.04894671535175875,-0.020442623390503484,-0.021026187044667712,-0.0016296676188325976,0.0
8.1900000000009,0.0,0.048264803987872154,-0.020112082489414693,-0.020636002975966638,-0.0014529604556179415,0.0
8.1910000000009,0.0,0.04765606838670788,-0.019806662494050283,-0.020276450679461447,-0.0013052323694625872,0.0
8.192000000000899,0.0,0.047106042567076616,-0.019528224518099817,-0.019948796276422043,-0.00118779158213127,0.0
8.193000000000898,0.0,0.04660099963266285,-0.01927527769164569,-0.019651067525429892,-0.0010986282590163812,0.0
8.194000000000898,0.0,0.046128882248551266,-0.01904457287166594,-0.019379613452980244,-0.0010340146226765256,0.0
8.195000000000897,0.0,0.0456796881499298,-0.018832163532533,-0.01913014145335995,-0.0009895683283365347,0.0
8.196000000000897,0.0,0.04524551050530657,-0.018634070969791538,-0.018898366388500506,-0.0009609175086196398,0.0
8.197000000000896,0.0,0.04482037712916651,-0.01844666609001793,-0.018680381837071353,-0.0009440807313887863,0.0
8.198000000000896,0.0,0.04439998827298787,-0.018266856273436348,-0.01847284030882703,-0.0009356510691030263,0.0
8.199000000000895,0.0,0.04398141884788334,-0.018092144639835054,-0.018273008483800104,-0.0009328521109746944,0.0
8.200000000000895,0.0,0.043562825894262865,-0.017920611193671217,-0.018078746016798205,-0.0009335157300043861,0.0
8.201000000000894,0.0,0.04314318427357919,-0.01775085087761431,-0.017888442271426518,-0.0009360168468505884,0.0
8.202000000000893,0.0,0.04272206136267199,-0.01758189229802243,-0.017700934292345902,-0.0009391890775033883,0.0
8.203000000000893,0.0,0.04229943361297032,-0.017413112401306052,-0.01751542099795256,-0.0009422366052554976,0.0
8.204000000000892,0.0,0.04187554304598712,-0.017244156211811835,-0.017331382522094697,-0.0009446514081263057,0.0
8.205000000000892,0.0,0.041450789168309715,-0.017074866426560927,-0.017148509398426326,-0.0009461406320163861,0.0
8.206000000000891,0.0,0.04102565068581665,-0.01690522477693182,-0.016966643449537012,-0.0009465660000185436,0.0
8.20700000000089,0.0,0.04060063123998689,-0.01673530524812472,-0.016785730457832382,-0.0009458953219439719,0.0
8.20800000000089,0.0,0.04017622378955587,-0.016565238194560954,-0.016605783662429593,-0.0009441651131820005,0.0
8.20900000000089,0.0,0.0397528889475028,-0.016395183866332232,-0.016426856613530553,-0.0009414528096804136,0.0
8.210000000000889,0.0,0.039331043376502284,-0.016225313687433206,-0.016249023745200954,-0.0009378568937765432,0.0
8.211000000000888,0.0,0.03891105513312431,-0.016055797667279523,-0.016072367068163385,-0.0009334832894546787,0.0
8.212000000000888,0.0,0.03849324356811194,-0.01588679648798385,-0.015896967542889644,-0.0009284365498178704,0.0
8.213000000000887,0.0,0.038077882006085195,-0.015718457026296238,-0.015722899906401522,-0.0009228145790908223,0.0
8.214000000000887,0.0,0.03766520193377809,-0.015550910299105823,-0.015550229952604773,-0.0009167058642251622,0.0
8.215000000000886,0.0,0.03725539782543333,-0.015384271039702791,-0.015379013480908012,-0.0009101884118568378,0.0
8.216000000000886,0.0,0.03684863203854351,-0.015218638305098772,-0.015209296318031248,-0.0009033297814376243,0.0
8.217000000000885,0.0,0.036445039437266395,-0.015054096676948302,-0.01504111497774426,-0.0008961877692172738,0.0
8.218000000000885,0.0,0.03604473155969886,-0.014890717749371377,-0.014874497652165131,-0.0008888114298046873,0.0
8.219000000000884,0.0,0.0356478002530069,-0.014728561698541661,-0.014709465328439182,-0.0008812422246228628,0.0
8.220000000000883,0.0,0.03525432076967693,-0.014567678805063424,-0.014546032899837611,-0.0008735151635508509,0.0
8.221000000000883,0.0,0.03486435435932661,-0.014408110855241824,-0.01438421019480001,-0.000865659861771101,0.0
8.222000000000882,0.0,0.03447795041198227,-0.014249892385622463,-0.014224002885391685,-0.0008577014726284813,0.0
8.223000000000882,0.0,0.03409514821698555,-0.014093051760519155,-0.01406541326187372,-0.0008496614830715687,0.0
8.224000000000881,0.0,0.03371597840159301,-0.013937612087983282,-0.013908440875836129,-0.000841558374323894,0.0
8.22500000000088,0.0,0.03334046410837989,-0.013783591988523256,-0.0137530830633253,-0.0008334081595792854,0.0
8.22600000000088,0.0,0.032968621963184376,-0.013631006235006711,-0.013599335363694301,-0.0008252248148843963,0.0
8.22700000000088,0.0,0.032600462877137575,-0.013479866283209763,-0.013447191851152398,-0.0008170206206214743,0.0
8.228000000000879,0.0,0.03223599271831403,-0.013330180711624421,-0.013296645395356743,-0.0008088064303389516,0.0
8.229000000000879,0.0,0.03187521288127097,-0.013181955587247328,-0.013147687865722396,-0.0008005918819603136,0.0
8.230000000000878,0.0,0.03151812077648499,-0.013035194771737106,-0.013000310292005305,-0.0007923855642224488,0.0
8.231000000000877,0.0,0.031164710256513503,-0.012889900179910206,-0.012854502991486865,-0.0007841951489116076,0.0
8.232000000000877,0.0,0.03081497199155749,-0.012746072000274987,-0.01271025567100126,-0.0007760274973287913,0.0
8.233000000000876,0.0,0.03046889380386953,-0.012603708885295647,-0.012567557510195962,-0.0007678887475196681,0.0
8.234000000000876,0.0,0.030126460967998245,-0.012462808117377865,-0.012426397230860291,-0.0007597843872144691,0.0
8.235000000000875,0.0,0.0297876564820431,-0.01232336575518008,-0.012286763155893441,-0.0007517193161300272,0.0
8.236000000000875,0.0,0.029452461313777375,-0.012185376763752549,-0.012148643260494496,-0.0007436979002752586,0.0
8.237000000000874,0.0,0.02912085462456467,-0.012048835131154881,-0.01201202521740124,-0.0007357240201296012,0.0
8.238000000000874,0.0,0.028792813973346543,-0.011913733973558544,-0.011876896437447595,-0.0007278011139950575,0.0
8.239000000000873,0.0,0.028468315502536562,-0.011780065630364663,-0.011743244106308226,-0.0007199322174096827,0.0
8.240000000000872,0.0,0.028147334107358056,-0.011647821750520789,-0.011611055218019825,-0.0007121199992299434,0.0
8.241000000000872,0.0,0.027829843589960924,-0.011516993370973417,-0.011480316605680713,-0.0007043667947934764,0.0
8.242000000000871,0.0,0.02751581679951619,-0.011387570988017513,-0.011351014969606995,-0.000696674636448946,0.0
8.24300000000087,0.0,0.027205225759387643,-0.011259544622182899,-0.011223136903150516,-0.0006890452816655122,0.0
8.24400000000087,0.0,0.026898041782405385,-0.01113290387720932,-0.01109666891633607,-0.0006814802388856369,0.0
8.24500000000087,0.0,0.02659423557520316,-0.011007637993602108,-0.010971597457455535,-0.0006739807912623181,0.0
8.246000000000869,0.0,0.02629377733252486,-0.010883735897213271,-0.01084790893274074,-0.0006665480184086994,0.0
8.247000000000869,0.0,0.025996636822351673,-0.010761186243257522,-0.010725589724234529,-0.0006591828162833225,0.0
8.248000000000868,0.0,0.02570278346264796,-0.010639977456143533,-0.010604626205976924,-0.0006518859153314036,0.0
8.249000000000867,0.0,0.02541218639047082,-0.01052009776547435,-0.010485004758621439,-0.0006446578970025004,0.0
8.250000000000867,0.0,0.02512481452413569,-0.010401535238547184,-0.010366711782596587,-0.0006374992087614696,0.0
8.251000000000866,0.0,0.024840636619078028,-0.010284277809660116,-0.010249733709924994,-0.0006304101777101193,0.0
8.252000000000866,0.0,0.024559621318000397,-0.010168313306511188,-0.0101340570148082,-0.0006233910229301019,0.0
8.253000000000865,0.0,0.024281737195845646,-0.010053629473954292,-0.010019668223082128,-0.0006164418666558392,0.0
8.254000000000865,0.0,0.024006952800089843,-0.009940213995355487,-0.009906553920642542,-0.0006095627443784206,0.0
8.255000000000864,0.0,0.023735236686805113,-0.009828054511774079,-0.009794700760932864,-0.0006027536139768322,0.0
8.256000000000864,0.0,0.023466557452901205,-0.00971713863917337,-0.009684095471582098,-0.0005960143639658195,0.0
8.257000000000863,0.0,0.023200883764916892,-0.009607453983848876,-0.009574724860272346,-0.0005893448209424107,0.0
8.258000000000862,0.0,0.022938184384696865,-0.0094989881562445,-0.009466575819910327,-0.000582744756307106,0.0
8.259000000000862,0.0,0.022678428192258064,-0.009391728783312021,-0.00935963533317045,-0.0005762138923301337,0.0
8.260000000000861,0.0,0.022421584206120157,-0.009285663519554531,-0.009253890476470244,-0.0005697519076235439,0.0
8.26100000000086,0.0,0.022167621601347862,-0.009180780056881707,-0.00914932842343518,-0.0005633584420794112,0.0
8.26200000000086,0.0,0.021916509725529217,-0.009077066133392129,-0.009045936447902959,-0.000557033101324501,0.0
8.26300000000086,0.0,0.02166821811289194,-0.008974509541187016,-0.008943701926512579,-0.0005507754607380023,0.0
8.264000000000859,0.0,0.02142271649674021,-0.008873098133309991,-0.00884261234092033,-0.0005445850690760797,0.0
8.265000000000859,0.0,0.02117997482037681,-0.008772819829897775,-0.008742655279679547,-0.0005384614517404845,0.0
8.266000000000858,0.0,0.020939963246659112,-0.008673662623619077,-0.008643818439818107,-0.0005324041137264542,0.0
8.267000000000857,0.0,0.020702652166323318,-0.00857561458447098,-0.008546089628143277,-0.0005264125422801834,0.0
8.268000000000857,0.0,0.020468012205198245,-0.00847866386399581,-0.00844945676230207,-0.0005204862092949756,0.0
8.269000000000856,0.0,0.02023601423041818,-0.008382798698974972,-0.00835390787162158,-0.0005146245734703589,0.0
8.270000000000856,0.0,0.020006629355733798,-0.008288007414651221,-0.008259431097750887,-0.0005088270822578784,0.0
8.271000000000855,0.0,0.019779828946010512,-0.008194278427525414,-0.008166014695125498,-0.0005030931736134431,0.0
8.272000000000855,0.0,0.01955558462099519,-0.008101600247769703,-0.00807364703127206,-0.0004974222775754049,0.0
8.273000000000854,0.0,0.01933386825842417,-0.008009961481294903,-0.00798231658696914,-0.0004918138176846086,0.0
8.274000000000854,0.0,0.0191146519965386,-0.00791935083150621,-0.007892011956280283,-0.0004862672122625637,0.0
8.275000000000853,0.0,0.018897908236066845,-0.007829757100777978,-0.007802721846470669,-0.0004807818755597653,0.0
8.276000000000852,0.0,0.018683609641727834,-0.007741169191675743,-0.007714435077821428,-0.0004753572187882471,0.0
8.277000000000852,0.0,0.018471729143304035,-0.0076535761079503965,-0.007627140583351174,-0.0004699926510490569,0.0
8.278000000000851,0.0,0.0182622399363282,-0.007566966955327549,-0.007540827408454852,-0.0004646875801636945,0.0
8.27900000000085,0.0,0.018055115482423768,-0.007481330942112553,-0.007455484710469402,-0.00045944141342054573,0.0
8.28000000000085,0.0,0.017850329509334677,-0.007396657379629815,-0.007371101758173348,-0.0004542535582430368,0.0
8.28100000000085,0.0,0.017647856010677324,-0.007312935682513432,-0.0072876679312284245,-0.0004491234227877068,0.0
8.28200000000085,0.0,0.01744766924544399,-0.007230155368864075,-0.007205172719569171,-0.0004440504164791338,0.0
8.283000000000849,0.0,0.01724974373728425,-0.007148306060286089,-0.007123605722746618,-0.0004390339504866162,0.0
8.284000000000848,0.0,0.0170540542735884,-0.007067377481817313,-0.007042956649231947,-0.00043407343815058666,0.0
8.285000000000847,0.0,0.01686057590439457,-0.006987359461762549,-0.006963215315683604,-0.00042916829536055606,0.0
8.286000000000847,0.0,0.016669283941139017,-0.006908241931441296,-0.006884371646184175,-0.0004243179408920275,0.0
8.287000000000846,0.0,0.01648015395526739,-0.006830014924858575,-0.006806415671449236,-0.00041952179670497105,0.0
8.288000000000846,0.0,0.01629316177672289,-0.006752668578307173,-0.006729337528012345,-0.00041477928820739165,0.0
8.289000000000845,0.0,0.016108283492325647,-0.006676193129909119,-0.006653127457389998,-0.0004100898444882482,0.0
8.290000000000845,0.0,0.015925495444056453,-0.00660057891910282,-0.006577775805228598,-0.00040545289852235086,0.0
8.291000000000844,0.0,0.01574477422725653,-0.006525816386082095,-0.006503273020436273,-0.0004008678873494392,0.0
8.292000000000844,0.0,0.01556609668875388,-0.006451896071192764,-0.006429609654302264,-0.000396334252231058,0.0
8.293000000000843,0.0,0.015389439924925866,-0.006378808614291541,-0.0063567763596056,-0.00039185143878625464,0.0
8.294000000000842,0.0,0.015214781279706586,-0.006306544754071983,-0.006284763889715224,-0.0003874188971089553,0.0
8.295000000000842,0.0,0.015042098342546792,-0.006235095327361441,-0.006213563097683127,-0.00038303608186855643,0.0
8.296000000000841,0.0,0.01487136894633341,-0.006164451268392686,-0.006143164935332275,-0.00037870245239545386,0.0
8.29700000000084,0.0,0.014702571165274968,-0.006094603608053509,-0.006073560452340311,-0.00037441747275259764,0.0
8.29800000000084,0.0,0.014535683312758544,-0.006025543473117454,-0.006004740795320981,-0.0003701806117955768,0.0
8.29900000000084,0.0,0.014370683939183445,-0.0059572620854581185,-0.005936697206903588,-0.0003659913432206745,0.0
8.30000000000084,0.0,0.014207551829776167,-0.00588975076124974,-0.0058694210248122465,-0.0003618491456038476,0.0
8.301000000000839,0.0,0.01404626600239079,-0.005823000910155956,-0.005802903680945266,-0.0003577535024301896,0.0
8.302000000000838,0.0,0.013886805705298572,-0.00575700403450904,-0.005737136700455959,-0.000353703902115857,0.0
8.303000000000837,0.0,0.01372915041496999,-0.005691751728481132,-0.005672111700835131,-0.0003496998380221844,0.0
8.304000000000837,0.0,0.013573279833852358,-0.005627235677249236,-0.005607820390996483,-0.0003457408084641203,0.0
8.305000000000836,0.0,0.013419173888145583,-0.005563447656155346,-0.005544254570364822,-0.0003418263167119682,0.0
8.306000000000836,0.0,0.01326681272557866,-0.005500379529862965,-0.0054814061279683576,-0.00033795587098867227,0.0
8.307000000000835,0.0,0.013116176713188852,-0.005438023251511343,-0.005419267041534863,-0.0003341289844620804,0.0
8.308000000000835,0.0,0.012967246435105616,-0.005376370861868344,-0.005357829376592646,-0.0003303451752331107,0.0
8.309000000000834,0.0,0.01282000269034104,-0.005315414488482915,-0.005297085285576458,-0.0003266039663201274,0.0
8.310000000000834,0.0,0.012674426490588201,-0.005255146344838013,-0.005237027006938445,-0.00032290488564017507,0.0
8.311000000000833,0.0,0.012530499058028959,-0.005195558729504738,-0.005177646864265135,-0.0003192474659871895,0.0
8.312000000000833,0.0,0.012388201823152317,-0.005136644025298439,-0.0051189372653998545,-0.00031563124500741716,0.0
8.313000000000832,0.0,0.012247516422584462,-0.005078394698437224,-0.005060890701571496,-0.00031205576517282104,0.0
8.314000000000831,0.0,0.012108424696931448,-0.0050208032977035934,-0.005003499746529377,-0.0003085205737520995,0.0
8.31500000000083,0.0,0.01197090868863536,-0.004963862453609591,-0.004946757055684596,-0.00030502522278020856,0.0
8.31600000000083,0.0,0.011834950639844768,-0.004907564877565853,-0.0048906553652580025,-0.00030156926902590617,0.0
8.31700000000083,0.0,0.011700532990300003,-0.004851903361055137,-0.004835187491434887,-0.00029815227395833745,0.0
8.31800000000083,0.0,0.011567638375233964,-0.004796870774810449,-0.004780346329526443,-0.0002947738037119567,0.0
8.319000000000829,0.0,0.011436249623288864,-0.004742460067998163,-0.004726124853138189,-0.0002914334290508066,0.0
8.320000000000828,0.0,0.011306349754449389,-0.004688664267406451,-0.004672516113345365,-0.00028813072533134614,0.0
8.321000000000828,0.0,0.01117792197799263,-0.004635476476639168,-0.004619513237875459,-0.00028486527246526284,0.0
8.322000000000827,0.0,0.011050949690455112,-0.0045828898753154474,-0.004567109430297692,-0.0002816366548806823,0.0
8.323000000000826,0.0,0.010925416473617184,-0.00453089771827517,-0.004515297969219892,-0.00027844446148361877,0.0
8.324000000000826,0.0,0.010801306092504986,-0.004479493334790486,-0.00446407220749227,-0.00027528828561841786,0.0
8.325000000000825,0.0,0.010678602493410207,-0.004428670127783507,-0.004413425571418681,-0.0002721677250282534,0.0
8.326000000000825,0.0,0.01055728980192773,-0.004378421573050253,-0.004363351559974844,-0.00026908238181482446,0.0
8.327000000000824,0.0,0.010437352321011341,-0.004328741218490997,-0.004313843744034019,-0.0002660318623982749,0.0
8.328000000000824,0.0,0.010318774529047548,-0.004279622683347139,-0.004264895765599774,-0.00026301577747673004,0.0
8.329000000000823,0.0,0.010201541077947553,-0.004231059657444504,-0.004216501337045862,-0.00026003374198558865,0.0
8.330000000000823,0.0,0.010085636791257483,-0.004183045900443342,-0.004168654240363636,-0.00025708537505709085,0.0
8.331000000000822,0.0,0.009971046662286837,-0.004135575241094905,-0.004121348326416291,-0.000254170299979539,0.0
8.332000000000821,0.0,0.00985775585225515,-0.004088641576504692,-0.004074577514200471,-0.0002512881441567097,0.0
8.33300000000082,0.0,0.009745749688456866,-0.004042238871402444,-0.004028335790114989,-0.00024843853906735035,0.0
8.33400000000082,0.0,0.00963501366244441,-0.00399636115741879,-0.003982617207236543,-0.00024562112022455873,0.0
8.33500000000082,0.0,0.009525533428229349,-0.003951002532368652,-0.003937415884602666,-0.00024283552713555922,0.0
8.33600000000082,0.0,0.009417294800501628,-0.0039061571595413805,-0.0038927260065016868,-0.00024008140326147332,0.0
8.337000000000819,0.0,0.009310283752866808,-0.0038618192669975914,-0.003848541821769553,-0.00023735839597719744,0.0
8.338000000000818,0.0,0.009204486416101186,-0.0038179831468727198,-0.003804857643093714,-0.00023466615653160335,0.0
8.339000000000818,0.0,0.009099889076424738,-0.003774643154687292,-0.0037616678463240592,-0.0002320043400079715,0.0
8.340000000000817,0.0,0.00899647817379178,-0.0037317937086638327,-0.0037189668697905427,-0.0002293726052844231,0.0
8.341000000000816,0.0,0.008894240300199256,-0.003689429289050479,-0.0036767492136276555,-0.00022677061499492396,0.0
8.342000000000816,0.0,0.008793162198012499,-0.0036475444374511937,-0.003635009439105775,-0.00022419803549016473,0.0
8.343000000000815,0.0,0.008693230758308376,-0.003606133756162599,-0.003593742167969237,-0.00022165453679900645,0.0
8.344000000000815,0.0,0.008594433019235724,-0.003565191907517366,-0.0035529420817811104,-0.0002191397925901961,0.0
8.345000000000814,0.0,0.00849675616439288,-0.003524713613234123,-0.0035126039212744985,-0.0002166534801340918,0.0
8.346000000000814,0.0,0.008400187521222272,-0.003484693653773916,-0.0034727224857105526,-0.00021419528026487677,0.0
8.347000000000813,0.0,0.008304714559421807,-0.0034451268677030637,-0.0034332926322430666,-0.0002117648773432082,0.0
8.348000000000813,0.0,0.008210324889373084,-0.0034060081510624675,-0.0033943092752893576,-0.00020936195921880132,0.0
8.349000000000812,0.0,0.00811700626058614,-0.0033673324567432905,-0.0033557673859078187,-0.00020698621719362413,0.0
8.350000000000811,0.0,0.008024746560160724,-0.0033290947938689752,-0.0033176619911817217,-0.00020463734598534988,0.0
8.35100000000081,0.0,0.007933533811263833,-0.0032912902271835195,-0.0032799881736093185,-0.0002023150436909389,0.0
8.35200000000081,0.0,0.007843356171623468,-0.003253913876446032,-0.0032427410705004297,-0.00020001901175082672,0.0
8.35300000000081,0.0,0.007754201932038419,-0.0032169609158314533,-0.0032059158733789184,-0.00019774895491318388,0.0
8.35400000000081,0.0,0.007666059514903959,-0.0031804265733374405,-0.003169507827391749,-0.0001955045811986068,0.0
8.355000000000809,0.0,0.007578917472753252,-0.0031443061301973667,-0.0031335122307238053,-0.0001932856018652077,0.0
8.356000000000808,0.0,0.007492764486814405,-0.00310859492029931,-0.00309792443401894,-0.00019109173137378294,0.0
8.357000000000808,0.0,0.00740758936558298,-0.00307328832961109,-0.0030627398398070612,-0.00018892268735361457,0.0
8.358000000000807,0.0,0.007323381043409794,-0.003038381795611276,-0.003027953901937094,-0.00018677819056832378,0.0
8.359000000000806,0.0,0.007240128579103931,-0.0030038708067260285,-0.002993562125015912,-0.0001846579648822266,0.0
8.360000000000806,0.0,0.007157821154550741,-0.0029697509017718705,-0.0029595600638531103,-0.00018256173722696538,0.0
8.361000000000805,0.0,0.007076448073344754,-0.0029360176694041705,-0.0029259433229114756,-0.0001804892375683472,0.0
8.362000000000805,0.0,0.006995998759437318,-0.002902666747571473,-0.002892707555763427,-0.00017844019887373842,0.0
8.363000000000804,0.0,0.006916462755798833,-0.0028696938229754295,-0.0028598484645529225,-0.0001764143570795679,0.0
8.364000000000804,0.0,0.006837829723095437,-0.002837094630536468,-0.002827361799463098,-0.0001744114510592059,0.0
8.365000000000803,0.0,0.006760089438380018,-0.002804864952864978,-0.0027952433581895472,-0.00017243122259121143,0.0
8.366000000000803,0.0,0.006683231793797362,-0.002773000619738123,-0.0027634889854190586,-0.00017047341632791017,0.0
8.367000000000802,0.0,0.006607246795303362,-0.0027414975075820505,-0.002732094572313848,-0.00016853777976414666,0.0
8.368000000000801,0.0,0.006532124561398089,-0.0027103515389596718,-0.0027010560560012825,-0.00016662406320648538,0.0
8.369000000000801,0.0,0.006457855321872623,-0.0026795586820637166,-0.002670369419068923,-0.0001647320197427182,0.0
8.3700000000008,0.0,0.006384429416569489,-0.0026491149502152127,-0.002640030689064879,-0.00016286140521155435,0.0
8.3710000000008,0.0,0.00631183729415656,-0.00261901640136722,-0.0026100359380035894,-0.00016101197817278091,0.0
8.3720000000008,0.0,0.006240069510914317,-0.002589259137613833,-0.002580381281876597,-0.00015918349987759399,0.0
8.373000000000799,0.0,0.0061691167295362635,-0.0025598393047043693,-0.0025510628801687376,-0.00015737573423934984,0.0
8.374000000000798,0.0,0.0060989697179424564,-0.002530753091562678,-0.0025220769353792847,-0.00015558844780447754,0.0
8.375000000000798,0.0,0.006029619348105922,-0.002501996729811621,-0.0024934196925482936,-0.00015382140972384172,0.0
8.376000000000797,0.0,0.005961056594891902,-0.0024735664933025103,-0.00246508743878788,-0.00015207439172425132,0.0
8.377000000000796,0.0,0.005893272534909745,-0.0024454586976496067,-0.0024370765028185583,-0.00015034716808039357,0.0
8.378000000000796,0.0,0.005826258345377333,-0.0024176696997695486,-0.00240938325451046,-0.00014863951558697795,0.0
8.379000000000795,0.0,0.00576000530299794,-0.002390195897425677,-0.002382004104429459,-0.00014695121353119282,0.0
8.380000000000795,0.0,0.005694504782849335,-0.0023630337287772357,-0.00235493550338812,-0.00014528204366537215,0.0
8.381000000000794,0.0,0.005629748257285052,-0.0023361796719333703,-0.002328173942001478,-0.00014363179018016833,0.0
8.382000000000794,0.0,0.005565727294847675,-0.0023096302445118812,-0.0023017159502475145,-0.000142000239677726,0.0
8.383000000000793,0.0,0.005502433559194044,-0.0022833820032027055,-0.002275558097032363,-0.00014038718114534824,0.0
8.384000000000793,0.0,0.0054398588080321825,-0.0022574315433360587,-0.0022496969897600996,-0.0001387924059292468,0.0
8.385000000000792,0.0,0.005377994892069944,-0.0022317754984551947,-0.0022241292739072207,-0.00013721570770882014,0.0
8.386000000000791,0.0,0.005316833753975132,-0.0022064105398937432,-0.0021988516326016568,-0.00013565688247092528,0.0
8.387000000000791,0.0,0.005256367427347058,-0.002181333376357593,-0.002173860786206219,-0.00013411572848460833,0.0
8.38800000000079,0.0,0.005196588035699384,-0.002156540753511246,-0.0021491534919066517,-0.00013259204627605618,0.0
8.38900000000079,0.0,0.005137487791454121,-0.0021320294535686108,-0.0021247265433040055,-0.0001310856386037843,0.0
8.39000000000079,0.0,0.005079058994946689,-0.002107796294888208,-0.0021005767700113904,-0.00012959631043405514,0.0
8.391000000000789,0.0,0.005021294033441914,-0.002083838131572704,-0.0020767010372551085,-0.00012812386891665277,0.0
8.392000000000788,0.0,0.004964185380160852,-0.002060151853072792,-0.0020530962454800676,-0.00012666812336086203,0.0
8.393000000000788,0.0,0.004907725593318296,-0.002036734383795293,-0.0020297593299594473,-0.00012522888521169422,0.0
8.394000000000787,0.0,0.004851907315170892,-0.0020135826827155064,-0.0020066872604084744,-0.00012380596802629372,0.0
8.395000000000786,0.0,0.0047967232710757444,-0.0019906937429937503,-0.001983877040602558,-0.00012239918745083342,0.0
8.396000000000786,0.0,0.004742166268559367,-0.001968064591596017,-0.0019613257079993418,-0.0001210083611973145,0.0
8.397000000000785,0.0,0.004688229196396912,-0.0019456922889187305,-0.0019390303333649682,-0.00011963330902093998,0.0
8.398000000000785,0.0,0.004634905023701533,-0.001923573928417568,-0.0019169880204043179,-0.0001182738526975056,0.0
8.399000000000784,0.0,0.004582186799023818,-0.001901706636240272,-0.0018951959053952296,-0.00011692981600106478,0.0
8.400000000000784,0.0,0.0045300676494611225,-0.0018800875708634877,-0.0018736511568268025,-0.00011560102468203951,0.0
8.401000000000783,0.0,0.004478540779776754,-0.001858713922733459,-0.0018523509750414055,-0.00011428730644518501,0.0
8.402000000000783,0.0,0.004427599471528888,-0.0018375829139106632,-0.0018312925918807313,-0.00011298849092814748,0.0
8.403000000000782,0.0,0.004377237082209072,-0.0018166917977183077,-0.0018104732703356457,-0.00011170440968008609,0.0
8.404000000000782,0.0,0.004327447044390282,-0.0017960378583945888,-0.0017898903041997836,-0.00011043489614050042,0.0
8.405000000000781,0.0,0.004278222864884389,-0.0017756184107487701,-0.001769541017726927,-0.00010917978561834712,0.0
8.40600000000078,0.0,0.004229558123908918,-0.001755430799820979,-0.001749422765292158,-0.00010793891527139819,0.0
8.40700000000078,0.0,0.004181446474263055,-0.0017354724005457004,-0.0017295329310565923,-0.00010671212408572034,0.0
8.40800000000078,0.0,0.004133881640512741,-0.0017157406174189308,-0.0017098689286358497,-0.00010549925285548861,0.0
8.409000000000779,0.0,0.004086857418184806,-0.0016962328841689388,-0.0016904282007720736,-0.0001043001441629653,0.0
8.410000000000778,0.0,0.004040367672970021,-0.0016769466634306337,-0.0016712082190095032,-0.00010311464235865549,0.0
8.411000000000778,0.0,0.003994406339934971,-0.0016578794464234524,-0.0016522064833736504,-0.00010194259354174716,0.0
8.412000000000777,0.0,0.003948967422742658,-0.0016390287526327847,-0.001633420522053905,-0.00010078384554072404,0.0
8.413000000000777,0.0,0.003904044992881757,-0.0016203921294948443,-0.0016148478910895947,-9.963824789417164e-05,0.0
8.414000000000776,0.0,0.0038596331889044016,-0.0016019671520849956,-0.001596486174059567,-9.850565183189166e-05,0.0
8.415000000000775,0.0,0.0038157262156724198,-0.0015837514228094715,-0.001578332981774995,-9.73859102560053e-05,0.0
8.416000000000775,0.0,0.003772318343611945,-0.0015657425711004536,-0.001560385951975658,-9.627887772252074e-05,0.0
8.417000000000774,0.0,0.0037294039079762927,-0.0015479382531145064,-0.0015426427490295418,-9.518441042290356e-05,0.0
8.418000000000774,0.0,0.0036869773081170077,-0.0015303361514342737,-0.0015251010636356298,-9.410236616596982e-05,0.0
8.419000000000773,0.0,0.0036450330067630252,-0.0015129339747734529,-0.0015077586125299934,-9.303260435983534e-05,0.0
8.420000000000773,0.0,0.0036035655293078237,-0.0014957294576850076,-0.0014906131381951444,-9.1974985994245e-05,0.0
8.421000000000772,0.0,0.003562569463104496,-0.001478720360272559,-0.001473662408572477,-9.092937362294488e-05,0.0
8.422000000000772,0.0,0.0035220394567686657,-0.0014619044679049376,-0.0014569042167779363,-8.98956313463065e-05,0.0
8.423000000000771,0.0,0.0034819702194891357,-0.0014452795909338644,-0.001440336380820727,-8.887362479412269e-05,0.0
8.42400000000077,0.0,0.003442356520346224,-0.0014288435644147267,-0.0014239567433251617,-8.786322110859821e-05,0.0
8.42500000000077,0.0,0.003403193187637654,-0.0014125942478304268,-0.0014077631712555428,-8.686428892752516e-05,0.0
8.42600000000077,0.0,0.0033644751082119724,-0.0013965295248182376,-0.001391753555644047,-8.587669836765632e-05,0.0
8.427000000000769,0.0,0.003326197226809357,-0.0013806473028996626,-0.0013759258113216033,-8.49003210082045e-05,0.0
8.428000000000768,0.0,0.003288354545409787,-0.0013649455132132818,-0.0013602778766517401,-8.393502987458603e-05,0.0
8.429000000000768,0.0,0.0032509421225884547,-0.0013494221102505085,-0.0013448077132673126,-8.298069942231772e-05,0.0
8.430000000000767,0.0,0.0032139550728783584,-0.0013340750715942556,-0.001329513305810172,-8.203720552105214e-05,0.0
8.431000000000767,0.0,0.003177388566140005,-0.0013189023976604797,-0.0013143926616736791,-8.110442543887855e-05,0.0
8.432000000000766,0.0,0.0031412378269381207,-0.0013039021114425635,-0.0012994438107480166,-8.018223782665576e-05,0.0
8.433000000000765,0.0,0.003105498133925322,-0.0012890722582585223,-0.0012846648051683535,-7.927052270267904e-05,0.0
8.434000000000765,0.0,0.0030701648192326546,-0.0012744109055009623,-0.0012700537190657372,-7.836916143737021e-05,0.0
8.435000000000764,0.0,0.0030352332678669196,-0.001259916142389824,-0.0012556086483207598,-7.747803673821893e-05,0.0
8.436000000000764,0.0,0.00300069891711473,-0.00124558607972785,-0.0012413277103199203,-7.659703263487486e-05,0.0
8.437000000000763,0.0,0.0029665572559532173,-0.001231418849658709,-0.001227209043714664,-7.572603446437057e-05,0.0
8.438000000000763,0.0,0.0029328038244673077,-0.0012174126054278328,-0.00121325080818311,-7.486492885656773e-05,0.0
8.439000000000762,0.0,0.0028994342132735,-0.0012035655211458673,-0.0011994511841943558,-7.40136037196538e-05,0.0
8.440000000000762,0.0,0.002866444062950093,-0.0011898757915547232,-0.0011858083727754308,-7.31719482259572e-05,0.0
8.441000000000761,0.0,0.002833829063473755,-0.0011763416317962377,-0.0011723205952807762,-7.233985279772804e-05,0.0
8.44200000000076,0.0,0.0028015849536623927,-0.001162961277183371,-0.0011589860931643188,-7.151720909326793e-05,0.0
8.44300000000076,0.0,0.0027697075206242587,-0.0011497329829739246,-0.0011458031277540148,-7.070390999306796e-05,0.0
8.44400000000076,0.0,0.0027381925992131856,-0.0011366550241467817,-0.001132769980028906,-6.989984958614097e-05,0.0
8.445000000000759,0.0,0.0027070360714899384,-0.0011237256951805948,-0.0011198849503986415,-6.910492315654026e-05,0.0
8.446000000000758,0.0,0.0026762338661895694,-0.0011109433098349375,-0.0011071463584854339,-6.83190271699745e-05,0.0
8.447000000000758,0.0,0.0026457819581947395,-0.0010983062009338723,-0.0010945525429084109,-6.754205926060768e-05,0.0
8.448000000000757,0.0,0.0026156763680149167,-0.001085812720151918,-0.0010821018610703787,-6.677391821797871e-05,0.0
8.449000000000757,0.0,0.002585913161271414,-0.0010734612378023698,-0.0010697926889469199,-6.601450397406716e-05,0.0
8.450000000000756,0.0,0.0025564884481881845,-0.001061250142627981,-0.001057623420877854,-6.526371759053764e-05,0.0
8.451000000000755,0.0,0.0025273983830883056,-0.001049177841593956,-0.0010455924693609654,-6.452146124605562e-05,0.0
8.452000000000755,0.0,0.0024986391638961154,-0.0010372427596832318,-0.0010336982648480706,-6.378763822382865e-05,0.0
8.453000000000754,0.0,0.002470207031644905,-0.0010254433396940294,-0.0010219392555432816,-6.306215289918692e-05,0.0
8.454000000000754,0.0,0.0024420982699901407,-0.001013778042039665,-0.0010103139072035639,-6.234491072739203e-05,0.0
8.455000000000753,0.0,0.0024143092047281206,-0.0010022453445505616,-0.0009988207029414595,-6.163581823152197e-05,0.0
8.456000000000753,0.0,0.002386836203320035,-0.0009908437422784591,-0.0009874581430300386,-6.093478299050041e-05,0.0
8.457000000000752,0.0,0.002359675674421356,-0.0009795717473028054,-0.0009762247447099664,-6.0241713627285027e-05,0.0
8.458000000000752,0.0,0.0023328240674164984,-0.0009684278885393002,-0.0009651190419987832,-5.9556519797165756e-05,0.0
8.459000000000751,0.0,0.0023062778719586934,-0.0009574107115505419,-0.0009541395855022126,-5.8879112176171526e-05,0.0
8.46000000000075,0.0,0.0022800336175150286,-0.0009465187783588057,-0.000943284942227608,-5.820940244962694e-05,0.0
8.46100000000075,0.0,0.0022540878729165837,-0.000935750667260878,-0.0009325536953995187,-5.754730330086004e-05,0.0
8.46200000000075,0.0,0.002228437245913607,-0.0009251049726449692,-0.0009219444442772044,-5.689272839999674e-05,0.0
8.463000000000749,0.0,0.002203078382735689,-0.0009145803048096376,-0.0009114558039742698,-5.624559239287061e-05,0.0
8.464000000000748,0.0,0.002178007967656863,-0.0009041752897847534,-0.0009010864052802459,-5.560581089010644e-05,0.0
8.465000000000748,0.0,0.0021532227225655887,-0.0008938885691544273,-0.0008908348944841676,-5.4973300456265326e-05,0.0
8.466000000000747,0.0,0.0021287194065395614,-0.0008837187998819362,-0.0008806999332001521,-5.43479785991711e-05,0.0
8.467000000000747,0.0,0.0021044948154252873,-0.0008736646541365682,-0.0008706801981948472,-5.372976375928989e-05,0.0
8.468000000000746,0.0,0.0020805457814223913,-0.0008637248191224201,-0.0008607743812168685,-5.311857529926797e-05,0.0
8.469000000000745,0.0,0.0020568691726725696,-0.0008538979969090864,-0.0008509811888280943,-5.251433349359627e-05,0.0
8.470000000000745,0.0,0.0020334618928531858,-0.0008441829042642353,-0.0008412993422368437,-5.191695951834189e-05,0.0
8.471000000000744,0.0,0.002010320880775407,-0.0008345782724880577,-0.0008317275771329261,-5.1326375441033815e-05,0.0
8.472000000000744,0.0,0.0019874431099868666,-0.0008250828472495499,-0.0008222646435245324,-5.0742504210661934e-05,0.0
8.473000000000743,0.0,0.0019648255883787883,-0.0008156953884246312,-0.0008129093055769035,-5.016526964773938e-05,0.0
8.474000000000743,0.0,0.0019424653577975186,-0.0008064146699360549,-0.0008036603414528465,-4.959459643453395e-05,0.0
8.475000000000742,0.0,0.0019203594936604371,-0.0007972394795951174,-0.0007945165431550144,-4.903041010538301e-05,0.0
8.476000000000742,0.0,0.0018985051045761728,-0.0007881686189451173,-0.0007854767163699099,-4.8472637037101705e-05,0.0
8.477000000000741,0.0,0.0018768993319690907,-0.0007792009031065813,-0.0007765396803136863,-4.7921204439519e-05,0.0
8.47800000000074,0.0,0.0018555393497080035,-0.0007703351606241963,-0.0007677042675796215,-4.737604034610744e-05,0.0
8.47900000000074,0.0,0.0018344223637390578,-0.0007615702333154598,-0.0007589693239873227,-4.683707360473091e-05,0.0
8.48000000000074,0.0,0.0018135456117227477,-0.0007529049761210186,-0.000750333708433589,-4.630423386846094e-05,0.0
8.481000000000739,0.0,0.00179290636267501,-0.0007443382569566841,-0.0007417962927449765,-4.57774515865559e-05,0.0
8.482000000000738,0.0,0.0017725019166123582,-0.0007358689565670915,-0.0007333559615319648,-4.525665799546153e-05,0.0
8.483000000000738,0.0,0.0017523296042010084,-0.000727495968380997,-0.0007250116120447865,-4.474178510998573e-05,0.0
8.484000000000737,0.0,0.0017323867864099528,-0.0007192181983681925,-0.0007167621540308495,-4.4232765714524724e-05,0.0
8.485000000000737,0.0,0.0017126708541679398,-0.0007110345648980216,-0.0007086065095937592,-4.3729533354393664e-05,0.0
8.486000000000736,0.0,0.0016931792280243092,-0.0007029439985994733,-0.0007005436130539234,-4.323202232728486e-05,0.0
8.487000000000736,0.0,0.0016739093578136536,-0.0006949454422228422,-0.0006925724108106928,-4.274016767478068e-05,0.0
8.488000000000735,0.0,0.0016548587223242444,-0.0006870378505029331,-0.0006846918612060691,-4.225390517396678e-05,0.0
8.489000000000734,0.0,0.0016360248289702018,-0.0006792201900238023,-0.0006769009343899177,-4.1773171329174556e-05,0.0
8.490000000000734,0.0,0.0016174052134673481,-0.000671491439085004,-0.0006691986121867029,-4.129790336377954e-05,0.0
8.491000000000733,0.0,0.0015989974395127183,-0.0006638505875693348,-0.0006615838879637043,-4.0828039212100116e-05,0.0
8.492000000000733,0.0,0.0015807990984676753,-0.0006562966368120688,-0.000654055766500705,-4.036351751137522e-05,0.0
8.493000000000732,0.0,0.0015628078090445952,-0.0006488285994716426,-0.0006466132638611571,-3.990427759388229e-05,0.0
8.494000000000732,0.0,0.0015450212169970897,-0.0006414454994017948,-0.0006392554072647737,-3.945025947907696e-05,0.0
8.495000000000731,0.0,0.0015274369948137057,-0.0006341463715251362,-0.0006319812349615288,-3.900140386583841e-05,0.0
8.49600000000073,0.0,0.0015100528414150923,-0.0006269302617081384,-0.0006247897961071262,-3.855765212484047e-05,0.0
8.49700000000073,0.0,0.0014928664818545682,-0.0006197962266375203,-0.0006176801506397958,-3.8118946290968914e-05,0.0
8.49800000000073,0.0,0.0014758756670220712,-0.0006127433336980202,-0.0006106513691585176,-3.768522905582059e-05,0.0
8.499000000000729,0.0,0.0014590781733514406,-0.0006057706608515414,-0.0006037025328025919,-3.7256443760321916e-05,0.0
8.500000000000728,0.0,0.0014424718025310055,-0.0005988772965176412,-0.0005968327331325626,-3.683253438738706e-05,0.0
