t,omega_ref_rpm,omega_rpm,iq_ref,iq,Te,T_L
0.0,0.0,0.0,0.0,0.0,0.0,0.0
0.001,0.0,0.0,0.0,0.0,0.0,0.0
0.002,0.0,0.0,0.0,0.0,0.0,0.0
0.003,0.0,0.0,0.0,0.0,0.0,0.0
0.004,0.0,0.0,0.0,0.0,0.0,0.0
0.005,0.0,0.0,0.0,0.0,0.0,0.0
0.006,0.0,0.0,0.0,0.0,0.0,0.0
0.007,0.0,0.0,0.0,0.0,0.0,0.0
0.008,0.0,0.0,0.0,0.0,0.0,0.0
0.009000000000000001,0.0,0.0,0.0,0.0,0.0,0.0
0.010000000000000002,0.0,0.0,0.0,0.0,0.0,0.0
0.011000000000000003,0.0,0.0,0.0,0.0,0.0,0.0
0.012000000000000004,0.0,0.0,0.0,0.0,0.0,0.0
0.013000000000000005,0.0,0.0,0.0,0.0,0.0,0.0
0.014000000000000005,0.0,0.0,0.0,0.0,0.0,0.0
0.015000000000000006,0.0,0.0,0.0,0.0,0.0,0.0
0.016000000000000007,0.0,0.0,0.0,0.0,0.0,0.0
0.017000000000000008,0.0,0.0,0.0,0.0,0.0,0.0
0.01800000000000001,0.0,0.0,0.0,0.0,0.0,0.0
0.01900000000000001,0.0,0.0,0.0,0.0,0.0,0.0
0.02000000000000001,0.0,0.0,0.0,0.0,0.0,0.0
0.02100000000000001,0.0,0.0,0.0,0.0,0.0,0.0
0.022000000000000013,0.0,0.0,0.0,0.0,0.0,0.0
0.023000000000000013,0.0,0.0,0.0,0.0,0.0,0.0
0.024000000000000014,0.0,0.0,0.0,0.0,0.0,0.0
0.025000000000000015,0.0,0.0,0.0,0.0,0.0,0.0
0.026000000000000016,0.0,0.0,0.0,0.0,0.0,0.0
0.027000000000000017,0.0,0.0,0.0,0.0,0.0,0.0
0.028000000000000018,0.0,0.0,0.0,0.0,0.0,0.0
0.02900000000000002,0.0,0.0,0.0,0.0,0.0,0.0
0.03000000000000002,0.0,0.0,0.0,0.0,0.0,0.0
0.03100000000000002,0.0,0.0,0.0,0.0,0.0,0.0
0.03200000000000002,0.0,0.0,0.0,0.0,0.0,0.0
0.03300000000000002,0.0,0.0,0.0,0.0,0.0,0.0
0.03400000000000002,0.0,0.0,0.0,0.0,0.0,0.0
0.035000000000000024,0.0,0.0,0.0,0.0,0.0,0.0
0.036000000000000025,0.0,0.0,0.0,0.0,0.0,0.0
0.037000000000000026,0.0,0.0,0.0,0.0,0.0,0.0
0.03800000000000003,0.0,0.0,0.0,0.0,0.0,0.0
0.03900000000000003,0.0,0.0,0.0,0.0,0.0,0.0
0.04000000000000003,0.0,0.0,0.0,0.0,0.0,0.0
0.04100000000000003,0.0,0.0,0.0,0.0,0.0,0.0
0.04200000000000003,0.0,0.0,0.0,0.0,0.0,0.0
0.04300000000000003,0.0,0.0,0.0,0.0,0.0,0.0
0.04400000000000003,0.0,0.0,0.0,0.0,0.0,0.0
0.04500000000000003,0.0,0.0,0.0,0.0,0.0,0.0
0.046000000000000034,0.0,0.0,0.0,0.0,0.0,0.0
0.047000000000000035,0.0,0.0,0.0,0.0,0.0,0.0
0.048000000000000036,0.0,0.0,0.0,0.0,0.0,0.0
0.04900000000000004,0.0,0.0,0.0,0.0,0.0,0.0
0.05000000000000004,0.0,0.0,0.0,0.0,0.0,0.0
0.05100000000000004,0.0,0.0,0.0,0.0,0.0,0.0
0.05200000000000004,0.0,0.0,0.0,0.0,0.0,0.0
0.05300000000000004,0.0,0.0,0.0,0.0,0.0,0.0
0.05400000000000004,0.0,0.0,0.0,0.0,0.0,0.0
0.05500000000000004,0.0,0.0,0.0,0.0,0.0,0.0
0.05600000000000004,0.0,0.0,0.0,0.0,0.0,0.0
0.057000000000000044,0.0,0.0,0.0,0.0,0.0,0.0
0.058000000000000045,0.0,0.0,0.0,0.0,0.0,0.0
0.059000000000000045,0.0,0.0,0.0,0.0,0.0,0.0
0.060000000000000046,0.0,0.0,0.0,0.0,0.0,0.0
0.06100000000000005,0.0,0.0,0.0,0.0,0.0,0.0
0.06200000000000005,0.0,0.0,0.0,0.0,0.0,0.0
0.06300000000000004,0.0,0.0,0.0,0.0,0.0,0.0
0.06400000000000004,0.0,0.0,0.0,0.0,0.0,0.0
0.06500000000000004,0.0,0.0,0.0,0.0,0.0,0.0
0.06600000000000004,0.0,0.0,0.0,0.0,0.0,0.0
0.06700000000000005,0.0,0.0,0.0,0.0,0.0,0.0
0.06800000000000005,0.0,0.0,0.0,0.0,0.0,0.0
0.06900000000000005,0.0,0.0,0.0,0.0,0.0,0.0
0.07000000000000005,0.0,0.0,0.0,0.0,0.0,0.0
0.07100000000000005,0.0,0.0,0.0,0.0,0.0,0.0
0.07200000000000005,0.0,0.0,0.0,0.0,0.0,0.0
0.07300000000000005,0.0,0.0,0.0,0.0,0.0,0.0
0.07400000000000005,0.0,0.0,0.0,0.0,0.0,0.0
0.07500000000000005,0.0,0.0,0.0,0.0,0.0,0.0
0.07600000000000005,0.0,0.0,0.0,0.0,0.0,0.0
0.07700000000000005,0.0,0.0,0.0,0.0,0.0,0.0
0.07800000000000006,0.0,0.0,0.0,0.0,0.0,0.0
0.07900000000000006,0.0,0.0,0.0,0.0,0.0,0.0
0.08000000000000006,0.0,0.0,0.0,0.0,0.0,0.0
0.08100000000000006,0.0,0.0,0.0,0.0,0.0,0.0
0.08200000000000006,0.0,0.0,0.0,0.0,0.0,0.0
0.08300000000000006,0.0,0.0,0.0,0.0,0.0,0.0
0.08400000000000006,0.0,0.0,0.0,0.0,0.0,0.0
0.08500000000000006,0.0,0.0,0.0,0.0,0.0,0.0
0.08600000000000006,0.0,0.0,0.0,0.0,0.0,0.0
0.08700000000000006,0.0,0.0,0.0,0.0,0.0,0.0
0.08800000000000006,0.0,0.0,0.0,0.0,0.0,0.0
0.08900000000000007,0.0,0.0,0.0,0.0,0.0,0.0
0.09000000000000007,0.0,0.0,0.0,0.0,0.0,0.0
0.09100000000000007,0.0,0.0,0.0,0.0,0.0,0.0
0.09200000000000007,0.0,0.0,0.0,0.0,0.0,0.0
0.09300000000000007,0.0,0.0,0.0,0.0,0.0,0.0
0.09400000000000007,0.0,0.0,0.0,0.0,0.0,0.0
0.09500000000000007,0.0,0.0,0.0,0.0,0.0,0.0
0.09600000000000007,0.0,0.0,0.0,0.0,0.0,0.0
0.09700000000000007,0.0,0.0,0.0,0.0,0.0,0.0
0.09800000000000007,0.0,0.0,0.0,0.0,0.0,0.0
0.09900000000000007,0.0,0.0,0.0,0.0,0.0,0.0
0.10000000000000007,0.0,0.0,0.0,0.0,0.0,0.0
0.10100000000000008,0.0,0.0,0.0,0.0,0.0,0.0
0.10200000000000008,0.0,0.0,0.0,0.0,0.0,0.0
0.10300000000000008,0.0,0.0,0.0,0.0,0.0,0.0
0.10400000000000008,0.0,0.0,0.0,0.0,0.0,0.0
0.10500000000000008,0.0,0.0,0.0,0.0,0.0,0.0
0.10600000000000008,0.0,0.0,0.0,0.0,0.0,0.0
0.10700000000000008,0.0,0.0,0.0,0.0,0.0,0.0
0.10800000000000008,0.0,0.0,0.0,0.0,0.0,0.0
0.10900000000000008,0.0,0.0,0.0,0.0,0.0,0.0
0.11000000000000008,0.0,0.0,0.0,0.0,0.0,0.0
0.11100000000000008,0.0,0.0,0.0,0.0,0.0,0.0
0.11200000000000009,0.0,0.0,0.0,0.0,0.0,0.0
0.11300000000000009,0.0,0.0,0.0,0.0,0.0,0.0
0.11400000000000009,0.0,0.0,0.0,0.0,0.0,0.0
0.11500000000000009,0.0,0.0,0.0,0.0,0.0,0.0
0.11600000000000009,0.0,0.0,0.0,0.0,0.0,0.0
0.11700000000000009,0.0,0.0,0.0,0.0,0.0,0.0
0.11800000000000009,0.0,0.0,0.0,0.0,0.0,0.0
0.11900000000000009,0.0,0.0,0.0,0.0,0.0,0.0
0.12000000000000009,0.0,0.0,0.0,0.0,0.0,0.0
0.1210000000000001,0.0,0.0,0.0,0.0,0.0,0.0
0.1220000000000001,0.0,0.0,0.0,0.0,0.0,0.0
0.1230000000000001,0.0,0.0,0.0,0.0,0.0,0.0
0.1240000000000001,0.0,0.0,0.0,0.0,0.0,0.0
0.12500000000000008,0.0,0.0,0.0,0.0,0.0,0.0
0.12600000000000008,0.0,0.0,0.0,0.0,0.0,0.0
0.12700000000000009,0.0,0.0,0.0,0.0,0.0,0.0
0.12800000000000009,0.0,0.0,0.0,0.0,0.0,0.0
0.1290000000000001,0.0,0.0,0.0,0.0,0.0,0.0
0.1300000000000001,0.0,0.0,0.0,0.0,0.0,0.0
0.1310000000000001,0.0,0.0,0.0,0.0,0.0,0.0
0.1320000000000001,0.0,0.0,0.0,0.0,0.0,0.0
0.1330000000000001,0.0,0.0,0.0,0.0,0.0,0.0
0.1340000000000001,0.0,0.0,0.0,0.0,0.0,0.0
0.1350000000000001,0.0,0.0,0.0,0.0,0.0,0.0
0.1360000000000001,0.0,0.0,0.0,0.0,0.0,0.0
0.1370000000000001,0.0,0.0,0.0,0.0,0.0,0.0
0.1380000000000001,0.0,0.0,0.0,0.0,0.0,0.0
0.1390000000000001,0.0,0.0,0.0,0.0,0.0,0.0
0.1400000000000001,0.0,0.0,0.0,0.0,0.0,0.0
0.1410000000000001,0.0,0.0,0.0,0.0,0.0,0.0
0.1420000000000001,0.0,0.0,0.0,0.0,0.0,0.0
0.1430000000000001,0.0,0.0,0.0,0.0,0.0,0.0
0.1440000000000001,0.0,0.0,0.0,0.0,0.0,0.0
0.1450000000000001,0.0,0.0,0.0,0.0,0.0,0.0
0.1460000000000001,0.0,0.0,0.0,0.0,0.0,0.0
0.1470000000000001,0.0,0.0,0.0,0.0,0.0,0.0
0.1480000000000001,0.0,0.0,0.0,0.0,0.0,0.0
0.1490000000000001,0.0,0.0,0.0,0.0,0.0,0.0
0.1500000000000001,0.0,0.0,0.0,0.0,0.0,0.0
0.1510000000000001,0.0,0.0,0.0,0.0,0.0,0.0
0.1520000000000001,0.0,0.0,0.0,0.0,0.0,0.0
0.1530000000000001,0.0,0.0,0.0,0.0,0.0,0.0
0.1540000000000001,0.0,0.0,0.0,0.0,0.0,0.0
0.1550000000000001,0.0,0.0,0.0,0.0,0.0,0.0
0.1560000000000001,0.0,0.0,0.0,0.0,0.0,0.0
0.1570000000000001,0.0,0.0,0.0,0.0,0.0,0.0
0.1580000000000001,0.0,0.0,0.0,0.0,0.0,0.0
0.1590000000000001,0.0,0.0,0.0,0.0,0.0,0.0
0.16000000000000011,0.0,0.0,0.0,0.0,0.0,0.0
0.16100000000000012,0.0,0.0,0.0,0.0,0.0,0.0
0.16200000000000012,0.0,0.0,0.0,0.0,0.0,0.0
0.16300000000000012,0.0,0.0,0.0,0.0,0.0,0.0
0.16400000000000012,0.0,0.0,0.0,0.0,0.0,0.0
0.16500000000000012,0.0,0.0,0.0,0.0,0.0,0.0
0.16600000000000012,0.0,0.0,0.0,0.0,0.0,0.0
0.16700000000000012,0.0,0.0,0.0,0.0,0.0,0.0
0.16800000000000012,0.0,0.0,0.0,0.0,0.0,0.0
0.16900000000000012,0.0,0.0,0.0,0.0,0.0,0.0
0.17000000000000012,0.0,0.0,0.0,0.0,0.0,0.0
0.17100000000000012,0.0,0.0,0.0,0.0,0.0,0.0
0.17200000000000013,0.0,0.0,0.0,0.0,0.0,0.0
0.17300000000000013,0.0,0.0,0.0,0.0,0.0,0.0
0.17400000000000013,0.0,0.0,0.0,0.0,0.0,0.0
0.17500000000000013,0.0,0.0,0.0,0.0,0.0,0.0
0.17600000000000013,0.0,0.0,0.0,0.0,0.0,0.0
0.17700000000000013,0.0,0.0,0.0,0.0,0.0,0.0
0.17800000000000013,0.0,0.0,0.0,0.0,0.0,0.0
0.17900000000000013,0.0,0.0,0.0,0.0,0.0,0.0
0.18000000000000013,0.0,0.0,0.0,0.0,0.0,0.0
0.18100000000000013,0.0,0.0,0.0,0.0,0.0,0.0
0.18200000000000013,0.0,0.0,0.0,0.0,0.0,0.0
0.18300000000000013,0.0,0.0,0.0,0.0,0.0,0.0
0.18400000000000014,0.0,0.0,0.0,0.0,0.0,0.0
0.18500000000000014,0.0,0.0,0.0,0.0,0.0,0.0
0.18600000000000014,0.0,0.0,0.0,0.0,0.0,0.0
0.18700000000000014,0.0,0.0,0.0,0.0,0.0,0.0
0.18800000000000014,0.0,0.0,0.0,0.0,0.0,0.0
0.18900000000000014,0.0,0.0,0.0,0.0,0.0,0.0
0.19000000000000014,0.0,0.0,0.0,0.0,0.0,0.0
0.19100000000000014,0.0,0.0,0.0,0.0,0.0,0.0
0.19200000000000014,0.0,0.0,0.0,0.0,0.0,0.0
0.19300000000000014,0.0,0.0,0.0,0.0,0.0,0.0
0.19400000000000014,0.0,0.0,0.0,0.0,0.0,0.0
0.19500000000000015,0.0,0.0,0.0,0.0,0.0,0.0
0.19600000000000015,0.0,0.0,0.0,0.0,0.0,0.0
0.19700000000000015,0.0,0.0,0.0,0.0,0.0,0.0
0.19800000000000015,0.0,0.0,0.0,0.0,0.0,0.0
0.19900000000000015,0.0,0.0,0.0,0.0,0.0,0.0
0.20000000000000015,0.0,0.0,0.0,0.0,0.0,0.0
0.20100000000000015,0.0,0.0,0.0,0.0,0.0,0.0
0.20200000000000015,0.0,0.0,0.0,0.0,0.0,0.0
0.20300000000000015,0.0,0.0,0.0,0.0,0.0,0.0
0.20400000000000015,0.0,0.0,0.0,0.0,0.0,0.0
0.20500000000000015,0.0,0.0,0.0,0.0,0.0,0.0
0.20600000000000016,0.0,0.0,0.0,0.0,0.0,0.0
0.20700000000000016,0.0,0.0,0.0,0.0,0.0,0.0
0.20800000000000016,0.0,0.0,0.0,0.0,0.0,0.0
0.20900000000000016,0.0,0.0,0.0,0.0,0.0,0.0
0.21000000000000016,0.0,0.0,0.0,0.0,0.0,0.0
0.21100000000000016,0.0,0.0,0.0,0.0,0.0,0.0
0.21200000000000016,0.0,0.0,0.0,0.0,0.0,0.0
0.21300000000000016,0.0,0.0,0.0,0.0,0.0,0.0
0.21400000000000016,0.0,0.0,0.0,0.0,0.0,0.0
0.21500000000000016,0.0,0.0,0.0,0.0,0.0,0.0
0.21600000000000016,0.0,0.0,0.0,0.0,0.0,0.0
0.21700000000000016,0.0,0.0,0.0,0.0,0.0,0.0
0.21800000000000017,0.0,0.0,0.0,0.0,0.0,0.0
0.21900000000000017,0.0,0.0,0.0,0.0,0.0,0.0
0.22000000000000017,0.0,0.0,0.0,0.0,0.0,0.0
0.22100000000000017,0.0,0.0,0.0,0.0,0.0,0.0
0.22200000000000017,0.0,0.0,0.0,0.0,0.0,0.0
0.22300000000000017,0.0,0.0,0.0,0.0,0.0,0.0
0.22400000000000017,0.0,0.0,0.0,0.0,0.0,0.0
0.22500000000000017,0.0,0.0,0.0,0.0,0.0,0.0
0.22600000000000017,0.0,0.0,0.0,0.0,0.0,0.0
0.22700000000000017,0.0,0.0,0.0,0.0,0.0,0.0
0.22800000000000017,0.0,0.0,0.0,0.0,0.0,0.0
0.22900000000000018,0.0,0.0,0.0,0.0,0.0,0.0
0.23000000000000018,0.0,0.0,0.0,0.0,0.0,0.0
0.23100000000000018,0.0,0.0,0.0,0.0,0.0,0.0
0.23200000000000018,0.0,0.0,0.0,0.0,0.0,0.0
0.23300000000000018,0.0,0.0,0.0,0.0,0.0,0.0
0.23400000000000018,0.0,0.0,0.0,0.0,0.0,0.0
0.23500000000000018,0.0,0.0,0.0,0.0,0.0,0.0
0.23600000000000018,0.0,0.0,0.0,0.0,0.0,0.0
0.23700000000000018,0.0,0.0,0.0,0.0,0.0,0.0
0.23800000000000018,0.0,0.0,0.0,0.0,0.0,0.0
0.23900000000000018,0.0,0.0,0.0,0.0,0.0,0.0
0.24000000000000019,0.0,0.0,0.0,0.0,0.0,0.0
0.2410000000000002,0.0,0.0,0.0,0.0,0.0,0.0
0.2420000000000002,0.0,0.0,0.0,0.0,0.0,0.0
0.2430000000000002,0.0,0.0,0.0,0.0,0.0,0.0
0.2440000000000002,0.0,0.0,0.0,0.0,0.0,0.0
0.2450000000000002,0.0,0.0,0.0,0.0,0.0,0.0
0.2460000000000002,0.0,0.0,0.0,0.0,0.0,0.0
0.2470000000000002,0.0,0.0,0.0,0.0,0.0,0.0
0.2480000000000002,0.0,0.0,0.0,0.0,0.0,0.0
0.2490000000000002,0.0,0.0,0.0,0.0,0.0,0.0
0.25000000000000017,0.0,0.0,0.0,0.0,0.0,0.0
0.25100000000000017,0.0,0.0,0.0,0.0,0.0,0.0
0.25200000000000017,0.0,0.0,0.0,0.0,0.0,0.0
0.25300000000000017,0.0,0.0,0.0,0.0,0.0,0.0
0.25400000000000017,0.0,0.0,0.0,0.0,0.0,0.0
0.25500000000000017,0.0,0.0,0.0,0.0,0.0,0.0
0.25600000000000017,0.0,0.0,0.0,0.0,0.0,0.0
0.2570000000000002,0.0,0.0,0.0,0.0,0.0,0.0
0.2580000000000002,0.0,0.0,0.0,0.0,0.0,0.0
0.2590000000000002,0.0,0.0,0.0,0.0,0.0,0.0
0.2600000000000002,0.0,0.0,0.0,0.0,0.0,0.0
0.2610000000000002,0.0,0.0,0.0,0.0,0.0,0.0
0.2620000000000002,0.0,0.0,0.0,0.0,0.0,0.0
0.2630000000000002,0.0,0.0,0.0,0.0,0.0,0.0
0.2640000000000002,0.0,0.0,0.0,0.0,0.0,0.0
0.2650000000000002,0.0,0.0,0.0,0.0,0.0,0.0
0.2660000000000002,0.0,0.0,0.0,0.0,0.0,0.0
0.2670000000000002,0.0,0.0,0.0,0.0,0.0,0.0
0.2680000000000002,0.0,0.0,0.0,0.0,0.0,0.0
0.2690000000000002,0.0,0.0,0.0,0.0,0.0,0.0
0.2700000000000002,0.0,0.0,0.0,0.0,0.0,0.0
0.2710000000000002,0.0,0.0,0.0,0.0,0.0,0.0
0.2720000000000002,0.0,0.0,0.0,0.0,0.0,0.0
0.2730000000000002,0.0,0.0,0.0,0.0,0.0,0.0
0.2740000000000002,0.0,0.0,0.0,0.0,0.0,0.0
0.2750000000000002,0.0,0.0,0.0,0.0,0.0,0.0
0.2760000000000002,0.0,0.0,0.0,0.0,0.0,0.0
0.2770000000000002,0.0,0.0,0.0,0.0,0.0,0.0
0.2780000000000002,0.0,0.0,0.0,0.0,0.0,0.0
0.2790000000000002,0.0,0.0,0.0,0.0,0.0,0.0
0.2800000000000002,0.0,0.0,0.0,0.0,0.0,0.0
0.2810000000000002,0.0,0.0,0.0,0.0,0.0,0.0
0.2820000000000002,0.0,0.0,0.0,0.0,0.0,0.0
0.2830000000000002,0.0,0.0,0.0,0.0,0.0,0.0
0.2840000000000002,0.0,0.0,0.0,0.0,0.0,0.0
0.2850000000000002,0.0,0.0,0.0,0.0,0.0,0.0
0.2860000000000002,0.0,0.0,0.0,0.0,0.0,0.0
0.2870000000000002,0.0,0.0,0.0,0.0,0.0,0.0
0.2880000000000002,0.0,0.0,0.0,0.0,0.0,0.0
0.2890000000000002,0.0,0.0,0.0,0.0,0.0,0.0
0.2900000000000002,0.0,0.0,0.0,0.0,0.0,0.0
0.2910000000000002,0.0,0.0,0.0,0.0,0.0,0.0
0.2920000000000002,0.0,0.0,0.0,0.0,0.0,0.0
0.2930000000000002,0.0,0.0,0.0,0.0,0.0,0.0
0.2940000000000002,0.0,0.0,0.0,0.0,0.0,0.0
0.2950000000000002,0.0,0.0,0.0,0.0,0.0,0.0
0.2960000000000002,0.0,0.0,0.0,0.0,0.0,0.0
0.2970000000000002,0.0,0.0,0.0,0.0,0.0,0.0
0.2980000000000002,0.0,0.0,0.0,0.0,0.0,0.0
0.2990000000000002,0.0,0.0,0.0,0.0,0.0,0.0
0.3000000000000002,0.0,0.0,0.0,0.0,0.0,0.0
0.3010000000000002,0.0,0.0,0.0,0.0,0.0,0.0
0.3020000000000002,0.0,0.0,0.0,0.0,0.0,0.0
0.3030000000000002,0.0,0.0,0.0,0.0,0.0,0.0
0.3040000000000002,0.0,0.0,0.0,0.0,0.0,0.0
0.3050000000000002,0.0,0.0,0.0,0.0,0.0,0.0
0.3060000000000002,0.0,0.0,0.0,0.0,0.0,0.0
0.3070000000000002,0.0,0.0,0.0,0.0,0.0,0.0
0.3080000000000002,0.0,0.0,0.0,0.0,0.0,0.0
0.3090000000000002,0.0,0.0,0.0,0.0,0.0,0.0
0.3100000000000002,0.0,0.0,0.0,0.0,0.0,0.0
0.3110000000000002,0.0,0.0,0.0,0.0,0.0,0.0
0.3120000000000002,0.0,0.0,0.0,0.0,0.0,0.0
0.3130000000000002,0.0,0.0,0.0,0.0,0.0,0.0
0.3140000000000002,0.0,0.0,0.0,0.0,0.0,0.0
0.3150000000000002,0.0,0.0,0.0,0.0,0.0,0.0
0.3160000000000002,0.0,0.0,0.0,0.0,0.0,0.0
0.3170000000000002,0.0,0.0,0.0,0.0,0.0,0.0
0.3180000000000002,0.0,0.0,0.0,0.0,0.0,0.0
0.31900000000000023,0.0,0.0,0.0,0.0,0.0,0.0
0.32000000000000023,0.0,0.0,0.0,0.0,0.0,0.0
0.32100000000000023,0.0,0.0,0.0,0.0,0.0,0.0
0.32200000000000023,0.0,0.0,0.0,0.0,0.0,0.0
0.32300000000000023,0.0,0.0,0.0,0.0,0.0,0.0
0.32400000000000023,0.0,0.0,0.0,0.0,0.0,0.0
0.32500000000000023,0.0,0.0,0.0,0.0,0.0,0.0
0.32600000000000023,0.0,0.0,0.0,0.0,0.0,0.0
0.32700000000000023,0.0,0.0,0.0,0.0,0.0,0.0
0.32800000000000024,0.0,0.0,0.0,0.0,0.0,0.0
0.32900000000000024,0.0,0.0,0.0,0.0,0.0,0.0
0.33000000000000024,0.0,0.0,0.0,0.0,0.0,0.0
0.33100000000000024,0.0,0.0,0.0,0.0,0.0,0.0
0.33200000000000024,0.0,0.0,0.0,0.0,0.0,0.0
0.33300000000000024,0.0,0.0,0.0,0.0,0.0,0.0
0.33400000000000024,0.0,0.0,0.0,0.0,0.0,0.0
0.33500000000000024,0.0,0.0,0.0,0.0,0.0,0.0
0.33600000000000024,0.0,0.0,0.0,0.0,0.0,0.0
0.33700000000000024,0.0,0.0,0.0,0.0,0.0,0.0
0.33800000000000024,0.0,0.0,0.0,0.0,0.0,0.0
0.33900000000000025,0.0,0.0,0.0,0.0,0.0,0.0
0.34000000000000025,0.0,0.0,0.0,0.0,0.0,0.0
0.34100000000000025,0.0,0.0,0.0,0.0,0.0,0.0
0.34200000000000025,0.0,0.0,0.0,0.0,0.0,0.0
0.34300000000000025,0.0,0.0,0.0,0.0,0.0,0.0
0.34400000000000025,0.0,0.0,0.0,0.0,0.0,0.0
0.34500000000000025,0.0,0.0,0.0,0.0,0.0,0.0
0.34600000000000025,0.0,0.0,0.0,0.0,0.0,0.0
0.34700000000000025,0.0,0.0,0.0,0.0,0.0,0.0
0.34800000000000025,0.0,0.0,0.0,0.0,0.0,0.0
0.34900000000000025,0.0,0.0,0.0,0.0,0.0,0.0
0.35000000000000026,0.0,0.0,0.0,0.0,0.0,0.0
0.35100000000000026,0.0,0.0,0.0,0.0,0.0,0.0
0.35200000000000026,0.0,0.0,0.0,0.0,0.0,0.0
0.35300000000000026,0.0,0.0,0.0,0.0,0.0,0.0
0.35400000000000026,0.0,0.0,0.0,0.0,0.0,0.0
0.35500000000000026,0.0,0.0,0.0,0.0,0.0,0.0
0.35600000000000026,0.0,0.0,0.0,0.0,0.0,0.0
0.35700000000000026,0.0,0.0,0.0,0.0,0.0,0.0
0.35800000000000026,0.0,0.0,0.0,0.0,0.0,0.0
0.35900000000000026,0.0,0.0,0.0,0.0,0.0,0.0
0.36000000000000026,0.0,0.0,0.0,0.0,0.0,0.0
0.36100000000000027,0.0,0.0,0.0,0.0,0.0,0.0
0.36200000000000027,0.0,0.0,0.0,0.0,0.0,0.0
0.36300000000000027,0.0,0.0,0.0,0.0,0.0,0.0
0.36400000000000027,0.0,0.0,0.0,0.0,0.0,0.0
0.36500000000000027,0.0,0.0,0.0,0.0,0.0,0.0
0.36600000000000027,0.0,0.0,0.0,0.0,0.0,0.0
0.36700000000000027,0.0,0.0,0.0,0.0,0.0,0.0
0.36800000000000027,0.0,0.0,0.0,0.0,0.0,0.0
0.36900000000000027,0.0,0.0,0.0,0.0,0.0,0.0
0.3700000000000003,0.0,0.0,0.0,0.0,0.0,0.0
0.3710000000000003,0.0,0.0,0.0,0.0,0.0,0.0
0.3720000000000003,0.0,0.0,0.0,0.0,0.0,0.0
0.3730000000000003,0.0,0.0,0.0,0.0,0.0,0.0
0.3740000000000003,0.0,0.0,0.0,0.0,0.0,0.0
0.3750000000000003,0.0,0.0,0.0,0.0,0.0,0.0
0.3760000000000003,0.0,0.0,0.0,0.0,0.0,0.0
0.3770000000000003,0.0,0.0,0.0,0.0,0.0,0.0
0.3780000000000003,0.0,0.0,0.0,0.0,0.0,0.0
0.3790000000000003,0.0,0.0,0.0,0.0,0.0,0.0
0.3800000000000003,0.0,0.0,0.0,0.0,0.0,0.0
0.3810000000000003,0.0,0.0,0.0,0.0,0.0,0.0
0.3820000000000003,0.0,0.0,0.0,0.0,0.0,0.0
0.3830000000000003,0.0,0.0,0.0,0.0,0.0,0.0
0.3840000000000003,0.0,0.0,0.0,0.0,0.0,0.0
0.3850000000000003,0.0,0.0,0.0,0.0,0.0,0.0
0.3860000000000003,0.0,0.0,0.0,0.0,0.0,0.0
0.3870000000000003,0.0,0.0,0.0,0.0,0.0,0.0
0.3880000000000003,0.0,0.0,0.0,0.0,0.0,0.0
0.3890000000000003,0.0,0.0,0.0,0.0,0.0,0.0
0.3900000000000003,0.0,0.0,0.0,0.0,0.0,0.0
0.3910000000000003,0.0,0.0,0.0,0.0,0.0,0.0
0.3920000000000003,0.0,0.0,0.0,0.0,0.0,0.0
0.3930000000000003,0.0,0.0,0.0,0.0,0.0,0.0
0.3940000000000003,0.0,0.0,0.0,0.0,0.0,0.0
0.3950000000000003,0.0,0.0,0.0,0.0,0.0,0.0
0.3960000000000003,0.0,0.0,0.0,0.0,0.0,0.0
0.3970000000000003,0.0,0.0,0.0,0.0,0.0,0.0
0.3980000000000003,0.0,0.0,0.0,0.0,0.0,0.0
0.3990000000000003,0.0,0.0,0.0,0.0,0.0,0.0
0.4000000000000003,0.0,0.0,0.0,0.0,0.0,0.0
0.4010000000000003,0.0,0.0,0.0,0.0,0.0,0.0
0.4020000000000003,0.0,0.0,0.0,0.0,0.0,0.0
0.4030000000000003,0.0,0.0,0.0,0.0,0.0,0.0
0.4040000000000003,0.0,0.0,0.0,0.0,0.0,0.0
0.4050000000000003,0.0,0.0,0.0,0.0,0.0,0.0
0.4060000000000003,0.0,0.0,0.0,0.0,0.0,0.0
0.4070000000000003,0.0,0.0,0.0,0.0,0.0,0.0
0.4080000000000003,0.0,0.0,0.0,0.0,0.0,0.0
0.4090000000000003,0.0,0.0,0.0,0.0,0.0,0.0
0.4100000000000003,0.0,0.0,0.0,0.0,0.0,0.0
0.4110000000000003,0.0,0.0,0.0,0.0,0.0,0.0
0.4120000000000003,0.0,0.0,0.0,0.0,0.0,0.0
0.4130000000000003,0.0,0.0,0.0,0.0,0.0,0.0
0.4140000000000003,0.0,0.0,0.0,0.0,0.0,0.0
0.4150000000000003,0.0,0.0,0.0,0.0,0.0,0.0
0.4160000000000003,0.0,0.0,0.0,0.0,0.0,0.0
0.4170000000000003,0.0,0.0,0.0,0.0,0.0,0.0
0.4180000000000003,0.0,0.0,0.0,0.0,0.0,0.0
0.4190000000000003,0.0,0.0,0.0,0.0,0.0,0.0
0.4200000000000003,0.0,0.0,0.0,0.0,0.0,0.0
0.4210000000000003,0.0,0.0,0.0,0.0,0.0,0.0
0.4220000000000003,0.0,0.0,0.0,0.0,0.0,0.0
0.4230000000000003,0.0,0.0,0.0,0.0,0.0,0.0
0.4240000000000003,0.0,0.0,0.0,0.0,0.0,0.0
0.4250000000000003,0.0,0.0,0.0,0.0,0.0,0.0
0.4260000000000003,0.0,0.0,0.0,0.0,0.0,0.0
0.4270000000000003,0.0,0.0,0.0,0.0,0.0,0.0
0.4280000000000003,0.0,0.0,0.0,0.0,0.0,0.0
0.4290000000000003,0.0,0.0,0.0,0.0,0.0,0.0
0.4300000000000003,0.0,0.0,0.0,0.0,0.0,0.0
0.4310000000000003,0.0,0.0,0.0,0.0,0.0,0.0
0.43200000000000033,0.0,0.0,0.0,0.0,0.0,0.0
0.43300000000000033,0.0,0.0,0.0,0.0,0.0,0.0
0.43400000000000033,0.0,0.0,0.0,0.0,0.0,0.0
0.43500000000000033,0.0,0.0,0.0,0.0,0.0,0.0
0.43600000000000033,0.0,0.0,0.0,0.0,0.0,0.0
0.43700000000000033,0.0,0.0,0.0,0.0,0.0,0.0
0.43800000000000033,0.0,0.0,0.0,0.0,0.0,0.0
0.43900000000000033,0.0,0.0,0.0,0.0,0.0,0.0
0.44000000000000034,0.0,0.0,0.0,0.0,0.0,0.0
0.44100000000000034,0.0,0.0,0.0,0.0,0.0,0.0
0.44200000000000034,0.0,0.0,0.0,0.0,0.0,0.0
0.44300000000000034,0.0,0.0,0.0,0.0,0.0,0.0
0.44400000000000034,0.0,0.0,0.0,0.0,0.0,0.0
0.44500000000000034,0.0,0.0,0.0,0.0,0.0,0.0
0.44600000000000034,0.0,0.0,0.0,0.0,0.0,0.0
0.44700000000000034,0.0,0.0,0.0,0.0,0.0,0.0
0.44800000000000034,0.0,0.0,0.0,0.0,0.0,0.0
0.44900000000000034,0.0,0.0,0.0,0.0,0.0,0.0
0.45000000000000034,0.0,0.0,0.0,0.0,0.0,0.0
0.45100000000000035,0.0,0.0,0.0,0.0,0.0,0.0
0.45200000000000035,0.0,0.0,0.0,0.0,0.0,0.0
0.45300000000000035,0.0,0.0,0.0,0.0,0.0,0.0
0.45400000000000035,0.0,0.0,0.0,0.0,0.0,0.0
0.45500000000000035,0.0,0.0,0.0,0.0,0.0,0.0
0.45600000000000035,0.0,0.0,0.0,0.0,0.0,0.0
0.45700000000000035,0.0,0.0,0.0,0.0,0.0,0.0
0.45800000000000035,0.0,0.0,0.0,0.0,0.0,0.0
0.45900000000000035,0.0,0.0,0.0,0.0,0.0,0.0
0.46000000000000035,0.0,0.0,0.0,0.0,0.0,0.0
0.46100000000000035,0.0,0.0,0.0,0.0,0.0,0.0
0.46200000000000035,0.0,0.0,0.0,0.0,0.0,0.0
0.46300000000000036,0.0,0.0,0.0,0.0,0.0,0.0
0.46400000000000036,0.0,0.0,0.0,0.0,0.0,0.0
0.46500000000000036,0.0,0.0,0.0,0.0,0.0,0.0
0.46600000000000036,0.0,0.0,0.0,0.0,0.0,0.0
0.46700000000000036,0.0,0.0,0.0,0.0,0.0,0.0
0.46800000000000036,0.0,0.0,0.0,0.0,0.0,0.0
0.46900000000000036,0.0,0.0,0.0,0.0,0.0,0.0
0.47000000000000036,0.0,0.0,0.0,0.0,0.0,0.0
0.47100000000000036,0.0,0.0,0.0,0.0,0.0,0.0
0.47200000000000036,0.0,0.0,0.0,0.0,0.0,0.0
0.47300000000000036,0.0,0.0,0.0,0.0,0.0,0.0
0.47400000000000037,0.0,0.0,0.0,0.0,0.0,0.0
0.47500000000000037,0.0,0.0,0.0,0.0,0.0,0.0
0.47600000000000037,0.0,0.0,0.0,0.0,0.0,0.0
0.47700000000000037,0.0,0.0,0.0,0.0,0.0,0.0
0.47800000000000037,0.0,0.0,0.0,0.0,0.0,0.0
0.47900000000000037,0.0,0.0,0.0,0.0,0.0,0.0
0.48000000000000037,0.0,0.0,0.0,0.0,0.0,0.0
0.48100000000000037,0.0,0.0,0.0,0.0,0.0,0.0
0.4820000000000004,0.0,0.0,0.0,0.0,0.0,0.0
0.4830000000000004,0.0,0.0,0.0,0.0,0.0,0.0
0.4840000000000004,0.0,0.0,0.0,0.0,0.0,0.0
0.4850000000000004,0.0,0.0,0.0,0.0,0.0,0.0
0.4860000000000004,0.0,0.0,0.0,0.0,0.0,0.0
0.4870000000000004,0.0,0.0,0.0,0.0,0.0,0.0
0.4880000000000004,0.0,0.0,0.0,0.0,0.0,0.0
0.4890000000000004,0.0,0.0,0.0,0.0,0.0,0.0
0.4900000000000004,0.0,0.0,0.0,0.0,0.0,0.0
0.4910000000000004,0.0,0.0,0.0,0.0,0.0,0.0
0.4920000000000004,0.0,0.0,0.0,0.0,0.0,0.0
0.4930000000000004,0.0,0.0,0.0,0.0,0.0,0.0
0.4940000000000004,0.0,0.0,0.0,0.0,0.0,0.0
0.4950000000000004,0.0,0.0,0.0,0.0,0.0,0.0
0.4960000000000004,0.0,0.0,0.0,0.0,0.0,0.0
0.4970000000000004,0.0,0.0,0.0,0.0,0.0,0.0
0.4980000000000004,0.0,0.0,0.0,0.0,0.0,0.0
0.4990000000000004,0.0,0.0,0.0,0.0,0.0,0.0
0.5000000000000003,300.0,7.837758873393957,20.0,19.65903667081952,19.789370513900977,0.0
0.5010000000000003,300.0,17.29457214807955,20.0,19.678208914248568,19.811113510917714,0.0
0.5020000000000003,300.0,26.753002217316496,20.0,19.677210825380048,19.81258841101062,0.0
0.5030000000000003,300.0,36.21168672660903,20.0,19.67628138621959,19.81417027436161,0.0
0.5040000000000003,300.0,45.6706811889193,20.0,19.675428805757527,19.815866090354078,0.0
0.5050000000000003,300.0,55.13003785923357,20.0,19.67464555872102,19.81766703265752,0.0
0.5060000000000003,300.0,64.58980495563404,20.0,19.673924835191645,19.819565025467412,0.0
0.5070000000000003,300.0,74.05002700605586,20.0,19.673260484251117,19.821552685693554,0.0
0.5080000000000003,300.0,83.51074516352973,20.0,19.67264695081719,19.82362325835713,0.0
0.5090000000000003,300.0,92.97199749205258,20.0,19.672079218510966,19.825770558127765,0.0
0.5100000000000003,300.0,102.43219753010673,19.995980780030024,19.667610040682398,19.824013284333375,0.0
0.5110000000000003,300.0,111.66038464650107,19.420244132191048,19.102339366100022,19.256713819082364,0.0
0.5120000000000003,300.0,120.62081838118262,18.854037855111045,18.545910187336773,18.6980705624204,0.0
0.5130000000000003,300.0,129.31914950990242,18.3005990979331,18.001971149692263,18.15177775573271,0.0
0.5140000000000003,300.0,137.76121773116054,17.75973485306058,17.470342900571158,17.617669797405686,0.0
0.5150000000000003,300.0,145.95277293508465,17.23123036826307,16.95082085720743,17.095555049937474,0.0
0.5160000000000003,300.0,153.89947341755283,16.71487229976083,16.443201100963023,16.585241946224265,0.0
0.5170000000000003,300.0,161.6068860439039,16.210448955885155,15.947280706819061,16.08653932188502,0.0
0.5180000000000003,300.0,169.08048649676687,15.717750379280703,15.462857887068399,15.599256563318932,0.0
0.5190000000000003,300.0,176.3256595908407,15.23656842188921,14.989732121837246,15.123203745172177,0.0
0.5200000000000004,300.0,183.3476996501972,14.766696814064876,14.527704278446807,14.658191758869373,0.0
0.5210000000000004,300.0,190.15181094398685,14.307931228122198,14.07657672040754,14.204032432672136,0.0
0.5220000000000004,300.0,196.74310817664045,13.860069336595911,13.636153406772005,13.760538643693678,0.0
0.5230000000000004,300.0,203.12661702885453,13.42291086547925,13.206239982518145,13.32752442227391,0.0
0.5240000000000004,300.0,209.30727474583753,12.996257642694411,12.786643860585324,12.904805049097618,0.0
0.5250000000000004,300.0,215.28993076946915,12.57991364203721,12.377174296140158,12.492197145418112,0.0
0.5260000000000004,300.0,221.07934741119536,12.173685022826827,11.977642453607174,12.089518756729543,0.0
0.5270000000000004,300.0,226.68020056263725,11.777380165480931,11.587861466961117,11.696589430213901,0.0
0.5280000000000004,300.0,232.09708044104525,11.390809703226626,11.207646493742395,11.313230286272468,0.0
0.5290000000000004,300.0,237.33449236687247,11.013786550148062,10.836814763224636,10.939264084436312,0.0
0.5300000000000004,300.0,242.39685757087966,10.64612592576257,10.475185619133304,10.574515283936242,0.0
0.5310000000000004,300.0,247.28851402830972,10.287645376308536,10.12258055728674,10.21881009919953,0.0
0.5320000000000004,300.0,252.01371731779892,9.93816479292028,9.778823258505641,9.871976550528323,0.0
0.5330000000000004,300.0,256.5766415028065,9.597506426857029,9.443739617113094,9.5338445102027,0.0
0.5340000000000004,300.0,260.9813800334576,9.265494901946003,9.117157765325898,9.204245744240716,0.0
0.5350000000000004,300.0,265.2319466668041,8.941957224392265,8.798908093817536,8.883013950037045,0.0
0.5360000000000004,300.0,269.33227640360803,8.626722790101226,8.488823268714471,8.569984790092024,0.0
0.5370000000000004,300.0,273.2862264398521,8.319623389653248,8.186738245270371,8.264995922033687,0.0
0.5380000000000004,300.0,277.09757713127516,8.020493211063483,7.892490278446623,7.967887025126314,0.0
0.5390000000000004,300.0,280.7700329693201,7.729168840454117,7.605918930612747,7.678499823450576,0.0
0.5400000000000004,300.0,284.3072235669679,7.445489260760453,7.3268660765664295,7.3966781059323745,0.0
0.5410000000000004,300.0,287.7127046530131,7.16929584858678,7.055175906060097,7.12226774338965,0.0
0.5420000000000004,300.0,290.98995907341435,6.900432369322694,6.790694924008934,6.85511670275902,0.0
0.5430000000000004,300.0,294.1423977984286,6.638744970625495,6.533271948544224,6.595075058657269,0.0
0.5440000000000004,300.0,297.1733609343098,6.384082174369419,6.282758107065426,6.341995002425685,0.0
0.5450000000000004,300.0,300.0861187384217,6.1362948671578295,6.039006830434761,6.095730848798906,0.0
0.5460000000000004,300.0,302.8838726366774,5.895236289489959,5.801873845449071,5.856139040333651,0.0
0.5470000000000004,300.0,305.5697562422849,5.660762023669641,5.571217165715347,5.623078149726853,0.0
0.5480000000000004,300.0,308.14683637483404,5.43272998053925,5.346897081048346,5.396408880146808,0.0
0.5490000000000004,300.0,310.6181140788202,5.211000385118139,5.128776145501461,5.175994063695574,0.0
0.5500000000000004,300.0,312.9865256407529,4.995435761221124,4.9167191641350465,4.9616986581154725,0.0
0.5510000000000004,300.0,315.25494360404946,4.785900915128931,4.710593178620104,4.753389741847544,0.0
0.5520000000000004,300.0,317.4261777809664,4.582262918379017,4.510267451769035,4.550936507544849,0.0
0.5530000000000004,300.0,319.5029762608647,4.384391089741873,4.3156134510796615,4.354210254138798,0.0
0.5540000000000004,300.0,321.4880264141539,4.192156976444661,4.126504831373317,4.163084377552174,0.0
0.5550000000000004,300.0,323.3839558912993,4.00543433470109,3.942817416602968,3.9774343601482114,0.0
0.5560000000000004,300.0,325.19333361632454,3.8240991096034884,3.764429180902646,3.7971377590009325,0.0
0.5570000000000004,300.0,326.91867077427105,3.648029414429943,3.59122022894485,3.622074193067621,0.0
0.5580000000000004,300.0,328.5624217921244,3.477105509417242,3.4230727756690107,3.452125329341034,0.0
0.5590000000000004,300.0,330.12698531274174,3.3112097800471285,3.259871125439611,3.2871748680545276,0.0
0.5600000000000004,300.0,331.6147051613596,3.1502267148916085,3.101501650689627,3.1271085270104817,0.0
0.5610000000000004,300.0,333.027871304285,2.994042883060029,2.9478527701008828,2.9718140250982117,0.0
0.5620000000000004,300.0,334.36872079940593,2.842546911288818,2.7988149263701567,2.8211810650647937,0.0
0.5630000000000004,300.0,335.6394387381903,2.695629460712632,2.6542805636068456,2.6751013155990067,0.0
0.5640000000000004,300.0,336.8421591788626,2.553183203353206,2.514144104404811,2.533468392785211,0.0
0.5650000000000004,300.0,337.97896607048034,2.4151027983608673,2.378301926628961,2.3961778409816987,0.0
0.5660000000000004,300.0,339.0518941676553,2.28128486804112,2.246652339953966,2.2631271131745665,0.0
0.5670000000000004,300.0,340.0629299356836,2.151627973697404,2.119095562190644,2.1342155508560565,0.0
0.5680000000000004,300.0,341.0140124458805,2.026032591319337,1.995533695433207,2.0093443634735473,0.0
0.5690000000000004,300.0,341.9070342609262,1.9044010871437989,1.8758707020582048,1.8884166074927469,0.0
0.5700000000000004,300.0,342.7438423100584,1.7866376931152437,1.7600123806045702,1.7713371651167642,0.0
0.5710000000000004,300.0,343.52623875395886,1.6726484822694623,1.6478663415616814,1.6580127226999068,0.0
0.5720000000000004,300.0,344.25598183920414,1.5623413440642366,1.539341983091198,1.5483517488934702,0.0
0.5730000000000004,300.0,344.9347867421657,1.4556259596785721,1.434350466706412,1.4422644725583695,0.0
0.5740000000000004,300.0,345.56432640225984,1.3524137773010296,1.3328046929314108,1.3396628604776217,0.0
0.5750000000000004,300.0,346.1462323444646,1.2526179874265586,1.2346192769609874,1.2404605948999075,0.0
0.5760000000000004,300.0,346.6820954910348,1.1561534981799024,1.1397105243406915,1.1445730509434848,0.0
0.5770000000000004,300.0,347.17346696235666,1.0629369106826423,1.0479964066852376,1.051917273888166,0.0
0.5780000000000004,300.0,347.62185886690276,0.9728864944800111,0.9593965374523532,0.9624119563815041,0.0
0.5790000000000004,300.0,348.02874508025127,0.8859221630422205,0.8738321477876432,0.8759774155834537,0.0
0.5800000000000004,300.0,348.39556201315315,0.80196544935463,0.7912260624554824,0.7925355702728072,0.0
0.5810000000000004,300.0,348.72370936863524,0.7209394816097605,0.7115026758695024,0.7120099179368795,0.0
0.5820000000000004,300.0,349.0145508881389,0.642768959013404,0.6345879282354033,0.6343255118647093,0.0
0.5830000000000004,300.0,349.26941508670507,0.5673801277165147,0.5604092818181372,0.5594089382629899,0.0
0.5840000000000004,300.0,349.48959597722296,0.4947007568833621,0.488895697344254,0.4871882934123345,0.0
0.5850000000000004,300.0,349.6763537837673,0.42466011490602185,0.4199776105497052,0.4175931608806436,0.0
0.5860000000000004,300.0,349.83091564405873,0.35718894577456073,0.35358690888262534,0.35055458880922874,0.0
0.5870000000000004,300.0,349.95447630108833,0.2922194456113747,0.2896569083696705,0.2860050672860843,0.0
0.5880000000000004,300.0,350.0481987839514,0.22968523937778595,0.22812233065408358,0.2238785058199782,0.0
0.5890000000000004,300.0,350.1132150779462,0.169521357760269,0.1689192802128863,0.1641102109279608,0.0
0.5900000000000004,300.0,350.15062678399494,0.11166421424317718,0.11198522176006517,0.10663686384807278,0.0
0.5910000000000004,300.0,350.16150576745184,0.05605158237413743,0.05725895784188813,0.05139649838801744,0.0
0.5920000000000004,300.0,350.14689479636735,0.0026225732281206504,0.0046806066303049735,-0.001671521079880385,0.0
0.5930000000000004,300.0,350.10780816928246,-0.048682386924666865,-0.045808420080505535,-0.052626521468256186,0.0
0.5940000000000004,300.0,350.04523233263154,-0.09792157874211416,-0.09426543866956545,-0.10152654266008702,0.0
0.5950000000000004,300.0,349.96012648783227,-0.1451520117204188,-0.1407465152722726,-0.1484283590220083,0.0
0.5960000000000004,300.0,349.85342318815367,-0.19042944588690824,-0.18530648714716716,-0.19338750073800198,0.0
0.5970000000000004,300.0,349.7260289254465,-0.23380841327219848,-0.2279989838231302,-0.2364582749571043,0.0
0.5980000000000004,300.0,349.5788247068275,-0.2753422391581246,-0.2688764480235732,-0.27769378674869516,0.0
0.5990000000000004,300.0,349.4126666214154,-0.31508306309849443,-0.3079901563648168,-0.31714595985976846,0.0
0.6000000000000004,300.0,349.2283863972116,-0.3530818597102825,-0.34539023982638833,-0.3548655572692969,0.0
0.6010000000000004,300.0,349.02679194822747,-0.3893884592327064,-0.38112570399082385,-0.3909022015348308,0.0
0.6020000000000004,300.0,348.80866791195734,-0.424051567852346,-0.41524444905126207,-0.4253043949273433,0.0
0.6030000000000004,300.0,348.5747761773017,-0.4571187877924219,-0.4477932895850813,-0.4581195393504478,0.0
0.6040000000000004,300.0,348.3258564030433,-0.4886366371648694,-0.4788179740923347,-0.4893939560407716,0.0
0.6050000000000004,300.0,348.0626265269852,-0.518650569583837,-0.5083632042977456,-0.5191729050464092,0.0
0.6060000000000004,300.0,347.7857832658547,-0.5472049935397991,-0.5364726542155699,-0.5475006044810645,0.0
0.6070000000000004,300.0,347.4960026060832,-0.5743432915332409,-0.5631889889763896,-0.574420249551363,0.0
0.6080000000000004,300.0,347.19394028557207,-0.6001078389675132,-0.5885538834155636,-0.5999740313556037,0.0
0.6090000000000004,300.0,346.8802322665526,-0.6245400228003861,-0.6126080404229506,-0.6242031554522123,0.0
0.6100000000000004,300.0,346.5554951996525,-0.6476802599541176,-0.6353912090538388,-0.6471478601965865,0.0
0.6110000000000004,300.0,346.2203268792811,-0.6695680154839407,-0.6569422024010633,-0.6688474348451646,0.0
0.6120000000000004,300.0,345.8753066904414,-0.6902418205052312,-0.6772989152286732,-0.6893402374260246,0.0
0.6130000000000004,300.0,345.5209960470853,-0.7097392898794115,-0.6964983413672818,-0.7086637123751727,0.0
0.6140000000000004,300.0,345.15793882212176,-0.7280971396592046,-0.714576590871794,-0.7268544079383333,0.0
0.6150000000000004,300.0,344.7866617691918,-0.7453512042936592,-0.7315689069420006,-0.7439479933379047,0.0
0.6160000000000004,300.0,344.4076749363207,-0.7615364535937688,-0.7475096826069266,-0.7599792757052369,0.0
0.6170000000000004,300.0,344.02147207156287,-0.7766870094592675,-0.7624324771735844,-0.7749822167781931,0.0
0.6180000000000004,300.0,343.62853102074814,-0.790836162367762,-0.7763700324413332,-0.7889899493645894,0.0
0.6190000000000004,300.0,343.2293141174443,-0.8040163876269473,-0.7893542886826524,-0.8020347935717547,0.0
0.6200000000000004,300.0,342.8242685652459,-0.8162593613912872,-0.8014164003917496,-0.8141482728031317,0.0
0.6210000000000004,300.0,342.4138268125012,-0.8275959764441683,-0.8125867518020464,-0.8253611295225046,0.0
0.6220000000000004,300.0,341.9984069195884,-0.838056357746833,-0.822894972173893,-0.8357033407867944,0.0
0.6230000000000004,300.0,341.5784129188506,-0.847669877755628,-0.8323699508540642,-0.8452041335486132,0.0
0.6240000000000004,300.0,341.15423516730056,-0.8564651715087863,-0.8410398521082858,-0.8538919997294907,0.0
0.6250000000000004,300.0,340.7262506922038,-0.8644701514844244,-0.8489321297284954,-0.8617947110651986,0.0
0.6260000000000004,300.0,340.29482352964874,-0.8717120222312738,-0.8560735414163697,-0.8689393337244433,0.0
0.6270000000000004,300.0,339.86030505621187,-0.878217294773779,-0.8624901629447593,-0.8753522427023437,0.0
0.6280000000000004,300.0,339.42303431382544,-0.8840118007933073,-0.8682074020987919,-0.8810591359902624,0.0
0.6290000000000004,300.0,338.9833383279534,-0.8891207065871654,-0.873250012398337,-0.8860850485235146,0.0
0.6300000000000004,300.0,338.5415324191822,-0.8935685268072455,-0.8776421066036634,-0.890454365908643,0.0
0.6310000000000004,300.0,338.09792050833136,-0.8973791379801943,-0.8814071700061719,-0.8941908379320195,0.0
0.6320000000000005,300.0,337.6527954151863,-0.900575791810958,-0.884568073506054,-0.897317591851523,0.0
0.6330000000000005,300.0,337.20643915095815,-0.9031811282715521,-0.887147086478724,-0.8998571454730622,0.0
0.6340000000000005,300.0,336.7591232045724,-0.9052171884771623,-0.8891658894321122,-0.9018314200139665,0.0
0.6350000000000005,300.0,336.3111088228874,-0.9067054273514832,-0.8906455864567144,-0.9032617527550875,0.0
0.6360000000000005,300.0,335.86264728494285,-0.9076667260833307,-0.8916067174704203,-0.9041689094836083,0.0
0.6370000000000005,300.0,335.41398017033913,-0.9081214043765824,-0.8920692702601554,-0.9045730967285657,0.0
0.6380000000000005,300.0,334.96533962184344,-0.9080892324955685,-0.8920526923224377,-0.9044939737911833,0.0
0.6390000000000005,300.0,334.5169486023221,-0.9075894431078964,-0.8915759025048128,-0.9039506645719765,0.0
0.6400000000000005,300.0,334.0690211460952,-0.9066407429269419,-0.8906573024503771,-0.9029617691968536,0.0
0.6410000000000005,300.0,333.6217626048088,-0.9052613241561156,-0.8893147878474672,-0.9015453754443084,0.0
0.6420000000000005,300.0,333.17536988791784,-0.9034688757370191,-0.8875657594866104,-0.8997190699758277,0.0
0.6430000000000005,300.0,332.7300316978752,-0.9012805944036688,-0.8854271341268765,-0.8974999493716866,0.0
0.6440000000000005,300.0,332.28592876011794,-0.8987131955449772,-0.8829153551738022,-0.8949046309743434,0.0
0.6450000000000005,300.0,331.8432340479423,-0.8957829238776938,-0.8800464031710505,-0.8919492635416444,0.0
0.6460000000000005,300.0,331.402113002357,-0.8925055639319557,-0.8768358061079244,-0.8886495377120023,0.0
0.6470000000000005,300.0,330.96272374700516,-0.8888964503516807,-0.8732986495449403,-0.8850206962838141,0.0
0.6480000000000005,300.0,330.52521729824167,-0.8849704780120249,-0.8694495865596437,-0.8810775443113545,0.0
0.6490000000000005,300.0,330.0897377704537,-0.8807421119560361,-0.8653028475147613,-0.8768344590193009,0.0
0.6500000000000005,300.0,329.6564225767105,-0.8762253971528402,-0.8608722496510022,-0.8723053995382634,0.0
0.6510000000000005,300.0,329.22540262482573,-0.8714339680794716,-0.8561712065065722,-0.8675039164634549,0.0
0.6520000000000005,300.0,328.7968025089181,-0.8663810581286064,-0.8512127371656258,-0.8624431612387843,0.0
0.6530000000000005,300.0,328.37074069655256,-0.8610795088443797,-0.8460094753378091,-0.8571358953686012,0.0
0.6540000000000005,300.0,327.947329711541,-0.8555417789885993,-0.8405736782711485,-0.8515944994594135,0.0
0.6550000000000005,300.0,327.5266763124877,-0.8497799534393533,-0.8349172355002706,-0.8458309820936311,0.0
0.6560000000000005,300.0,327.1088816671552,-0.8438057519244795,-0.8290516774323601,-0.8398569885378158,0.0
0.6570000000000005,300.0,326.6940415227292,-0.8376305375918702,-0.8229881837728035,-0.8336838092874558,0.0
0.6580000000000005,300.0,326.2822463720633,-0.8312653254189191,-0.8167375917927876,-0.8273223884506012,0.0
0.6590000000000005,300.0,325.8735816159744,-0.8247207904633069,-0.8103104044409967,-0.8207833319725776,0.0
0.6600000000000005,300.0,325.46812772166896,-0.8180072759571404,-0.8037167983014065,-0.8140769157038446,0.0
0.6610000000000005,300.0,325.065960377372,-0.8111348012468964,-0.7969666313995662,-0.8072130933134611,0.0
0.6620000000000005,300.0,324.6671506432305,-0.8041130695810674,-0.7900694508592365,-0.8002015040500926,0.0
0.6630000000000005,300.0,324.2717650985668,-0.7969514757477354,-0.7830345004115753,-0.7930514803528202,0.0
0.6640000000000005,300.0,323.8798659855497,-0.7896591135642936,-0.7758707277590419,-0.7857720553139939,0.0
0.6650000000000005,300.0,323.4915113493552,-0.7822447832213222,-0.7685867917959924,-0.7783719699961592,0.0
0.6660000000000005,300.0,323.1067551748853,-0.7747169984827968,-0.7611910696881096,-0.7708596806052768,0.0
0.6670000000000005,300.0,322.72564752011203,-0.7670839937447356,-0.7536916638127256,-0.763243365522351,0.0
0.6680000000000005,300.0,322.34823464611577,-0.7593537309543059,-0.7460964085620332,-0.7555309321955272,0.0
0.6690000000000005,300.0,321.9745591438804,-0.7515339063916078,-0.7384128770113486,-0.7477300238948847,0.0
0.6700000000000005,300.0,321.60466005791346,-0.7436319573159447,-0.730648387454215,-0.7398480263317708,0.0
0.6710000000000005,300.0,321.2385730067536,-0.7356550684788856,-0.7228100098065978,-0.7318920741449912,0.0
0.6720000000000005,300.0,320.8763303004286,-0.7276101785060165,-0.7149045718820491,-0.7238690572557904,0.0
0.6730000000000005,300.0,320.5179610549257,-0.7195039861494092,-0.7069386655398149,-0.7157856270936499,0.0
0.6740000000000005,300.0,320.1634913037357,-0.7113429564128066,-0.6989186527078595,-0.7076482026949392,0.0
0.6750000000000005,300.0,319.81294410653027,-0.7031333265515185,-0.6908506712827606,-0.6994629766764219,0.0
0.6760000000000005,300.0,319.46633965503213,-0.6948811119489703,-0.6827406409083833,-0.6912359210855819,0.0
0.6770000000000005,300.0,319.12369537613614,-0.6865921118719083,-0.6745942686352924,-0.6829727931297791,0.0
0.6780000000000005,300.0,318.785026032338,-0.678271915106107,-0.6664170544627298,-0.6746791407861118,0.0
0.6790000000000005,300.0,318.45034381952803,-0.6699259054745683,-0.6582142967650945,-0.6663603082939721,0.0
0.6800000000000005,300.0,318.11965846220335,-0.6615592672401032,-0.6499910976047908,-0.6580214415322078,0.0
0.6810000000000005,300.0,317.79297730615525,-0.6531769903940898,-0.641752367933202,-0.649667493282695,0.0
0.6820000000000005,300.0,317.47030540868434,-0.6447838758333794,-0.6335028326817279,-0.641303228382305,0.0
0.6830000000000005,300.0,317.1516456263951,-0.6363845404271582,-0.6252470357446576,-0.6329332287650796,0.0
0.6840000000000005,300.0,316.83699870062344,-0.6279834219755426,-0.6169893448556242,-0.6245618983964063,0.0
0.6850000000000005,300.0,316.52636334054677,-0.6195847840617197,-0.6087339563594216,-0.6161934681010122,0.0
0.6860000000000005,300.0,316.2197363040283,-0.6111927207995264,-0.6004848998810423,-0.6078320002866817,0.0
0.6870000000000005,300.0,315.91711247624266,-0.6028111614781058,-0.5922460428935448,-0.599481393565338,0.0
0.6880000000000005,300.0,315.61848494613264,-0.5944438751054723,-0.5840210951865425,-0.5911453872733277,0.0
0.6890000000000005,300.0,315.32384508074415,-0.5860944748526258,-0.5758136132369419,-0.5828275658925637,0.0
0.6900000000000005,300.0,315.0331825974866,-0.5777664224000407,-0.5676270044837001,-0.574531363374342,0.0
0.6910000000000005,300.0,314.7464856343642,-0.569463032188148,-0.5594645315082113,-0.5662600673674708,0.0
0.6920000000000005,300.0,314.4637408182228,-0.5611874755735478,-0.5513293161220165,-0.5580168233524436,0.0
0.6930000000000005,300.0,314.18493333105675,-0.5529427848924623,-0.5432243433633216,-0.5498046386831728,0.0
0.6940000000000005,300.0,313.91004697442173,-0.5447318574332045,-0.5351524654040705,-0.5416263865380624,0.0
0.6950000000000005,300.0,313.6390642319909,-0.536557459319329,-0.5271164053692063,-0.5334848097820899,0.0
0.6960000000000005,300.0,313.3719663303027,-0.5284222293047656,-0.5191187610694021,-0.5253825247411998,0.0
0.6970000000000005,300.0,313.1087332977367,-0.520328682482909,-0.5111620086491944,-0.5173220248909791,0.0
0.6980000000000005,300.0,312.84934402176015,-0.5122792139109134,-0.5032485061517518,-0.509305684460875,0.0
0.6990000000000005,300.0,312.59377630448466,-0.5042761021508446,-0.49538049700189407,-0.5013357619555919,0.0
0.7000000000000005,300.0,312.34200691657196,-0.4963215127292536,-0.4875601134089095,-0.4934144035952537,0.0
0.7010000000000005,300.0,312.0940116495265,-0.48841750151654817,-0.479789379690512,-0.4855436466756893,0.0
0.7020000000000005,300.0,311.8497653664141,-0.4805660180277723,-0.4720702155195249,-0.47772542285045816,0.0
0.7030000000000005,300.0,311.60924205104027,-0.4727689086461614,-0.464404439094634,-0.46996156133598543,0.0
0.7040000000000005,300.0,311.3724148556291,-0.46502791977091096,-0.45679377023662526,-0.46225379204124184,0.0
0.7050000000000005,300.0,311.1392561470335,-0.457344700890703,-0.4492398334116158,-0.4546037486235045,0.0
0.7060000000000005,300.0,310.9097375515148,-0.4497208075841906,-0.44174416068247035,-0.4470129714714123,0.0
0.7070000000000005,300.0,310.6838299981245,-0.44215770444901514,-0.43430819458993947,-0.4394829106168746,0.0
0.7080000000000005,300.0,310.4615037607227,-0.4346567679605895,-0.42693329096473626,-0.43201492857707074,0.0
0.7090000000000005,300.0,310.2427284986635,-0.4272192892621073,-0.41962072167198444,-0.42461030312799813,0.0
0.7100000000000005,300.0,310.0274732961846,-0.41984647688691246,-0.412371677289157,-0.41727023001070374,0.0
0.7110000000000005,300.0,309.81570670052633,-0.41253945941482545,-0.40518726971906643,-0.40999582557178404,0.0
0.7120000000000005,300.0,309.6073967588168,-0.40529928806339044,-0.39806853473885867,-0.4027881293391235,0.0
0.7130000000000005,300.0,309.4025110537502,-0.39812693921559267,-0.39101643448653617,-0.39564810653441557,0.0
0.7140000000000005,300.0,309.20101673808927,-0.39102331688512876,-0.38403185988606614,-0.3885766505235424,0.0
0.7150000000000005,300.0,309.00288056802066,-0.38398925512050036,-0.3771156330123326,-0.3815745852060882,0.0
0.7160000000000005,300.0,308.80806893539216,-0.37702552034920167,-0.37026850939716877,-0.37464266734524254,0.0
0.7170000000000005,300.0,308.6165478988597,-0.37013281366309736,-0.36349118027756133,-0.3677815888391991,0.0
0.7180000000000005,300.0,308.42828321397207,-0.36331177304625617,-0.3567842747872592,-0.3609919789353032,0.0
0.7190000000000005,300.0,308.24324036221884,-0.3565629755464189,-0.3501483620929476,-0.35427440638812174,0.0
0.7200000000000005,300.0,308.0613845790699,-0.3498869393910869,-0.34358395347596526,-0.34762938156243123,0.0
0.7210000000000005,300.0,307.88268088103086,-0.34328412604957004,-0.33709150436086494,-0.3410573584824386,0.0
0.7220000000000005,300.0,307.70709409174043,-0.33675494224192526,-0.33067141629175106,-0.334558736828185,0.0
0.7230000000000005,300.0,307.5345888671344,-0.3302997418960082,-0.32432403885758027,-0.32813386388033117,0.0
0.7240000000000005,300.0,307.3651297197001,-0.3239188280536386,-0.3180496715674147,-0.32178303641433026,0.0
0.7250000000000005,300.0,307.1986810418456,-0.3176124547268903,-0.3118485656766273,-0.31550650254500073,0.0
0.7260000000000005,300.0,307.03520712840714,-0.31138082870567313,-0.30572092596519734,-0.3093044635226508,0.0
0.7270000000000005,300.0,306.87467219831683,-0.3052241113175561,-0.2996669124690362,-0.3031770754817088,0.0
0.7280000000000005,300.0,306.71704041545337,-0.29914242014081727,-0.29368664216530493,-0.2971244511428331,0.0
0.7290000000000005,300.0,306.56227590869815,-0.2931358306717434,-0.28778019061274196,-0.2911466614695333,0.0
0.7300000000000005,300.0,306.4103427912161,-0.28720437794720227,-0.28194759354798904,-0.2852437372803027,0.0
0.7310000000000005,300.0,306.2612051789858,-0.28134805812323804,-0.2761888484386713,-0.2794156708170296,0.0
0.7320000000000005,300.0,306.1148272085945,-0.27556683001101934,-0.2705039159945237,-0.2736624172709936,0.0
0.7330000000000005,300.0,305.9711730543235,-0.26986061657055993,-0.26489272163698985,-0.2679838962668814,0.0
0.7340000000000005,300.0,305.8302069445386,-0.26422930636364683,-0.2593551569286908,-0.2623799933062339,0.0
0.7350000000000005,300.0,305.69189317740774,-0.25867275496642855,-0.2538910809632191,-0.2568505611707884,0.0
0.7360000000000005,300.0,305.5561961359636,-0.25319078634281794,-0.24850032171638928,-0.25139542128685954,0.0
0.7370000000000005,300.0,305.42308030252974,-0.2477831941794823,-0.2431826773597042,-0.24601436505152843,0.0
0.7380000000000005,300.0,305.2925102725277,-0.24244974318323567,-0.23793791753683968,-0.24070715512145205,0.0
0.7390000000000005,300.0,305.164450767683,-0.23719017034175932,-0.23276578460405528,-0.2354735266652118,0.0
0.7400000000000005,300.0,305.0388666486475,-0.23200418614837007,-0.22766599483524497,-0.23031318857992367,0.0
0.7410000000000005,300.0,304.915722927054,-0.22689147579171245,-0.22263823959248177,-0.2252258246729748,0.0
0.7420000000000005,300.0,304.79498477702,-0.2218517003111419,-0.2176821864628162,-0.22021109480965464,0.0
0.7430000000000005,300.0,304.6766175461166,-0.2168844977185833,-0.21279748036209561,-0.2152686360274576,0.0
0.7440000000000005,300.0,304.56058676581847,-0.2119894840875901,-0.20798374460652114,-0.21039806361778202,0.0
0.7450000000000006,300.0,304.446858161449,-0.20716625461043808,-0.20324058195276215,-0.20559897217585538,0.0
0.7460000000000006,300.0,304.33539766163693,-0.20241438462388286,-0.19856757560724203,-0.2008709366195066,0.0
0.7470000000000006,300.0,304.2261714072984,-0.19773343060440138,-0.19396429020541026,-0.1962135131776101,0.0
0.7480000000000006,300.0,304.1191457601585,-0.1931229311335605,-0.1894302727616244,-0.19162624034883213,0.0
0.7490000000000006,300.0,304.0142873108267,-0.18858240783421207,-0.18496505359033644,-0.18710863983138262,0.0
0.7500000000000006,300.0,303.9115628864391,-0.1841113662782676,-0.18056814719932124,-0.18266021742451774,0.0
0.7510000000000006,300.0,303.8109395578818,-0.1797092968666219,-0.1762390531555051,-0.17828046390235894,0.0
0.7520000000000006,300.0,303.71238464660684,-0.17537567568197518,-0.1719772569241389,-0.1739688558607803,0.0
0.7530000000000006,300.0,303.6158657310549,-0.17110996531510267,-0.16778223068184578,-0.1697248565379012,0.0
0.7540000000000006,300.0,303.5213506526961,-0.1669116156653175,-0.16365343410428407,-0.16554791660893223,0.0
0.7550000000000006,300.0,303.4288075217013,-0.16278006471565737,-0.15959031512894642,-0.1614374749559026,0.0
0.7560000000000006,300.0,303.3382047222554,-0.15871473928343688,-0.15559231069371976,-0.1573929594128998,0.0
0.7570000000000006,300.0,303.24951091752456,-0.15471505574678518,-0.1516588474518269,-0.15341378748744966,0.0
0.7580000000000006,300.0,303.1626950542882,-0.15078042074768963,-0.1477893424636506,-0.14949936705854303,0.0
0.7590000000000006,300.0,303.0777263672461,-0.14691023187221147,-0.14398320386610533,-0.1456490970519823,0.0
0.7600000000000006,300.0,302.99457438301334,-0.14310387830833526,-0.14023983151999958,-0.14186236809349462,0.0
0.7610000000000006,300.0,302.9132089238106,-0.13936074148211594,-0.13655861763605362,-0.13813856314028555,0.0
0.7620000000000006,300.0,302.8336001108619,-0.1356801956725544,-0.1329389473799879,-0.13447705809145089,0.0
0.7630000000000006,300.0,302.75571836750896,-0.13206160860580662,-0.1293801994572779,-0.13087722237785118,0.0
0.7640000000000006,300.0,302.6795344220526,-0.12850434202920522,-0.12588174667805455,-0.12733841953193226,0.0
0.7650000000000006,300.0,302.60501931032854,-0.12500775226565666,-0.12244295650269196,-0.12386000773803917,0.0
0.7660000000000006,300.0,302.5321443780296,-0.12157119074881102,-0.11906319156848308,-0.12044134036362937,0.0
0.7670000000000006,300.0,302.4608812827806,-0.11819400453964432,-0.1157418101980259,-0.11708176647201413,0.0
0.7680000000000006,300.0,302.3912019959762,-0.1148755368247558,-0.11247816688962443,-0.1137806313169356,0.0
0.7690000000000006,300.0,302.32307880438964,-0.11161512739701403,-0.1092716127903182,-0.1105372768196004,0.0
0.7700000000000006,300.0,302.2564843115605,-0.10841211311888331,-0.1061214961518796,-0.10735104202851235,0.0
0.7710000000000006,300.0,302.19139143896973,-0.1052658283689662,-0.10302716277029066,-0.10422126356262139,0.0
0.7720000000000006,300.0,302.1277734270101,-0.10217560547215905,-0.09998795640910357,-0.10114727603819769,0.0
0.7730000000000006,300.0,302.0656038357582,-0.09914077511386854,-0.0970032192071182,-0.098128412479869,0.0
0.7740000000000006,300.0,302.0048565455575,-0.0961606667387084,-0.09407229207078732,-0.09516400471623557,0.0
0.7750000000000006,300.0,301.9455057574179,-0.09323460893405491,-0.09119451505172986,-0.09225338376044794,0.0
0.7760000000000006,300.0,301.8875259932399,-0.09036192979894972,-0.08836922770982476,-0.08939588017622474,0.0
0.7770000000000006,300.0,301.83089209586973,-0.08754195729866533,-0.0855957694621998,-0.08659082442962826,0.0
0.7780000000000006,300.0,301.7755792289923,-0.08477401960534801,-0.0828734799185214,-0.0838375472270082,0.0
0.7790000000000006,300.0,301.72156287686727,-0.08205744542514708,-0.08020169920299018,-0.0811353798395226,0.0
0.7800000000000006,300.0,301.6688188439174,-0.07939156431211274,-0.07757976826331646,-0.07848365441451319,0.0
0.7810000000000006,300.0,301.6173232541716,-0.07677570696937458,-0.07500702916718317,-0.07588170427424795,0.0
0.7820000000000006,300.0,301.5670525505717,-0.07420920553777835,-0.07248282538636781,-0.07332886420220391,0.0
0.7830000000000006,300.0,301.51798349414656,-0.07169139387249968,-0.0700065020690339,-0.07082447071740673,0.0
0.7840000000000006,300.0,301.47009316306065,-0.06922160780781932,-0.06757740630037913,-0.06836786233701578,0.0
0.7850000000000006,300.0,301.4233589515414,-0.06679918541051141,-0.06519488735207145,-0.06595837982759037,0.0
0.7860000000000006,300.0,301.37775856869183,-0.06442346722209488,-0.06285829692073493,-0.06359536644530203,0.0
0.7870000000000006,300.0,301.33327003719234,-0.06209379649032913,-0.060566989355849254,-0.06127816816546042,0.0
0.7880000000000006,300.0,301.2898716918973,-0.05980951939019546,-0.05832032187730565,-0.059006133901597896,0.0
0.7890000000000006,300.0,301.2475421783311,-0.057569985234707965,-0.0561176547829518,-0.056778615714449227,0.0
0.7900000000000006,300.0,301.2062604510894,-0.0553745466758337,-0.05395835164640976,-0.05459496901111297,0.0
0.7910000000000006,300.0,301.1660057721478,-0.05322255989586275,-0.05184177950549335,-0.05245455273472458,0.0
0.7920000000000006,300.0,301.1267577090851,-0.05111338478940159,-0.04976730904140226,-0.05035672954482044,0.0
0.7930000000000006,300.0,301.08849613322343,-0.04904638513639915,-0.04773431474908862,-0.0483008659887922,0.0
0.7940000000000006,300.0,301.05120121769016,-0.04702092876636017,-0.04574217509895521,-0.04628633266459284,0.0
0.7950000000000006,300.0,301.0148534354065,-0.04503638771407973,-0.043790272690211074,-0.044312504375023,0.0
0.7960000000000006,300.0,300.97943355700465,-0.0430921383671466,-0.041877994396124954,-0.042378760273840826,0.0
0.7970000000000006,300.0,300.9449226486796,-0.04118756160543965,-0.04000473150140219,-0.04048448400392301,0.0
0.7980000000000006,300.0,300.9113020699774,-0.03932204293288991,-0.03816987983194996,-0.03862906382774495,0.0
0.7990000000000006,300.0,300.87855347152475,-0.03749497260171767,-0.03637283987723878,-0.0368118927503897,0.0
0.8000000000000006,300.0,300.8466587927029,-0.03570574572941948,-0.0346130169055284,-0.035032368635356755,0.0
0.8010000000000006,300.0,300.8156002592691,-0.03395376240872229,-0.032889821072173905,-0.0332898943133886,0.0
0.8020000000000006,300.0,300.7853603809287,-0.03223842781068763,-0.031202667521192273,-0.03158387768449726,0.0
0.8030000000000006,300.0,300.75592194886207,-0.030559152281226548,-0.029550976480342658,-0.029913731813446365,0.0
0.8040000000000006,300.0,300.7272680332077,-0.028915351431241104,-0.02793417334993734,-0.028278875018908144,0.0
0.8050000000000006,300.0,300.6993819805062,-0.02730644622054617,-0.02635168878552886,-0.02667873095644224,0.0
0.8060000000000006,300.0,300.67224741110687,-0.025731863035861814,-0.02480295877476644,-0.025112728695592206,0.0
0.8070000000000006,300.0,300.64584821653966,-0.024191033762979847,-0.02328742470851563,-0.02358030279119496,0.0
0.8080000000000006,300.0,300.6201685568561,-0.02268339585334376,-0.021804533446482817,-0.02208089334914675,0.0
0.8090000000000006,300.0,300.59519285794056,-0.021208392385253478,-0.02035373737754635,-0.020613946086829864,0.0
0.8100000000000006,300.0,300.5709058087952,-0.01976547211982121,-0.018934494474928457,-0.019178912388335204,0.0
0.8110000000000006,300.0,300.54729235880075,-0.018354089551880774,-0.01754626834639481,-0.01777524935466974,0.0
0.8120000000000006,300.0,300.5243377149553,-0.016973704956052573,-0.016188528279688773,-0.016402419849157697,0.0
0.8130000000000006,300.0,300.5020273390937,-0.015623784428095693,-0.014860749283329021,-0.015059892538165595,0.0
0.8140000000000006,300.0,300.4803469450888,-0.014303799921711494,-0.013562412122929638,-0.013747141927311735,0.0
0.8150000000000006,300.0,300.4592824960384,-0.01301322928097138,-0.012293003353210746,-0.012463648393329838,0.0
0.8160000000000006,300.0,300.4388202014379,-0.011751556268560694,-0.011052015345897599,-0.011208898211786746,0.0
0.8170000000000006,300.0,300.4189465143421,-0.01051827058992542,-0.009838946313582543,-0.009982383580729271,0.0
0.8180000000000006,300.0,300.3996481285169,-0.009312867913489155,-0.008653300329720486,-0.008783602640432578,0.0
0.8190000000000006,300.0,300.3809119755837,-0.00813484988713297,-0.007494587344947137,-0.0076120594894411135,0.0
0.8200000000000006,300.0,300.3627252221574,-0.006983724151013768,-0.006362323199792576,-0.006467264196975363,0.0
0.8210000000000006,300.0,300.34507526698064,-0.0058590043468889005,-0.005256029633957553,-0.005348732811873559,0.0
0.8220000000000006,300.0,300.3279497380545,-0.004760210124102805,-0.0041752342923027114,-0.004255987368219842,0.0
0.8230000000000006,300.0,300.3113364897682,-0.003686867142310875,-0.0031194707276262683,-0.0031885558877352733,0.0
0.8240000000000006,300.0,300.2952236000298,-0.0026385070710937195,-0.0020882784003835217,-0.002145972379086364,0.0
0.8250000000000006,300.0,300.27959936739705,-0.0016146675866338216,-0.0010812026755125258,-0.0011277768342772914,0.0
0.8260000000000006,300.0,300.2644523082129,-0.0006148923654525802,-9.779481636654918e-05,-0.0001335152221261982,0.0
0.8270000000000006,300.0,300.2497711537445,0.00036126892452989154,0.0008623880239883541,0.0008372605209135279,0.0
0.8280000000000006,300.0,300.2355448473276,0.001314260635605375,0.0017997828141038245,0.001784992502580079,0.0
0.8290000000000006,300.0,300.22176254151856,0.002244521154429309,0.002714820657982122,0.0027101168891514042,0.0
0.8300000000000006,300.0,300.2084135952536,0.003152482918557433,0.003607926811254891,0.0036130639221566103,0.0
0.8310000000000006,300.0,300.19548757101757,0.004038572435308564,0.004479520699655572,0.00449425793739794,0.0
0.8320000000000006,300.0,300.1829742320223,0.00490321030286003,0.0053300159396846266,0.0053541173861815046,0.0
0.8330000000000006,300.0,300.1708635393968,0.005746811233452843,0.006159820361356441,0.006193054858644607,0.0
0.8340000000000006,300.0,300.1591456493892,0.006569784078602068,0.006969336032916117,0.007011477109066813,0.0
0.8350000000000006,300.0,300.1478109105814,0.007372531856249387,0.007758959287471629,0.007809785083109742,0.0
0.8360000000000006,300.0,300.1368498611181,0.008155451779762957,0.008529080751443235,0.008588373946886585,0.0
0.8370000000000006,300.0,300.1262532259505,0.00891893528868286,0.009280085374730842,0.009347633117761019,0.0
0.8380000000000006,300.0,300.1160119140948,0.009663368081115158,0.010012352462507377,0.010087946296782882,0.0
0.8390000000000006,300.0,300.10611701590835,0.010389130147773023,0.010726255708629256,0.01080969150275146,0.0
0.8400000000000006,300.0,300.0965598003813,0.01109659580744202,0.011422163230453013,0.011513241107693577,0.0
0.8410000000000006,300.0,300.0873317124471,0.011786133743933882,0.012100437605116943,0.01219896187381593,0.0
0.8420000000000006,300.0,300.0784243703104,0.01245810704438663,0.012761435907147612,0.01286721499179015,0.0
0.8430000000000006,300.0,300.06982956279467,0.013112873238827111,0.013405509747309185,0.013518356120287804,0.0
0.8440000000000006,300.0,300.06153924670866,0.01375078434096226,0.014033005312665069,0.014152735426734652,0.0
0.8450000000000006,300.0,300.0535455442334,0.014372186890116954,0.014644263407764943,0.014770697629196349,0.0
0.8460000000000006,300.0,300.04584074032954,0.01497742199422989,0.015239619496878347,0.015372582039316008,0.0
0.8470000000000006,300.0,300.0384172801658,0.015566825373874823,0.015819403747234704,0.01595872260626334,0.0
0.8480000000000006,300.0,300.0312677665687,0.016140727407246036,0.01638394107321482,0.01652944796163968,0.0
0.8490000000000006,300.0,300.0243849574946,0.01669945317602357,0.016933551181407592,0.017085081465252068,0.0
0.8500000000000006,300.0,300.01776176352365,0.017243322512064358,0.017468548616484482,0.01762594125170832,0.0
0.8510000000000006,300.0,300.011391245377,0.017772650044881908,0.017989242807844103,0.018152340277785183,0.0
0.8520000000000006,300.0,300.00526661145614,0.018287745249860148,0.018495938116986077,0.018664586370528362,0.0
0.8530000000000006,300.0,299.9993812154067,0.018788912497106604,0.018988933885511528,0.019162982275980674,0.0
0.8540000000000006,300.0,299.9937285537048,0.019276451100951827,0.019468524483763374,0.019647825708551933,0.0
0.8550000000000006,300.0,299.9883022632682,0.019750655370022494,0.019934999360028165,0.020119409400951364,0.0
0.8560000000000006,300.0,299.98309611909133,0.02021181465780385,0.020388643090223958,0.02057802115460651,0.0
0.8570000000000007,300.0,299.9781040319041,0.020660213413722824,0.020829735428101008,0.021023943890595594,0.0
0.8580000000000007,300.0,299.9733200458565,0.021096131234644645,0.021258551355847595,0.02145745570098483,0.0
0.8590000000000007,300.0,299.9687383362271,0.021519842916734446,0.02167536113505646,0.021878829900525563,0.0
0.8600000000000007,300.0,299.96435320715636,0.021931618507717424,0.022080430358090854,0.022288335078750828,0.0
0.8610000000000007,300.0,299.9601590894062,0.02233172335942983,0.022474019999726237,0.022686235152346225,0.0
0.8620000000000007,300.0,299.9561505381432,0.022720418180594646,0.022856386469023562,0.02307278941775045,0.0
0.8630000000000007,300.0,299.9523222307486,0.023097959089920128,0.02322778166151754,0.023448252604070068,0.0
0.8640000000000007,300.0,299.94866896465265,0.023464597669305483,0.02358845301151124,0.0238128749260976,0.0
0.8650000000000007,300.0,299.94518565519513,0.023820581017276663,0.023938643544596967,0.024166902137554284,0.0
0.8660000000000007,300.0,299.941867333511,0.024166151802512817,0.02427859193026984,0.024510575584422583,0.0
0.8670000000000007,300.0,299.9387091444422,0.024501548317498643,0.024608532534665207,0.024844132258399997,0.0
0.8680000000000007,300.0,299.93570634447434,0.02482700453221658,0.024928695473333554,0.025167804850386923,0.0
0.8690000000000007,300.0,299.93285429969984,0.02514275014791136,0.025239306664091705,0.025481821804048024,0.0
0.8700000000000007,300.0,299.93014848380614,0.02544901065083789,0.025540587879855785,0.025786407369351394,0.0
0.8710000000000007,300.0,299.92758447609003,0.025746007365993764,0.02583275680146028,0.026081781656090222,0.0
0.8720000000000007,300.0,299.92515795949726,0.02603395751082364,0.026116027070450794,0.026368160687374374,0.0
0.8730000000000007,300.0,299.9228647186877,0.026313074248846224,0.02639060834180073,0.02664575645304161,0.0
0.8740000000000007,300.0,299.92070063812685,0.026583566743188076,0.026656706336538608,0.026914776962975236,0.0
0.8750000000000007,300.0,299.91866170020165,0.02684564021000612,0.026914522894264353,0.027175426300306154,0.0
0.8760000000000007,300.0,299.91674398336255,0.027099495971757804,0.027164256025518342,0.02742790467446309,0.0
0.8770000000000007,300.0,299.9149436602909,0.0273453315103489,0.02740609996403046,0.027672408474098194,0.0
0.8780000000000007,300.0,299.9132569960911,0.027583340520056062,0.027640245218748343,0.027909130319786573,0.0
0.8790000000000007,300.0,299.9116803465087,0.027813712960287888,0.027866878625706873,0.02813825911656232,0.0
0.8800000000000007,300.0,299.9102101561729,0.028036635108101657,0.028086183399658706,0.02835998010621009,0.0
0.8810000000000007,300.0,299.9088429568643,0.0282522896105201,0.02829833918550819,0.028574474919355122,0.0
0.8820000000000007,300.0,299.90757536580725,0.028460855536537093,0.028503522109441033,0.02878192162724293,0.0
0.8830000000000007,300.0,299.90640408398775,0.028662508428947374,0.02870190482988007,0.028982494793340502,0.0
0.8840000000000007,300.0,299.90532589449475,0.028857420355796373,0.028893656588068972,0.029176365524558802,0.0
0.8850000000000007,300.0,299.90433766088654,0.02904575996159072,0.029078943258422973,0.029363701522237176,0.0
0.8860000000000007,300.0,299.90343632558177,0.029227692518199018,0.02925792739856895,0.02954466713281118,0.0
0.8870000000000007,300.0,299.90261890827355,0.029403379975377335,0.029430768299026158,0.029719423398114776,0.0
0.8880000000000007,300.0,299.90188250436876,0.0295729810110385,0.02959762203262908,0.029888128105419423,0.0
0.8890000000000007,300.0,299.90122428345,0.029736651081095872,0.02975864150353331,0.03005093583704932,0.0
0.8900000000000007,300.0,299.90064148776213,0.029894542468989066,0.029913976495912056,0.030207998019681645,0.0
0.8910000000000007,300.0,299.90013143072184,0.0300468043348531,0.030063773722298022,0.030359462973286143,0.0
0.8920000000000007,300.0,299.8996914954505,0.030193582764243786,0.03020817687149489,0.03050547595962736,0.0
0.8930000000000007,300.0,299.8993191333299,0.030335020816541824,0.030347326656167538,0.030646179230440145,0.0
0.8940000000000007,300.0,299.8990118625815,0.030471258572938156,0.030481360860023295,0.03078171207518954,0.0
0.8950000000000007,300.0,299.8987672668679,0.03060243318398756,0.030610414384571356,0.030912210868402398,0.0
0.8960000000000007,300.0,299.8985829939167,0.030728678916779995,0.03073461929550297,0.03103780911661348,0.0
0.8970000000000007,300.0,299.89845675416706,0.03085012720167798,0.030854104868647474,0.03115863750488112,0.0
0.8980000000000007,300.0,299.8983863194387,0.030966906678627504,0.030968997635507672,0.03127482394287557,0.0
0.8990000000000007,300.0,299.89836952162125,0.031079143243013425,0.0310794214283502,0.03138649361051589,0.0
0.9000000000000007,300.0,299.8984042513872,0.03118696009112975,0.031185497424914384,0.03149376900321921,0.0
0.9010000000000007,300.0,299.89848845692507,0.031290477765145985,0.031287344192628554,0.0315967699766505,0.0
0.9020000000000007,300.0,299.8986201426946,0.031389814197659634,0.03138507773241763,0.0316956137910574,0.0
0.9030000000000007,300.0,299.898797368202,0.031485084755753345,0.031478811522025266,0.03179041515511289,0.0
0.9040000000000007,300.0,299.8990182467972,0.03157640228467586,0.031568656558966596,0.031881286269382594,0.0
0.9050000000000007,300.0,299.8992809444908,0.03166387715094965,0.0316547214029147,0.03196833686921849,0.0
0.9060000000000007,300.0,299.8995836787917,0.03174761728510367,0.03173711221772369,0.03205167426728343,0.0
0.9070000000000007,300.0,299.89992471756545,0.031827728223902924,0.03181593281295214,0.03213140339556935,0.0
0.9080000000000007,300.0,299.9003023779111,0.03190431315207847,0.03189128468489705,0.032207626846919135,0.0
0.9090000000000007,300.0,299.90071502505924,0.031977472943650206,0.03196326705723105,0.03228044491614601,0.0
0.9100000000000007,300.0,299.90116107128887,0.03204730620271435,0.03203197692110888,0.0323499556406151,0.0
0.9110000000000007,300.0,299.90163897486354,0.032113909303790836,0.03209750907484285,0.032416254840387966,0.0
0.9120000000000007,300.0,299.9021472389864,0.03217737643165085,0.032159956163068396,0.0324794361578504,0.0
0.9130000000000007,300.0,299.90268441077427,0.0322377996207234,0.032219408715492955,0.03253959109691777,0.0
0.9140000000000007,300.0,299.90324908025,0.03229526879397061,0.03227595518512735,0.032596809061715956,0.0
0.9150000000000007,300.0,299.9038398793538,0.032349871801319534,0.032329681986078045,0.03265117739481723,0.0
0.9160000000000007,300.0,299.9044554809717,0.03240169445758029,0.032380673530833265,0.032702781414963404,0.0
0.9170000000000007,300.0,299.9050945979828,0.03245082057989916,0.032429012267094645,0.03275170445432839,0.0
0.9180000000000007,300.0,299.9057559823232,0.03249733202474496,0.032474778714149256,0.03279802789531498,0.0
0.9190000000000007,300.0,299.9064384240689,0.032541308724392995,0.032518051498747806,0.03284183120685148,0.0
0.9200000000000007,300.0,299.9071407505334,0.03258282872293341,0.03255890739051428,0.032883191980213625,0.0
0.9210000000000007,300.0,299.90786182538557,0.032621968211825544,0.03259742133691019,0.03292218596439522,0.0
0.9220000000000007,300.0,299.90860054778074,0.032658801564920785,0.03263366649767751,0.03295888710095078,0.0
0.9230000000000007,300.0,299.9093558515109,0.03269340137309198,0.032667714278891445,0.032993367558442996,0.0
0.9240000000000007,300.0,299.91012670417024,0.032725838478304944,0.03269963436646892,0.03302569776633883,0.0
0.9250000000000007,300.0,299.9109121063364,0.03275618200725601,0.032729494759246046,0.033055946448469195,0.0
0.9260000000000007,300.0,299.91171109076816,0.032784499404558944,0.03275736180161555,0.0330841806560429,0.0
0.9270000000000007,300.0,299.91252272161825,0.03281085646541358,0.032783300215655946,0.033110465800145886,0.0
0.9280000000000007,300.0,299.9133460936621,0.032835317367863985,0.032807373132852535,0.033134865683827106,0.0
0.9290000000000007,300.0,299.9141803315409,0.0328579447045311,0.0328296421253053,0.03315744253366493,0.0
0.9300000000000007,300.0,299.9150245890208,0.03287879951394219,0.03285016723653911,0.0331782570309307,0.0
0.9310000000000007,300.0,299.9158780482652,0.03289794131135673,0.0328690070118207,0.03319736834225305,0.0
0.9320000000000007,300.0,299.91673991912353,0.03291542811918345,0.03288621852806974,0.033214834149870934,0.0
0.9330000000000007,300.0,299.9176094384325,0.032931316496856995,0.032901857423242926,0.033230710681353665,0.0
0.9340000000000007,300.0,299.9184858693324,0.032945661570376976,0.03291597792538166,0.03324505273897976,0.0
0.9350000000000007,300.0,299.91936850059716,0.03295851706131961,0.03292863288114799,0.03325791372859803,0.0
0.9360000000000007,300.0,299.9202566459776,0.032969935315419766,0.032939873783929575,0.03326934568805237,0.0
0.9370000000000007,300.0,299.92114964355864,0.03297996733074631,0.03294975080155204,0.03327939931520896,0.0
0.9380000000000007,300.0,299.9220468551297,0.03298866278539405,0.03295831280351112,0.03328812399549752,0.0
0.9390000000000007,300.0,299.9229476655676,0.03299607006475748,0.03296560738779656,0.0332955678290392,0.0
0.9400000000000007,300.0,299.9238514822329,0.03300223628839814,0.03297168090731514,0.033301777657368775,0.0
0.9410000000000007,300.0,299.9247577343783,0.03300720733643833,0.032976578495848945,0.03330679908968632,0.0
0.9420000000000007,300.0,299.9256658725698,0.0330110278755779,0.03298034409364061,0.03331067652873146,0.0
0.9430000000000007,300.0,299.92657536812004,0.033013741384659116,0.03298302047253922,0.03331345319621278,0.0
0.9440000000000007,300.0,299.9274857125334,0.03301539017983726,0.032984649260751744,0.03331517115783823,0.0
0.9450000000000007,300.0,299.92839641696344,0.03301601543930454,0.032985270967161064,0.03331587134790662,0.0
0.9460000000000007,300.0,299.92930701168103,0.03301565722764818,0.03298492500527983,0.033315593593530785,0.0
0.9470000000000007,300.0,299.9302170455549,0.03301435451978546,0.032983649716794045,0.033314376638445393,0.0
0.9480000000000007,300.0,299.93112608554287,0.03301214522450292,0.03298148239470932,0.033312258166412735,0.0
0.9490000000000007,300.0,299.9320337161942,0.03300906620756527,0.032978459306083334,0.033309274824209756,0.0
0.9500000000000007,300.0,299.9329395391627,0.03300515331448965,0.032974615714420744,0.03330546224427357,0.0
0.9510000000000007,300.0,299.9338431727308,0.03300044139290358,0.032969985901663695,0.033300855066937494,0.0
0.9520000000000007,300.0,299.934744251344,0.0329949643144945,0.032964603189781005,0.033295486962261464,0.0
0.9530000000000007,300.0,299.93564242515527,0.03298875499663337,0.03295849996203219,0.03328939065153286,0.0
0.9540000000000007,300.0,299.9365373595801,0.032981845423571146,0.03295170768381839,0.03328259792834982,0.0
0.9550000000000007,300.0,299.93742873486104,0.032974266667298816,0.03294425692319514,0.03327513967936213,0.0
0.9560000000000007,300.0,299.9383162456427,0.03296604890802404,0.032936177371013106,0.033267045904635806,0.0
0.9570000000000007,300.0,299.93919960055507,0.032957221454279324,0.03292749786069701,0.03325834573765146,0.0
0.9580000000000007,300.0,299.94007852180795,0.03294781276269964,0.03291824638769487,0.03324906746496936,0.0
0.9590000000000007,300.0,299.9409527447932,0.0329378504574145,0.03290845012855091,0.03323923854551346,0.0
0.9600000000000007,300.0,299.94182201769684,0.032927361349092354,0.03289813545963787,0.033228885629511054,0.0
0.9610000000000007,300.0,299.94268610111965,0.03291637145367043,0.0328873279755786,0.03321803457711793,0.0
0.9620000000000007,300.0,299.9435447677071,0.03290490601072092,0.032876052507308434,0.033206710476680265,0.0
0.9630000000000007,300.0,299.94439780178755,0.03289298950146117,0.03286433313979022,0.033194937662644905,0.0
0.9640000000000007,300.0,299.9452449990184,0.03288064566646076,0.03285219322943008,0.03318273973316721,0.0
0.9650000000000007,300.0,299.94608616604177,0.03286789752302562,0.03283965542117504,0.03317013956739667,0.0
0.9660000000000007,300.0,299.9469211201466,0.03285476738221339,0.0328267416652496,0.03315715934239767,0.0
0.9670000000000007,300.0,299.94774968894075,0.03284127686559019,0.03281347323363581,0.033143820549810576,0.0
0.9680000000000007,300.0,299.9485717100289,0.032827446921618715,0.0327998707361929,0.033130144012148144,0.0
0.9690000000000007,300.0,299.94938703069977,0.032813297841765295,0.032785954136499915,0.03311614989881197,0.0
0.9700000000000008,300.0,299.9501955076199,0.03279884927628677,0.03277174276738082,0.03310185774178748,0.0
0.9710000000000008,300.0,299.95099700653543,0.03278412024971468,0.03275725534613808,0.033087286451044334,0.0
0.9720000000000008,300.0,299.95179140198,0.03276912917604863,0.03274250998949286,0.03307245432963979,0.0
0.9730000000000008,300.0,299.9525785769917,0.0327538938736655,0.032727524228251446,0.033057379088545294,0.0
0.9740000000000008,300.0,299.95335842283515,0.03273843157988873,0.03271231502163467,0.03304207786113225,0.0
0.9750000000000008,300.0,299.954130838731,0.03272275896533456,0.03269689877138911,0.03302656721743697,0.0
0.9760000000000008,300.0,299.95489573159284,0.03270689214795782,0.03268129133560175,0.03301086317812576,0.0
0.9770000000000008,300.0,299.95565301576954,0.032690846706764184,0.03266550804218799,0.03299498122812957,0.0
0.9780000000000008,300.0,299.956402612795,0.03267463769535462,0.032649563702212066,0.03297893633010916,0.0
0.9790000000000008,300.0,299.9571444511434,0.03265827965508896,0.03263347262283642,0.03296274293754513,0.0
0.9800000000000008,300.0,299.9578784659912,0.03264178662805945,0.032617248620081585,0.032946415007636065,0.0
0.9810000000000008,300.0,299.958604598985,0.03262517216978337,0.032600905031311855,0.03292996601391953,0.0
0.9820000000000008,300.0,299.9593227980151,0.032608449361616484,0.03258445472744325,0.03291340895861215,0.0
0.9830000000000008,300.0,299.9600330169955,0.03259163082294331,0.03256791012493438,0.032896756384730164,0.0
0.9840000000000008,300.0,299.96073521564864,0.032574728723084284,0.032551283197500856,0.032880020387930385,0.0
0.9850000000000008,300.0,299.96142935929686,0.032557754793010096,0.0325345854876345,0.032863212628153685,0.0
0.9860000000000008,300.0,299.96211541865813,0.0325407203367469,0.03251782811782241,0.032846344340965096,0.0
0.9870000000000008,300.0,299.9627933696481,0.032523636242590914,0.03250102180157948,0.03282942634870516,0.0
0.9880000000000008,300.0,299.9634631931869,0.03250651299407598,0.03248417685423439,0.03281246907139194,0.0
0.9890000000000008,300.0,299.96412487501107,0.03248936068070277,0.03246730320348439,0.03279548253738937,0.0
0.9900000000000008,300.0,299.96477840549056,0.032472189008452175,0.032450410399735403,0.03277847639385837,0.0
0.9910000000000008,300.0,299.96542377945065,0.03245500731007228,0.03243350762622193,0.03276145991698537,0.0
0.9920000000000008,300.0,299.96606099599893,0.03243782455514194,0.032416603708904174,0.032744442021985586,0.0
0.9930000000000008,300.0,299.9666900583564,0.03242064935991726,0.0323997071261552,0.032727431272893834,0.0
0.9940000000000008,300.0,299.9673109736937,0.03240348999697284,0.03238282601824262,0.03271043589214784,0.0
0.9950000000000008,300.0,299.9679237529716,0.03238635440463037,0.03236596819660501,0.032693463769963654,0.0
0.9960000000000008,300.0,299.9685284107858,0.03236925019619216,0.03234914115293231,0.03267652247351315,0.0
0.9970000000000008,300.0,299.9691249652162,0.03235218466894677,0.032332352068025934,0.03265961925587871,0.0
0.9980000000000008,300.0,299.9697134376806,0.03233516481300717,0.03231560782049147,0.03264276106483846,0.0
0.9990000000000008,300.0,299.97029385279194,0.03231819731993453,0.03229891499522021,0.03262595455143826,0.0
1.0000000000000007,800.0,306.81848237586394,20.0,19.670766099000385,19.864623346934607,2.0
1.0010000000000006,800.0,315.34201945093724,20.0,19.69252066206097,19.888398399677566,2.0
1.0020000000000004,800.0,323.8677585899108,20.0,19.6930656089034,19.890781979276124,2.0
1.0030000000000003,800.0,332.39419629766803,20.0,19.69353346958034,19.89312330669415,2.0
1.0040000000000002,800.0,340.9213205744424,20.0,19.693947035888673,19.895444334056123,2.0
1.0050000000000001,800.0,349.4491226845231,20.0,19.694311376419055,19.897749118954785,2.0
1.006,800.0,357.977595712524,20.0,19.694631069464446,19.90004124524747,2.0
1.007,800.0,366.5067343538667,20.0,19.694910262287195,19.902323882477344,2.0
1.0079999999999998,800.0,375.03653472683374,20.0,19.695152712126816,19.90459982684561,2.0
1.0089999999999997,800.0,383.56699420323525,20.0,19.695361823286234,19.906871538237375,2.0
1.0099999999999996,800.0,392.0981112558968,20.0,19.695540680680722,19.9091411736886,2.0
1.0109999999999995,800.0,400.6298853213533,20.0,19.695692080187328,19.91141061763473,2.0
1.0119999999999993,800.0,409.162316676285,20.0,19.695818556100146,19.91368150924888,2.0
1.0129999999999992,800.0,417.69540632637313,20.0,19.69592240596752,19.915955267147723,2.0
1.0139999999999991,800.0,426.2291559063798,20.0,19.696005713061158,19.918233111717043,2.0
1.014999999999999,800.0,434.76356759036906,20.0,19.696070366703186,19.920516085284692,2.0
1.015999999999999,800.0,443.2986440110912,20.0,19.69611808065531,19.92280507034661,2.0
1.0169999999999988,800.0,451.83438818764716,20.0,19.69615040975541,19.925100806032546,2.0
1.0179999999999987,800.0,460.3708034606293,20.0,19.696168764968444,19.92740390297958,2.0
1.0189999999999986,800.0,468.90789343402,20.0,19.696174427003182,19.92971485676601,2.0
1.0199999999999985,800.0,477.4456619231885,20.0,19.696168558631577,19.9320340600433,2.0
1.0209999999999984,800.0,485.9841129083988,20.0,19.69615221583456,19.93436181349067,2.0
1.0219999999999982,800.0,494.5232504932914,20.0,19.69612635788618,19.93669833570522,2.0
1.0229999999999981,800.0,503.0630788678541,20.0,19.696091856477494,19.939043772129196,2.0
1.023999999999998,800.0,511.6036022754477,20.0,19.696049503971754,19.941398203106957,2.0
1.024999999999998,800.0,520.1448249834875,20.0,19.696000020873747,19.943761651154766,2.0
1.0259999999999978,800.0,528.6867512574253,20.0,19.695944062588303,19.9461340875189,2.0
1.0269999999999977,800.0,537.2293853377074,20.0,19.695882225535833,19.948515438090404,2.0
1.0279999999999976,800.0,545.7727314194162,20.0,19.695815052686058,19.950905588737932,2.0
1.0289999999999975,800.0,554.316793634332,20.0,19.695743038565617,19.953304390114717,2.0
1.0299999999999974,800.0,562.8615760351745,20.0,19.695666633789628,19.955711661990023,2.0
1.0309999999999973,800.0,571.4070825818097,20.0,19.69558624916263,19.958127197150677,2.0
1.0319999999999971,800.0,579.9533171292252,20.0,19.695502259389954,19.960550764914057,2.0
1.032999999999997,800.0,588.5002834170982,20.0,19.695415006436743,19.962982114289858,2.0
1.033999999999997,800.0,597.0479850607971,20.0,19.695324802568123,19.965420976824337,2.0
1.0349999999999968,800.0,605.5964255436712,20.0,19.69523193310096,19.967867069157613,2.0
1.0359999999999967,800.0,614.1456082104988,20.0,19.695136658894747,19.97032009532169,2.0
1.0369999999999966,800.0,622.6955362619769,20.0,19.69503921860646,19.972779748804136,2.0
1.0379999999999965,800.0,631.2462127501436,20.0,19.69493983073179,19.97524571439998,2.0
1.0389999999999964,800.0,639.7976405746394,20.0,19.6948386954533,19.977717669872348,2.0
1.0399999999999963,800.0,648.3498224797203,20.0,19.694735996313693,19.980195287440278,2.0
1.0409999999999962,800.0,656.9027610519405,20.0,19.69463190173104,19.982678235110363,2.0
1.041999999999996,800.0,665.4564587184409,20.0,19.694526566370893,19.985166177867498,2.0
1.042999999999996,800.0,674.0109177457737,20.0,19.694420132388966,19.987658778738165,2.0
1.0439999999999958,800.0,682.5661402392035,20.0,19.694312730556728,19.99015569973892,2.0
1.0449999999999957,800.0,691.122128142441,20.0,19.694204481280977,19.992656602720878,2.0
1.0459999999999956,800.0,699.6788832377559,20.0,19.694095495527634,19.995161150120772,2.0
1.0469999999999955,800.0,708.236407146425,20.0,19.693985875658687,19.997669005627273,2.0
1.0479999999999954,800.0,716.7947013294831,20.0,19.693875716190696,20.000179834771178,2.0
1.0489999999999953,800.0,725.3537670887379,20.0,19.693765104482246,20.002693305446662,2.0
1.0499999999999952,800.0,733.9136055680179,20.0,19.693654121357138,20.005209088370687,2.0
1.050999999999995,800.0,742.3332944133041,19.65365633263488,19.35380852488085,19.662246186576567,2.0
1.051999999999995,800.0,750.4706991730995,19.01749563980179,18.72936938608533,19.029654614100902,2.0
1.0529999999999948,800.0,758.3114978273536,18.39616644567349,18.119194724204373,18.41124658932064,2.0
1.0539999999999947,800.0,765.8631972261,17.791164196199063,17.52500248545785,17.808797877996728,2.0
1.0549999999999946,800.0,773.1333124986024,17.202170604168096,16.946488736652274,17.222026565934044,2.0
1.0559999999999945,800.0,780.129218864286,16.628858827616096,16.38333868827125,16.65063785163135,2.0
1.0569999999999944,800.0,786.858151264023,16.070905875812763,15.83524058710648,16.094338262255963,2.0
1.0579999999999943,800.0,793.3272051259142,15.527992786664667,15.301885981502002,15.552836010749477,2.0
1.0589999999999942,800.0,799.5433372557563,14.99980470946067,14.78296987455037,15.025841237299083,2.0
1.059999999999994,800.0,805.5133668356078,14.48603097636964,14.278190858824996,14.513066230070969,2.0
1.060999999999994,800.0,811.2439765212067,13.98636516394981,13.787251234670808,14.014225627033296,2.0
1.0619999999999938,800.0,816.7417136295966,13.500505145330893,13.309857113347807,13.529036600000863,2.0
1.0629999999999937,800.0,822.0129914088187,13.02815313368989,12.845718506221798,13.05721902197098,2.0
1.0639999999999936,800.0,827.0640903820481,12.569015717607861,12.394549401108549,12.59849561876515,2.0
1.0649999999999935,800.0,831.9011597589932,12.122803888860638,11.956067826794271,12.15259210593694,2.0
1.0659999999999934,800.0,836.5302189078385,11.68923306316679,11.529995906680885,11.719237311857428,2.0
1.0669999999999933,800.0,840.9571588814218,11.268023094385649,11.116059902433474,11.298163287840664,2.0
1.0679999999999932,800.0,845.1877439917357,10.85889828263022,10.713990248442512,10.88910540612595,2.0
1.068999999999993,800.0,849.22761342722,10.461587376733668,10.323521577854024,10.491802446490786,2.0
1.069999999999993,800.0,853.0822829076662,10.075823571481973,9.944392740864295,10.105996672225928,2.0
1.0709999999999928,800.0,856.7571463718916,9.701344500002095,9.576346815925167,9.731433896165324,2.0
1.0719999999999927,800.0,860.2574776936614,9.337892221671774,9.219131114457662,9.367863537425649,2.0
1.0729999999999926,800.0,863.588432421637,8.985213205895485,8.872497179627644,9.015038669474194,2.0
1.0739999999999925,800.0,866.7550495394038,8.64305831207078,8.53620077969638,8.672716060110297,2.0
1.0749999999999924,800.0,869.7622532419211,8.311182766050198,8.210001896421215,8.340656203912959,2.0
1.0759999999999923,800.0,872.6148547249671,7.989346133384494,7.893664708945434,8.018623347675799,2.0
1.0769999999999922,800.0,875.3175539844063,7.677312289616749,7.5869575735849475,7.706385509322157,2.0
1.077999999999992,800.0,877.8749416223267,7.374849387879817,7.289652999888471,7.403714490764692,2.0
1.078999999999992,800.0,880.2915006573074,7.081729824033983,7.001527623319924,7.110385885147324,2.0
1.0799999999999919,800.0,882.571608336279,6.797730199567197,6.722362174885914,6.826179078882435,2.0
1.0809999999999917,800.0,884.7195379456264,6.522631282466276,6.451941448006996,6.550877248872229,2.0
1.0819999999999916,800.0,886.7394606193651,6.256217966254065,6.190054262908778,6.284267355280317,2.0
1.0829999999999915,800.0,888.6354471423836,5.998279227375242,5.936493428788298,6.026140130198099,2.0
1.0839999999999914,800.0,890.4114697469068,5.748608081101993,5.691055703992081,5.776290062530396,2.0
1.0849999999999913,800.0,892.0714039004846,5.5070015361191444,5.453541754423887,5.534515379404873,2.0
1.0859999999999912,800.0,893.6190300839414,5.273260547938162,5.2237561103837695,5.300618024391642,2.0
1.086999999999991,800.0,895.0580355578653,5.04718997127965,5.001507122024814,5.074403632802194,2.0
1.087999999999991,800.0,896.3920161163236,4.828598511554214,4.78660691359913,4.855681504319772,2.0
1.0889999999999909,800.0,897.6244778266191,4.617298675563557,4.578871336652164,4.644264573198507,2.0
1.0899999999999908,800.0,898.7588387540064,4.413106721534422,4.378119922311105,4.439969376252799,2.0
1.0909999999999906,800.0,899.7984306703785,4.215842608590899,4.184175832802427,4.242616018845242,2.0
1.0919999999999905,800.0,900.7465007460469,4.025329945763193,3.9968658123228353,4.052028139067858,2.0
1.0929999999999904,800.0,901.6062132238122,3.841395940623686,3.816020137377779,3.8680328702987694,2.0
1.0939999999999903,800.0,902.3806510746081,3.66387134763489,3.6414725666927046,3.6904608023046643,2.0
1.0949999999999902,800.0,903.0728176340865,3.492590416287957,3.4730602907939687,3.519145941048514,2.0
1.09599999999999,800.0,903.6856382195745,3.3273908391042433,3.310623881348023,3.353925667351001,2.0
1.09699999999999,800.0,904.2219617269062,3.1681136995672308,3.154007240340345,3.1946406945443027,2.0
1.0979999999999899,800.0,904.6845622066963,3.014603420047262,3.0030575491690996,3.0411350252478155,2.0
1.0989999999999898,800.0,905.0761404196763,2.8667077097764544,2.8576252177218042,2.893255907386049,2.0
1.0999999999999897,800.0,905.399325370773,2.7242775129267525,2.717563833497577,2.7508537895607406,2.0
1.1009999999999895,800.0,905.656675821661,2.5871669568403206,2.5827301108325322,2.6137822758817686,2.0
1.1019999999999894,800.0,905.8506817815603,2.4552333004567384,2.45298384028007,2.4818980803531923,2.0
1.1029999999999893,800.0,905.9837659761034,2.328336882978787,2.328187838194175,2.355060980904784,2.0
1.1039999999999892,800.0,906.0582852941313,2.2063410728143573,2.2082078965586955,2.233133773152067,2.0
1.104999999999989,800.0,906.0765322123148,2.0891122168291396,2.0929127331019868,2.1159822239620225,2.0
1.105999999999989,800.0,906.0407361975384,1.9765195899419297,1.9821739417327602,2.003475024896042,2.0
1.1069999999999889,800.0,905.953065087008,1.868435345091081,1.87586594332911,1.8954837455957594,2.0
1.1079999999999888,800.0,905.815626446079,1.764734463598577,1.7738659369100809,1.7918827871728735,2.0
1.1089999999999887,800.0,905.630468903827,1.665294705955347,1.6760538512158492,1.6925493356588817,2.0
1.1099999999999886,800.0,905.3995834664096,1.5699965630492265,1.5823122967199472,1.5973633155662166,2.0
1.1109999999999884,800.0,905.1249048082883,1.4787232078550279,1.4925265180946843,1.5062073436082906,2.0
1.1119999999999883,800.0,904.8083125414028,1.3913604476039083,1.4065843471482953,1.4189666826216896,2.0
1.1129999999999882,800.0,904.4516324624078,1.307796676447726,1.324376156250637,1.335529195730486,2.0
1.113999999999988,800.0,904.0566377781067,1.2279228286320443,1.2457948122619216,1.25578530078881,2.0
1.114999999999988,800.0,903.6250503092186,1.1516323321897914,1.170735630977166,1.1796279251346131,2.0
1.115999999999988,800.0,903.1585416726457,1.0788210631665454,1.0990963320978309,1.1069524606849888,2.0
1.1169999999999878,800.0,902.6587344424119,1.0093873003866065,1.0307769947401073,1.0376567194001298,2.0
1.1179999999999877,800.0,902.1272032894569,0.9432316807676866,0.9656800134879276,0.9716408891404196,2.0
1.1189999999999876,800.0,901.5654761004839,0.88025715519138,0.9037100549979462,0.9088074899391578,2.0
1.1199999999999875,800.0,900.9750350760645,0.8203689449347635,0.8447740151618571,0.8490613307104833,2.0
1.1209999999999873,800.0,900.3573178082202,0.7634744986680495,0.7887809768309145,0.7923094664105181,2.0
1.1219999999999872,800.0,899.7137183376959,0.7094834500218763,0.7356421681061115,0.7384611556673849,2.0
1.1229999999999871,800.0,899.0455881911613,0.6583075757272159,0.6852709211968506,0.6874278188942199,2.0
1.123999999999987,800.0,898.3542373985723,0.6098607543298034,0.6375826318497619,0.6391229968972707,2.0
1.124999999999987,800.0,897.6409354909352,0.5640589254805466,0.5924947193489332,0.5934623099899689,2.0
1.1259999999999868,800.0,896.9069124787156,0.520820049802273,0.5499265870876213,0.5503634176219152,2.0
1.1269999999999867,800.0,896.1533598111455,0.4800640693330873,0.5097995837114774,0.5097459785309749,2.0
1.1279999999999866,800.0,895.3814313166782,0.44171286854551717,0.4720369648321352,0.47153161142482347,2.0
1.1289999999999865,800.0,894.5922441248472,0.40569023594036047,0.4365638553098415,0.43564385619749574,2.0
1.1299999999999863,800.0,893.7868795697868,0.3719218262136037,0.40330721210317627,0.40200813568527416,2.0
1.1309999999999862,800.0,892.9663840756733,0.3403351229942482,0.37219578768344747,0.37055171796524344,2.0
1.1319999999999861,800.0,892.131770024348,0.31085940215068053,0.3431600940110865,0.3412036791990746,2.0
1.132999999999986,800.0,891.284016605381,0.2834256956624035,0.31613236707064146,0.31389486702339303,2.0
1.133999999999986,800.0,890.4240706488408,0.2579667560543717,0.29104653196132474,0.28855786448801024,2.0
1.1349999999999858,800.0,889.5528474410305,0.23441702138983622,0.2678381685387869,0.2651269545415943,2.0
1.1359999999999857,800.0,888.6712315234498,0.21271258081831323,0.24644447760451493,0.24353808506470398,2.0
1.1369999999999856,800.0,887.7800774752486,0.19279114067430392,0.22680424763825502,0.22372883444875746,2.0
1.1379999999999855,800.0,886.88021067943,0.1745919911225755,0.20885782206909917,0.2056383777194168,2.0
1.1389999999999854,800.0,885.9724280730613,0.158055973345399,0.1925470670804152,0.18920745320210297,2.0
1.1399999999999852,800.0,885.0574988817539,0.14312544726711351,0.17781533994385876,0.17437832972713885,2.0
1.1409999999999851,800.0,884.1361653386691,0.129744259811007,0.16460745787729308,0.161094774371337,2.0
1.141999999999985,800.0,883.2091433883008,0.11785771368342068,0.152869667421401,0.149302020732574,2.0
1.142999999999985,800.0,882.2771233752949,0.10741253668018746,0.1425496143299745,0.13894673773387267,2.0
1.1439999999999848,800.0,881.3407707185519,0.09835685150967333,0.13359631396806274,0.1299769989525005,2.0
1.1449999999999847,800.0,880.400726570865,0.09064014612737914,0.12596012221284278,0.12234225247009531,2.0
1.1459999999999846,800.0,879.4576084643415,0.08421324457641433,0.11959270685146006,0.11599329123903851,2.0
1.1469999999999845,800.0,878.5120109418491,0.0790282783282299,0.11444701947017834,0.11088222396023029,2.0
1.1479999999999844,800.0,877.5645061747355,0.07503865811815924,0.11047726782931994,0.1069624464674252,2.0
1.1489999999999843,800.0,876.615644567055,0.07219904626982476,0.10763888871806503,0.10418861361273601,2.0
1.1499999999999841,800.0,875.6659553465478,0.07046532950285478,0.10588852128351059,0.10251661164813541,2.0
1.150999999999984,800.0,874.7159471425975,0.06979459221791995,0.10518398082799482,0.10190353109727485,2.0
1.151999999999984,800.0,873.766108551408,0.07014509025353455,0.10548423306917108,0.10230764011232898,2.0
1.1529999999999838,800.0,872.8169086886254,0.07147622510853413,0.10674936885670709,0.10368835830986922,2.0
1.1539999999999837,800.0,871.8687977296324,0.0737485186243596,0.10894057933983045,0.10600623108004137,2.0
1.1549999999999836,800.0,870.9222074377374,0.07692358812153799,0.11202013158010006,0.10922290436341034,2.0
1.1559999999999835,800.0,869.9775516804863,0.08096412198433178,0.11595134460344175,0.11330109988942821,2.0
1.1569999999999834,800.0,869.0352269343066,0.0858338556874525,0.12069856588539787,0.11820459087033175,2.0
1.1579999999999833,800.0,868.0956127777071,0.09149754825942491,0.12622714826424195,0.12389817814493953,2.0
1.1589999999999832,800.0,867.159072373241,0.09792095917636434,0.13250342727577666,0.1303476667659269,2.0
1.159999999999983,800.0,866.2259529384451,0.10507082568060433,0.13949469890434557,0.13751984302484202,2.0
1.160999999999983,800.0,865.2965862059607,0.11291484051808887,0.1471691977440357,0.14538245190852978,2.0
1.1619999999999828,800.0,864.3712888730415,0.12142163008898788,0.1554960755646391,0.1539041749811997,2.0
1.1629999999999827,800.0,863.4503630406483,0.13056073300554605,0.1644453802764498,0.1630546086858512,2.0
1.1639999999999826,800.0,862.5340966423302,0.14030257905159083,0.1739880352884362,0.17280424305921538,2.0
1.1649999999999825,800.0,861.6227638630863,0.15061846853789795,0.18409581925407723,0.18312444085410137,2.0
1.1659999999999824,800.0,860.7166255484034,0.16148055204770273,0.1947413461992648,0.19398741706313474,2.0
1.1669999999999823,800.0,859.8159296036553,0.17286181056681738,0.20589804602681847,0.2053662188380079,2.0
1.1679999999999822,800.0,858.9209113840521,0.18473603599264354,0.2175401453920373,0.21723470579823162,2.0
1.168999999999982,800.0,858.0317940753282,0.1970778120167198,0.22964264894402092,0.2295675307236783,2.0
1.169999999999982,800.0,857.1487890653411,0.2098624953748498,0.24218132092691716,0.24234012062462346,2.0
1.1709999999999818,800.0,856.2720963067696,0.22306619745983802,0.2551326671362583,0.2555286581840027,2.0
1.1719999999999817,800.0,855.4019046710763,0.23666576629100167,0.26847391722464975,0.2691100635656925,2.0
1.1729999999999816,800.0,854.53839229392,0.25063876883543657,0.2821830073519153,0.2830619765834733,2.0
1.1739999999999815,800.0,853.6817269121749,0.2649634736751496,0.2962385631739329,0.29736273922445305,2.0
1.1749999999999814,800.0,852.8320661927359,0.279618834015424,0.31061988316563527,0.31199137852198877,2.0
1.1759999999999813,800.0,851.9895580532665,0.29458447102854723,0.32530692227243907,0.3269275897719209,2.0
1.1769999999999812,800.0,851.1543409750548,0.3098406575281052,0.34028027588541715,0.3421517200870035,2.0
1.177999999999981,800.0,850.3265443081384,0.3253683019686031,0.35552116413508617,0.3576447522839713,2.0
1.178999999999981,800.0,849.5062885688542,0.34114893276511715,0.3710114164986588,0.3733882890976675,2.0
1.1799999999999808,800.0,848.6936857299632,0.3571646829281274,0.3867334567159881,0.3893645377170456,2.0
1.1809999999999807,800.0,847.8888395035115,0.37339827500855804,0.40267028800940063,0.4055562946378326,2.0
1.1819999999999806,800.0,847.091845616568,0.3898330063478088,0.41880547860226636,0.42194693082630114,2.0
1.1829999999999805,800.0,846.3027920799904,0.40645273462815323,0.4351231475318445,0.4385203771892975,2.0
1.1839999999999804,800.0,845.5217594503622,0.42324186371851713,0.4516079507514985,0.45526111034523786,2.0
1.1849999999999803,800.0,844.7488210852438,0.4401853298108973,0.46824506751767814,0.4721541386910941,2.0
1.1859999999999802,800.0,843.984043391877,0.457268587842544,0.4850201870568921,0.4891849887602294,2.0
1.18699999999998,800.0,843.2274860694786,0.47447759819942004,0.5019194955083164,0.5063396918663757,2.0
1.18799999999998,800.0,842.4792023452602,0.49179881369616796,0.5189296631373504,0.5236047710287148,2.0
1.1889999999999799,800.0,841.7392392043072,0.5092191668279615,0.5360378318156336,0.5409672281732445,2.0
1.1899999999999797,800.0,841.0076376134429,0.5267260572897632,0.553231602763145,0.5584145316057214,2.0
1.1909999999999796,800.0,840.2844327392118,0.544307339758578,0.5704990245480809,0.5759346037515629,2.0
1.1919999999999795,800.0,839.5696541601043,0.561951311934076,0.587828581339987,0.5935158091578702,2.0
1.1929999999999794,800.0,838.8633260731453,0.5796467028333603,0.605209181412038,0.6111469427531734,2.0
1.1939999999999793,800.0,838.165467494973,0.5973826613355802,0.6226301458882488,0.6288172183603916,2.0
1.1949999999999792,800.0,837.4760924575221,0.6151487449719228,0.640081197731265,0.6465162574583713,2.0
1.195999999999979,800.0,836.795210198431,0.6329349089568788,0.6575524509667334,0.6642340781877372,2.0
1.196999999999979,800.0,836.1228253462899,0.6507314954568146,0.6750344001403618,0.6819610845969006,2.0
1.1979999999999789,800.0,835.4589381008384,0.6685292230911668,0.6925179100030966,0.6996880561233992,2.0
1.1989999999999787,800.0,834.8035444082277,0.6863191766628258,0.7099942054210866,0.717406137306988,2.0
1.1999999999999786,800.0,834.1566361314542,0.7040927971133244,0.7274548615061224,0.7351068277299407,2.0
1.2009999999999785,800.0,833.5182012160726,0.721841871698953,0.7448917939627698,0.7527819721805453,2.0
1.2019999999999784,800.0,832.8882238512952,0.7395585243838605,0.762297249648363,0.7704237510357337,2.0
1.2029999999999783,800.0,832.2666846265748,0.7572352064462167,0.7796637973420055,0.7880246708587881,2.0
1.2039999999999782,800.0,831.6535606837821,0.7748646872939062,0.7969843187191301,0.8055775552084635,2.0
1.204999999999978,800.0,831.0488258650652,0.7924400454855407,0.814251999527519,0.8230755356552263,2.0
1.205999999999978,800.0,830.4524508565019,0.8099546599535086,0.8314603209615452,0.8405120430011825,2.0
1.2069999999999779,800.0,829.8644033276282,0.8274022014250795,0.8486030512307757,0.8578807986996437,2.0
1.2079999999999778,800.0,829.2846480669475,0.8447766240381109,0.8656742373195373,0.8751758064707572,2.0
1.2089999999999776,800.0,828.7131471135051,0.8620721571477286,0.8826681969339006,0.892391344109481,2.0
1.2099999999999775,800.0,828.1498598846233,0.8792832973204767,0.8995795106326627,0.9095219554823128,2.0
1.2109999999999774,800.0,827.5947432998844,0.8964048005124852,0.9164030141389498,0.9265624427092448,2.0
1.2119999999999773,800.0,827.0477519014457,0.9134316744281739,0.9331337908290344,0.9435078585273677,2.0
1.2129999999999772,800.0,826.5088379707807,0.93035917105628,0.949767164395208,0.9603534988328266,2.0
1.213999999999977,800.0,825.97795164192,0.9471827793795562,0.9662986916791674,0.9770948953974397,2.0
1.214999999999977,800.0,825.4550410112796,0.963898218255228,0.9827241556730381,0.9937278087569581,2.0
1.2159999999999769,800.0,824.94005224416,0.9805014294628074,0.9990395586847058,1.0102482212675137,2.0
1.2169999999999768,800.0,824.4329296779864,0.996988570915903,1.0152411156641896,1.0266523303268467,2.0
1.2179999999999767,800.0,823.9336159223793,1.0133560100353716,1.031325247688431,1.0429365417575724,2.0
1.2189999999999765,800.0,823.4420519561204,1.029600317280067,1.0472885756008405,1.0590974633487014,2.0
1.2199999999999764,800.0,822.9581772210954,1.0457182598327022,1.0631279138031888,1.0751318985528875,2.0
1.2209999999999763,800.0,822.4819297132852,1.0617067954375647,1.0788402641966197,1.0910368403360646,2.0
1.2219999999999762,800.0,822.0132460708778,1.0775630663870757,1.0944228102688482,1.1068094651764337,2.0
1.222999999999976,800.0,821.552061659566,1.0932843936543422,1.1098729113247754,1.1224471272099157,2.0
1.223999999999976,800.0,821.0983106551103,1.10886827116909,1.1251880968579124,1.13794735251938,2.0
1.2249999999999759,800.0,820.6519261232224,1.124312360233476,1.140366061059228,1.1533078335641407,2.0
1.2259999999999758,800.0,820.2128400968455,1.1396144840758704,1.1554046574615227,1.1685264237477582,2.0
1.2269999999999757,800.0,819.78098365089,1.1547726225390587,1.1703018937158598,1.1836011321205582,2.0
1.2279999999999756,800.0,819.3562869744904,1.1697849069007586,1.1850559264979939,1.1985301182147403,2.0
1.2289999999999754,800.0,818.938679440846,1.184649614823444,1.1996650565418272,1.2133116870090157,2.0
1.2299999999999753,800.0,818.5280896747051,1.1993651654309887,1.2141277237974895,1.2279442840202848,2.0
1.2309999999999752,800.0,818.1244456175526,1.2139301145095671,1.228442502711498,1.2424264905197389,2.0
1.2319999999999751,800.0,817.7276745905613,1.2283431498302901,1.242608097626541,1.2567570188708461,2.0
1.232999999999975,800.0,817.3377033553617,1.2426030865908753,1.2566233382982308,1.270934707986502,2.0
1.233999999999975,800.0,816.9544581726876,1.2567088629742715,1.2704871755267915,1.284958518903229,2.0
1.2349999999999748,800.0,816.5778648589519,1.270659535821508,1.2841986769009925,1.2988275304696777,2.0
1.2359999999999747,800.0,816.2078488408079,1.2844542764164817,1.2977570226521016,1.3125409351471298,2.0
1.2369999999999746,800.0,815.8443352077455,1.2980923663804442,1.3111615016156486,1.3260980349197304,2.0
1.2379999999999745,800.0,815.487248762778,1.3115731936737383,1.3244115072985931,1.3394982373119888,2.0
1.2389999999999743,800.0,815.1365140712658,1.3248962487026903,1.3375065340498677,1.3527410515114435,2.0
1.2399999999999742,800.0,814.7920555079296,1.3380611205292379,1.350446173331879,1.3658260845940344,2.0
1.2409999999999741,800.0,814.4537973021,1.351067493181299,1.363230110091049,1.3787530378501942,2.0
1.241999999999974,800.0,814.1216635812495,1.3639151420615794,1.375858119225115,1.3915217032093292,2.0
1.242999999999974,800.0,813.7955784128562,1.376603930452888,1.3883300621453027,1.4041319597607538,2.0
1.2439999999999738,800.0,813.4754658446409,1.38913380611762,1.4006458834310644,1.4165837703687085,2.0
1.2449999999999737,800.0,813.1612499432259,1.4015047979897204,1.412805607575747,1.4288771783797976,2.0
1.2459999999999736,800.0,812.8528548312546,1.4137170129566783,1.4248093358207519,1.441012304420334,2.0
1.2469999999999735,800.0,812.5502047230159,1.425770632730055,1.4366572430767546,1.4529893432821401,2.0
1.2479999999999734,800.0,812.2532239586174,1.437665910802233,1.4483495749296835,1.4648085608944381,2.0
1.2489999999999732,800.0,811.9618370367426,1.4494031694877187,1.4598866447298378,1.4764702913801826,2.0
1.2499999999999731,800.0,811.6759686460366,1.460982797047032,1.4712688307622057,1.4879749341948387,2.0
1.250999999999973,800.0,811.3955436951564,1.4724052448912834,1.4824965734961226,1.4993229513457236,2.0
1.251999999999973,800.0,811.1204873415235,1.4836710248658025,1.4935703729126493,1.5105148646902329,2.0
1.2529999999999728,800.0,810.8507250188178,1.494780706610919,1.504490785907828,1.5215512533110895,2.0
1.2539999999999727,800.0,810.5861824632465,1.505734914998166,1.515258423770096,1.5324327509668438,2.0
1.2549999999999726,800.0,810.3267857386251,1.5165343276402852,1.5258739497302751,1.5431600436160164,2.0
1.2559999999999725,800.0,810.0724612603032,1.5271796724732076,1.5363380765823447,1.55373386701305,2.0
1.2569999999999724,800.0,809.8231358179714,1.537671725408626,1.5466515643736238,1.5641550043746746,2.0
1.2579999999999723,800.0,809.5787365973813,1.5480113080551683,1.556815218162433,1.574424284114705,2.0
1.2589999999999721,800.0,809.3391912010062,1.5581992855068312,1.5668298858418919,1.5845425776459106,2.0
1.259999999999972,800.0,809.1044276676835,1.568236564197253,1.576696456028471,1.5945107972475467,2.0
1.260999999999972,800.0,808.8743744912596,1.5781240898178661,1.5864158560133768,1.6043298939965775,2.0
1.2619999999999718,800.0,808.6489606382742,1.5878628452989139,1.5959890497757458,1.6140008557615664,2.0
1.2629999999999717,800.0,808.4281155647099,1.5974538488514218,1.605417036055816,1.623524705257346,2.0
1.2639999999999716,800.0,808.2117692318352,1.6068981520690626,1.6147008464869805,1.6329024981593676,2.0
1.2649999999999715,800.0,807.9998521211729,1.6161968380882241,1.6238415437851106,1.6421353212760774,2.0
1.2659999999999714,800.0,807.7922952486156,1.6253510198050374,1.632840219993886,1.6512242907780408,2.0
1.2669999999999713,800.0,807.5890301777181,1.634361838147894,1.6416979947847228,1.6601705504823716,2.0
1.2679999999999712,800.0,807.3899890321931,1.64323046040436,1.6504160138101949,1.6689752701913478,2.0
1.268999999999971,800.0,807.195104507634,1.6519580786007926,1.6589954471092987,1.6776396440835386,2.0
1.269999999999971,800.0,807.00430988249,1.660545907933649,1.667437487563569,1.6861648891564158,2.0
1.2709999999999708,800.0,806.817539028316,1.66899518525124,1.675743349402818,1.6945522437192215,2.0
1.2719999999999707,800.0,806.6347264193255,1.677307167584551,1.6839142667591351,1.7028029659346882,2.0
1.2729999999999706,800.0,806.4558071412629,1.6854831307259257,1.691951492267977,1.7109183324084334,2.0
1.2739999999999705,800.0,806.2807168996228,1.693524367854667,1.6998562957154089,1.718899636825067,2.0
1.2749999999999704,800.0,806.109392027236,1.7014321882080523,1.707629962730025,1.7267481886295153,2.0
1.2759999999999703,800.0,805.9417694912426,1.709207915796814,1.715273793518603,1.7344653117526034,2.0
1.2769999999999702,800.0,805.7777868994757,1.7168528881640024,1.7227891016444496,1.7420523433798318,2.0
1.27799999999997,800.0,805.6173825062704,1.7243684551859768,1.7301772128471888,1.7495106327620866,2.0
1.27899999999997,800.0,805.4604952177269,1.7317559779147715,1.7374394639032436,1.7568415400675073,2.0
1.2799999999999698,800.0,805.3070645964359,1.7390168274602014,1.7445772015254364,1.7640464352729304,2.0
1.2809999999999697,800.0,805.1570308656941,1.7461523839114315,1.7515917813013908,1.7711266970945718,2.0
1.2819999999999696,800.0,805.0103349132224,1.7531640352963804,1.7584845666691775,1.7780837119563775,2.0
1.2829999999999695,800.0,804.8669182944075,1.7600531765782823,1.765256927929504,1.7849188729953172,2.0
1.2839999999999694,800.0,804.7267232350815,1.7668212086883974,1.7719102412934835,1.7916335791026583,2.0
1.2849999999999693,800.0,804.5896926338609,1.7734695375939,1.7784458879650018,1.798229234000215,2.0
1.2859999999999692,800.0,804.4557700640543,1.7799995733999194,1.7848652532566966,1.8047072453505686,2.0
1.286999999999969,800.0,804.324899775163,1.7864127294851007,1.7911697257389139,1.8110690239006262,2.0
1.287999999999969,800.0,804.1970266939805,1.7927104216694452,1.7973606964204276,1.8173159826572707,2.0
1.2889999999999688,800.0,804.0720964253178,1.7988940674139802,1.8034395579604756,1.8234495360946632,2.0
1.2899999999999687,800.0,803.9500552523562,1.8049650850508492,1.809407703910729,1.8294710993917864,2.0
1.2909999999999686,800.0,803.8308501366527,1.8109248930436652,1.8152665279870381,1.83538208770007,2.0
1.2919999999999685,800.0,803.7144287178047,1.8167749092767034,1.8210174233695589,1.8411839154396894,2.0
1.2929999999999684,800.0,803.6007393127927,1.8225165503725427,1.8266617820308706,1.8468779956241324,2.0
1.2939999999999683,800.0,803.4897309150089,1.8281512310372072,1.832200994091159,1.8524657392121022,2.0
1.2949999999999682,800.0,803.3813531929887,1.8336803634320875,1.8376364471997357,1.857948554486019,2.0
1.295999999999968,800.0,803.2755564888585,1.8391053565718432,1.8429695259421472,1.8633278464563587,2.0
1.296999999999968,800.0,803.1722918165041,1.8444276157476003,1.848201611272157,1.8686050162911019,2.0
1.2979999999999678,800.0,803.0715108594807,1.8496485419748425,1.8533340799680358,1.8737814607697256,2.0
1.2989999999999677,800.0,802.9731659686711,1.8547695314650905,1.858368304112256,1.8788585717608184,2.0
1.2999999999999676,800.0,802.877210159704,1.8597919751208505,1.8633056505940915,1.8838377357228162,2.0
1.3009999999999675,800.0,802.783597110142,1.8647172580530331,1.8681474806343257,1.8887203332270461,2.0
1.3019999999999674,800.0,802.6922811564536,1.8695467591204165,1.8728951493316526,1.8935077385026633,2.0
1.3029999999999673,800.0,802.6032172907735,1.8742818504901604,1.8775500052298006,1.8982013190024947,2.0
1.3039999999999672,800.0,802.5163611574656,1.8789238972192202,1.882113389905218,1.9028024349896315,2.0
1.304999999999967,800.0,802.4316690494982,1.8834742568556118,1.886586637574293,1.9073124391437197,2.0
1.305999999999967,800.0,802.3490979046364,1.8879342790591234,1.8909710747197226,1.9117326761865718,2.0
1.3069999999999669,800.0,802.2686053014663,1.8923053052410597,1.8952680197356027,1.91606448252666,2.0
1.3079999999999667,800.0,802.1901494552557,1.8965886682221367,1.8994787825903856,1.9203091859216217,2.0
1.3089999999999666,800.0,802.1136892136607,1.9007856919081154,1.9036046645072948,1.9244681051583694,2.0
1.3099999999999665,800.0,802.0391840522881,1.9048976909827986,1.907646957661828,1.9285425497504365,2.0
1.3109999999999664,800.0,801.9665940701185,1.908925970617538,1.9116069448955137,1.9325338196516995,2.0
1.3119999999999663,800.0,801.8958799848023,1.9128718261970912,1.9154858994457515,1.936443204986313,2.0
1.3129999999999662,800.0,801.827003127829,1.91673654306092,1.9192850846908638,1.9402719857939816,2.0
1.313999999999966,800.0,801.7599254395856,1.9205213962600012,1.923005753910396,1.9440214317905953,2.0
1.314999999999966,800.0,801.6946094643042,1.9242276503279834,1.9266491500595577,1.9476928021431101,2.0
1.3159999999999659,800.0,801.6310183449106,1.9278565590668415,1.930216505557921,1.9512873452588009,2.0
1.3169999999999658,800.0,801.5691158177734,1.9314093653461555,1.9337090420915264,1.954806298588013,2.0
1.3179999999999656,800.0,801.5088662073713,1.9348873009158765,1.9371279704282791,1.958250888440308,2.0
1.3189999999999655,800.0,801.4502344208714,1.938291586231858,1.9404744902458935,1.9616223298132427,2.0
1.3199999999999654,800.0,801.3931859426361,1.9416234302940092,1.9437497899722749,1.9649218262336725,2.0
1.3209999999999653,800.0,801.337686828657,1.9448840304964106,1.946955046637664,1.9681505696109045,2.0
1.3219999999999652,800.0,801.2837037009238,1.9480745724891178,1.9500914257382982,1.9713097401014388,2.0
1.322999999999965,800.0,801.2312037417345,1.9511962300513306,1.9531600811112546,1.9744005059849692,2.0
1.323999999999965,800.0,801.1801546879487,1.9542501649753368,1.9561621548198977,1.977424023551059,2.0
1.3249999999999649,800.0,801.1305248251957,1.9572375269611975,1.9590987770499049,1.9803814369964594,2.0
1.3259999999999648,800.0,801.0822829820327,1.9601594535212405,1.9619710660149476,1.9832738783321449,2.0
1.3269999999999647,800.0,801.0353985240669,1.9630170698947662,1.964780127872422,1.9861024673004604,2.0
1.3279999999999645,800.0,800.9898413480407,1.965811488971973,1.9675270566482526,1.988868311301394,2.0
1.3289999999999644,800.0,800.9455818758851,1.9685438112269757,1.9702129341706665,1.9915725053278766,2.0
1.3299999999999643,800.0,800.9025910487463,1.9712151246599223,1.9728388300128952,1.9942161319100546,2.0
1.3309999999999642,800.0,800.8608403209917,1.9738265047473227,1.9754058014439846,1.9968002610677198,2.0
1.331999999999964,800.0,800.8203016541928,1.9763790144005715,1.977914893387667,1.9993259502708405,2.0
1.332999999999964,800.0,800.780947511096,1.9788737039325013,1.9803671383891248,2.0017942444080314,2.0
1.3339999999999639,800.0,800.7427508495799,1.9813116110314188,1.9827635565891475,2.004206175762448,2.0
1.3349999999999638,800.0,800.7056851166047,1.983693760742476,1.9851051557054873,2.006562763994922,2.0
1.3359999999999637,800.0,800.6697242421587,1.9860211654560334,1.9873929310211043,2.0088650161340134,2.0
1.3369999999999636,800.0,800.634842633199,1.988294824902705,1.9896278653790038,2.011113926572683,2.0
1.3379999999999634,800.0,800.6010151675974,1.990515726155103,1.9918109291836543,2.013310477071582,2.0
1.3389999999999633,800.0,800.5682171880886,1.9926848436355216,1.9939430804082574,2.015455636768215,2.0
1.3399999999999632,800.0,800.5364244962257,1.9948031391298422,1.9960252646081533,2.0175503621922557,2.0
1.340999999999963,800.0,800.5056133463471,1.996871561807113,1.9980584149397977,2.01959559728647,2.0
1.341999999999963,800.0,800.4757604395533,1.9988910482444586,2.000043452185002,2.0215922734329057,2.0
1.342999999999963,800.0,800.4468429177009,2.000862522457559,2.0019812847806504,2.0235413094845924,2.0
1.3439999999999628,800.0,800.4188383574136,2.002786895935932,2.003872808853144,2.025443611801971,2.0
1.3449999999999627,800.0,800.3917247641117,2.0046650676831663,2.0057189082577325,2.0273000742942315,2.0
1.3459999999999626,800.0,800.3654805660648,2.0064979242617325,2.007520454622337,2.0291115784651557,2.0
1.3469999999999624,800.0,800.3400846084679,2.0082863398422357,2.009278307395773,2.030878993463362,2.0
1.3479999999999623,800.0,800.3155161475435,2.010031176256899,2.010993313900104,2.0326031761367065,2.0
1.3489999999999622,800.0,800.2917548446715,2.011733283057054,2.012666309386978,2.0342849710906545,2.0
1.3499999999999621,800.0,800.2687807605495,2.0133934975744427,2.0142981170976926,2.035925210750402,2.0
1.350999999999962,800.0,800.2465743493835,2.015012644986236,2.015889548326934,2.0375247154266702,2.0
1.351999999999962,800.0,800.2251164531122,2.016591538383493,2.0174414024899043,2.039084293384893,2.0
1.3529999999999618,800.0,800.2043882956661,2.018130978842966,2.018954467192737,2.0406047409176926,2.0
1.3539999999999617,800.0,800.1843714772632,2.0196317555019974,2.020429518305962,2.0420868424204093,2.0
1.3549999999999616,800.0,800.16504796874,2.0210946456364254,2.021867320040946,2.0435313704696028,2.0
1.3559999999999615,800.0,800.146400105925,2.0225204147413973,2.023268625029179,2.0449390859044048,2.0
1.3569999999999613,800.0,800.1284105840489,2.0239098166147054,2.024634174404054,2.0463107379103556,2.0
1.3579999999999612,800.0,800.1110624521987,2.0252635934427534,2.0259646978852497,2.0476470641058424,2.0
1.3589999999999611,800.0,800.0943391078124,2.026582475888909,2.0272609138654447,2.048948790630868,2.0
1.359999999999961,800.0,800.0782242912198,2.0278671831840613,2.0285235294992163,2.050216632237997,2.0
1.360999999999961,800.0,800.0627020802241,2.029118423219269,2.029753240794,2.0514512923853543,2.0
1.3619999999999608,800.0,800.0477568847326,2.0303368926405687,2.030950732703178,2.05265346333175,2.0
1.3629999999999607,800.0,800.033373441431,2.0315232769453755,2.0321166792207284,2.0538238262333577,2.0
1.3639999999999606,800.0,800.0195368085076,2.032678250580891,2.0332517434778685,2.054963051242372,2.0
1.3649999999999605,800.0,800.0062323604232,2.033802477043883,2.0343565778410384,2.056071797607003,2.0
1.3659999999999604,800.0,799.9934457827297,2.034896608982179,2.0354318240115754,2.0571507137731544,2.0
1.3669999999999602,800.0,799.9811630669407,2.0359612882975013,2.036478113126721,2.058200437487416,2.0
1.3679999999999601,800.0,799.9693705054489,2.0369971462494854,2.037496065861783,2.059221595901204,2.0
1.36899999999996,800.0,799.9580546864946,2.0380048035609906,2.038486292533579,2.060214805676175,2.0
1.36999999999996,800.0,799.947202489188,2.0389848705245694,2.0394493932050244,2.0611806730907674,2.0
1.3709999999999598,800.0,799.9368010785785,2.0399379471097174,2.040385957790491,2.0621197941474994,2.0
1.3719999999999597,800.0,799.9268379007796,2.0408646230713,2.041296566162314,2.063032754681409,2.0
1.3729999999999596,800.0,799.9173006781439,2.041765478058503,2.0421817882578406,2.0639201304690173,2.0
1.3739999999999595,800.0,799.908177404493,2.0426410817247844,2.043042184187442,2.0647824873382428,2.0
1.3749999999999594,800.0,799.8994563403966,2.0434919938382063,2.0438783043429245,2.065620381278694,2.0
1.3759999999999593,800.0,799.8911260085083,2.044318764392614,2.0446906895067603,2.0664343585527813,2.0
1.3769999999999591,800.0,799.883175188954,2.045121933719074,2.0454798709615822,2.067224955807062,2.0
1.377999999999959,800.0,799.8755929147725,2.0459020325977266,2.046246370600089,2.067992700183991,2.0
1.378999999999959,800.0,799.8683684674105,2.046659582370208,2.0469907010355137,2.0687381094342134,2.0
1.3799999999999588,800.0,799.8614913722733,2.047395095052102,2.047713365712125,2.0694616920288764,2.0
1.3809999999999587,800.0,799.8549513943256,2.048109073445648,2.0484148590159807,2.0701639472721745,2.0
1.3819999999999586,800.0,799.8487385337509,2.048802011252767,2.049095666385997,2.070845365414198,2.0
1.3829999999999585,800.0,799.842843021661,2.0494743931878174,2.0497562644247527,2.0715064277634947,2.0
1.3839999999999584,800.0,799.8372553158625,2.0501266950907477,2.050397121009692,2.0721476068000175,2.0
1.3849999999999583,800.0,799.8319660966748,2.0507593840399285,2.051018695404014,2.07276936628774,2.0
1.3859999999999582,800.0,799.8269662628041,2.0513729184651184,2.051621438367685,2.073372161387373,2.0
1.386999999999958,800.0,799.8222469272708,2.051967748260057,2.052205792268104,2.073956438768722,2.0
1.387999999999958,800.0,799.8177994133898,2.0525443148950235,2.052772191190717,2.07452263672298,2.0
1.3889999999999578,800.0,799.813615250806,2.0531030515291153,2.053321061049376,2.075071185274731,2.0
1.3899999999999577,800.0,799.8096861715817,2.0536443831221627,2.05385281969633,2.0756025062935874,2.0
1.3909999999999576,800.0,799.8060041063384,2.0541687265464774,2.0543678770320657,2.0761170136056424,2.0
1.3919999999999575,800.0,799.8025611804519,2.0546764906980486,2.0548666351145903,2.076615113104359,2.0
1.3929999999999574,800.0,799.7993497102997,2.0551680766074223,2.0553494882684236,2.0770972028611414,2.0
1.3939999999999573,800.0,799.7963621995631,2.055643877550078,2.0558168231930805,2.077563673235381,2.0
1.3949999999999572,800.0,799.7935913355775,2.056104279156309,2.056269019071086,2.0780149069840173,2.0
1.395999999999957,800.0,799.7910299857401,2.056549659520697,2.0567064476755728,2.078451279370664,2.0
1.396999999999957,800.0,799.7886711939673,2.0569803893108127,2.057129473477133,2.078873158273971,2.0
1.3979999999999568,800.0,799.7865081772015,2.057396831875488,2.0575384537502437,2.079280904295535,2.0
1.3989999999999567,800.0,799.7845343219742,2.057799343352488,2.057933738679116,2.079674870867226,2.0
1.3999999999999566,800.0,799.7827431810174,2.0581882727753595,2.058315671462711,2.080055404357652,2.0
1.4009999999999565,800.0,799.7811284699243,2.058563962179666,2.0586845884191813,2.0804228441780386,2.0
1.4019999999999564,800.0,799.7796840638642,2.058926746708681,2.059040819089763,2.0807775228875376,2.0
1.4029999999999563,800.0,799.7784039943441,2.059276954718133,2.059384686341746,2.0811197662975944,2.0
1.4039999999999562,800.0,799.7772824460222,2.0596149078802872,2.0597165064707874,2.081449893575639,2.0
1.404999999999956,800.0,799.7763137535695,2.059940921287266,2.0600365893024852,2.0817682173480248,2.0
1.405999999999956,800.0,799.7754923985806,2.060255303553551,2.060345238293138,2.08207504380213,2.0
1.4069999999999558,800.0,799.7748130065339,2.060558356917694,2.0606427506297362,2.082370672787674,2.0
1.4079999999999557,800.0,799.7742703437993,2.0608503773431313,2.06092941732907,2.0826553979171343,2.0
1.4089999999999556,800.0,799.7738593146937,2.061131654618188,2.0612055233360422,2.0829295066653426,2.0
1.4099999999999555,800.0,799.7735749585833,2.061402472455226,2.061471347621138,2.0831932804682323,2.0
1.4109999999999554,800.0,799.7734124470334,2.0616631085889066,2.0617271632770366,2.0834469948206955,2.0
1.4119999999999553,800.0,799.7733670810057,2.0619138348735793,2.06197323761434,2.083690919373554,2.0
1.4129999999999552,800.0,799.7734342881006,2.0621549173796163,2.0622098322562925,2.0839253180294923,2.0
1.413999999999955,800.0,799.773609619844,2.062386616488991,2.062437203232742,2.084150449038221,2.0
1.414999999999955,800.0,799.7738887490204,2.062609186989897,2.0626556010731663,2.084366565090683,2.0
1.4159999999999549,800.0,799.7742674670525,2.0628228781704143,2.0628652708987576,2.0845739134123047,2.0
1.4169999999999547,800.0,799.7747416814216,2.0630279339110706,2.0630664525134232,2.084772735855144,2.0
1.4179999999999546,800.0,799.7753074131343,2.0632245927767077,2.063259380494112,2.0849632689893465,2.0
1.4189999999999545,800.0,799.7759607942313,2.0634130881071773,2.063444284279972,2.085145744193418,2.0
1.4199999999999544,800.0,799.7766980653399,2.063593648107131,2.0636213882606396,2.085320387743607,2.0
1.4209999999999543,800.0,799.7775155732686,2.0637664959348228,2.0637909118635385,2.0854874209022904,2.0
1.4219999999999542,800.0,799.7784097686429,2.063931849789898,2.0639530696402004,2.0856470600053485,2.0
1.422999999999954,800.0,799.7793772035831,2.0640899230002536,2.0641080713516646,2.085799516548618,2.0
1.423999999999954,800.0,799.7804145294239,2.064240924107874,2.0642561220528663,2.0859449972733057,2.0
1.4249999999999539,800.0,799.7815184944726,2.064385056953607,2.064397422175992,2.086083704250363,2.0
1.4259999999999537,800.0,799.7826859418099,2.0645225207610105,2.0645321676129216,2.0862158349639213,2.0
1.4269999999999536,800.0,799.7839138071272,2.0646535102191685,2.064660549796644,2.0863415823936924,2.0
1.4279999999999535,800.0,799.7851991166062,2.064778215564456,2.0647827557816596,2.086461135096334,2.0
1.4289999999999534,800.0,799.7865389848326,2.0648968226613764,2.0648989683234613,2.0865746772858866,2.0
1.4299999999999533,800.0,799.7879306127536,2.065009513082411,2.0650093659570365,2.0866823889132053,2.0
1.4309999999999532,800.0,799.7893712856682,2.0651164641866884,2.065114123074229,2.0867844457442426,2.0
1.431999999999953,800.0,799.7908583712574,2.0652178491978277,2.065213410000268,2.086881019437483,2.0
1.432999999999953,800.0,799.7923893176493,2.0653138372806885,2.0653073930692383,2.0869722776203035,2.0
1.4339999999999529,800.0,799.7939616515212,2.065404593617163,2.0653962346986026,2.0870583839643655,2.0
1.4349999999999528,800.0,799.7955729762377,2.0654902794809,2.0654800934626683,2.0871394982599485,2.0
1.4359999999999526,800.0,799.797220970024,2.0655710523110815,2.0655591241651354,2.0872157764893386,2.0
1.4369999999999525,800.0,799.7989033841723,2.0656470657851744,2.06563347791063,2.0872873708991917,2.0
1.4379999999999524,800.0,799.800618041284,2.065718469890706,2.0657033021752764,2.0873544300719264,2.0
1.4389999999999523,800.0,799.8023628335459,2.0657854109960736,2.065768740876327,2.087417098996151,2.0
1.4399999999999522,800.0,799.804135721039,2.065848031920276,2.06582993444072,2.0874755191360186,2.0
1.440999999999952,800.0,799.8059347300799,2.065906472001709,2.065887019872728,2.087529828499638,2.0
1.441999999999952,800.0,799.8077579515946,2.0659608671660243,2.065940130820691,2.087580161706579,2.0
1.4429999999999519,800.0,799.8096035395249,2.066011349993024,2.0659893976427823,2.0876266500543768,2.0
1.4439999999999518,800.0,799.8114697092664,2.066058049782457,2.0660349474717075,2.0876694215839757,2.0
1.4449999999999517,800.0,799.8133547361356,2.0661010926189527,2.0660769042785585,2.0877086011442954,2.0
1.4459999999999515,800.0,799.8152569538692,2.066140601436027,2.0661153889357515,2.087744310455879,2.0
1.4469999999999514,800.0,799.8171747531545,2.0661766960790864,2.0661505192789673,2.0877766681735332,2.0
1.4479999999999513,800.0,799.8191065801851,2.066209493367382,2.066182410168087,2.087805789947943,2.0
1.4489999999999512,800.0,799.8210509352513,2.0662391071552997,2.0662111735474533,2.0878317884866036,2.0
1.449999999999951,800.0,799.8230063713548,2.0662656483924486,2.0662369185049485,2.0878547736135586,2.0
1.450999999999951,800.0,799.8249714928543,2.0662892251829112,2.066259751330271,2.0878748523283197,2.0
1.4519999999999509,800.0,799.8269449541375,2.066309942843642,2.0662797755723457,2.0878921288639134,2.0
1.4529999999999508,800.0,799.828925458321,2.06632790396186,2.0662970920957755,2.087906704743951,2.0
1.4539999999999507,800.0,799.8309117559776,2.066343208451617,2.0663117991364506,2.0879186788388546,2.0
1.4549999999999506,800.0,799.8329026438895,2.0663559536093836,2.0663239923562156,2.087928147421115,2.0
1.4559999999999504,800.0,799.834896963827,2.066366234168786,2.066333764896698,2.087935204219716,2.0
1.4569999999999503,800.0,799.8368936013546,2.066374142354522,2.066341207432316,2.087939940473712,2.0
1.4579999999999502,800.0,799.8388914846612,2.066379767935329,2.0663464082223753,2.0879424449848916,2.0
1.4589999999999501,800.0,799.8408895834154,2.066383198276075,2.066349453162284,2.0879428041695522,2.0
1.45999999999995,800.0,799.842886907645,2.066384518389018,2.066350425833964,2.087941102109445,2.0
1.46099999999995,800.0,799.8448825066414,2.06638381098426,2.0663494075554585,2.087937420601925,2.0
1.4619999999999498,800.0,799.846875467886,2.066381156519265,2.066346477429638,2.087931839209173,2.0
1.4629999999999497,800.0,799.8488649160012,2.066376633247667,2.0663417123921803,2.087924435306695,2.0
1.4639999999999496,800.0,799.850850011725,2.06637031726716,2.066335187258675,2.087915284130918,2.0
1.4649999999999495,800.0,799.8528299509053,2.066362282566559,2.066326974770896,2.0879044588259683,2.0
1.4659999999999493,800.0,799.8548039635191,2.0663526010721553,2.066317145642388,2.087892030489728,2.0
1.4669999999999492,800.0,799.8567713127114,2.066341342693157,2.066305768603154,2.0878780682190032,2.0
1.4679999999999491,800.0,799.8587312938571,2.066328575366484,2.066292910443699,2.0878626391540287,2.0
1.468999999999949,800.0,799.8606832336422,2.06631436510057,2.0662786360581085,2.0878458085219984,2.0
1.469999999999949,800.0,799.8626264891673,2.0662987760186566,2.0662630084866183,2.0878276396800817,2.0
1.4709999999999488,800.0,799.8645604470682,2.0662818704010606,2.066246088957184,2.0878081941574287,2.0
1.4719999999999487,800.0,799.8664845226622,2.066263708726958,2.0662279369265724,2.0877875316966867,2.0
1.4729999999999486,800.0,799.8683981591067,2.0662443497151033,2.066208610120394,2.08776571029445,2.0
1.4739999999999485,800.0,799.8703008265823,2.0662238503641275,2.066188164572741,2.0877427862413103,2.0
1.4749999999999484,800.0,799.8721920214917,2.066202265991964,2.0661666546649586,2.087718814161023,2.0
1.4759999999999482,800.0,799.87407126568,2.0661796502745102,2.0661441331636543,2.0876938470489135,2.0
1.4769999999999481,800.0,799.8759381056697,2.066156055283661,2.0661206512581085,2.0876679363096695,2.0
1.477999999999948,800.0,799.8777921119158,2.0661315315246185,2.0660962585969647,2.0876411317944066,2.0
1.478999999999948,800.0,799.8796328780772,2.0661061279724824,2.0660710033242107,2.0876134818370176,2.0
1.4799999999999478,800.0,799.8814600203062,2.066079892108297,2.0660449321146213,2.0875850332899755,2.0
1.4809999999999477,800.0,799.8832731765549,2.0660528699541874,2.0660180902083223,2.0875558315592477,2.0
1.4819999999999476,800.0,799.8850720058952,2.066025106107966,2.0659905214448115,2.0875259206386625,2.0
1.4829999999999475,800.0,799.8868561878605,2.065996643777216,2.065962268296484,2.087495343143774,2.0
1.4839999999999474,800.0,799.8886254217971,2.065967524812415,2.0659333719012047,2.087464140344757,2.0
1.4849999999999473,800.0,799.8903794262362,2.0659377897397473,2.0659038720945726,2.087432352199002,2.0
1.4859999999999471,800.0,799.8921179382776,2.065907477793028,2.06587380744132,2.0874000173828264,2.0
1.486999999999947,800.0,799.8938407129913,2.0658766269452373,2.065843215266323,2.08736717332279,2.0
1.487999999999947,800.0,799.8955475228308,2.065845273939177,2.065812131684741,2.0873338562261394,2.0
1.4889999999999468,800.0,799.8972381570638,2.0658134543178215,2.06578059163188,2.087300101110966,2.0
1.4899999999999467,800.0,799.8989124212148,2.0657812024538296,2.0657486288921985,2.087265941835499,2.0
1.4909999999999466,800.0,799.900570136522,2.0657485515785923,2.065716276127886,2.0872314111269636,2.0
1.4919999999999465,800.0,799.9022111394085,2.0657155338107303,2.065683564906882,2.0871965406098787,2.0
1.4929999999999464,800.0,799.9038352809657,2.065682180183951,2.065650525730271,2.087161360833719,2.0
1.4939999999999463,800.0,799.9054424264522,2.0656485206743644,2.065617188059146,2.0871259013000403,2.0
1.4949999999999461,800.0,799.907032454801,2.0656145842272142,2.065583580340901,2.08709019048903,2.0
1.495999999999946,800.0,799.9086052581433,2.065580398783237,2.0655497300351486,2.087054255885673,2.0
1.496999999999946,800.0,799.9101607413429,2.065545991304218,2.065515663638849,2.0870181240051293,2.0
1.4979999999999458,800.0,799.9116988215428,2.065511387798273,2.0654814067111817,2.0869818204178405,2.0
1.4989999999999457,800.0,799.9132194277229,2.065476613344434,2.0654469838977163,2.0869453697739373,2.0
1.4999999999999456,800.0,798.6262909933961,2.0654416921168366,2.0690247635952423,2.0906245975145064,2.0
1.5009999999999455,1500.0,804.1620530368074,20.0,19.717294872097828,19.914748894216853,5.0
1.5019999999999454,1500.0,811.251934120591,20.0,19.738380536582017,19.937732800595974,5.0
1.5029999999999453,1500.0,818.3441018727523,20.0,19.739213870351982,19.940268993789402,5.0
1.5039999999999452,1500.0,825.4371037142971,20.0,19.739943865409032,19.94272500368476,5.0
1.504999999999945,1500.0,832.5309098830573,20.0,19.740595008186634,19.945124924177797,5.0
1.505999999999945,1500.0,839.6254952442324,20.0,19.74117481425857,19.94747567865202,5.0
1.5069999999999448,1500.0,846.7208377905725,20.0,19.741690074009647,19.949783461027483,5.0
1.5079999999999447,1500.0,853.8169183160952,20.0,19.74214693329297,19.952053818164114,5.0
1.5089999999999446,1500.0,860.9137201222482,20.0,19.742550954806976,19.95429171264759,5.0
1.5099999999999445,1500.0,868.0112287526039,20.0,19.74290717361267,19.95650157956273,5.0
1.5109999999999444,1500.0,875.1094317533572,20.0,19.743220147358926,19.958687377837187,5.0
1.5119999999999443,1500.0,882.2083184571541,20.0,19.743494001720574,19.960852636673582,5.0
1.5129999999999442,1500.0,889.3078797880236,20.0,19.74373247150569,19.963000497538456,5.0
1.513999999999944,1500.0,896.4081080853922,20.0,19.743938937845193,19.965133752132207,5.0
1.514999999999944,1500.0,903.5089969453498,20.0,19.744116461838175,19.96725487672329,5.0
1.5159999999999438,1500.0,910.6105410775235,20.0,19.744267814991073,19.96936606319361,5.0
1.5169999999999437,1500.0,917.7127361760531,20.0,19.744395506756266,19.971469247108985,5.0
1.5179999999999436,1500.0,924.8155788033274,20.0,19.744501809446714,19.973566133098355,5.0
1.5189999999999435,1500.0,931.9190662852477,20.0,19.74458878077682,19.97565821779876,5.0
1.5199999999999434,1500.0,939.0231966169231,20.0,19.744658284255816,19.977746810598166,5.0
1.5209999999999433,1500.0,946.1279683777839,20.0,19.744712007638423,19.979833052386464,5.0
1.5219999999999432,1500.0,953.2333806552199,20.0,19.74475147961795,19.981917932504462,5.0
1.522999999999943,1500.0,960.3394329759157,20.0,19.744778084929468,19.984002304063253,5.0
1.523999999999943,1500.0,967.4461252441495,20.0,19.744793078014517,19.986086897789086,5.0
1.5249999999999428,1500.0,974.5534576863762,20.0,19.744797595384586,19.988172334534774,5.0
1.5259999999999427,1500.0,981.6614308015002,20.0,19.744792666807253,19.990259136584775,5.0
1.5269999999999426,1500.0,988.7700453162776,20.0,19.74477922542737,19.99234773786923,5.0
1.5279999999999425,1500.0,995.8793021453627,20.0,19.744758116924636,19.99443849319105,5.0
1.5289999999999424,1500.0,1002.9892023555409,20.0,19.744730107799562,19.996531686560363,5.0
1.5299999999999423,1500.0,1010.0997471337513,20.0,19.7446958928707,19.998627538721525,5.0
1.5309999999999422,1500.0,1017.2109377585231,20.0,19.744656102058546,20.00072621394993,5.0
1.531999999999942,1500.0,1024.3227755745002,20.0,19.744611306523858,20.002827826188295,5.0
1.532999999999942,1500.0,1031.435261969753,20.0,19.744562024222052,20.004932444585535,5.0
1.5339999999999419,1500.0,1038.5483983556014,20.0,19.744508724929286,20.007040098495487,5.0
1.5349999999999417,1500.0,1045.662186148711,20.0,19.74445183479054,20.00915078198691,5.0
1.5359999999999416,1500.0,1052.776626755233,20.0,19.74439174043525,20.01126445791174,5.0
1.5369999999999415,1500.0,1059.891721556791,20.0,19.74432879270175,20.013381061573664,5.0
1.5379999999999414,1500.0,1067.0074718981334,20.0,19.744263310007657,20.01550050403542,5.0
1.5389999999999413,1500.0,1074.1238790762854,20.0,19.744195581400113,20.017622675099357,5.0
1.5399999999999412,1500.0,1081.2409443310528,20.0,19.74412586931614,20.019747445992486,5.0
1.540999999999941,1500.0,1088.3586688367436,20.0,19.74405441208099,20.021874671784488,5.0
1.541999999999941,1500.0,1095.4770536949861,20.0,19.743981426169206,20.024004193564217,5.0
1.5429999999999409,1500.0,1102.5960999285328,20.0,19.743907108251136,20.026135840397828,5.0
1.5439999999999408,1500.0,1109.7158084759526,20.0,19.743831637045268,20.02826943108959,5.0
1.5449999999999406,1500.0,1116.83618018712,20.0,19.743755174994885,20.030404775764197,5.0
1.5459999999999405,1500.0,1123.95721581942,20.0,19.743677869785785,20.032541677287988,5.0
1.5469999999999404,1500.0,1131.0789160345996,20.0,19.743599855720184,20.034679932544314,5.0
1.5479999999999403,1500.0,1138.2012813961915,20.0,19.743521254960438,20.03681933357721,5.0
1.5489999999999402,1500.0,1145.3243123674597,20.0,19.7434421786551,20.038959668616194,5.0
1.54999999999994,1500.0,1152.448009309805,20.0,19.743362727958374,20.04110072299345,5.0
1.55099999999994,1500.0,1159.572372481588,20.0,19.743282994953187,20.043242279963927,5.0
1.5519999999999399,1500.0,1166.697402037319,20.0,19.74320306348701,20.045384121437746,5.0
1.5529999999999398,1500.0,1173.823098027182,20.0,19.743123009928798,20.047526028633364,5.0
1.5539999999999397,1500.0,1180.9494603968483,20.0,19.743042903854427,20.049667782659238,5.0
1.5549999999999395,1500.0,1188.0764889875593,20.0,19.742962808667553,20.051809165030974,5.0
1.5559999999999394,1500.0,1195.204183536435,20.0,19.742882782161946,20.053949958130058,5.0
1.5569999999999393,1500.0,1202.3325436769924,20.0,19.742802877030904,20.056089945610168,5.0
1.5579999999999392,1500.0,1209.4615689398454,20.0,19.74272314132877,20.058228912755922,5.0
1.558999999999939,1500.0,1216.591258753567,20.0,19.742643618889108,20.060366646798975,5.0
1.559999999999939,1500.0,1223.7216124456907,20.0,19.742564349703567,20.062502937195354,5.0
1.5609999999999389,1500.0,1230.8526292438364,20.0,19.74248537026538,20.064637575868243,5.0
1.5619999999999388,1500.0,1237.9843082769473,20.0,19.7424067138806,20.06677035741931,5.0
1.5629999999999387,1500.0,1245.1166485766157,20.0,19.74232841095029,20.068901079311804,5.0
1.5639999999999386,1500.0,1252.249649078495,20.0,19.742250489226397,20.071029542028384,5.0
1.5649999999999384,1500.0,1259.3833086237785,20.0,19.742172974043786,20.073155549205946,5.0
1.5659999999999383,1500.0,1266.5176259607367,20.0,19.74209588853072,20.075278907750047,5.0
1.5669999999999382,1500.0,1273.65259974631,20.0,19.74201925379974,20.0773994279307,5.0
1.567999999999938,1500.0,1280.788228547736,20.0,19.741943089120944,20.079516923461693,5.0
1.568999999999938,1500.0,1287.924510844215,20.0,19.74186741207926,20.08163121156501,5.0
1.569999999999938,1500.0,1295.0614450286032,20.0,19.741792238717146,20.083742113021835,5.0
1.5709999999999378,1500.0,1302.1990294091238,20.0,19.741717583664276,20.08584945221161,5.0
1.5719999999999377,1500.0,1309.3372622111003,20.0,19.74164346025524,20.08795305714041,5.0
1.5729999999999376,1500.0,1316.476141578692,20.0,19.741569880636582,20.090052759459724,5.0
1.5739999999999374,1500.0,1323.6156655766465,20.0,19.741496855864018,20.09214839447663,5.0
1.5749999999999373,1500.0,1330.7558321920476,20.0,19.741424395990865,20.094239801156416,5.0
1.5759999999999372,1500.0,1337.896639336064,20.0,19.74135251014847,20.096326822118332,5.0
1.5769999999999371,1500.0,1345.0380848456978,20.0,19.741281206619377,20.098409303625324,5.0
1.577999999999937,1500.0,1352.1801664855225,20.0,19.741210492904,20.10048709556846,5.0
1.578999999999937,1500.0,1359.322881949416,20.0,19.741140375781246,20.102560051446474,5.0
1.5799999999999368,1500.0,1366.4662288622783,20.0,19.741070861363838,20.104628028341235,5.0
1.5809999999999367,1500.0,1373.6102047817428,20.0,19.74100195514873,20.106690886889506,5.0
1.5819999999999366,1500.0,1380.7548071998674,20.0,19.740933662063043,20.10874849125133,5.0
1.5829999999999365,1500.0,1387.900033544811,20.0,19.74086598650611,20.1108007090758,5.0
1.5839999999999363,1500.0,1395.045881182497,20.0,19.740798932387737,20.112847411464102,5.0
1.5849999999999362,1500.0,1402.1923474182513,20.0,19.7407325031633,20.11488847293068,5.0
1.5859999999999361,1500.0,1409.33942949843,20.0,19.740666701865734,20.116923771362273,5.0
1.586999999999936,1500.0,1416.4871246120176,20.0,19.740601531134903,20.118953187975652,5.0
1.587999999999936,1500.0,1423.6354298922136,20.0,19.74053699324441,20.120976607273775,5.0
1.5889999999999358,1500.0,1430.7843424179916,20.0,19.740473090126283,20.122993917001036,5.0
1.5899999999999357,1500.0,1437.933859215639,20.0,19.740409823393524,20.125005008097396,5.0
1.5909999999999356,1500.0,1445.0839772602747,20.0,19.740347194360872,20.1270097746519,5.0
1.5919999999999355,1500.0,1452.2346934773425,20.0,19.740285204063913,20.129008113855534,5.0
1.5929999999999354,1500.0,1459.3860047440855,20.0,19.74022385327656,20.13099992595361,5.0
1.5939999999999352,1500.0,1466.537907890996,20.0,19.740163142527305,20.132985114197908,5.0
1.5949999999999351,1500.0,1473.6903997032373,20.0,19.740103072114078,20.134963584798502,5.0
1.595999999999935,1500.0,1480.843476922052,20.0,19.74004364211804,20.13693524687551,5.0
1.596999999999935,1500.0,1487.997136246138,20.0,19.739984852416278,20.138900012410833,5.0
1.5979999999999348,1500.0,1495.1513743330104,20.0,19.739926702693626,20.14085779619996,5.0
1.5989999999999347,1500.0,1502.3061878003305,20.0,19.739869192453547,20.142808515803797,5.0
1.5999999999999346,1500.0,1509.4615732272189,20.0,19.739812321028246,20.144752091500827,5.0
1.6009999999999345,1500.0,1516.6175271555444,20.0,19.739756087588123,20.146688446239402,5.0
1.6019999999999344,1500.0,1523.7740460911875,20.0,19.739700491150483,20.14861750559042,5.0
1.6029999999999343,1500.0,1530.9311265052845,20.0,19.739645530587705,20.15053919770023,5.0
1.6039999999999341,1500.0,1538.0887648354474,20.0,19.73959120463485,20.152453453244,5.0
1.604999999999934,1500.0,1545.2469574869606,20.0,19.739537511896753,20.154360205379483,5.0
1.605999999999934,1500.0,1552.4057008339596,20.0,19.739484450854683,20.15625938970117,5.0
1.6069999999999338,1500.0,1559.5649912205827,20.0,19.739432019872588,20.15815094419501,5.0
1.6079999999999337,1500.0,1566.7248249621048,20.0,19.739380217202925,20.160034809193487,5.0
1.6089999999999336,1500.0,1573.8851983460486,20.0,19.73932904099213,20.161910927331263,5.0
1.6099999999999335,1500.0,1581.046107633274,20.0,19.739278489285837,20.163779243501416,5.0
1.6109999999999334,1500.0,1588.2075490590482,20.0,19.739228560033713,20.165639704812065,5.0
1.6119999999999333,1500.0,1595.3695188340942,20.0,19.739179251094093,20.16749226054366,5.0
1.6129999999999332,1500.0,1602.5320131456174,20.0,19.73913056023829,20.169336862106817,5.0
1.613999999999933,1500.0,1609.6950281583174,20.0,19.739082485154746,20.171173463000613,5.0
1.614999999999933,1500.0,1616.8585600153742,20.0,19.739035023452892,20.17300201877159,5.0
1.6159999999999328,1500.0,1624.022604839416,20.0,19.738988172666918,20.174822486973234,5.0
1.6169999999999327,1500.0,1631.1871587334715,20.0,19.738941930259216,20.17663482712607,5.0
1.6179999999999326,1500.0,1638.3399777831662,19.970110285295668,19.70957924927615,20.14843292301675,5.0
1.6189999999999325,1500.0,1645.1895270849009,19.233498246482146,18.987011242191425,19.41065577305035,5.0
1.6199999999999324,1500.0,1651.6934860651143,18.514802460068854,18.28144432830228,18.689937276679665,5.0
1.6209999999999323,1500.0,1657.8618501953144,17.817885949473162,17.597240677076112,17.990783718134523,5.0
1.6219999999999322,1500.0,1663.704750734541,17.142273237370524,16.93393915631382,17.312761305198798,5.0
1.622999999999932,1500.0,1669.23209965248,16.48746700349356,16.29105303728281,16.655406617348014,5.0
1.623999999999932,1500.0,1674.4535893083184,15.852977689287103,15.668102917607158,16.01826053777721,5.0
1.6249999999999318,1500.0,1679.3786947114713,15.238323754451775,15.064617041280943,15.400868803439403,5.0
1.6259999999999317,1500.0,1684.016675940602,14.643031717525306,14.480131375445009,14.802782294996792,5.0
1.6269999999999316,1500.0,1688.376580689823,14.066636180835314,13.914189666872018,14.22355729507077,5.0
1.6279999999999315,1500.0,1692.4672469282368,13.508679842264195,13.366343481257523,13.662755718184426,5.0
1.6289999999999314,1500.0,1696.2973056599196,12.968713494852658,12.836152226800477,13.119945314176856,5.0
1.6299999999999313,1500.0,1699.8751837722807,12.44629601520326,12.323183163443867,12.594699846784053,5.0
1.6309999999999312,1500.0,1703.209106961508,11.940994341590155,11.827011399049434,12.086599249006442,5.0
1.631999999999931,1500.0,1706.3071027245715,11.452383442627944,11.34721987368897,11.595229756808738,5.0
1.632999999999931,1500.0,1709.177003407938,10.980046277301216,10.883399333149242,11.120184022624056,5.0
1.6339999999999308,1500.0,1711.8264493038691,10.523573747109655,10.435148292669604,10.66106121006433,5.0
1.6349999999999307,1500.0,1714.262891785778,10.082564641034459,10.002072991854206,10.217467071166197,5.0
1.6359999999999306,1500.0,1716.4935964747658,9.656625573989878,9.583787341633377,9.789014007435247,5.0
1.6369999999999305,1500.0,1718.5256464300114,9.24537091937945,9.179912864081501,9.375321115883052,5.0
1.6379999999999304,1500.0,1720.3659453562555,8.848422736337938,8.790078625839476,8.976014221188244,5.0
1.6389999999999303,1500.0,1722.0212208221205,8.46541069220018,8.413921165831372,8.590725895048902,5.0
1.6399999999999302,1500.0,1723.4980274835139,8.095971980703201,8.051084417913136,8.219095463734536,5.0
1.64099999999993,1500.0,1724.8027503068088,7.739751236392447,7.701219629040749,7.860769004786863,5.0
1.64199999999993,1500.0,1725.9416077869366,7.396400445670874,7.363985273499203,7.515399333762975,5.0
1.6429999999999298,1500.0,1726.9206551559362,7.065578854899194,7.039046963691297,7.182645981861574,5.0
1.6439999999999297,1500.0,1727.7457875778766,6.746952875925523,6.726077357944022,6.862175165220545,5.0
1.6449999999999296,1500.0,1728.422743326444,6.440195989396791,6.42475606575465,6.5536597466268045,5.0
1.6459999999999295,1500.0,1728.957106941813,6.144988646176422,6.13476955086198,6.256779190330615,5.0
1.6469999999999294,1500.0,1729.3543123637317,5.861018167170329,5.8558110324978605,5.971219510613896,5.0
1.6479999999999293,1500.0,1729.6196460380581,5.587978641839406,5.587580385143203,5.696673214718842,5.0
1.6489999999999292,1500.0,1729.7582499942557,5.325570825655337,5.329784037085072,5.432839240702901,5.0
1.649999999999929,1500.0,1729.775124891599,5.073502036736375,5.082134868045761,5.179422890748249,5.0
1.650999999999929,1500.0,1729.675133032114,4.831486051881203,4.8443521061311,4.936135760417828,5.0
1.6519999999999289,1500.0,1729.4630013384515,4.599243002200186,4.616161224322338,4.702695664315072,5.0
1.6529999999999287,1500.0,1729.1433242951496,4.376499268528995,4.397293836717364,4.478826558573957,5.0
1.6539999999999286,1500.0,1728.7205668518977,4.16298737679071,4.1874875947051065,4.264258460572477,5.0
1.6549999999999285,1500.0,1728.1990672876098,3.958445893461654,3.9864860832427427,4.058727366237158,5.0
1.6559999999999284,1500.0,1727.5830400342736,3.762619321279832,3.794038717386568,3.861975165276456,5.0
1.6569999999999283,1500.0,1726.8765784596985,3.575257995324023,3.609900639214086,3.6737495546569425,5.0
1.6579999999999282,1500.0,1726.0836576084268,3.3961179795790244,3.43383261526036,3.493803950611495,5.0
1.658999999999928,1500.0,1725.2081369001946,3.224960964091718,3.2656009345790826,3.321897399446137,5.0
1.659999999999928,1500.0,1724.2537627854667,3.061554162813202,3.1049773075277707,3.1577944873917647,5.0
1.6609999999999279,1500.0,1723.2241713576552,2.9056702122112696,2.9517387653644542,3.001265249725723,5.0
1.6619999999999278,1500.0,1722.1228909217596,2.757087070730666,2.8056675607349155,2.8520850793713413,5.0
1.6629999999999276,1500.0,1720.953344519233,2.6155879191691156,2.666551069119435,2.710034635164992,5.0
1.6639999999999275,1500.0,1719.7188524089916,2.4809610620300795,2.534181691299978,2.574899749964384,5.0
1.6649999999999274,1500.0,1718.4226345045315,2.352999829906139,2.4083567569010995,2.4464713387565564,5.0
1.6659999999999273,1500.0,1717.0678127672186,2.231502482941135,2.2888784290514512,2.3245453069105144,5.0
1.6669999999999272,1500.0,1715.657413555855,2.1162721154118387,2.1755536102050193,2.2089224587048943,5.0
1.667999999999927,1500.0,1714.194369932706,2.0071165614663578,2.068193849157222,2.099408406250599,5.0
1.668999999999927,1500.0,1712.6815239262028,1.9038483020497132,1.9666152492839775,1.9958134789152453,5.0
1.6699999999999269,1500.0,1711.1216287506065,1.8062843730439013,1.8706383780284683,1.8979526333471477,5.0
1.6709999999999268,1500.0,1709.5173509829435,1.714246274644239,1.780088177654687,1.8056453641854737,5.0
1.6719999999999267,1500.0,1707.8712726975652,1.6275598819908517,1.6947938772837357,1.7187156155349994,5.0
1.6729999999999265,1500.0,1706.1858935587347,1.54605535707039,1.6145889062251,1.6369916932753381,5.0
1.6739999999999264,1500.0,1704.4636328716426,1.469567061899074,1.5393108086109843,1.5603061782658576,5.0
1.6749999999999263,1500.0,1702.7068315923184,1.3979334729966801,1.4688011593404162,1.488495840501888,5.0
1.6759999999999262,1500.0,1700.91775429689,1.3309970971565335,1.4029054813352546,1.4214015542692784,5.0
1.676999999999926,1500.0,1699.0985911107,1.2686043885161595,1.3414731641098707,1.3588682143402815,5.0
1.677999999999926,1500.0,1697.2514595977798,1.2106056669289451,1.284357383652046,1.3007446532460345,5.0
1.6789999999999259,1500.0,1695.3784066112028,1.1568550376365856,1.2314150236122074,1.246883559657232,5.0
1.6799999999999258,1500.0,1693.4814101048719,1.107210312240209,1.1825065977962108,1.1971413978996812,5.0
1.6809999999999257,1500.0,1691.5623809072695,1.0615329309649297,1.1374961739539375,1.1513783286256094,5.0
1.6819999999999256,1500.0,1689.6231644577506,1.019687886213358,1.0962512988568751,1.1094581306599334,5.0
1.6829999999999254,1500.0,1687.6655425059228,0.9815436473999881,1.0586429246543236,1.0712481240346823,5.0
1.6839999999999253,1500.0,1685.6912347747066,0.946972087059514,1.024545336499095,1.036619094223779,5.0
1.6849999999999252,1500.0,1683.7019005876377,0.9158484082183591,0.9938360814300485,1.0054452175847115,5.0
1.6859999999999251,1500.0,1681.6991404609919,0.8880510730204509,0.9663958985005499,0.9776039880134733,5.0
1.686999999999925,1500.0,1679.6844976613208,0.8634617325955123,0.9421086501394131,0.9529761448148041,5.0
1.687999999999925,1500.0,1677.6594597289688,0.8419651581583469,0.920861254731138,0.9314456017883704,5.0
1.6889999999999248,1500.0,1675.6254599681615,0.8234491733265603,0.9025436204013898,0.912899377529129,5.0
1.6899999999999247,1500.0,1673.5838789042348,0.8078045876436253,0.8870485799932816,0.8972275269383203,5.0
1.6909999999999246,1500.0,1671.5360457085897,0.7949251312942831,0.8742718272201127,0.8843230739403618,5.0
1.6919999999999245,1500.0,1669.483239591943,0.7847073909976459,0.8641118539788536,0.8740819453983297,5.0
1.6929999999999243,1500.0,1667.4266911664402,0.7770507470643615,0.8564698888096601,0.8664029062206596,5.0
1.6939999999999242,1500.0,1665.3675837772053,0.7718573116031102,0.8512498364857538,0.8611874956497345,5.0
1.6949999999999241,1500.0,1663.3070548038788,0.7690318678612762,0.8483582187176816,0.8583399647218057,5.0
1.695999999999924,1500.0,1661.246196932707,0.7684818106854614,0.8477041159569132,0.8577672148878226,5.0
1.696999999999924,1500.0,1659.1860593997312,0.770117088086117,0.8491991102823653,0.8593787377826085,5.0
1.6979999999999238,1500.0,1657.1276492056156,0.773850143891277,0.8527572293543108,0.8630865561300296,5.0
1.6989999999999237,1500.0,1655.0719323026613,0.7795958614741156,0.8582948914199255,0.8688051657709649,5.0
1.6999999999999236,1500.0,1653.019834754532,0.7872715085389004,0.8657308513546186,0.8764514788002336,5.0
1.7009999999999235,1500.0,1650.9722438692145,0.7967966829496422,0.8749861477231663,0.8859447677980034,5.0
1.7019999999999234,1500.0,1648.930009305739,0.8080932595867445,0.8859840508456608,0.8972066111417518,5.0
1.7029999999999232,1500.0,1646.8939441551622,0.8210853382154859,0.8986500118519433,0.9101608393831021,5.0
1.7039999999999231,1500.0,1644.864825996322,0.8356991923517025,0.9129116127097396,0.9247334826750464,5.0
1.704999999999923,1500.0,1642.84339792686,0.8518632191088749,0.9286985172106328,0.9408527192336712,5.0
1.705999999999923,1500.0,1640.8303695699951,0.8695078900118745,0.9459424228991086,0.9584488248193139,5.0
1.7069999999999228,1500.0,1638.8264180575388,0.8885657027621061,0.9645770139294249,0.9774541232213527,5.0
1.7079999999999227,1500.0,1636.8321889896151,0.908971133939179,0.9845379148355179,0.9978029377310698,5.0
1.7089999999999226,1500.0,1634.8482973715638,0.9306605926242977,1.0057626451991954,1.0194315435868804,5.0
1.7099999999999225,1500.0,1632.8753285284745,0.9535723749305252,1.0281905752019835,1.0422781213761776,5.0
1.7109999999999224,1500.0,1630.9138389978123,0.9776466194256148,1.0517628820464322,1.0662827113783304,5.0
1.7119999999999223,1500.0,1628.9643574005725,1.0028252634327401,1.0764225072324436,1.091387168833026,5.0
1.7129999999999221,1500.0,1627.0273852914065,1.029052000195076,1.1021141146748086,1.117535120118661,5.0
1.713999999999922,1500.0,1625.103397988142,1.0562722368899493,1.1287840496479096,1.1446719198251867,5.0
1.714999999999922,1500.0,1623.1928453811247,1.0844330534788114,1.1563802985441343,1.172744608706319,5.0
1.7159999999999218,1500.0,1621.2961527227937,1.1134831623793229,1.1848524494325763,1.2017018724960333,5.0
1.7169999999999217,1500.0,1619.4137213979013,1.14337286894542,1.2141516534041967,1.2314940015737803,5.0
1.7179999999999216,1500.0,1617.54592967477,1.1740540327423759,1.244230586690828,1.262072851464084,5.0
1.7189999999999215,1500.0,1615.6931334379894,1.20548002960391,1.2750434135453363,1.2933918041560792,5.0
1.7199999999999214,1500.0,1613.8556669029335,1.2376057144571746,1.3065457498692106,1.3254057302274904,5.0
1.7209999999999213,1500.0,1612.0338433124778,1.2703873849039606,1.3386946275762301,1.358070951759939,5.0
1.7219999999999211,1500.0,1610.2279556162937,1.3037827455443622,1.3714484596787857,1.3913452060304088,5.0
1.722999999999921,1500.0,1608.438277133081,1.3377508730307834,1.4047670060852127,1.4251876099654779,5.0
1.723999999999921,1500.0,1606.6650621961005,1.3722521818399507,1.4386113400960667,1.4595586253445347,5.0
1.7249999999999208,1500.0,1604.908546782359,1.4072483907503113,1.4729438155871692,1.4944200247381059,5.0
1.7259999999999207,1500.0,1603.1689491257932,1.4427024900130618,1.5077280348680357,1.5297348581682395,5.0
1.7269999999999206,1500.0,1601.4464703147942,1.478578709204836,1.542928817204083,1.5654674204777075,5.0
1.7279999999999205,1500.0,1599.7412948744013,1.51484248575008,1.5785121679910656,1.6015832193948694,5.0
1.7289999999999204,1500.0,1598.0535913335038,1.5514604341020775,1.6144452485710301,1.6380489442819273,5.0
1.7299999999999203,1500.0,1596.3835127773575,1.5884003155703166,1.6506963466779443,1.6748324355531996,5.0
1.7309999999999202,1500.0,1594.731197385744,1.6256310087840475,1.6872348475031227,1.7119026547520488,5.0
1.73199999999992,1500.0,1593.0967689570834,1.6631224807800082,1.7240312053689104,1.7492296552734832,5.0
1.73299999999992,1500.0,1591.4803374187882,1.7008457587037196,1.761056916000339,1.786784553720736,5.0
1.7339999999999198,1500.0,1589.8819993241816,1.7387729021139293,1.7982844893846983,1.824539501884427,5.0
1.7349999999999197,1500.0,1588.3018383362514,1.7768769758788334,1.8356874232080655,1.8624676593320006,5.0
1.7359999999999196,1500.0,1586.7399256985416,1.8151320236544475,1.8732401768594695,1.9005431665968766,5.0
1.7369999999999195,1500.0,1585.1963206934574,1.8535130419339962,1.9109181459919666,1.9387411189553363,5.0
1.7379999999999194,1500.0,1583.671071088261,1.8919959546585963,1.9486976376312042,1.9770375407805463,5.0
1.7389999999999193,1500.0,1582.1642135690302,1.930557588379476,1.986555845822093,2.015409360463198,5.0
1.7399999999999192,1500.0,1580.6757741628476,1.9691756479611255,2.024470827803316,2.0538343858873667,5.0
1.740999999999919,1500.0,1579.2057686484857,2.00782869281635,2.0624214807009533,2.0922912804518408,5.0
1.741999999999919,1500.0,1577.7542029558329,2.046496113662955,2.1003875187313157,2.1307595396259535,5.0
1.7429999999999188,1500.0,1576.3210735543253,2.0851581097933725,2.1383494509045775,2.169219468030561,5.0
1.7439999999999187,1500.0,1574.9063678306259,2.123795666847302,2.1762885592196297,2.2076521570336096,5.0
1.7449999999999186,1500.0,1573.5100644557867,2.1623905350782673,2.214186877341342,2.246039462850603,5.0
1.7459999999999185,1500.0,1572.1321337421475,2.2009252081057333,2.252027169752159,2.2843639851410025,5.0
1.7469999999999184,1500.0,1570.7725379901906,2.2393829021426574,2.2897929113682434,2.322609046089941,5.0
1.7479999999999183,1500.0,1569.4312318255852,2.2777475356906125,2.3274682676125464,2.3607586699668337,5.0
1.7489999999999182,1500.0,1568.108162526643,2.316003709693703,2.36503807493635,2.398797563151656,5.0
1.749999999999918,1500.0,1566.803270342414,2.3541366881426526,2.402487821780868,2.436711094619744,5.0
1.750999999999918,1500.0,1565.5164888016275,2.39213237912025,2.4398036299704216,2.474485276875916,5.0
1.7519999999999178,1500.0,1564.247745012693,2.4299773162806737,2.476972236529944,2.5121067473299927,5.0
1.7529999999999177,1500.0,1562.9969599549736,2.467658640754048,2.5139809759184226,2.5495627501046885,5.0
1.7539999999999176,1500.0,1561.7640487615288,2.5051640834682205,2.550817762670503,2.586841118267457,5.0
1.7549999999999175,1500.0,1560.5489209935345,2.5424819478800007,2.5874710744387457,2.623930256478201,5.0
1.7559999999999174,1500.0,1559.3514809065587,2.579601093107712,2.623929935428654,2.660819124044376,5.0
1.7569999999999173,1500.0,1558.171627708909,2.616510917458557,2.660183900220122,2.6974972183766224,5.0
1.7579999999999172,1500.0,1557.0092558122228,2.6532013423413288,2.69622303796614,2.7339545588351872,5.0
1.758999999999917,1500.0,1555.8642550744862,2.6896627965586077,2.7320379169630713,2.770181670961005,5.0
1.759999999999917,1500.0,1554.736511035669,2.7258862009705833,2.76761958958485,2.8061695710832573,5.0
1.7609999999999169,1500.0,1553.6259051461468,2.7618629535232255,2.802959577574059,2.8419097512959404,5.0
1.7619999999999167,1500.0,1552.5323149880874,2.797584914633809,2.838049857683035,2.87739416479614,5.0
1.7629999999999166,1500.0,1551.455614489969,2.8330443929266806,2.872882847658159,2.9126152115767248,5.0
1.7639999999999165,1500.0,1550.3956741344016,2.868234131312576,2.907451392560763,2.947565724466525,5.0
1.7649999999999164,1500.0,1549.3523611594046,2.90314729340455,2.941748751417934,2.982238955510846,5.0
1.7659999999999163,1500.0,1548.325539753315,2.937777450263977,2.975768584196845,3.016628562685603,5.0
1.7669999999999162,1500.0,1547.3150712434708,2.9721185674699493,3.0095049390961117,3.0507285969381996,5.0
1.767999999999916,1500.0,1546.3208142788314,3.0061649925056395,3.0429522401478994,3.084533489548541,5.0
1.768999999999916,1500.0,1545.342625006678,3.0399114424552187,3.0761052751245814,3.1180380398036474,5.0
1.7699999999999159,1500.0,1544.3803572435484,3.073352992005458,3.108959183744161,3.15123740297976,5.0
1.7709999999999158,1500.0,1543.4338626405508,3.106485061745217,3.1415094461678827,3.1841270786250764,5.0
1.7719999999999156,1500.0,1542.5029908431857,3.139303406756928,3.173751871784277,3.216702899137043,5.0
1.7729999999999155,1500.0,1541.5875896458342,3.171804105495036,3.205682588274706,3.248961018629008,5.0
1.7739999999999154,1500.0,1540.687505141031,3.2039835489438593,3.237298030953081,3.2808979020786353,5.0
1.7749999999999153,1500.0,1539.8025818636636,3.2358384300505705,3.2685949323755406,3.3125103147535935,5.0
1.7759999999999152,1500.0,1538.932662930228,3.267365733427028,3.2995703122139863,3.3437953119081865,5.0
1.776999999999915,1500.0,1538.0775901732623,3.2985627253148015,3.3302214673879145,3.3747502287451043,5.0
1.777999999999915,1500.0,1537.2372042710888,3.3294269438078548,3.3605459624491982,3.4053726706367216,5.0
1.7789999999999149,1500.0,1536.4113448729856,3.3599561893282255,3.3905416202152034,3.435660503601124,5.0
1.7799999999999148,1500.0,1535.599850719905,3.390148515348226,3.4202065126439503,3.465611845026318,5.0
1.7809999999999147,1500.0,1534.8025597608491,3.420002219354813,3.449538951947063,3.4952250546381984,5.0
1.7819999999999145,1500.0,1534.0193092650416,3.4495158340510934,3.4785374819355632,3.5244987257071,5.0
1.7829999999999144,1500.0,1533.2499359299711,3.4786881187888206,3.5072008695925248,3.5534316764867864,5.0
1.7839999999999143,1500.0,1532.4942759854484,3.507518051228396,3.535528096869175,3.5820229418822302,5.0
1.7849999999999142,1500.0,1531.7521652937628,3.5360048192204037,3.5635183526985803,3.6102717653401983,5.0
1.785999999999914,1500.0,1531.0234394460554,3.564147812904541,3.5911710252229048,3.6381775909584033,5.0
1.786999999999914,1500.0,1530.3079338550053,3.591946617020747,3.6184856942291086,3.665740055807957,5.0
1.7879999999999139,1500.0,1529.6054838439304,3.619401003428355,3.645462123789043,3.6929589824649005,5.0
1.7889999999999138,1500.0,1528.9159247323996,3.64651092382844,3.672100255099183,3.719834371745905,5.0
1.7899999999999137,1500.0,1528.2390919184593,3.6732765026850993,3.698400199515848,3.746366395643829,5.0
1.7909999999999136,1500.0,1527.5748209575554,3.699698030340977,3.7243622317812948,3.772555390458378,5.0
1.7919999999999134,1500.0,1526.9229476382534,3.725775956323124,3.7499867834368708,3.798401850117924,5.0
1.7929999999999133,1500.0,1526.283308054842,3.7515108828347667,3.7752744364188757,3.8239064196879538,5.0
1.7939999999999132,1500.0,1525.6557386769073,3.7769035584287303,3.800225916832987,3.8490698890619215,5.0
1.794999999999913,1500.0,1525.0400764159626,3.8019548718586766,3.824842088903459,3.8738931868305397,5.0
1.795999999999913,1500.0,1524.4361586892203,3.826665846104139,3.849123949093158,3.8983773743254844,5.0
1.796999999999913,1500.0,1523.8438234805872,3.8510376325650464,3.8730726203902477,3.9225236398331673,5.0
1.7979999999999128,1500.0,1523.2629093989594,3.8750715054225005,3.8966893467582833,3.9463332929752495,5.0
1.7989999999999127,1500.0,1522.6932557338992,3.8987688561613734,3.919975487745443,3.9698077592514944,5.0
1.7999999999999126,1500.0,1522.1347025087673,3.9221311882515666,3.9429325132497395,3.9929485747416944,5.0
1.8009999999999124,1500.0,1521.5870905313875,3.945160111984036,3.965561998436422,4.015757380962771,5.0
1.8019999999999123,1500.0,1521.0502614423121,3.967857339457842,3.9878656188038866,4.038235919877273,5.0
1.8029999999999122,1500.0,1520.5240577607663,3.990224679715163,4.009845145395091,4.060386029050164,5.0
1.8039999999999121,1500.0,1520.008322928332,4.012264034020369,4.031502440150645,4.082209636949955,5.0
1.804999999999912,1500.0,1519.502901350449,4.033977391280029,4.052839451400506,4.103708758391041,5.0
1.805999999999912,1500.0,1519.0076384357876,4.0553668236004095,4.073858209490906,4.124885490113768,5.0
1.8069999999999118,1500.0,1518.5223806335698,4.076434481979545,4.094560822543637,4.145742006499262,5.0
1.8079999999999117,1500.0,1518.0469754688909,4.097182592130087,4.114949472343976,4.166280555415215,5.0
1.8089999999999116,1500.0,1517.5812715761133,4.117613450430514,4.135026410354855,4.18650345419016,5.0
1.8099999999999115,1500.0,1517.1251187303837,4.137729420000933,4.154793953853631,4.2064130857125,5.0
1.8109999999999113,1500.0,1516.6783678773368,4.157532926901068,4.174254482189005,4.226011894651742,5.0
1.8119999999999112,1500.0,1516.240871161042,4.177026456447113,4.193410433154919,4.245302383798752,5.0
1.8129999999999111,1500.0,1515.8124819502493,4.196212549644848,4.2122642994788215,4.264287110522248,5.0
1.813999999999911,1500.0,1515.393054862988,4.215093799735783,4.2308186254211035,4.282968683338367,5.0
1.814999999999911,1500.0,1514.9824457895675,4.2336728488540025,4.249076003483508,4.301349758590951,5.0
1.8159999999999108,1500.0,1514.580511914045,4.251952384790847,4.267039071223585,4.319433037239612,5.0
1.8169999999999107,1500.0,1514.1871117341914,4.269935137864286,4.2847105081721875,4.337221261752482,5.0
1.8179999999999106,1500.0,1513.80210508002,4.287623877891336,4.302093032852364,4.354717213101939,5.0
1.8189999999999105,1500.0,1513.4253531309178,4.305021411260162,4.319189399896313,4.37192370785993,5.0
1.8199999999999104,1500.0,1513.0567184314323,4.32213057809968,4.336002397258316,4.388843595390719,5.0
1.8209999999999102,1500.0,1512.6960649057523,4.3389542495440185,4.352534843520971,4.40547975513836,5.0
1.8219999999999101,1500.0,1512.3432578709312,4.355495325089757,4.368789585292777,4.421835094006852,5.0
1.82299999999991,1500.0,1511.998164048899,4.37175673004338,4.384769494694466,4.437912543830344,5.0
1.82399999999991,1500.0,1511.6606515772944,4.387741413056359,4.400477466931593,4.453715058930837,5.0
1.8249999999999098,1500.0,1511.3305900191738,4.403452343746524,4.415916417952014,4.469245613761969,5.0
1.8259999999999097,1500.0,1511.0078503716215,4.418892510402086,4.431089282184753,4.4845072006353215,5.0
1.8269999999999096,1500.0,1510.692305073311,4.434064917767641,4.445999010359537,4.49950282752849,5.0
1.8279999999999095,1500.0,1510.3838280110506,4.448972584909134,4.460648567404023,4.514235515971893,5.0
1.8289999999999094,1500.0,1510.0822945253506,4.4636185431556505,4.475040930416676,4.528708299012235,5.0
1.8299999999999093,1500.0,1509.787581415047,4.478005834116745,4.489179086713982,4.542924219251265,5.0
1.8309999999999091,1500.0,1509.499566941024,4.492137507772592,4.503066031949329,4.556886326957101,5.0
1.831999999999909,1500.0,1509.2181308290556,4.506016620635077,4.516704768301737,4.570597678246301,5.0
1.832999999999909,1500.0,1508.943154271811,4.519646233978761,4.530098302733339,4.584061333335515,5.0
1.8339999999999088,1500.0,1508.6745199300553,4.533029412138603,4.5432496453126126,4.597280354859673,5.0
1.8349999999999087,1500.0,1508.4121119330691,4.546169220873503,4.55616180760235,4.610257806255685,5.0
1.8359999999999086,1500.0,1508.1558158783237,4.5590687257936,4.568837801110453,4.622996750209691,5.0
1.8369999999999085,1500.0,1507.9055188304399,4.571730990849773,4.5812806358019,4.635500247166171,5.0
1.8379999999999084,1500.0,1507.6611093194629,4.584159076883248,4.593493318669912,4.647771353896911,5.0
1.8389999999999083,1500.0,1507.422477338472,4.596356040233801,4.6054788523648185,4.6598131221283,5.0
1.8399999999999082,1500.0,1507.1895143405625,4.608324931405497,4.617240233879509,4.671628597225809,5.0
1.840999999999908,1500.0,1506.9621132352224,4.6200687937872535,4.628780453288926,4.683220816933071,5.0
1.841999999999908,1500.0,1506.7401683841242,4.631590662427621,4.6401024925428835,4.694592810164827,5.0
1.8429999999999078,1500.0,1506.5235755963665,4.642893562862198,4.651209324310729,4.705747595852236,5.0
1.8439999999999077,1500.0,1506.3122321231845,4.653980509991441,4.662103910875606,4.716688181838251,5.0
1.8449999999999076,1500.0,1506.1060366521522,4.664854507008081,4.67278920307757,4.727417563822318,5.0
1.8459999999999075,1500.0,1505.9048893009015,4.675518544372726,4.683268139304123,4.737938724352926,5.0
1.8469999999999074,1500.0,1505.7086916103772,4.6859755988358245,4.6935436445264225,4.748254631866233,5.0
1.8479999999999073,1500.0,1505.517346537655,4.696228632505234,4.703618629380369,4.758368239769972,5.0
1.8489999999999072,1500.0,1505.3307584483384,4.706280591957377,4.7134959892906085,4.76828248557062,5.0
1.849999999999907,1500.0,1505.148833108556,4.716134407391221,4.723178603636719,4.778000290043101,5.0
1.850999999999907,1500.0,1504.9714776765807,4.7257929918237656,4.732669334960255,4.787524556441678,5.0
1.8519999999999068,1500.0,1504.7986006940894,4.735259240325442,4.741971028211068,4.796858169750415,5.0
1.8529999999999067,1500.0,1504.6301120770777,4.744536029294559,4.751086510032108,4.806003995972402,5.0
1.8539999999999066,1500.0,1504.4659231064547,4.75362621576967,4.760018588081559,4.8149648814565955,5.0
1.8549999999999065,1500.0,1504.305946418332,4.762532636778359,4.768770050390802,4.823743652260718,5.0
1.8559999999999064,1500.0,1504.150095994018,4.771258108721488,4.777343664757332,4.832343113549356,5.0
1.8569999999999063,1500.0,1503.998287149744,4.779805426792207,4.7857421781718985,4.840766049026499,5.0
1.8579999999999062,1500.0,1503.8504365261344,4.7881773644279395,4.793968316278091,4.849015220400715,5.0
1.858999999999906,1500.0,1503.7064620774304,4.796376672794712,4.802024782863812,4.857093366882414,5.0
1.859999999999906,1500.0,1503.5662830604892,4.8044060803029245,4.809914259383674,4.865003204712195,5.0
1.8609999999999058,1500.0,1503.429820023574,4.812268292153419,4.817639404511258,4.872747426719227,5.0
1.8619999999999057,1500.0,1503.2969947949382,4.819965989912525,4.825202853719904,4.880328701908297,5.0
1.8629999999999056,1500.0,1503.167730471233,4.827501831115948,4.832607218891878,4.887749675075377,5.0
1.8639999999999055,1500.0,1503.0419514057346,4.834878448899681,4.839855087954198,4.895012966449967,5.0
1.8649999999999054,1500.0,1502.9195831964198,4.8420984516578836,4.846949024540963,4.90212117136406,5.0
1.8659999999999053,1500.0,1502.8005526738884,4.849164422726054,4.8538915676806385,4.909076859946153,5.0
1.8669999999999052,1500.0,1502.6847878891547,4.856078920089233,4.860685231507954,4.915882576839971,5.0
1.867999999999905,1500.0,1502.5722181013107,4.86284447611418,4.867332504999438,4.922540840946908,5.0
1.868999999999905,1500.0,1502.4627737650792,4.869463597304705,4.873835851731742,4.92905414519132,5.0
1.8699999999999048,1500.0,1502.3563865182655,4.8759387640793745,4.880197709662001,4.935424956307919,5.0
1.8709999999999047,1500.0,1502.2529891691136,4.882272430570783,4.886420490929436,4.941655714650478,5.0
1.8719999999999046,1500.0,1502.1525156835803,4.888467024445759,4.892506581677574,4.94774883402117,5.0
1.8729999999999045,1500.0,1502.054901172542,4.894524946745838,4.898458341896428,4.953706701519941,5.0
1.8739999999999044,1500.0,1501.9600818789295,4.900448571746732,4.9042781052833835,4.959531677412585,5.0
1.8749999999999043,1500.0,1501.8679951648157,4.906240246837046,4.909968179123041,4.965226095017828,5.0
1.8759999999999042,1500.0,1501.7785794984532,4.911902292414716,4.915530844184517,4.970792260611874,5.0
1.876999999999904,1500.0,1501.691774441273,4.917437001800767,4.920968354635816,4.976232453350022,5.0
1.877999999999904,1500.0,1501.607520634859,4.922846641170215,4.92628293797505,4.9815489252051695,5.0
1.8789999999999039,1500.0,1501.5257597878926,4.928133449498585,4.931476794977082,4.986743900921698,5.0
1.8799999999999037,1500.0,1501.4464346630873,4.9332996385244305,4.936552099655909,4.9918195779851215,5.0
1.8809999999999036,1500.0,1501.3694890641148,4.9383473927263974,4.94151099924137,4.996778126606046,5.0
1.8819999999999035,1500.0,1501.2948678225268,4.943278869314799,4.946355614170156,5.001621689718398,5.0
1.8829999999999034,1500.0,1501.2225167846875,4.948096198237123,4.95108803809054,5.006352382991374,5.0
1.8839999999999033,1500.0,1501.1523827987137,4.952801482196398,4.955710337879771,5.010972294854016,5.0
1.8849999999999032,1500.0,1501.0844137014312,4.9573967966825645,4.960224553674282,5.015483486532569,5.0
1.885999999999903,1500.0,1501.0185583053592,4.961884190016215,4.9646326989120935,5.019887992100028,5.0
1.886999999999903,1500.0,1500.954766385722,4.966265683403554,4.9689367603862395,5.02418781853664,5.0
1.8879999999999029,1500.0,1500.8929886674916,4.970543271002835,4.973138698309526,5.028384945801716,5.0
1.8889999999999028,1500.0,1500.8331768124735,4.974718920001707,4.977240446390035,5.03248132691615,5.0
1.8899999999999026,1500.0,1500.7752834064338,4.978794570704477,4.981243911916388,5.036478888054636,5.0
1.8909999999999025,1500.0,1500.7192619462792,4.982772136629544,4.985150975853031,5.0403795286478825,5.0
1.8919999999999024,1500.0,1500.6650668272828,4.986653504615919,4.988963492944484,5.044185121493719,5.0
1.8929999999999023,1500.0,1500.6126533303782,4.99044053493908,4.99268329182877,5.04789751287734,5.0
1.8939999999999022,1500.0,1500.5619776095011,4.994135061434836,4.996312175158737,5.051518522699389,5.0
1.894999999999902,1500.0,1500.5129966790087,4.997738891632127,4.999851919732218,5.055049944612827,5.0
1.895999999999902,1500.0,1500.4656684011602,5.0012538068929775,5.003304276629184,5.058493546166716,5.0
1.8969999999999019,1500.0,1500.4199514736738,5.004681562560172,5.006670971356558,5.061851068957624,5.0
1.8979999999999018,1500.0,1500.3758054173572,5.00802388811178,5.0099537039997335,5.065124228787675,5.0
1.8989999999999017,1500.0,1500.3331905638174,5.011282487322518,5.013154149380882,5.068314715829294,5.0
1.8999999999999015,1500.0,1500.2920680432524,5.0144590384314505,5.016273957223452,5.071424194796117,5.0
1.9009999999999014,1500.0,1500.2523997723279,5.0175551943157215,5.019314752322651,5.074454305119797,5.0
1.9019999999999013,1500.0,1500.21414844214,5.020572582669833,5.022278134721381,5.077406661132201,5.0
1.9029999999999012,1500.0,1500.177277506271,5.023512806190529,5.025165679891699,5.080282852253061,5.0
1.903999999999901,1500.0,1500.141751168932,5.026377442766534,5.027978938921062,5.083084443182344,5.0
1.904999999999901,1500.0,1500.1075343732032,5.029168045673244,5.030719438703464,5.085812974097442,5.0
1.9059999999999009,1500.0,1500.0745927893743,5.031886143771994,5.033388682135056,5.088469960854787,5.0
1.9069999999999008,1500.0,1500.0428928033732,5.034533241713183,5.0359881483136135,5.091056895195214,5.0
1.9079999999999007,1500.0,1500.0124015053068,5.037110820143854,5.03851929274236,5.093575244953644,5.0
1.9089999999999006,1500.0,1499.9830866780942,5.039620335918635,5.040983547537121,5.096026454272,5.0
1.9099999999999004,1500.0,1499.9549167862103,5.042063222314321,5.043382321637064,5.098411943815643,5.0
1.9109999999999003,1500.0,1499.9278609645312,5.044440889247458,5.045717001018395,5.100733110992694,5.0
1.9119999999999002,1500.0,1499.901889007286,5.046754723495172,5.047988948911282,5.102991330176521,5.0
1.9129999999999001,1500.0,1499.8769713571185,5.049006088918628,5.050199506019316,5.105187952930667,5.0
1.9139999999999,1500.0,1499.8530790942555,5.0511963266889,5.0523499907414315,5.10732430823618,5.0
1.9149999999999,1500.0,1499.8301839257865,5.053326755515462,5.054441699396333,5.109401702721376,5.0
1.9159999999998998,1500.0,1499.8082581750546,5.055398671876576,5.056475906448854,5.111421420893469,5.0
1.9169999999998997,1500.0,1499.7872747711574,5.057413350251622,5.058453864738199,5.113384725371977,5.0
1.9179999999998996,1500.0,1499.7672072385647,5.059372043355309,5.060376805708061,5.115292857123972,5.0
1.9189999999998995,1500.0,1499.7480296868432,5.061275982373217,5.0622459396380375,5.117147035700542,5.0
1.9199999999998993,1500.0,1499.729716800503,5.063126377198974,5.064062455876689,5.118948459474808,5.0
1.9209999999998992,1500.0,1499.7122438289505,5.064924416672341,5.065827523075471,5.120698305880756,5.0
1.9219999999998991,1500.0,1499.695586576563,5.066671268818747,5.0675422894240985,5.122397731653442,5.0
1.922999999999899,1500.0,1499.6797213928755,5.068368081089175,5.069207882886285,5.124047873069467,5.0
1.923999999999899,1500.0,1499.6646251628827,5.070015980601311,5.070825411436715,5.125649846188642,5.0
1.9249999999998988,1500.0,1499.6502752974588,5.071616074380865,5.072395963298183,5.127204747095743,5.0
1.9259999999998987,1500.0,1499.6366497238937,5.073169449603573,5.073920607179415,5.128713652142874,5.0
1.9269999999998986,1500.0,1499.6237268765433,5.074677173837338,5.075400392513043,5.13017761819191,5.0
1.9279999999998985,1500.0,1499.6114856875963,5.076140295284706,5.0768363496939015,5.131597682857199,5.0
1.9289999999998984,1500.0,1499.5999055779596,5.077559843025293,5.078229490317288,5.1329748647481654,5.0
1.9299999999998982,1500.0,1499.5889664482586,5.078936827258174,5.079580807417175,5.134310163711774,5.0
1.9309999999998981,1500.0,1499.5786486699533,5.0802722395439766,5.080891275704161,5.135604561074694,5.0
1.931999999999898,1500.0,1499.568933076569,5.081567053046858,5.082161851803291,5.136859019885238,5.0
1.932999999999898,1500.0,1499.559800955048,5.082822222775908,5.083393474491329,5.138074485154713,5.0
1.9339999999998978,1500.0,1499.5512340372093,5.084038685826047,5.08458706493353,5.13925188409818,5.0
1.9349999999998977,1500.0,1499.54321449133,5.08521736161851,5.085743526920019,5.140392126374772,5.0
1.9359999999998976,1500.0,1499.5357249138374,5.0863591521403295,5.086863747101173,5.141496104326948,5.0
1.9369999999998975,1500.0,1499.5287483211164,5.087464942183221,5.087948595222437,5.1425646932191,5.0
1.9379999999998974,1500.0,1499.5222681414332,5.0885355995815775,5.088998924358258,5.143598751475246,5.0
1.9389999999998973,1500.0,1499.516268206969,5.089571975449332,5.090015571144914,5.1445991209155215,5.0
1.9399999999998971,1500.0,1499.5107327459682,5.090574904416024,5.090999356012549,5.145566626991846,5.0
1.940999999999897,1500.0,1499.505646374999,5.091545204861495,5.091951083415895,5.146502079022181,5.0
1.941999999999897,1500.0,1499.5009940913276,5.092483679149677,5.092871542064064,5.14740627042383,5.0
1.9429999999998968,1500.0,1499.4967612653975,5.093391113860672,5.093761505148692,5.148279978945016,5.0
1.9439999999998967,1500.0,1499.492933633428,5.094268280022145,5.094621730571406,5.149123966895717,5.0
1.9449999999998966,1500.0,1499.4894972901159,5.095115933338711,5.0954529611693165,5.149938981376469,5.0
1.9459999999998965,1500.0,1499.4864386814484,5.095934814420198,5.0962559249394,5.150725754506018,5.0
1.9469999999998964,1500.0,1499.4837445976243,5.096725649008417,5.097031335261432,5.151485003647446,5.0
1.9479999999998963,1500.0,1499.4814021660852,5.097489148202245,5.097779891119252,5.152217431632584,5.0
1.9489999999998961,1500.0,1499.4793988446481,5.098226008681126,5.0985022773204856,5.152923726984813,5.0
1.949999999999896,1500.0,1499.4777224147497,5.098936912927125,5.099199164714823,5.153604564140386,5.0
1.950999999999896,1500.0,1499.4763609747947,5.099622529444889,5.099871210410275,5.154260603667651,5.0
1.9519999999998958,1500.0,1499.475302933603,5.100283512980185,5.100519057988011,5.154892492484822,5.0
1.9529999999998957,1500.0,1499.4745370039695,5.100920504736691,5.101143337715475,5.155500864075959,5.0
1.9539999999998956,1500.0,1499.4740521963186,5.101534132590673,5.101744666757441,5.156086338704851,5.0
1.9549999999998955,1500.0,1499.4738378124655,5.102125011304143,5.1023236493855775,5.156649523627337,5.0
1.9559999999998954,1500.0,1499.473883439477,5.102693742735901,5.102880877185905,5.157191013301485,5.0
1.9569999999998953,1500.0,1499.4741789436289,5.10324091605063,5.103416929264389,5.157711389595851,5.0
1.9579999999998952,1500.0,1499.4747144644693,5.103767107926507,5.103932372451019,5.158211221996172,5.0
1.958999999999895,1500.0,1499.4754804089719,5.104272882760102,5.1044277615012685,5.158691067809397,5.0
1.959999999999895,1500.0,1499.4764674457947,5.104758792869993,5.104903639296272,5.15915147236638,5.0
1.9609999999998948,1500.0,1499.4776664996257,5.105225378697769,5.1053605370404425,5.159592969221963,5.0
1.9619999999998947,1500.0,1499.4790687456325,5.105673169007669,5.105798974457732,5.160016080353681,5.0
1.9629999999998946,1500.0,1499.4806656040003,5.106102681083393,5.106219459985145,5.160421316357629,5.0
1.9639999999998945,1500.0,1499.482448734563,5.1065144209235305,5.106622490964864,5.160809176642939,5.0
1.9649999999998944,1500.0,1499.4844100315322,5.106908883434588,5.10700855383402,5.161180149623837,5.0
1.9659999999998943,1500.0,1499.4865416183104,5.107286552621701,5.107378124312213,5.161534712909397,5.0
1.9669999999998942,1500.0,1499.4888358423989,5.1076479017777485,5.107731667587418,5.161873333491662,5.0
1.967999999999894,1500.0,1499.4912852703906,5.107993393669905,5.108069638499422,5.162196467931227,5.0
1.968999999999894,1500.0,1499.4938826830562,5.108323480724415,5.1083924817214745,5.162504562541013,5.0
1.9699999999998938,1500.0,1499.496621070512,5.108638605208898,5.108700631939533,5.162798053567587,5.0
1.9709999999998937,1500.0,1499.4994936274798,5.108939199412779,5.108994514029647,5.163077367370574,5.0
1.9719999999998936,1500.0,1499.5024937486241,5.1092256858252885,5.109274543232979,5.163342920599681,5.0
1.9729999999998935,1500.0,1499.5056150239811,5.109498477311693,5.109541125329067,5.163595120369905,5.0
1.9739999999998934,1500.0,1499.5088512344648,5.109757977287011,5.109794656806619,5.163834364434245,5.0
1.9749999999998933,1500.0,1499.5121963474583,5.110004579887733,5.110035525032344,5.164061041354408,5.0
1.9759999999998932,1500.0,1499.5156445124828,5.110238670141477,5.110264108417765,5.164275530669469,5.0
1.976999999999893,1500.0,1499.5191900569512,5.1104606241342925,5.110480776583707,5.164478203062146,5.0
1.977999999999893,1500.0,1499.522827481996,5.110670809175923,5.110685890522779,5.164669420523064,5.0
1.9789999999998928,1500.0,1499.5265514583768,5.110869583962905,5.110879802759746,5.164849536512842,5.0
1.9799999999998927,1500.0,1499.5303568224642,5.111057298739543,5.1110628575097845,5.16501889612205,5.0
1.9809999999998926,1500.0,1499.5342385723006,5.111234295456641,5.1112353908345565,5.165177836228945,5.0
1.9819999999998925,1500.0,1499.5381918637327,5.111400907928236,5.111397730796319,5.165326685655193,5.0
1.9829999999998924,1500.0,1499.5422120066216,5.111557461986238,5.111550197609948,5.165465765319499,5.0
1.9839999999998923,1500.0,1499.5462944611222,5.1117042756325475,5.111693103792532,5.165595388388742,5.0
1.9849999999998922,1500.0,1499.5504348340348,5.111841659189722,5.111826754311476,5.165715860427625,5.0
1.985999999999892,1500.0,1499.5546288752305,5.111969915448987,5.111951446730046,5.165827479545694,5.0
1.986999999999892,1500.0,1499.5588724741413,5.112089339816311,5.112067471351004,5.165930536542444,5.0
1.9879999999998919,1500.0,1499.5631616563237,5.112200220456518,5.1121751113582725,5.166025315050417,5.0
1.9889999999998917,1500.0,1499.567492580084,5.112302838435123,5.112274642956419,5.16611209167608,5.0
1.9899999999998916,1500.0,1499.5718615331768,5.112397467858395,5.112366335508345,5.16619113613889,5.0
1.9909999999998915,1500.0,1499.5762649295648,5.112484376011004,5.11245045167065,5.166262711407997,5.0
1.9919999999998914,1500.0,1499.5806993062447,5.112563823491877,5.112527247527178,5.1663270738371025,5.0
1.9929999999998913,1500.0,1499.5851613201369,5.112636064347955,5.112596972720557,5.1663844732972874,5.0
1.9939999999998912,1500.0,1499.5896477450372,5.112701346205978,5.112659870581757,5.166435153307821,5.0
1.994999999999891,1500.0,1499.5941554686303,5.1127599104021435,5.112716178257582,5.166479351164881,5.0
1.995999999999891,1500.0,1499.5986814895666,5.112811992110016,5.1127661268364335,5.166517298068527,5.0
1.9969999999998909,1500.0,1499.6032229145944,5.112857820466133,5.1128099414718,5.166549219247355,5.0
1.9979999999998908,1500.0,1499.6077769557548,5.112897618694059,5.112847841504247,5.166575334081646,5.0
1.9989999999998906,1500.0,1499.6123409276342,5.112931604226158,5.112880040581139,5.1665958562242045,5.0
1.9999999999998905,1500.0,1496.6105722947852,5.112959988823549,5.121337117792946,5.175282319305418,5.0
2.0009999999998906,1500.0,1493.381592487745,5.364841525381115,5.378670959457135,5.43532371149721,12.0
2.0019999999998905,1500.0,1490.2857471025518,5.638901305517629,5.657021403140513,5.716581550630872,12.0
2.0029999999998904,1500.0,1487.3210008633896,5.905189022157887,5.926917178192861,5.989292425283974,12.0
2.0039999999998903,1500.0,1484.4832887290013,6.163735764129413,6.1884446103389505,6.253543794667048,12.0
2.00499999999989,1500.0,1481.768665207607,6.414744796827462,6.441875218083096,6.509610175801784,12.0
2.00599999999989,1500.0,1479.1733121393304,6.658413627195064,6.687468183553761,6.75775364302702,12.0
2.00699999999989,1500.0,1476.6935325274421,6.894933226551874,6.925470081738033,6.998223550414001,12.0
2.00799999999989,1500.0,1474.3257447569326,7.124488414045248,7.156115844941564,7.231257502272955,12.0
2.0089999999998898,1500.0,1472.0664772530758,7.3472582141120295,7.379629646736732,7.457082242828584,12.0
2.0099999999998897,1500.0,1469.9123635402698,7.563416183134315,7.596225704945465,7.675914464540977,12.0
2.0109999999998895,1500.0,1467.8601376646125,7.773130708155133,7.806109011289696,7.887961542725433,12.0
2.0119999999998894,1500.0,1465.9066299471385,7.976565280296322,8.0094759946711,8.093422203454692,12.0
2.0129999999998893,1500.0,1464.0487630377597,8.17387874526831,8.206515124378376,8.292487131064055,12.0
2.013999999999889,1500.0,1462.2835482428068,8.365225533135778,8.397407458922869,8.485339520982304,12.0
2.014999999999889,1500.0,1460.6080821016262,8.55075586929396,8.582327145657757,8.672155583065244,12.0
2.015999999999889,1500.0,1459.019543190012,8.730615968426486,8.761441875847643,8.853105000119633,12.0
2.016999999999889,1500.0,1457.5151891303615,8.904948213044438,8.934913299408846,9.028351345857864,12.0
2.0179999999998888,1500.0,1456.0923537903366,9.073891318054676,9.10289740313957,9.198052466121624,12.0
2.0189999999998887,1500.0,1454.748444653546,9.237580482666822,9.265544855895099,9.36236082684762,12.0
2.0199999999998886,1500.0,1453.4809403473103,9.39614753082261,9.423001323833155,9.521423831917419,12.0
2.0209999999998884,1500.0,1452.2873883139953,9.549721041218948,9.575407758557605,9.675384113735237,12.0
2.0219999999998883,1500.0,1451.1654026136594,9.698426467892286,9.722900660717764,9.824379799105635,12.0
2.022999999999888,1500.0,1450.1126618469325,9.84238625224059,9.865612321377947,9.968544752739145,12.0
2.023999999999888,1500.0,1449.1269071880683,9.981719927274138,10.00367104325002,10.108008800491108,12.0
2.024999999999888,1500.0,1448.2059405190769,10.1165442148112,10.137201343682708,10.242897934238838,12.0
2.025999999999888,1500.0,1447.3476226566838,10.246973116265771,10.266324141120377,10.373334500120249,12.0
2.026999999999888,1500.0,1446.5498716646402,10.373117997612432,10.391156926580598,10.499437371692839,12.0
2.0279999999998877,1500.0,1445.8106612446172,10.49508766905765,10.511813921552207,10.621322109423303,12.0
2.0289999999998876,1500.0,1445.1280191995272,10.61298845989496,10.628406223580727,10.739101107782565,12.0
2.0299999999998875,1500.0,1444.500025963714,10.726924288977504,10.741041940688897,10.85288373110103,12.0
2.0309999999998873,1500.0,1443.924813194953,10.836996731198003,10.849826315668594,10.962776439226737,12.0
2.0319999999998872,1500.0,1443.4005624236756,10.943305080329354,10.954861841182241,11.068882903930332,12.0
2.032999999999887,1500.0,1442.9255037552628,11.045946408546083,11.056248366522915,11.171304116911177,12.0
2.033999999999887,1500.0,1442.4979146216208,11.14501562291403,11.154083196799338,11.27013849017549,12.0
2.034999999999887,1500.0,1442.1161185786125,11.240605519110737,11.24846118524137,11.365481949486256,12.0
2.035999999999887,1500.0,1441.7784841462242,11.33280683261128,11.339474819252686,11.457428021515323,12.0
2.0369999999998867,1500.0,1441.483423688632,11.421708287553244,11.427214300778955,11.546067915269283,12.0
2.0379999999998866,1500.0,1441.2293923315915,11.507396643473907,11.511767621505413,11.631490598306048,12.0
2.0389999999998865,1500.0,1441.0148869147963,11.589956740093198,11.593220633347778,11.713782868208618,12.0
2.0399999999998863,1500.0,1440.8384449770786,11.669471540300776,11.671657114657442,11.793029419739362,12.0
2.0409999999998862,1500.0,1440.6986437724886,11.746022171489178,11.747158832520613,11.869312908056514,12.0
2.041999999999886,1500.0,1440.5940993154954,11.819687965362242,11.819805601495576,11.942714008338944,12.0
2.042999999999886,1500.0,1440.5234654536685,11.890546496334668,11.889675339098583,12.013311472131292,12.0
2.043999999999886,1500.0,1440.4854329663722,11.95867361862905,11.95684411832062,12.081182180693222,12.0
2.044999999999886,1500.0,1440.478728688111,12.024143502164655,12.021386217428685,12.146401195607627,12.0
2.0459999999998857,1500.0,1440.502114655294,12.08702866732499,12.083374167282637,12.209041806880064,12.0
2.0469999999998856,1500.0,1440.5543872752714,12.147400018681598,12.142878796375511,12.269175578738345,12.0
2.0479999999998855,1500.0,1440.634376516615,12.20532687774515,12.1999692737862,12.326872393322018,12.0
2.0489999999998854,1500.0,1440.7409451196736,12.260877014807292,12.254713150214823,12.382200492432926,12.0
2.0499999999998852,1500.0,1440.8729878265347,12.31411667993178,12.307176397255722,12.435226517502521,12.0
2.050999999999885,1500.0,1441.0294306295714,12.365110633146433,12.35742344504708,12.486015547915587,12.0
2.051999999999885,1500.0,1441.2092300378406,12.413922173884659,12.405517218424887,12.534631137818657,12.0
2.052999999999885,1500.0,1441.4113723606301,12.46061316971834,12.451519171694512,12.581135351527028,12.0
2.053999999999885,1500.0,1441.6348730075254,12.505244084422205,12.4954893221248,12.625588797635684,12.0
2.0549999999998847,1500.0,1441.878775804401,12.547874005404555,12.537486282257946,12.668050661927964,12.0
2.0559999999998846,1500.0,1442.142152324789,12.588560670536907,12.57756729112076,12.70857873916793,12.0
2.0569999999998845,1500.0,1442.424101236114,12.627360494411658,12.615788244414238,12.747229463853834,12.0
2.0579999999998844,1500.0,1442.723747660323,12.664328594054453,12.652203723751528,12.784057940003148,12.0
2.0589999999998843,1500.0,1443.0402425484538,12.699518814115454,12.686867025007604,12.819117970032819,12.0
2.059999999999884,1500.0,1443.3727620687475,12.73298375156191,12.71983018583861,12.852462082793103,12.0
2.060999999999884,1500.0,1443.7205070078978,12.764774779891795,12.751144012422543,12.88414156080703,12.0
2.061999999999884,1500.0,1444.0827021850791,12.794942072886894,12.780858105468933,12.914206466763389,12.0
2.062999999999884,1500.0,1444.4585958784144,12.823534627922868,12.809020885540988,12.942705669307164,12.0
2.0639999999998837,1500.0,1444.847459263549,12.850600288850497,12.83567961772842,12.969686868165923,12.0
2.0649999999998836,1500.0,1445.2485858640314,12.876185768463603,12.860880435707768,12.99519661864924,12.0
2.0659999999998835,1500.0,1445.6612910132076,12.900336670565483,12.88466836522148,13.019280355552848,12.0
2.0669999999998834,1500.0,1446.0849113273548,12.923097511646535,12.907087347006108,13.041982416498112,12.0
2.0679999999998833,1500.0,1446.5188041897916,12.944511742183717,12.928180259196031,13.06334606473359,12.0
2.068999999999883,1500.0,1446.9623472457179,12.964621767572211,12.94798893922749,13.0834135114238,12.0
2.069999999999883,1500.0,1447.4149379075375,12.983468968698446,12.966554205265142,13.102225937447681,12.0
2.070999999999883,1500.0,1447.875992870454,13.001093722163766,12.983915877172054,13.119823514728035,12.0
2.071999999999883,1500.0,1448.3449476380938,13.017535420165883,13.000112797041028,13.136245427110078,12.0
2.0729999999998827,1500.0,1448.8212560579757,13.032832490046925,13.015182849305587,13.151529890807877,12.0
2.0739999999998826,1500.0,1449.3043898665994,13.0470224135141,13.029162980445392,13.165714174433608,12.0
2.0749999999998825,1500.0,1449.7938382439784,13.060141745540223,13.042089218301143,13.178834618625107,12.0
2.0759999999998824,1500.0,1450.2891073774158,13.072226132950057,13.053996691012085,13.19092665528511,12.0
2.0769999999998823,1500.0,1450.7897200343473,13.083310332698424,13.064919645588407,13.202024826444806,12.0
2.077999999999882,1500.0,1451.2952151440716,13.093428229845669,13.074891466130028,13.212162802763423,12.0
2.078999999999882,1500.0,1451.8051473882047,13.102612855235792,13.083944691702216,13.221373401674727,12.0
2.079999999999882,1500.0,1452.319086799683,13.110896402881874,13.09211103387753,13.229688605190109,12.0
2.080999999999882,1500.0,1452.836618370161,13.118310247064146,13.099421393953593,13.237139577368165,12.0
2.0819999999998817,1500.0,1453.3573416656407,13.124884959144632,13.10590587985461,13.243756681458889,12.0
2.0829999999998816,1500.0,1453.8808704501891,13.130650324103348,13.111593822725037,13.249569496731255,12.0
2.0839999999998815,1500.0,1454.4068323175811,13.135635356799574,13.116513793222135,13.254606834991137,12.0
2.0849999999998814,1500.0,1454.9348683307353,13.139868317963021,13.120693617514995,13.258896756797565,12.0
2.0859999999998813,1500.0,1455.4646326687941,13.143376729917835,13.12416039299569,13.262466587383038,12.0
2.086999999999881,1500.0,1455.9957922817073,13.146187392044117,13.126940503709413,13.265342932285284,12.0
2.087999999999881,1500.0,1456.5280265521844,13.148326395980044,13.129059635508918,13.267551692695836,12.0
2.088999999999881,1500.0,1457.061026964888,13.149819140568445,13.130542790938893,13.269118080531443,12.0
2.089999999999881,1500.0,1457.5944967827272,13.150690346551075,13.131414303855328,13.27006663323362,12.0
2.0909999999998807,1500.0,1458.12815073013,13.150964071014066,13.131697853784825,13.270421228301478,12.0
2.0919999999998806,1500.0,1458.661714683164,13.150663721587916,13.131416480028653,13.270205097562934,12.0
2.0929999999998805,1500.0,1459.1949253663893,13.149812070405485,13.1305925955162,13.26944084118923,12.0
2.0939999999998804,1500.0,1459.7275300563126,13.148431267820325,13.129248000411389,13.26815044145646,12.0
2.0949999999998803,1500.0,1460.2592862913305,13.146542855889532,13.12740389547716,13.266355276259528,12.0
2.09599999999988,1500.0,1460.7899615880401,13.144167781623667,13.125080895201533,13.264076132382216,12.0
2.09699999999988,1500.0,1461.319333163805,13.141326410006608,13.122299040688974,13.261333218527362,12.0
2.09799999999988,1500.0,1461.8471876654637,13.138038536788825,13.11907781232117,13.258146178111375,12.0
2.09899999999988,1500.0,1462.373320904065,13.134323401056301,13.115436142190278,13.254534101826476,12.0
2.0999999999998797,1500.0,1462.897537595521,13.130199697579,13.111392426309024,13.25051553997507,12.0
2.1009999999998796,1500.0,1463.4196511070786,13.125685588940797,13.106964536600158,13.24610851457913,12.0
2.1019999999998795,1500.0,1463.9394832094902,13.120798717454143,13.102169832668972,13.241330531268378,12.0
2.1029999999998794,1500.0,1464.4568638347869,13.115556216862434,13.097025173362388,13.236198590950913,12.0
2.1039999999998793,1500.0,1464.9716308395512,13.109974723832556,13.091546928117328,13.230729201269302,12.0
2.104999999999879,1500.0,1465.4836297735853,13.10407038924052,13.085750988101772,13.22493838784558,12.0
2.105999999999879,1500.0,1465.9927136538743,13.097858889252887,13.079652777151418,13.21884170531828,12.0
2.106999999999879,1500.0,1466.4987427437486,13.091355436206822,13.073267262505102,13.212454248174835,12.0
2.107999999999879,1500.0,1467.0015843371514,13.084574789291269,13.066608965341707,13.205790661382125,12.0
2.1089999999998787,1500.0,1467.5011125479084,13.077531265031912,13.059691971121424,13.19886515081836,12.0
2.1099999999998786,1500.0,1467.9972081039068,13.070238747582774,13.052529939734484,13.191691493509328,12.0
2.1109999999998785,1500.0,1468.4897581461028,13.062710698827118,13.045136115460096,13.184283047672032,12.0
2.1119999999998784,1500.0,1468.9786560322495,13.054960168289817,13.037523336737975,13.17665276256821,12.0
2.1129999999998783,1500.0,1469.4638011452669,13.046999802864185,13.029704045755597,13.168813188170905,12.0
2.113999999999878,1500.0,1469.9450987061618,13.03884185635589,13.021690297853885,13.160776484646973,12.0
2.114999999999878,1500.0,1470.4224595914118,13.030498198846141,13.01349377075361,13.152554431657947,12.0
2.115999999999878,1500.0,1470.8958001547232,13.021980325876852,13.005125773605355,13.14415843748215,12.0
2.116999999999878,1500.0,1471.3650420530873,13.013299367460583,12.996597255865883,13.135599547960993,12.0
2.1179999999998778,1500.0,1471.8301120770413,13.004466096917245,12.98791881600294,13.126888455271672,12.0
2.1189999999998776,1500.0,1472.2909419850594,12.995490939540302,12.979100710031371,13.118035506529125,12.0
2.1199999999998775,1500.0,1472.7474683419919,12.986383981095141,12.970152859883138,13.109050712219997,12.0
2.1209999999998774,1500.0,1473.1996323614685,12.977154976151443,12.961084861613244,13.099943754470674,12.0
2.1219999999998773,1500.0,1473.6473797521944,12.967813356252798,12.951905993444768,13.090723995152665,12.0
2.122999999999877,1500.0,1474.090660568058,12.958368237925201,12.942625223654657,13.081400483827068,12.0
2.123999999999877,1500.0,1474.5294290619722,12.948828430527136,12.933251218303079,13.071981965530984,12.0
2.124999999999877,1500.0,1474.9636435433806,12.939202443943866,12.923792348808908,13.062476888408526,12.0
2.125999999999877,1500.0,1475.3932662393509,12.92949849612775,12.91425669937319,13.052893411188306,12.0
2.1269999999998768,1500.0,1475.8182631591835,12.919724520487328,12.904652074253349,13.043239410510298,12.0
2.1279999999998767,1500.0,1476.2386039624653,12.909888173127221,12.894986004890164,13.033522488104055,12.0
2.1289999999998765,1500.0,1476.6542618304977,12.899996839941426,12.885265756890135,13.02374997782104,12.0
2.1299999999998764,1500.0,1477.0652133410297,12.890057643561825,12.875498336865009,13.01392895252288,12.0
2.1309999999998763,1500.0,1477.4714383462297,12.880077450164643,12.865690499131215,13.004066230828274,12.0
2.131999999999876,1500.0,1477.8729198538267,12.870062876136705,12.855848752271049,12.994168383720572,12.0
2.132999999999876,1500.0,1478.2696439113588,12.860020294604016,12.845979365558131,12.984241741018437,12.0
2.133999999999876,1500.0,1478.6615994934562,12.849955841824352,12.836088375248835,12.974292397711443,12.0
2.134999999999876,1500.0,1479.048778392109,12.839875423446989,12.826181590742692,12.964326220163652,12.0
2.1359999999998758,1500.0,1479.4311751098437,12.829784720640358,12.816264600612708,12.954348852186028,12.0
2.1369999999998757,1500.0,1479.8087867557524,12.819689196090913,12.806342778508728,12.944365720981017,12.0
2.1379999999998756,1500.0,1480.1816129443168,12.80959409987496,12.796421288935651,12.934382042961008,12.0
2.1389999999998754,1500.0,1480.5496556969622,12.79950447520509,12.786505092908076,12.924402829442373,12.0
2.1399999999998753,1500.0,1480.912919346287,12.78942516405401,12.77659895348421,12.91443289221784,12.0
2.1409999999998752,1500.0,1481.2714104429065,12.779360812657135,12.766707441180314,12.904476849008642,12.0
2.141999999999875,1500.0,1481.625137664861,12.769315876896728,12.756834939268499,12.894539128799153,12.0
2.142999999999875,1500.0,1481.9741117295205,12.759294627568496,12.746985648958745,12.884623977054995,12.0
2.143999999999875,1500.0,1482.3183453079478,12.749301155534038,12.73716359446851,12.87473546082796,12.0
2.144999999999875,1500.0,1482.6578529416508,12.739339376759538,12.727372627980317,12.86487747374817,12.0
2.1459999999998747,1500.0,1482.9926509616798,12.729413037244049,12.717616434490608,12.855053740906802,12.0
2.1469999999998746,1500.0,1483.3227574100179,12.71952571783846,12.707898536550974,12.84526782363049,12.0
2.1479999999998745,1500.0,1483.648191963208,12.709680838957025,12.698222298903625,12.83552312414926,12.0
2.1489999999998743,1500.0,1483.9689758581749,12.699881665183911,12.688590933013417,12.825822890160419,12.0
2.1499999999998742,1500.0,1484.2851318201801,12.690131309775884,12.679007501497752,12.816170219289596,12.0
2.150999999999874,1500.0,1484.5966839928783,12.680432739063733,12.669474922456672,12.80656806345144,12.0
2.151999999999874,1500.0,1484.9036578704136,12.670788776753465,12.659995973704362,12.797019233111047,12.0
2.152999999999874,1500.0,1485.2060802315152,12.661202108129528,12.650573296904174,12.787526401448332,12.0
2.153999999999874,1500.0,1485.5039790755466,12.651675284161847,12.64120940160899,12.77809210842716,12.0
2.1549999999998737,1500.0,1485.7973835604614,12.642210725518066,12.631906669208274,12.768718764770604,12.0
2.1559999999998736,1500.0,1486.086323942623,12.632810726483221,12.622667356784001,12.759408655844485,12.0
2.1569999999998735,1500.0,1486.3708315184463,12.623477458787969,12.613493600876595,12.750163945450417,12.0
2.1579999999998734,1500.0,1486.6509385678153,12.61421297534748,12.604387421162942,12.740986679530376,12.0
2.1589999999998732,1500.0,1486.9266782992354,12.60501921391245,12.595350724047902,12.731878789784208,12.0
2.159999999999873,1500.0,1487.1980847966868,12.59589800063413,12.586385306171202,12.722842097202065,12.0
2.160999999999873,1500.0,1487.4651929681258,12.586851053544377,12.577492857830727,12.713878315512687,12.0
2.161999999999873,1500.0,1487.7280384956064,12.577879985953068,12.568674966324437,12.704989054549834,12.0
2.162999999999873,1500.0,1487.9866577869764,12.568986309763934,12.559933119212051,12.696175823537963,12.0
2.1639999999998727,1500.0,1488.2410879291135,12.560171438710515,12.551268707498098,12.68744003429886,12.0
2.1649999999998726,1500.0,1488.4913666426635,12.551436691513945,12.542683028738063,12.678783004380815,12.0
2.1659999999998725,1500.0,1488.7375322382416,12.542783294963643,12.534177290068653,12.670205960111534,12.0
2.1669999999998724,1500.0,1488.9796235740648,12.534212386922812,12.525752611164098,12.661710039576548,12.0
2.1679999999998723,1500.0,1489.2176800149814,12.525725019260127,12.517410027119805,12.65329629552459,12.0
2.168999999999872,1500.0,1489.4517413928518,12.517322160708707,12.509150491264466,12.644965698200961,12.0
2.169999999999872,1500.0,1489.6818479682659,12.509004699654392,12.500974877902635,12.636719138110921,12.0
2.170999999999872,1500.0,1489.9080403935477,12.500773446854138,12.492883984988495,12.628557428713851,12.0
2.171999999999872,1500.0,1490.1303596770194,12.492629138086311,12.484878536732662,12.62048130905006,12.0
2.1729999999998717,1500.0,1490.3488471485011,12.48457243673411,12.476959186143196,12.612491446301291,12.0
2.1739999999998716,1500.0,1490.563544425998,12.476603936303308,12.469126517501959,12.604588438286292,12.0
2.1749999999998715,1500.0,1490.7744933835668,12.46872416287615,12.461381048778204,12.596772815893111,12.0
2.1759999999998714,1500.0,1490.9817361203084,12.460933577501768,12.453723233979666,12.589045045448545,12.0
2.1769999999998713,1500.0,1491.1853149304775,12.453232578525514,12.446153465443588,12.581405531027134,12.0
2.177999999999871,1500.0,1491.3852722746656,12.445621503857609,12.438672076068036,12.5738546167,12.0
2.178999999999871,1500.0,1491.5816507520385,12.438100633182763,12.431279341485155,12.56639258872536,12.0
2.179999999999871,1500.0,1491.7744930735976,12.430670190111947,12.423975482177477,12.559019677681587,12.0
2.180999999999871,1500.0,1491.9638420364342,12.423330344277232,12.416760665538275,12.551736060544021,12.0
2.1819999999998707,1500.0,1492.1497404989607,12.416081213371566,12.40963500787773,12.544541862707245,12.0
2.1829999999998706,1500.0,1492.3322313570816,12.408922865133736,12.402598576375144,12.537437159952985,12.0
2.1839999999998705,1500.0,1492.5113575212854,12.401855319280301,12.395651390979028,12.530421980365567,12.0
2.1849999999998704,1500.0,1492.68716189463,12.394878549385544,12.388793426256044,12.523496306195891,12.0
2.1859999999998703,1500.0,1492.8596873516021,12.387992484710555,12.382024613189888,12.516660075674979,12.0
2.18699999999987,1500.0,1493.028976717819,12.38119701198197,12.375344840930701,12.509913184777702,12.0
2.18799999999987,1500.0,1493.1950727505578,12.374491977122473,12.36875395849697,12.5032554889387,12.0
2.18899999999987,1500.0,1493.3580181200798,12.3678771869331,12.362251776430051,12.496686804720586,12.0
2.18999999999987,1500.0,1493.5178553917408,12.361352410729415,12.35583806840333,12.49020691143642,12.0
2.1909999999998697,1500.0,1493.6746270088531,12.354917381931305,12.349512572785724,12.483815552726274,12.0
2.1919999999998696,1500.0,1493.828375276285,12.348571799608587,12.343274994161757,12.47751243809,12.0
2.1929999999998695,1500.0,1493.979142344775,12.342315329982878,12.337125004808602,12.471297244376679,12.0
2.1939999999998694,1500.0,1494.1269701959407,12.336147607886563,12.331062246130903,12.465169617231549,12.0
2.1949999999998693,1500.0,1494.2719006279624,12.330068238180077,12.325086330054633,12.459129172501667,12.0
2.195999999999869,1500.0,1494.4139752419228,12.324076797128427,12.319196840380824,12.453175497601144,12.0
2.196999999999869,1500.0,1494.553235428781,12.318172833737702,12.313393334099981,12.44730815283675,12.0
2.197999999999869,1500.0,1494.689722356966,12.31235587105273,12.307675342668247,12.441526672695057,12.0
2.198999999999869,1500.0,1494.8234769605697,12.306625407416405,12.30204237324588,12.435830567091521,12.0
2.1999999999998687,1500.0,1494.954539928123,12.300980917691948,12.296493909899283,12.43021932258291,12.0
2.2009999999998686,1500.0,1495.0829516919334,12.295421854448605,12.291029414767067,12.424692403543471,12.0
2.2019999999998685,1500.0,1495.2087524179722,12.289947649111982,12.285648329191327,12.419249253306017,12.0
2.2029999999998684,1500.0,1495.3319819962958,12.284557713079558,12.280350074814669,12.413889295268554,12.0
2.2039999999998683,1500.0,1495.4526800319757,12.279251438802193,12.275134054643825,12.408611933967208,12.0
2.204999999999868,1500.0,1495.5708858365333,12.27402820083278,12.269999654080884,12.403416556116508,12.0
2.205999999999868,1500.0,1495.686638419856,12.268887356842205,12.264946241922464,12.398302531617368,12.0
2.206999999999868,1500.0,1495.7999764825856,12.263828248604124,12.259973171328125,12.393269214534104,12.0
2.207999999999868,1500.0,1495.910938408956,12.258850202948448,12.255079780758058,12.388315944040412,12.0
2.2089999999998677,1500.0,1496.0195622600736,12.253952532685151,12.250265394881595,12.38344204533601,12.0
2.2099999999998676,1500.0,1496.125885767624,12.249134537498653,12.245529325456744,12.378646830534006,12.0
2.2109999999998675,1500.0,1496.229946327991,12.24439550481328,12.240870872181295,12.373929599519673,12.0
2.2119999999998674,1500.0,1496.331780996775,12.239734710631087,12.236289323516756,12.36928964078178,12.0
2.2129999999998673,1500.0,1496.4314264836948,12.235151420342087,12.231783957485144,12.364726232216597,12.0
2.213999999999867,1500.0,1496.5289191478657,12.230644889508305,12.227354042440032,12.360238641905934,12.0
2.214999999999867,1500.0,1496.6242949934385,12.226214364621503,12.222998837811701,12.355826128869047,12.0
2.215999999999867,1500.0,1496.7175896655865,12.221859083835673,12.218717594827485,12.351487943789568,12.0
2.216999999999867,1500.0,1496.8088384468297,12.217578277675065,12.214509557208055,12.347223329718187,12.0
2.2179999999998667,1500.0,1496.8980762536862,12.213371169717876,12.210373961839762,12.343031522751126,12.0
2.2189999999998666,1500.0,1496.985337633638,12.209236977256674,12.206310039424107,12.338911752685622,12.0
2.2199999999998665,1500.0,1497.070656762397,12.205174911935874,12.202317015104624,12.33486324365261,12.0
2.2209999999998664,1500.0,1497.1540674414716,12.201184180367065,12.198394109072034,12.330885214727466,12.0
2.2219999999998663,1500.0,1497.2356030960088,12.197263984722465,12.194540537147814,12.326976880519025,12.0
2.222999999999866,1500.0,1497.315296772914,12.193413523307298,12.190755511347103,12.32313745173773,12.0
2.223999999999866,1500.0,1497.393181139231,12.1896319911116,12.187038240421334,12.319366135743373,12.0
2.224999999999866,1500.0,1497.4692884807775,12.185918580342015,12.183387930381224,12.315662137072955,12.0
2.225999999999866,1500.0,1497.5436507010231,12.182272480933785,12.179803785000257,12.312024657948967,12.0
2.2269999999998658,1500.0,1497.616299320203,12.178692881044064,12.176285006299826,12.308452898769088,12.0
2.2279999999998656,1500.0,1497.687265474659,12.175178967526596,12.172830795016027,12.304946058577421,12.0
2.2289999999998655,1500.0,1497.756579916396,12.171729926388148,12.169440351048513,12.301503335517628,12.0
2.2299999999998654,1500.0,1497.8242730128497,12.168344943227673,12.166112873892402,12.298123927268964,12.0
2.2309999999998653,1500.0,1497.8903747468562,12.165023203658397,12.16284756305332,12.294807031465316,12.0
2.231999999999865,1500.0,1497.9549147168125,12.161763893712916,12.159643618445823,12.291551846097445,12.0
2.232999999999865,1500.0,1498.0179221370238,12.158566200232533,12.156500240776243,12.288357569899528,12.0
2.233999999999865,1500.0,1498.0794258382284,12.155429311240882,12.153416631910144,12.28522340272022,12.0
2.234999999999865,1500.0,1498.139454268297,12.152352416301985,12.150391995224423,12.282148545878155,12.0
2.2359999999998648,1500.0,1498.198035493089,12.149334706863492,12.14742553594487,12.279132202502785,12.0
2.2369999999998647,1500.0,1498.2551971974708,12.146375376585762,12.144516461469797,12.27617357786126,12.0
2.2379999999998645,1500.0,1498.3109666864848,12.143473621656648,12.141663981679592,12.273271879670977,12.0
2.2389999999998644,1500.0,1498.3653708866575,12.140628641092624,12.138867309232882,12.2704263183987,12.0
2.2399999999998643,1500.0,1498.4184363474499,12.13783963702677,12.13612565984973,12.26763610754659,12.0
2.240999999999864,1500.0,1498.4701892428354,12.135105814983797,12.133438252582097,12.264900463925343,12.0
2.241999999999864,1500.0,1498.5206553730063,12.1324263841426,12.130804310072069,12.262218607915067,12.0
2.242999999999864,1500.0,1498.569860166197,12.129800557586629,12.128223058798076,12.259589763713931,12.0
2.243999999999864,1500.0,1498.6178286806235,12.127227552542482,12.125693729309525,12.25701315957524,12.0
2.2449999999998638,1500.0,1498.6645856065272,12.124706590606976,12.123215556450132,12.254488028033013,12.0
2.2459999999998637,1500.0,1498.7101552683284,12.122236897963319,12.120787779570511,12.252013606116792,12.0
2.2469999999998636,1500.0,1498.7545616268721,12.119817705586225,12.118409642729894,12.249589135555428,12.0
2.2479999999998634,1500.0,1498.797828281768,12.117448249436704,12.116080394887707,12.24721386297068,12.0
2.2489999999998633,1500.0,1498.839978473823,12.115127770646763,12.113799290085225,12.24488704006076,12.0
2.249999999999863,1500.0,1498.88103508755,12.112855515694003,12.111565587617271,12.242607923773878,12.0
2.250999999999863,1500.0,1498.92102065376,12.110630736567153,12.109378552195029,12.240375776472778,12.0
2.251999999999863,1500.0,1498.9599573522314,12.108452690921856,12.107237454099263,12.238189866089613,12.0
2.252999999999863,1500.0,1498.9978670144417,12.106320642227779,12.10514156932499,12.236049466272203,12.0
2.253999999999863,1500.0,1499.034771126374,12.104233859906985,12.10309017971759,12.23395385652163,12.0
2.2549999999998627,1500.0,1499.070690831379,12.10219161946386,12.101082573100566,12.231902322321448,12.0
2.2559999999998626,1500.0,1499.1056469330977,12.100193202607022,12.099118043395483,12.229894155258958,12.0
2.2569999999998624,1500.0,1499.1396598984422,12.098237897363155,12.097195890733905,12.227928653138413,12.0
2.2579999999998623,1500.0,1499.1727498606206,12.096324998183299,12.09531542156194,12.226005120086802,12.0
2.2589999999998622,1500.0,1499.2049366222136,12.094453806041853,12.093475948737638,12.224122866652394,12.0
2.259999999999862,1500.0,1499.2362396582953,12.092623628528337,12.091676791621222,12.222281209896035,12.0
2.260999999999862,1500.0,1499.2666781195903,12.09083377993224,12.089917276158575,12.220479473475672,12.0
2.261999999999862,1500.0,1499.2962708356765,12.089083581321336,12.088196734958267,12.218716987724349,12.0
2.262999999999862,1500.0,1499.3250363182121,12.08737236061324,12.08651450736193,12.216993089721463,12.0
2.2639999999998617,1500.0,1499.3529927642037,12.08569945264121,12.084869939508993,12.215307123358382,12.0
2.2649999999998616,1500.0,1499.380158059294,12.084064199213323,12.083262384394924,12.213658439397467,12.0
2.2659999999998615,1500.0,1499.4065497810852,12.082465949166558,12.081691201924402,12.21204639552598,12.0
2.2669999999998613,1500.0,1499.4321852024752,12.08090405841446,12.080155758958224,12.21047035640372,12.0
2.2679999999998612,1500.0,1499.4570812950226,12.079377889990186,12.07865542935566,12.208929693705981,12.0
2.268999999999861,1500.0,1499.4812547323245,12.077886814083689,12.07718959401105,12.207423786160799,12.0
2.269999999999861,1500.0,1499.5047218934146,12.076430208074319,12.075757640885865,12.205952019581517,12.0
2.270999999999861,1500.0,1499.5274988661688,12.075007456558149,12.074358965035616,12.20451378689425,12.0
2.271999999999861,1500.0,1499.5496014507273,12.073617951371203,12.07299296863272,12.203108488161204,12.0
2.2729999999998607,1500.0,1499.5710451629225,12.0722610916075,12.071659060984267,12.201735530598889,12.0
2.2739999999998606,1500.0,1499.5918452377164,12.070936283633399,12.070356658546144,12.20039432859261,12.0
2.2749999999998605,1500.0,1499.61201663264,12.06964294109725,12.069085184932545,12.199084303706366,12.0
2.2759999999998604,1500.0,1499.6315740312373,12.068380484935364,12.067844070921884,12.197804884689065,12.0
2.2769999999998602,1500.0,1499.6505318465122,12.06714834337405,12.066632754458798,12.196555507476823,12.0
2.27799999999986,1500.0,1499.66890422437,12.065945951927787,12.06545068065239,12.195335615191466,12.0
2.27899999999986,1500.0,1499.6867050470614,12.06477275339416,12.064297301771266,12.194144658135777,12.0
2.27999999999986,1500.0,1499.7039479366208,12.063628197845073,12.063172077234913,12.192982093785083,12.0
2.28099999999986,1500.0,1499.720646258299,12.062511742614806,12.062074473601985,12.191847386775706,12.0
2.2819999999998597,1500.0,1499.7368131239887,12.061422852284977,12.06100396455554,12.190740008890328,12.0
2.2829999999998596,1500.0,1499.7524613956418,12.060360998666347,12.059960030885156,12.18965943904023,12.0
2.2839999999998595,1500.0,1499.767603688678,12.059325660777956,12.05894216046645,12.188605163244908,12.0
2.2849999999998594,1500.0,1499.7822523753812,12.058316324823307,12.05794984823768,12.1875766746087,12.0
2.2859999999998593,1500.0,1499.796419588282,12.057332484163924,12.05698259617376,12.186573473294882,12.0
2.286999999999859,1500.0,1499.8101172235313,12.056373639290637,12.05603991325806,12.185595066497477,12.0
2.287999999999859,1500.0,1499.8233569442552,12.055439297792054,12.05512131545139,12.184640968410227,12.0
2.288999999999859,1500.0,1499.836150183893,12.054528974320936,12.054226325658997,12.183710700193561,12.0
2.289999999999859,1500.0,1499.8485081495235,12.0536421905587,12.053354473695657,12.182803789939689,12.0
2.2909999999998587,1500.0,1499.8604418251705,12.0527784751772,12.052505296248128,12.181919772634949,12.0
2.2919999999998586,1500.0,1499.871961975087,12.051937363798906,12.051678336835991,12.181058190120586,12.0
2.2929999999998585,1500.0,1499.8830791470255,12.051118398955264,12.05087314577075,12.18021859105179,12.0
2.2939999999998584,1500.0,1499.8938036754816,12.050321130042999,12.050089280112868,12.179400530854583,12.0
2.2949999999998583,1500.0,1499.904145684921,12.049545113278985,12.049326303627414,12.17860357168138,12.0
2.295999999999858,1500.0,1499.9141150929831,12.048789911653188,12.04858378673781,12.177827282364582,12.0
2.296999999999858,1500.0,1499.923721613659,12.048055094880482,12.04786130647847,12.177071238369079,12.0
2.297999999999858,1500.0,1499.9329747604509,12.047340239350607,12.047158446445605,12.176335021742883,12.0
2.298999999999858,1500.0,1499.9418838495023,12.046644928077086,12.046474796747026,12.175618221066792,12.0
2.2999999999998577,1500.0,1499.9504580027083,12.045968750644745,12.045809953950535,12.174920431402557,12.0
2.3009999999998576,1500.0,1499.9587061507953,12.045311303155975,12.045163521031128,12.17424125423993,12.0
2.3019999999998575,1500.0,1499.966637036379,12.04467218817594,12.044535107317117,12.17358029744256,12.0
2.3029999999998574,1500.0,1499.974259216996,12.04405101467671,12.043924328435208,12.1729371751929,12.0
2.3039999999998573,1500.0,1499.981581068103,12.043447397980389,12.043330806254612,12.172311507936062,12.0
2.304999999999857,1500.0,1499.9886107860568,12.04286095970134,12.042754168830252,12.171702922322812,12.0
2.305999999999857,1500.0,1499.9953563910606,12.042291327687577,12.042194050345117,12.171111051151705,12.0
2.306999999999857,1500.0,1500.0018257300833,12.041738135961237,12.041650091051789,12.170535533310375,12.0
2.307999999999857,1500.0,1500.0080264797534,12.041201024658546,12.041121937213397,12.169976013716225,12.0
2.3089999999998567,1500.0,1500.0139661492208,12.040679639968854,12.040609241043693,12.169432143256277,12.0
2.3099999999998566,1500.0,1500.0196520829907,12.040173634073223,12.040111660646685,12.16890357872655,12.0
2.3109999999998565,1500.0,1500.025091463727,12.039682665082353,12.039628859955599,12.168389982770746,12.0
2.3119999999998564,1500.0,1500.0302913150276,12.039206396974212,12.039160508671594,12.167891023818724,12.0
2.3129999999998563,1500.0,1500.0352585041724,12.038744499530932,12.038706282201703,12.167406376024168,12.0
2.313999999999856,1500.0,1500.0399997448335,12.038296648275317,12.03826586159642,12.166935719201915,12.0
2.314999999999856,1500.0,1500.0445215997652,12.037862524407286,12.037838933487219,12.166478738765178,12.0
2.315999999999856,1500.0,1500.0488304834535,12.037441814739555,12.03742519002333,12.16603512566208,12.0
2.316999999999856,1500.0,1500.0529326647443,12.037034211633577,12.037024328808746,12.165604576312376,12.0
2.3179999999998557,1500.0,1500.0568342694348,12.036639412934699,12.036636052838512,12.165186792543448,12.0
2.3189999999998556,1500.0,1500.0605412828384,12.03625712190757,12.036260070435178,12.164781481526513,12.0
2.3199999999998555,1500.0,1500.0640595523148,12.035887047171121,12.035896095184908,12.164388355712418,12.0
2.3209999999998554,1500.0,1500.0673947897733,12.035528902633564,12.035543845873576,12.16400713276748,12.0
2.3219999999998553,1500.0,1500.0705525741398,12.035182407427333,12.035203046422797,12.163637535509249,12.0
2.322999999999855,1500.0,1500.073538353804,12.034847285844037,12.034873425825978,12.163279291842226,12.0
2.323999999999855,1500.0,1500.0763574490195,12.034523267268968,12.034554718083944,12.162932134693282,12.0
2.324999999999855,1500.0,1500.0790150542896,12.034210086116442,12.03424666214136,12.162595801947726,12.0
2.325999999999855,1500.0,1500.0815162407093,12.033907481764343,12.033949001822382,12.162270036384752,12.0
2.3269999999998547,1500.0,1500.083865958284,12.033615198489478,12.033661485767109,12.161954585613541,12.0
2.3279999999998546,1500.0,1500.0860690382171,12.033332985402605,12.033383867367704,12.161649202009169,12.0
2.3289999999998545,1500.0,1500.0881301951613,12.033060596383581,12.033115904704632,12.161353642648528,12.0
2.3299999999998544,1500.0,1500.090054029447,12.03279779001715,12.032857360483543,12.161067669246941,12.0
2.3309999999998543,1500.0,1500.0918450292756,12.032544329528365,12.03260800197178,12.160791048094413,12.0
2.331999999999854,1500.0,1500.0935075728835,12.032299982718465,12.032367600935324,12.160523549992288,12.0
2.332999999999854,1500.0,1500.0950459306728,12.032064521901141,12.03213593357616,12.160264950190367,12.0
2.333999999999854,1500.0,1500.0964642673207,12.031837723839002,12.031912780469794,12.16001502832415,12.0
2.334999999999854,1500.0,1500.097766643849,12.031619369679985,12.031697926502742,12.159773568352033,12.0
2.3359999999998537,1500.0,1500.0989570196678,12.031409244894592,12.031491160810836,12.159540358493404,12.0
2.3369999999998536,1500.0,1500.1000392545927,12.03120713921316,12.031292276717535,12.159315191166646,12.0
2.3379999999998535,1500.0,1500.1010171108271,12.03101284656343,12.031101071672564,12.159097862927563,12.0
2.3389999999998534,1500.0,1500.1018942549179,12.030826165008687,12.030917347191078,12.15888817440825,12.0
2.3399999999998533,1500.0,1500.1026742596814,12.030646896686076,12.030740908793039,12.158685930256258,12.0
2.340999999999853,1500.0,1500.1033606061017,12.030474847745582,12.030571565943214,12.158490939074296,12.0
2.341999999999853,1500.0,1500.1039566851978,12.030309828289024,12.030409131991192,12.158303013360058,12.0
2.342999999999853,1500.0,1500.1044657998643,12.030151652309836,12.030253424112196,12.15812196944675,12.0
2.343999999999853,1500.0,1500.1048911666821,12.030000137633118,12.030104263248129,12.157947627443917,12.0
2.3449999999998528,1500.0,1500.1052359177036,12.0298551058561,12.029961474049054,12.157779811178697,12.0
2.3459999999998526,1500.0,1500.1055031022056,12.029716382289172,12.029824884815216,12.157618348137575,12.0
2.3469999999998525,1500.0,1500.1056956884179,12.029583795897375,12.029694327439513,12.15746306940867,12.0
2.3479999999998524,1500.0,1500.1058165652255,12.029457179242304,12.029569637350377,12.15731380962437,12.0
2.3489999999998523,1500.0,1500.1058685438381,12.029336368424469,12.029450653455124,12.157170406904443,12.0
2.349999999999852,1500.0,1500.1058543594377,12.02922120302643,12.029337218084027,12.157032702799935,12.0
2.350999999999852,1500.0,1500.1057766727995,12.029111526056106,12.029229176934592,12.156900542237192,12.0
2.351999999999852,1500.0,1500.1056380718817,12.029007183890714,12.029126379016448,12.156773773462556,12.0
2.352999999999852,1500.0,1500.1054410733946,12.028908026221314,12.0290286765968,12.156652247987605,12.0
2.3539999999998518,1500.0,1500.1051881243377,12.028813905997788,12.02893592514638,12.156535820534916,12.0
2.3549999999998517,1500.0,1500.1048816035184,12.028724679374571,12.028847983286042,12.15642434898444,12.0
2.3559999999998515,1500.0,1500.1045238230372,12.028640205656462,12.028764712733528,12.15631769432009,12.0
2.3569999999998514,1500.0,1500.1041170297533,12.028560347245591,12.028685978251309,12.156215720577363,12.0
2.3579999999998513,1500.0,1500.1036634067264,12.02848496958852,12.028611647594579,12.156118294791177,12.0
2.358999999999851,1500.0,1500.1031650746245,12.02841394112377,12.028541591459671,12.156025286944093,12.0
2.359999999999851,1500.0,1500.1026240931185,12.02834713323064,12.028475683433745,12.155936569915795,12.0
2.360999999999851,1500.0,1500.1020424622477,12.02828442017778,12.028413799944202,12.15585201943237,12.0
2.361999999999851,1500.0,1500.1014221237588,12.028225679072673,12.028355820209061,12.155771514016475,12.0
2.3629999999998508,1500.0,1500.100764962425,12.028170789811806,12.028301626187925,12.155694934938158,12.0
2.3639999999998507,1500.0,1500.1000728073438,12.028119635031308,12.02825110253348,12.155622166166157,12.0
2.3649999999998506,1500.0,1500.0993474332024,12.028072100057912,12.028204136543277,12.155553094319568,12.0
2.3659999999998504,1500.0,1500.0985905615323,12.028028072861092,12.02816061811267,12.155487608620588,12.0
2.3669999999998503,1500.0,1500.0978038619319,12.027987444005078,12.028120439687648,12.155425600847192,12.0
2.3679999999998502,1500.0,1500.0969889532726,12.027950106602084,12.028083496218846,12.155366965287014,12.0
2.36899999999985,1500.0,1500.096147404878,12.027915956265568,12.028049685115601,12.155311598691231,12.0
2.36999999999985,1500.0,1500.0952807376887,12.027884891064637,12.028018906201114,12.155259400229598,12.0
2.37099999999985,1500.0,1500.094390425396,12.02785681147838,12.027991061667564,12.155210271445405,12.0
2.37199999999985,1500.0,1500.093477895565,12.02783162035139,12.02796605603238,12.15516411621162,12.0
2.3729999999998497,1500.0,1500.0925445307244,12.027809222849438,12.027943796094648,12.155120840687177,12.0
2.3739999999998496,1500.0,1500.0915916694491,12.02778952641616,12.027924190892554,12.15508035327424,12.0
2.3749999999998495,1500.0,1500.090620607414,12.027772440729713,12.02790715166074,12.155042564575496,12.0
2.3759999999998493,1500.0,1500.0896325984277,12.027757877660562,12.027892591788834,12.155007387352509,12.0
2.3769999999998492,1500.0,1500.088628855451,12.02774575122969,12.027880426780348,12.15497473648452,12.0
2.377999999999849,1500.0,1500.0876105515922,12.0277359775671,12.027870574211876,12.15494452892753,12.0
2.378999999999849,1500.0,1500.0865788210847,12.02772847487128,12.02786295369326,12.154916683674333,12.0
2.379999999999849,1500.0,1500.0855347602449,12.027723163369073,12.027857486828113,12.154891121714947,12.0
2.380999999999849,1500.0,1500.0844794284124,12.02771996527603,12.027854097174878,12.154867765997556,12.0
2.3819999999998487,1500.0,1500.0834138488697,12.02771880475741,12.027852710208437,12.154846541390025,12.0
2.3829999999998486,1500.0,1500.082339009746,12.027719607889857,12.027853253282492,12.154827374642155,12.0
2.3839999999998485,1500.0,1500.0812558649031,12.027722302623472,12.02785565559221,12.154810194348254,12.0
2.3849999999998484,1500.0,1500.0801653348012,12.027726818744252,12.027859848137368,12.154794930910178,12.0
2.3859999999998482,1500.0,1500.0790683073492,12.027733087837667,12.027865763686481,12.154781516501359,12.0
2.386999999999848,1500.0,1500.0779656387374,12.027741043252268,12.027873336741076,12.154769885030998,12.0
2.387999999999848,1500.0,1500.0768581542538,12.027750620064058,12.027882503500631,12.154759972108916,12.0
2.388999999999848,1500.0,1500.0757466490852,12.027761755041228,12.027893201827915,12.15475171501081,12.0
2.389999999999848,1500.0,1500.0746318890958,12.027774386609575,12.027905371215,12.15474505264417,12.0
2.3909999999998477,1500.0,1500.0735146115983,12.02778845481861,12.027918952749925,12.154739925514885,12.0
2.3919999999998476,1500.0,1500.072395526102,12.027803901307871,12.027933889083597,12.154736275694056,12.0
2.3929999999998475,1500.0,1500.0712753150497,12.027820669273936,12.027950124397346,12.15473404678548,12.0
2.3939999999998474,1500.0,1500.0701546345401,12.027838703437933,12.027967604370989,12.154733183893647,12.0
2.3949999999998473,1500.0,1500.0690341150257,12.02785795001339,12.027986276151223,12.154733633592054,12.0
2.395999999999847,1500.0,1500.0679143620107,12.027878356675197,12.028006088321115,12.154735343892643,12.0
2.396999999999847,1500.0,1500.0667959567215,12.02789987252822,12.028026990869245,12.154738264214862,12.0
2.397999999999847,1500.0,1500.0656794567697,12.027922448077025,12.028048935159935,12.15474234535586,12.0
2.398999999999847,1500.0,1500.0645653967986,12.027946035195969,12.028071873903853,12.15474753946101,12.0
2.3999999999998467,1500.0,1500.0634542891169,12.027970587099562,12.028095761128876,12.154753799994705,12.0
2.4009999999998466,1500.0,1500.0623466243144,12.027996058313628,12.028120552151737,12.15476108171201,12.0
2.4019999999998465,1500.0,1500.0612428718746,12.02802240464693,12.028146203550127,12.15476934063063,12.0
2.4029999999998464,1500.0,1500.0601434807602,12.028049583162808,12.02817267313482,12.154778534003047,12.0
2.4039999999998463,1500.0,1500.0590488799971,12.028077552151982,12.028199919922931,12.154788620289697,12.0
2.404999999999846,1500.0,1500.0579594792403,12.028106271105278,12.028227904111091,12.15479955913212,12.0
2.405999999999846,1500.0,1500.0568756693253,12.028135700687152,12.028256587049457,12.154811311326911,12.0
2.406999999999846,1500.0,1500.055797822815,12.02816580270952,12.028285931215944,12.154823838799931,12.0
2.407999999999846,1500.0,1500.0547262945258,12.028196540105967,12.02831590019088,12.154837104580889,12.0
2.4089999999998457,1500.0,1500.0536614220457,12.028227876906614,12.028346458632326,12.154851072778655,12.0
2.4099999999998456,1500.0,1500.0526035262421,12.028259778213277,12.028377572251618,12.154865708556756,12.0
2.4109999999998455,1500.0,1500.0515529117545,12.028292210175096,12.028409207789432,12.154880978109393,12.0
2.4119999999998454,1500.0,1500.0505098674787,12.028325139964736,12.028441332992378,12.154896848638025,12.0
2.4129999999998453,1500.0,1500.0494746670388,12.028358535754702,12.028473916589727,12.15491328832807,12.0
2.413999999999845,1500.0,1500.0484475692488,12.028392366694426,12.028506928270874,12.154930266326293,12.0
2.414999999999845,1500.0,1500.047428818564,12.028426602887484,12.02854033866294,12.154947752718435,12.0
2.415999999999845,1500.0,1500.046418645518,12.028461215369411,12.028574119308987,12.15496571850737,12.0
2.416999999999845,1500.0,1500.0454172671562,12.028496176085953,12.0286082426466,12.154984135591675,12.0
2.4179999999998447,1500.0,1500.0444248874544,12.028531457871486,12.028642681986707,12.155002976744422,12.0
2.4189999999998446,1500.0,1500.0434416977257,12.028567034428038,12.02867741149293,12.155022215592515,12.0
2.4199999999998445,1500.0,1500.042467877025,12.02860288030478,12.028712406161455,12.155041826596523,12.0
2.4209999999998444,1500.0,1500.0415035925353,12.028638970877557,12.028747641800882,12.15506178503053,12.0
2.4219999999998443,1500.0,1500.0405489999528,12.028675282329228,12.028783095012898,12.155082066962791,12.0
2.422999999999844,1500.0,1500.039604243855,12.028711791629952,12.028818743172922,12.155102649236344,12.0
2.423999999999844,1500.0,1500.0386694580666,12.028748476518262,12.028854564411482,12.155123509450384,12.0
2.424999999999844,1500.0,1500.0377447660103,12.028785315482162,12.028890537595638,12.155144625941677,12.0
2.425999999999844,1500.0,1500.0368302810557,12.02882228774091,12.028926642311065,12.155165977766616,12.0
2.4269999999998437,1500.0,1500.0359261068531,12.028859373226789,12.028962858844153,12.155187544683333,12.0
2.4279999999998436,1500.0,1500.0350323376638,12.028896552567504,12.02899916816469,12.155209307134337,12.0
2.4289999999998435,1500.0,1500.0341490586798,12.028933807068903,12.02903555190887,12.155231246229551,12.0
2.4299999999998434,1500.0,1500.0332763463346,12.028971118697829,12.029071992362454,12.155253343729445,12.0
2.4309999999998433,1500.0,1500.0324142686109,12.029008470065664,12.02910847244458,12.155275582028843,12.0
2.431999999999843,1500.0,1500.0315628853325,12.029045844411774,12.029144975691507,12.155297944140646,12.0
2.432999999999843,1500.0,1500.030722248459,12.029083225587794,12.029181486241132,12.15532041368038,12.0
2.433999999999843,1500.0,1500.0298924023639,12.02912059804159,12.029217988817265,12.155342974850434,12.0
2.434999999999843,1500.0,1500.0290733841084,12.029157946802135,12.029254468714736,12.155365612425179,12.0
2.4359999999998427,1500.0,1500.0282652237127,12.029195257464515,12.029290911784672,12.155388311736232,12.0
2.4369999999998426,1500.0,1500.027467944412,12.029232516174867,12.029327304419681,12.155411058657663,12.0
2.4379999999998425,1500.0,1500.0266815629132,12.029269709616294,12.029363633540008,12.155433839592114,12.0
2.4389999999998424,1500.0,1500.0259060896396,12.029306824994567,12.029399886579487,12.155456641456784,12.0
2.4399999999998423,1500.0,1500.0251415289745,12.029343850024258,12.029436051471905,12.155479451669772,12.0
2.440999999999842,1500.0,1500.024387879491,12.02938077291514,12.029472116637631,12.155502258136732,12.0
2.441999999999842,1500.0,1500.0236451341837,12.029417582359038,12.029508070970698,12.155525049237916,12.0
2.442999999999842,1500.0,1500.0229132806874,12.02945426751671,12.029543903825907,12.155547813815332,12.0
2.443999999999842,1500.0,1500.0221923014944,12.029490818005245,12.029579605006433,12.155570541160305,12.0
2.4449999999998417,1500.0,1500.0214821741636,12.02952722388544,12.029615164751428,12.155593221001135,12.0
2.4459999999998416,1500.0,1500.0207828715245,12.029563475649809,12.029650573724222,12.155615843491246,12.0
2.4469999999998415,1500.0,1500.0200943618756,12.029599564210526,12.029685823000486,12.155638399197397,12.0
2.4479999999998414,1500.0,1500.0194166091792,12.029635480887817,12.029720904056807,12.155660879088256,12.0
2.4489999999998413,1500.0,1500.0187495732443,12.0296712173984,12.029755808759338,12.155683274523025,12.0
2.449999999999841,1500.0,1500.0180932099138,12.029706765844619,12.029790529353106,12.15570557724081,12.0
2.450999999999841,1500.0,1500.0174474712387,12.02974211870323,12.029825058451006,12.155727779349577,12.0
2.451999999999841,1500.0,1500.0168123056508,12.029777268814847,12.029859389023416,12.155749873315786,12.0
2.452999999999841,1500.0,1500.0161876581308,12.029812209373553,12.029893514387979,12.155771851954183,12.0
2.4539999999998408,1500.0,1500.015573470369,12.029846933916508,12.029927428199413,12.15579370841763,12.0
2.4549999999998406,1500.0,1500.0149696809237,12.029881436314158,12.029961124439854,12.155815436187435,12.0
2.4559999999998405,1500.0,1500.014376225375,12.029915710760424,12.029994597409248,12.15583702906378,12.0
2.4569999999998404,1500.0,1500.0137930364717,12.02994975176302,12.030027841715803,12.155858481156148,12.0
2.4579999999998403,1500.0,1500.0132200442772,12.029983554134317,12.03006085226703,12.1558797868744,12.0
2.45899999999984,1500.0,1500.0126571763083,12.030017112982117,12.030093624260678,12.155900940919722,12.0
2.45999999999984,1500.0,1500.0121043576698,12.030050423700832,12.030126153176044,12.155921938275931,12.0
2.46099999999984,1500.0,1500.0115615111902,12.030083481962727,12.030158434765378,12.155942774200888,12.0
2.46199999999984,1500.0,1500.0110285575424,12.03011628370938,12.0301904650455,12.155963444218145,12.0
2.4629999999998398,1500.0,1500.010505415374,12.030148825143554,12.030222240289792,12.155983944108932,12.0
2.4639999999998397,1500.0,1500.0099920014231,12.030181102720919,12.030253757020072,12.15600426990405,12.0
2.4649999999998395,1500.0,1500.0094882306378,12.030213113142237,12.030285011998918,12.156024417876207,12.0
2.4659999999998394,1500.0,1500.0089940162843,12.030244853345419,12.030316002221841,12.15604438453219,12.0
2.4669999999998393,1500.0,1500.0085092700594,12.030276320498395,12.030346724910311,12.15606416660592,12.0
2.467999999999839,1500.0,1500.0080339021938,12.030307511991337,12.030377177504084,12.15608376105078,12.0
2.468999999999839,1500.0,1500.0075678215544,12.030338425429768,12.030407357654447,12.156103165032874,12.0
2.469999999999839,1500.0,1500.007110935745,12.0303690586274,12.030437263217165,12.156122375924001,12.0
2.470999999999839,1500.0,1500.0066631511993,12.030399409599267,12.03046689224575,12.156141391294902,12.0
2.4719999999998388,1500.0,1500.0062243732764,12.030429476555138,12.030496242984967,12.156160208908815,12.0
2.4729999999998387,1500.0,1500.0057945063463,12.030459257892826,12.030525313864278,12.156178826714902,12.0
2.4739999999998386,1500.0,1500.0053734538776,12.030488752192104,12.030554103491854,12.156197242842298,12.0
2.4749999999998384,1500.0,1500.0049611185232,12.03051795820838,12.03058261064835,12.156215455593893,12.0
2.4759999999998383,1500.0,1500.0045574021985,12.030546874866499,12.03061083428083,12.156233463440245,12.0
2.476999999999838,1500.0,1500.0041622061594,12.030575501255067,12.030638773497184,12.156251265014049,12.0
2.477999999999838,1500.0,1500.0037754310774,12.030603836620587,12.030666427560357,12.156268859104344,12.0
2.478999999999838,1500.0,1500.003396977113,12.030631880361994,12.030693795882991,12.156286244651195,12.0
2.479999999999838,1500.0,1500.0030267439847,12.030659632025003,12.030720878021862,12.156303420740109,12.0
2.480999999999838,1500.0,1500.0026646310364,12.03068709129692,12.030747673672785,12.156320386597,12.0
2.4819999999998377,1500.0,1500.0023105373036,12.030714258001426,12.03077418266548,12.156337141583029,12.0
2.4829999999998376,1500.0,1500.0019643615744,12.030741132093523,12.03080040495863,12.156353685189682,12.0
2.4839999999998374,1500.0,1500.0016260024504,12.03076771365459,12.030826340634984,12.15637001703389,12.0
2.4849999999998373,1500.0,1500.0012953584037,12.030794002887665,12.030851989896755,12.156386136853449,12.0
2.4859999999998372,1500.0,1500.000972327835,12.030820000112763,12.030877353060998,12.156402044502393,12.0
2.486999999999837,1500.0,1500.000656809125,12.030845705762253,12.030902430555088,12.15641773994649,12.0
2.487999999999837,1500.0,1500.0003487006875,12.030871120376549,12.030927222912469,12.156433223259015,12.0
2.488999999999837,1500.0,1500.0000479010182,12.030896244599761,12.030951730768368,12.156448494616459,12.0
2.489999999999837,1500.0,1499.9997543087427,12.03092107917539,12.030975954855606,12.156463554294367,12.0
2.4909999999998367,1500.0,1499.9994678226615,12.030945624942534,12.030999896000832,12.156478402663563,12.0
2.4919999999998366,1500.0,1499.9991883417945,12.030969882831638,12.031023555120361,12.156493040186032,12.0
2.4929999999998365,1500.0,1499.9989157654236,12.0309938538608,12.031046933216558,12.156507467411284,12.0
2.4939999999998363,1500.0,1499.9986499931308,12.031017539131946,12.03107003137405,12.156521684972589,12.0
2.4949999999998362,1500.0,1499.9983909248392,12.03104093982726,12.031092850756242,12.156535693583512,12.0
2.495999999999836,1500.0,1499.9981384608486,12.031064057205592,12.03111539260178,12.156549494034385,12.0
2.496999999999836,1500.0,1499.9978925018706,12.031086892598982,12.031137658221134,12.156563087188886,12.0
2.497999999999836,1500.0,1499.9976529490616,12.031109447409392,12.031159648993393,12.15657647398088,12.0
2.498999999999836,1500.0,1499.9974197040592,12.03113172310544,12.031181366363047,12.156589655411157,12.0
2.4999999999998357,1500.0,1499.9971926690062,12.031153721219079,12.031202811836739,12.156602632544255,12.0
2.5009999999998356,1800.0,1503.218012515134,20.0,19.848012911453395,20.052063793993124,12.0
2.5019999999998355,1800.0,1506.9903844115101,20.0,19.85527738656855,20.060174540861293,12.0
2.5029999999998354,1800.0,1510.7638199182081,20.0,19.856148165972943,20.061834458011425,12.0
2.5039999999998352,1800.0,1514.5378394556399,20.0,19.856926072680587,20.06341620100362,12.0
2.504999999999835,1800.0,1518.3124096630631,20.0,19.85762443152199,20.064932834294204,12.0
2.505999999999835,1800.0,1522.0875012038207,20.0,19.858250886435695,20.066391672202254,12.0
2.506999999999835,1800.0,1525.8630880555932,20.0,19.858812349483916,20.067799292793772,12.0
2.507999999999835,1800.0,1529.6391471773163,20.0,19.85931507385385,20.06916161203776,12.0
2.5089999999998347,1800.0,1533.4156582083917,20.0,19.859764716633453,20.070483947566178,12.0
2.5099999999998346,1800.0,1537.1926031968762,20.0,19.860166395603517,20.071771076345005,12.0
2.5109999999998345,1800.0,1540.9699663538831,20.0,19.86052474061852,20.073027286839256,12.0
2.5119999999998344,1800.0,1544.7477338316935,20.0,19.860843940091815,20.074256426196673,12.0
2.5129999999998343,1800.0,1548.52589352331,20.0,19.861127783051767,20.075461942925195,12.0
2.513999999999834,1800.0,1552.3044348814124,20.0,19.861379697190756,20.076646925493648,12.0
2.514999999999834,1800.0,1556.0833487548498,20.0,19.86160278328898,20.077814137244417,12.0
2.515999999999834,1800.0,1559.8626272410086,20.0,19.861799846358437,20.078966047969715,12.0
2.516999999999834,1800.0,1563.6422635525232,20.0,19.861973423819563,20.080104862469355,12.0
2.5179999999998337,1800.0,1567.4222518969723,20.0,19.862125810993412,20.081232546378146,12.0
2.5189999999998336,1800.0,1571.2025873683065,20.0,19.862259084165004,20.082350849522932,12.0
2.5199999999998335,1800.0,1574.9832658488972,20.0,19.86237512144937,20.083461327044947,12.0
2.5209999999998334,1800.0,1578.7642839211785,20.0,19.86247562166967,20.08456535850061,12.0
2.5219999999998333,1800.0,1582.5456387879751,20.0,19.862562121436675,20.08566416513338,12.0
2.522999999999833,1800.0,1586.3273282006728,20.0,19.8626360106012,20.086758825491263,12.0
2.523999999999833,1800.0,1590.1093503944917,20.0,19.86269854623427,20.087850289547525,12.0
2.524999999999833,1800.0,1593.8917040301715,20.0,19.862750865275565,20.088939391467555,12.0
2.525999999999833,1800.0,1597.674388141461,20.0,19.862793995976755,20.09002686115084,12.0
2.5269999999998327,1800.0,1601.4574020878497,20.0,19.862828868254756,20.09111333466502,12.0
2.5279999999998326,1800.0,1605.240745512043,20.0,19.862856323058704,20.09219936367759,12.0
2.5289999999998325,1800.0,1609.0244183017187,20.0,19.862877120844576,20.09328542398096,12.0
2.5299999999998324,1800.0,1612.80842055516,20.0,19.862891949242503,20.09437192319726,12.0
2.5309999999998323,1800.0,1616.5927525503876,20.0,19.862901429993766,20.095459207741392,12.0
2.531999999999832,1800.0,1620.3774147174547,20.0,19.86290612522689,20.09654756911273,12.0
2.532999999999832,1800.0,1624.162407613599,20.0,19.86290654313602,20.097637249579982,12.0
2.533999999999832,1800.0,1627.9477319009807,20.0,19.862903143118288,20.09872844731677,12.0
2.534999999999832,1800.0,1631.733388326748,20.0,19.862896340421944,20.09982132104062,12.0
2.5359999999998317,1800.0,1635.5193777052127,20.0,19.862886510351697,20.100915994202616,12.0
2.5369999999998316,1800.0,1639.305700901929,20.0,19.86287399207351,20.102012558770788,12.0
2.5379999999998315,1800.0,1643.092358819485,20.0,19.862859092057022,20.103111078645863,12.0
2.5389999999998314,1800.0,1646.879352384853,20.0,19.862842087190103,20.104211592744704,12.0
2.5399999999998313,1800.0,1650.6666825381344,20.0,19.86282322759674,20.105314117782974,12.0
2.540999999999831,1800.0,1654.4543502225667,20.0,19.862802739186634,20.106418650786082,12.0
2.541999999999831,1800.0,1658.2423563756747,20.0,19.86278082596191,20.107525171354034,12.0
2.542999999999831,1800.0,1662.0307019214451,20.0,19.862757672104195,20.108633643704074,12.0
2.543999999999831,1800.0,1665.8193877634321,20.0,19.86273344386291,20.10974401851212,12.0
2.5449999999998307,1800.0,1669.6084147786958,20.0,19.862708291263836,20.11085623457246,12.0
2.5459999999998306,1800.0,1673.397783812493,20.0,19.862682349654857,20.111970220292953,12.0
2.5469999999998305,1800.0,1677.1874956736467,20.0,19.862655741104643,20.113085895041618,12.0
2.5479999999998304,1800.0,1680.9775511305265,20.0,19.862628575668086,20.11420317035879,12.0
2.5489999999998303,1800.0,1684.7679509075801,20.0,19.862600952531288,20.115321951047815,12.0
2.54999999999983,1800.0,1688.5586956823558,20.0,19.862572961047526,20.11644213615584,12.0
2.55099999999983,1800.0,1692.34978608297,20.0,19.862544681674574,20.117563619855353,12.0
2.55199999999983,1800.0,1696.141222685975,20.0,19.86251618682286,20.118686292235992,12.0
2.55299999999983,1800.0,1699.9330060145876,20.0,19.862487541622823,20.119810040015242,12.0
2.5539999999998297,1800.0,1703.7251365372326,20.0,19.862458804619255,20.120934747175788,12.0
2.5549999999998296,1800.0,1707.517614666383,20.0,19.86243002839955,20.122060295536734,12.0
2.5559999999998295,1800.0,1711.31044075765,20.0,19.862401260162184,20.12318656526494,12.0
2.5569999999998294,1800.0,1715.1036151091112,20.0,19.862372542231054,20.12431343533232,12.0
2.5579999999998293,1800.0,1718.8971379608415,20.0,19.86234391252092,20.125440783924297,12.0
2.558999999999829,1800.0,1722.6910094946275,20.0,19.862315404958533,20.12656848880425,12.0
2.559999999999829,1800.0,1726.4852298338508,20.0,19.86228704986368,20.12769642763805,12.0
2.560999999999829,1800.0,1730.279799043512,20.0,19.862258874294028,20.128824478282734,12.0
2.561999999999829,1800.0,1734.0747171303906,20.0,19.862230902357112,20.129952519042753,12.0
2.5629999999998287,1800.0,1737.8699840433133,20.0,19.862203155492676,20.131080428896873,12.0
2.5639999999998286,1800.0,1741.6655996735283,20.0,19.862175652728176,20.132208087698785,12.0
2.5649999999998285,1800.0,1745.461563855171,20.0,19.862148410909956,20.133335376353802,12.0
2.5659999999998284,1800.0,1749.2578763658075,20.0,19.86212144491241,20.134462176974104,12.0
2.5669999999998283,1800.0,1753.0545369270435,20.0,19.862094767827386,20.135588373014723,12.0
2.567999999999828,1800.0,1756.8515452051968,20.0,19.862068391135434,20.136713849391988,12.0
2.568999999999828,1800.0,1760.6489008120284,20.0,19.862042324860855,20.137838492586244,12.0
2.569999999999828,1800.0,1764.446603305508,20.0,19.862016577712023,20.138962190730563,12.0
2.570999999999828,1800.0,1768.2446521906274,20.0,19.861991157208326,20.140084833686576,12.0
2.5719999999998278,1800.0,1772.0430469202436,20.0,19.861966069795102,20.14120631310901,12.0
2.5729999999998276,1800.0,1775.8417868959502,20.0,19.86194132094761,20.142326522499804,12.0
2.5739999999998275,1800.0,1779.6408714689749,20.0,19.86191691526515,20.143445357253064,12.0
2.5749999999998274,1800.0,1783.4402999410909,20.0,19.86189285655624,20.144562714691702,12.0
2.5759999999998273,1800.0,1787.2400715655515,20.0,19.8618691479157,20.14567849409664,12.0
2.576999999999827,1800.0,1791.0401855480304,20.0,19.86184579179445,20.146792596729316,12.0
2.577999999999827,1800.0,1794.840641047576,20.0,19.86182279006261,20.147904925848252,12.0
2.578999999999827,1800.0,1798.6414371775666,20.0,19.861800144066738,20.1490153867203,12.0
2.579999999999827,1800.0,1802.4425730066778,20.0,19.861777854681467,20.150123886626993,12.0
2.5809999999998268,1800.0,1806.2440475598441,20.0,19.861755922356423,20.151230334866817,12.0
2.5819999999998267,1800.0,1810.045859819225,20.0,19.861734347158563,20.152334642753566,12.0
2.5829999999998265,1800.0,1813.848008725168,20.0,19.861713128810557,20.153436723611335,12.0
2.5839999999998264,1800.0,1817.65049317717,20.0,19.861692266725523,20.15453649276657,12.0
2.5849999999998263,1800.0,1821.4533120348297,20.0,19.861671760038476,20.15563386753741,12.0
2.585999999999826,1800.0,1825.256464118801,20.0,19.861651607634784,20.156728767220713,12.0
2.586999999999826,1800.0,1829.059948211735,20.0,19.861631808175932,20.157821113076984,12.0
2.587999999999826,1800.0,1832.8637630592143,20.0,19.861612360122862,20.15891082831354,12.0
2.588999999999826,1800.0,1836.6177622531766,19.876585326239596,19.7405397413167,20.037075419018,12.0
2.5899999999998258,1800.0,1840.2217230420797,19.52767617299196,19.398181686408694,19.690485878168925,12.0
2.5909999999998257,1800.0,1843.663424658231,19.18740542901031,19.06409666048419,19.352190644346233,12.0
2.5919999999998256,1800.0,1846.947394514171,18.85695401878511,18.73962979819244,19.02356345969489,12.0
2.5929999999998254,1800.0,1850.0781747098822,18.53611257209863,18.424579531404238,18.70440694775783,12.0
2.5939999999998253,1800.0,1853.0602097255137,18.224665747185654,18.118736902767925,18.394515757627175,12.0
2.5949999999998252,1800.0,1855.897846959736,17.92240162398491,17.8218960350876,18.093687220619216,12.0
2.595999999999825,1800.0,1858.595338056421,17.629111761265445,17.533854224215773,17.801721468387985,12.0
2.596999999999825,1800.0,1861.1568402561556,17.34459118714618,17.254411955462178,17.518421472507065,12.0
2.597999999999825,1800.0,1863.5864177642104,17.068638386146215,16.98337291391933,17.243593077006715,12.0
2.598999999999825,1800.0,1865.8880431319699,16.801055283440874,16.720543989681715,16.977045024854647,12.0
2.5999999999998247,1800.0,1868.0655986490806,16.541647226557657,16.465735278423455,16.718588978853482,12.0
2.6009999999998246,1800.0,1870.1228777437998,16.290222964727686,16.21876007775736,16.46803953739061,12.0
2.6019999999998245,1800.0,1872.0635863892164,16.046594626092194,15.979434879762728,16.225214245443414,12.0
2.6029999999998243,1800.0,1873.8913445132066,15.81057769295072,15.747579360037685,15.989933601214453,12.0
2.6039999999998242,1800.0,1875.609687410143,15.581990975223706,15.523016363601288,15.762021058742906,12.0
2.604999999999824,1800.0,1877.2220671525617,15.360656582291835,15.305571887945687,15.54130302681552,12.0
2.605999999999824,1800.0,1878.7318540011,15.146399893360396,15.095075063510672,15.327608864473898,12.0
2.606999999999824,1800.0,1880.1423378111826,14.939049526490441,14.891358131834421,15.120770873397692,12.0
2.607999999999824,1800.0,1881.4567294350568,14.738437306425642,14.694256421610204,14.920624287419976,12.0
2.6089999999998237,1800.0,1882.6781621178761,14.544398231335858,14.503608322861096,14.727007259414213,12.0
2.6099999999998236,1800.0,1883.8096928866585,14.356770438591008,14.319255259428115,14.53976084577566,12.0
2.6109999999998235,1800.0,1884.8543039310448,14.175395169669923,14.141041659950249,14.358728988703756,12.0
2.6119999999998234,1800.0,1885.8149039748664,14.000116734301741,13.96881492750033,14.183758496477008,12.0
2.6129999999998232,1800.0,1886.6943296376264,13.830782473931098,13.80242540802773,14.014699021899311,12.0
2.613999999999823,1800.0,1887.4953467850812,13.66724272459232,13.641726357746808,13.851403039083891,12.0
2.614999999999823,1800.0,1888.2206518681774,13.509350779270662,13.486573909597501,13.693725818728474,12.0
2.615999999999823,1800.0,1888.8728732496795,13.35696284982513,13.33682703889594,13.541525402026037,12.0
2.616999999999823,1800.0,1889.4545725178755,13.209938028540034,13.192347528281303,13.394662573343496,12.0
2.6179999999998227,1800.0,1889.9682457868194,13.068138249370147,13.052999932058759,13.25300083179361,12.0
2.6189999999998226,1800.0,1890.4163249826245,12.931428248937848,12.918651540028304,13.116406361814605,12.0
2.6199999999998225,1800.0,1890.801179115369,12.799675527337307,12.789172340882743,12.984748002864931,12.0
2.6209999999998224,1800.0,1891.1251155362243,12.672750308797067,12.664434985251459,12.857897218333024,12.0
2.6219999999998223,1800.0,1891.3903811794664,12.550525502248634,12.544314748460135,12.73572806375484,12.0
2.622999999999822,1800.0,1891.599163789072,12.432876661845004,12.42868949307078,12.618117154425253,12.0
2.623999999999822,1800.0,1891.7535931296347,12.319681947470034,12.317439631260925,12.504943632483133,12.0
2.624999999999822,1800.0,1891.8557421813787,12.210822085276838,12.210448087096552,12.396089133544848,12.0
2.625999999999822,1800.0,1891.9076283190786,12.106180328290543,12.107600258748484,12.291437752955265,12.0
2.6269999999998217,1800.0,1891.911214474727,12.005642417107627,12.00878398069746,12.19087601172006,12.0
2.6279999999998216,1800.0,1891.8684102838156,11.90909654072254,11.913889485970097,12.094292822179264,12.0
2.6289999999998215,1800.0,1891.7810732151308,11.81643329750937,11.822809368443892,12.001579453477223,12.0
2.6299999999998214,1800.0,1891.6510096839834,11.727545656384258,11.735438545256017,11.912629496879909,12.0
2.6309999999998213,1800.0,1891.4799761488123,11.642328918172606,11.651674219348243,11.827338830987475,12.0
2.631999999999821,1800.0,1891.2696801911395,11.56068067720312,11.57141584217723,11.745605586885887,12.0
2.632999999999821,1800.0,1891.0217815788492,11.48250078314868,11.494565076616626,11.667330113278245,12.0
2.633999999999821,1800.0,1890.737893312805,11.407691303132871,11.421025760075588,11.592414941633667,12.0
2.634999999999821,1800.0,1890.4195826568202,11.336156484119137,11.350703867855717,11.52076475138835,12.0
2.6359999999998207,1800.0,1890.0683721510256,11.267802715598574,11.283507476766935,11.452286335231458,12.0
2.6369999999998206,1800.0,1889.6857406086735,11.202538492589953,11.219346729019893,11.38688856450469,12.0
2.6379999999998205,1800.0,1889.2731240964617,11.140274378966065,11.158133796412478,11.324482354743916,12.0
2.6389999999998204,1800.0,1888.8319168984322,11.080922971117142,11.09978284482434,11.264980631387049,12.0
2.6399999999998203,1800.0,1888.363472463554,11.024398861963398,11.04420999903415,11.208298295672392,12.0
2.64099999999982,1800.0,1887.8691043370754,10.970618605325342,10.991333307870677,11.154352190747762,12.0
2.64199999999982,1800.0,1887.350087075757,10.919500680661322,10.941072709709275,11.103061068010497,12.0
2.64299999999982,1800.0,1886.8076571471083,10.870965458180198,10.89334999832348,11.05434555369613,12.0
2.64399999999982,1800.0,1886.2430138127438,10.824935164335809,10.848088789100107,11.008128115731848,12.0
2.6449999999998197,1800.0,1885.6573199959976,10.781333847709917,10.805214485625834,10.96433303086977,12.0
2.6459999999998196,1800.0,1885.0517031339357,10.7400873452892,10.764654246652164,10.9228863521138,12.0
2.6469999999998195,1800.0,1884.427256013905,10.701123249140505,10.72633695344403,10.883715876451621,12.0
2.6479999999998194,1800.0,1883.7850375947767,10.664370873489386,10.690193177518054,10.8467511129038,12.0
2.6489999999998193,1800.0,1883.1260738130345,10.629761222204936,10.656155148774213,10.811923250899378,12.0
2.649999999999819,1800.0,1882.4513583738692,10.597226956694161,10.624156724024916,10.779165128987195,12.0
2.650999999999819,1800.0,1881.7618535274426,10.566702364208457,10.594133355924695,10.748411203891074,12.0
2.651999999999819,1800.0,1881.0584908304902,10.53812332656378,10.5660220623026,10.719597519915524,12.0
2.652999999999819,1800.0,1880.3421718934287,10.511427289276693,10.539761395899887,10.692661678708976,12.0
2.6539999999998187,1800.0,1879.613769113146,10.486553231116622,10.51529141451386,10.667542809389301,12.0
2.6549999999998186,1800.0,1878.8741263916454,10.463441634075773,10.492553651549535,10.644181539037191,12.0
2.6559999999998185,1800.0,1878.1240598407237,10.442034453756207,10.471491086978977,10.622519963560654,12.0
2.6569999999998184,1800.0,1877.3643584728613,10.4222750901749,10.452048118709376,10.602501618935083,12.0
2.6579999999998183,1800.0,1876.5957848785065,10.404108358985418,10.434170534358735,10.584071452820753,12.0
2.658999999999818,1800.0,1875.8190758899293,10.387480463116578,10.417805483439672,10.567175796561186,12.0
2.659999999999818,1800.0,1875.0349432318408,10.372338964826248,10.402901449949695,10.551762337563316,12.0
2.660999999999818,1800.0,1874.2440741589446,10.35863275816941,10.389408225367236,10.537780092061308,12.0
2.661999999999818,1800.0,1873.4471320806208,10.346312041879177,10.377276882052154,10.525179378264983,12.0
2.6629999999998177,1800.0,1872.644757172911,10.335328292658378,10.366459747048582,10.51391178989288,12.0
2.6639999999998176,1800.0,1871.8375669780041,10.325634238880731,10.356910376289107,10.503930170090946,12.0
2.6649999999998175,1800.0,1871.0261569913916,10.317183834698518,10.348583529197304,10.495188585735706,12.0
2.6659999999998174,1800.0,1870.2111012368905,10.309932234555,10.341435143687029,10.487642302122033,12.0
2.6669999999998173,1800.0,1869.3929528297072,10.30383576809889,10.33542231155574,10.481247758034362,12.0
2.667999999999817,1800.0,1868.5722445277295,10.298851915498233,10.33050325426932,10.475962541200317,12.0
2.668999999999817,1800.0,1867.749489271234,10.294939283150876,10.326637299135644,10.47174536412528,12.0
2.669999999999817,1800.0,1866.9251807111757,10.29205757978829,10.323784855863734,10.468556040306076,12.0
2.670999999999817,1800.0,1866.0997937262593,10.290167592970507,10.321907393506239,10.466355460822651,12.0
2.6719999999998167,1800.0,1865.27378492896,10.289231165967868,10.32096741778113,10.465105571304614,12.0
2.6729999999998166,1800.0,1864.4475931606712,10.289211175027047,10.320928448769983,10.464769349271116,12.0
2.6739999999998165,1800.0,1863.6216399761697,10.29007150701776,10.321754998989439,10.46531078184148,12.0
2.6749999999998164,1800.0,1862.7963301175591,10.29177703745642,10.323412551832062,10.466694843813642,12.0
2.6759999999998163,1800.0,1861.9720519778748,10.294293608903528,10.325867540373556,10.468887476108165,12.0
2.676999999999816,1800.0,1861.149178054526,10.297588009730855,10.329087326542329,10.471855564574419,12.0
2.677999999999816,1800.0,1860.3280653927382,10.301627953254956,10.333040180648123,10.475566919156385,12.0
2.678999999999816,1800.0,1859.5090560191793,10.306382057233023,10.337695261265706,10.479990253414615,12.0
2.679999999999816,1800.0,1858.6924773659264,10.311819823717144,10.343022595469781,10.485095164400986,12.0
2.6809999999998158,1800.0,1857.8786426849467,10.317911619263509,10.348993059417738,10.490852112883454,12.0
2.6819999999998156,1800.0,1857.0678514532622,10.324628655492313,10.355578359276056,10.497232403916955,12.0
2.6829999999998155,1800.0,1856.2603897689532,10.331942969994184,10.362751012486244,10.504208167756795,12.0
2.6839999999998154,1800.0,1855.4565307381706,10.339827407579769,10.370484329367045,10.511752341111597,12.0
2.6849999999998153,1800.0,1854.6565348533156,10.34825560186777,10.378752395048267,10.5198386487315,12.0
2.685999999999815,1800.0,1853.8606503625444,10.357201957207916,10.387530051732783,10.528441585328387,12.0
2.686999999999815,1800.0,1853.0691136307607,10.366641630934282,10.396792881282243,10.537536397824026,12.0
2.687999999999815,1800.0,1852.2821494922384,10.376550515945272,10.406517188122837,10.54709906792262,12.0
2.688999999999815,1800.0,1851.499971595048,10.386905223606167,10.4166799824671,10.557106295004008,12.0
2.6899999999998148,1800.0,1850.7227827374204,10.397683066969616,10.427258963847274,10.567535479333193,12.0
2.6909999999998147,1800.0,1849.9507751962087,10.408862044310585,10.43823250495677,10.578364705582862,12.0
2.6919999999998145,1800.0,1849.184131047588,10.420420822971085,10.449579635795141,10.589572726664525,12.0
2.6929999999998144,1800.0,1848.4230224801531,10.432338723511208,10.461280028113205,10.60113894786495,12.0
2.6939999999998143,1800.0,1847.6676121005387,10.44459570416145,10.473313980153392,10.613043411283103,12.0
2.694999999999814,1800.0,1846.918053231724,10.457172345573156,10.485662401682179,10.625266780564527,12.0
2.695999999999814,1800.0,1846.1744902041467,10.470049835862133,10.498306799309843,10.637790325928469,12.0
2.696999999999814,1800.0,1845.4370586397774,10.483209955942097,10.511229262094156,10.65059590948444,12.0
2.697999999999814,1800.0,1844.7058857292839,10.496635065143169,10.524412447423483,10.663665970833666,12.0
2.6989999999998138,1800.0,1843.9810905024194,10.51030808711161,10.537839567175427,10.67698351295164,12.0
2.6999999999998137,1800.0,1843.2627840917728,10.52421249598716,10.551494374147534,10.690532088348306,12.0
2.7009999999998136,1800.0,1842.5510699900096,10.538332302853084,10.565361148755287,10.704295785501092,12.0
2.7019999999998134,1800.0,1841.84604430073,10.552652042455701,10.579424685994162,10.718259215557588,12.0
2.7029999999998133,1800.0,1841.147795983075,10.567156760188944,10.593670282661448,10.732407499303516,12.0
2.703999999999813,1800.0,1840.4564070902086,10.581831999339997,10.608083724833989,10.7467262543922,12.0
2.704999999999813,1800.0,1839.7719530017907,10.596663788592114,10.622651275597956,10.76120158283156,12.0
2.705999999999813,1800.0,1839.0945026505692,10.611638629780847,10.637359663027047,10.77582005872501,12.0
2.706999999999813,1800.0,1838.4241187432106,10.626743485899576,10.652196068405038,10.790568716262195,12.0
2.707999999999813,1800.0,1837.7608579754874,10.641965769350456,10.667148114688946,10.805435037955698,12.0
2.7089999999998127,1800.0,1837.1047712419315,10.657293330436836,10.682203855208869,10.820406943119838,12.0
2.7099999999998126,1800.0,1836.455903840081,10.672714446094004,10.697351762601535,10.83547277658842,12.0
2.7109999999998124,1800.0,1835.8142956694198,10.688217808853292,10.71258071797259,10.850621297666544,12.0
2.7119999999998123,1800.0,1835.1799814251317,10.70379251603682,10.727880000285031,10.865841669313717,12.0
2.7129999999998122,1800.0,1834.5529907867674,10.719428059178568,10.743239275969588,10.88112344755405,12.0
2.713999999999812,1800.0,1833.9333486019418,10.735114313668491,10.758648588753797,10.896456571110223,12.0
2.714999999999812,1800.0,1833.3210750651583,10.750841528615481,10.77409834970567,10.911831351257058,12.0
2.715999999999812,1800.0,1832.7161858918748,10.766600316926187,10.789579327489053,10.927238461891701,12.0
2.716999999999812,1800.0,1832.1186924878966,10.782381645595349,10.805082638826445,10.942668929816119,12.0
2.7179999999998117,1800.0,1831.5286021142165,10.798176826205067,10.820599739166713,10.958114125229296,12.0
2.7189999999998116,1800.0,1830.9459180473839,10.81397750562829,10.8361224135531,10.97356575242444,12.0
2.7199999999998115,1800.0,1830.3706397355097,10.829775656934313,10.851642767689416,10.98901584068899,12.0
2.7209999999998113,1800.0,1829.8027629500023,10.845563570491656,10.867153219199812,11.004456735402801,12.0
2.7219999999998112,1800.0,1829.2422799331173,10.861333845265529,10.882646489079445,11.019881089331648,12.0
2.722999999999811,1800.0,1828.6891795414294,10.877079380306938,10.898115593333179,11.035281854113245,12.0
2.723999999999811,1800.0,1828.143447385305,10.89279336642889,10.913553834797803,11.050652271931053,12.0
2.724999999999811,1800.0,1827.6050659644684,10.90846927806748,10.928954795145675,11.065985867373769,12.0
2.725999999999811,1800.0,1827.0740147997492,10.924100865324133,10.944312327066104,11.081276439476733,12.0
2.7269999999998107,1800.0,1826.5502705610963,10.939682146185838,10.959620546621368,11.096518053942054,12.0
2.7279999999998106,1800.0,1826.0338071919405,10.95520739892015,10.974873825774278,11.111705035534289,12.0
2.7289999999998105,1800.0,1825.5245960299937,10.970671154641963,10.990066785084247,11.12683196064854,12.0
2.7299999999998104,1800.0,1825.0226059245608,10.986068190048847,11.005194286568821,11.141893650047871,12.0
2.7309999999998102,1800.0,1824.5278033504453,11.001393520321692,11.020251426727468,11.156885161766752,12.0
2.73199999999981,1800.0,1824.040152518528,11.016642392188107,11.03523352972506,11.171801784177886,12.0
2.73299999999981,1800.0,1823.5596154830964,11.031810277145118,11.050136140731759,11.186639029219023,12.0
2.73399999999981,1800.0,1823.0861522459982,11.04689286483838,11.06495501941651,11.201392625776945,12.0
2.73499999999981,1800.0,1822.6197208576905,11.06188605659502,11.079686133591366,11.216058513225711,12.0
2.7359999999998097,1800.0,1822.1602775152658,11.076785959107418,11.09432565300396,11.230632835116433,12.0
2.7369999999998096,1800.0,1821.7077766575187,11.09158887826455,11.108869943274858,11.245111933015231,12.0
2.7379999999998095,1800.0,1821.2621710571216,11.106291313128501,11.123315559977456,11.259492340486931,12.0
2.7389999999998094,1800.0,1820.8234119099866,11.120889950053655,11.13765924285793,11.273770777222008,12.0
2.7399999999998093,1800.0,1820.391448921874,11.135381656945093,11.151897910191892,11.287944143303257,12.0
2.740999999999809,1800.0,1819.9662303923121,11.149763477654131,11.166028653275696,11.302009513610155,12.0
2.741999999999809,1800.0,1819.5477032959022,11.164032626508243,11.180048731049702,11.315964132358054,12.0
2.742999999999809,1800.0,1819.1358133610613,11.178186482972377,11.193955564850599,11.329805407769335,12.0
2.743999999999809,1800.0,1818.7305051462702,11.192222586439625,11.207746733290728,11.343530906874314,12.0
2.7449999999998087,1800.0,1818.331722113888,11.206138631148507,11.221419967261749,11.357138350439218,12.0
2.7459999999998086,1800.0,1817.9394067015926,11.219932461224193,11.234973145060067,11.370625608018546,12.0
2.7469999999998085,1800.0,1817.5535003915033,11.233602065841502,11.248404287631837,11.383990693129595,12.0
2.7479999999998084,1800.0,1817.1739437770457,11.247145574507002,11.261711553934953,11.397231758546479,12.0
2.7489999999998083,1800.0,1816.8006766276142,11.26056125245815,11.274893236416014,11.41034709171155,12.0
2.749999999999808,1800.0,1816.4336379510878,11.273847496176598,11.287947756599436,11.42333511026135,12.0
2.750999999999808,1800.0,1816.0727660542511,11.287002829013927,11.300873660786984,11.436194357665293,12.0
2.751999999999808,1800.0,1815.7179986011752,11.300025896927334,11.313669615865349,11.448923498974642,12.0
2.752999999999808,1800.0,1815.3692726696092,11.312915464322819,11.326334405219315,11.46152131667925,12.0
2.7539999999998077,1800.0,1815.026524805439,11.325670410003903,11.338866924748602,11.473986706670132,12.0
2.7549999999998076,1800.0,1814.6896910752482,11.338289723223554,11.351266178986126,11.486318674305465,12.0
2.7559999999998075,1800.0,1814.3587071170487,11.350772499837628,11.363531277316007,11.498516330578404,12.0
2.7569999999998074,1800.0,1814.0335081892133,11.363117938556746,11.37566143028825,11.51057888838347,12.0
2.7579999999998073,1800.0,1813.7140292176675,11.37532533729589,11.387655946029502,11.522505658880947,12.0
2.758999999999807,1800.0,1813.400204841377,11.38739408961838,11.399514226746513,11.534296047955786,12.0
2.759999999999807,1800.0,1813.091969456185,11.399323681273179,11.41123576532131,11.545949552770011,12.0
2.760999999999807,1800.0,1812.7892572570358,11.411113686822945,11.422820141995564,11.55746575840608,12.0
2.761999999999807,1800.0,1812.4920022786268,11.42276376636144,11.43426702114276,11.56884433459968,12.0
2.7629999999998067,1800.0,1812.2001384345424,11.43427366231789,11.445576148125825,11.58008503255962,12.0
2.7639999999998066,1800.0,1811.9135995548957,11.445643196346825,11.456747346238727,11.591187681873315,12.0
2.7649999999998065,1800.0,1811.6323194225254,11.456872266300998,11.467780513729794,11.602152187495435,12.0
2.7659999999998064,1800.0,1811.3562318077882,11.467960843286663,11.478675620905921,11.612978526819003,12.0
2.7669999999998063,1800.0,1811.085270501985,11.478908968798144,11.489432707314739,11.623666746825815,12.0
2.767999999999806,1800.0,1810.8193693494534,11.489716751930692,11.500051879003715,11.63421696131525,12.0
2.768999999999806,1800.0,1810.5584622783674,11.500384366669984,11.510533305854599,11.644629348209712,12.0
2.769999999999806,1800.0,1810.3024833302825,11.510912049256222,11.520877218991197,11.65490414693472,12.0
2.770999999999806,1800.0,1810.051366688453,11.521300095621308,11.531083908258966,11.665041655872077,12.0
2.7719999999998057,1800.0,1809.8050467049663,11.531548858897683,11.541153719775076,11.675042229884713,12.0
2.7729999999998056,1800.0,1809.5634579267194,11.541658746996783,11.551087053546881,11.684906277911132,12.0
2.7739999999998055,1800.0,1809.326535120274,11.55163022025611,11.560884361157864,11.694634260628419,12.0
2.7749999999998054,1800.0,1809.0942132956234,11.561463789152869,11.570546143519005,11.70422668818182,12.0
2.7759999999998053,1800.0,1808.8664277288951,11.57116001208285,11.580072948684316,11.71368411797952,12.0
2.776999999999805,1800.0,1808.6431139840356,11.58071949320368,11.589465369729627,11.723007152551684,12.0
2.777999999999805,1800.0,1808.4242079334867,11.590142880339354,11.598724042691634,11.732196437470783,12.0
2.778999999999805,1800.0,1808.209645777898,11.599430862946733,11.607849644567876,11.741252659333755,12.0
2.779999999999805,1800.0,1807.999364064901,11.608584170140942,11.616842891374622,11.750176543803018,12.0
2.7809999999998047,1800.0,1807.7932997069643,11.617603568779092,11.6257045362621,11.758968853705706,12.0
2.7819999999998046,1800.0,1807.591389998369,11.626489861600819,11.63443536768557,11.767630387189598,12.0
2.7829999999998045,1800.0,1807.3935726313243,11.635243885424233,11.643036207630901,11.776161975934373,12.0
2.7839999999998044,1800.0,1807.1997857112456,11.643866509396057,11.651507909893452,11.784564483416961,12.0
2.7849999999998043,1800.0,1807.009967771236,11.652358633294753,11.659851358408998,11.792838803229685,12.0
2.785999999999804,1800.0,1806.8240577857707,11.660721185884894,11.668067465635092,11.8009858574496,12.0
2.786999999999804,1800.0,1806.641995183635,11.668955123322668,11.67615717098269,11.809006595058776,12.0
2.787999999999804,1800.0,1806.4637198601174,11.677061427609893,11.684121439295486,11.816901990412967,12.0
2.788999999999804,1800.0,1806.2891721885028,11.685041105096632,11.69196125937702,11.824673041758718,12.0
2.7899999999998037,1800.0,1806.1182930308637,11.692895185030038,11.699677642563275,11.832320769796585,12.0
2.7909999999998036,1800.0,1805.951023748188,11.700624718149603,11.707271621340881,11.839846216290537,12.0
2.7919999999998035,1800.0,1805.7873062098636,11.70823077532686,11.714744248009051,11.84725044272172,12.0
2.7929999999998034,1800.0,1805.6270828025345,11.71571444624833,11.722096593384041,11.85453452898522,12.0
2.7939999999998033,1800.0,1805.470296438351,11.723076838141298,11.729329745545725,11.861699572129552,12.0
2.794999999999803,1800.0,1805.316890562636,11.730319074540828,11.736444808624734,11.868746685137182,12.0
2.795999999999803,1800.0,1805.1668091609843,11.73744229409729,11.743442901629422,11.87567699574535,12.0
2.796999999999803,1800.0,1805.0199967658154,11.74444764942331,11.750325157311634,11.882491645306184,12.0
2.797999999999803,1800.0,1804.8763984623943,11.751336305978919,11.757092721070006,11.889191787684796,12.0
2.7989999999998028,1800.0,1804.7359598943456,11.75810944099464,11.76374674989059,11.89577858819513,12.0
2.7999999999998026,1800.0,1804.5986272686732,11.764768242430485,11.770288411322825,11.902253222571543,12.0
2.8009999999998025,1800.0,1804.4643473602969,11.771313907970836,11.77671888249076,11.90861687597604,12.0
2.8019999999998024,1800.0,1804.3330675161387,11.777747644054338,11.783039349138727,11.914870742040357,12.0
2.8029999999998023,1800.0,1804.2047356587573,11.78407066493686,11.78925100470954,11.921016021940895,12.0
2.803999999999802,1800.0,1804.0793002895575,11.790284191788027,11.795355049455734,11.927053923507057,12.0
2.804999999999802,1800.0,1803.9567104915875,11.796389451819492,11.801352689581982,11.932985660361064,12.0
2.805999999999802,1800.0,1803.836915931937,11.802387677444562,11.807245136418377,11.938812451088971,12.0
2.806999999999802,1800.0,1803.7198668637498,11.80828010546798,11.813033605623358,11.944535518441604,12.0
2.8079999999998018,1800.0,1803.6055141278694,11.814067976305935,11.818719316416422,11.950156088565578,12.0
2.8089999999998017,1800.0,1803.493809154127,11.819752533234386,11.824303490838586,11.955675390262309,12.0
2.8099999999998015,1800.0,1803.3847039622917,11.825335021665625,11.829787353040736,11.961094654275202,12.0
2.8109999999998014,1800.0,1803.2781511626831,11.830816688452101,11.835172128598701,11.966415112603782,12.0
2.8119999999998013,1800.0,1803.1741039564752,11.836198781217105,11.840459043854809,11.97163799784453,12.0
2.812999999999801,1800.0,1803.072516135692,11.841482547711081,11.845649325284613,11.976764542557131,12.0
2.813999999999801,1800.0,1802.9733420829116,11.846669235193067,11.850744198888368,11.981795978655649,12.0
2.814999999999801,1800.0,1802.8765367706874,11.851760089836878,11.855744889606807,11.986733536824222,12.0
2.815999999999801,1800.0,1802.7820557607045,11.856756356161112,11.860652620760384,11.991578445956401,12.0
2.8169999999998008,1800.0,1802.6898552026767,11.861659276481996,11.865468613510966,11.9963319326171,12.0
2.8179999999998007,1800.0,1802.5998918329888,11.866470090388963,11.870194086345913,12.000995220527106,12.0
2.8189999999998006,1800.0,1802.5121229731126,11.871190034242405,11.87483025458392,12.005569530069527,12.0
2.8199999999998004,1800.0,1802.4265065277891,11.875820340692208,11.879378329901343,12.01005607781683,12.0
2.8209999999998003,1800.0,1802.343000982993,11.880362238217273,11.883839519879189,12.014456076078712,12.0
2.8219999999998002,1800.0,1802.261565403694,11.884816950685147,11.888215027569803,12.018770732469786,12.0
2.8229999999998,1800.0,1802.182159431417,11.889185696931085,11.892506051082778,12.023001249496602,12.0
2.8239999999998,1800.0,1802.1047432816108,11.893469690355984,11.896713783189337,12.027148824163273,12.0
2.8249999999998,1800.0,1802.0292777408397,11.897670138543077,11.900839410945247,12.03121464759574,12.0
2.8259999999998,1800.0,1801.9557241638024,11.901788242892302,11.90488411533105,12.035199904683425,12.0
2.8269999999997997,1800.0,1801.8840444701852,11.90582519827179,11.908849070909195,12.039105773737884,12.0
2.8279999999997996,1800.0,1801.8142011413613,11.909782192686764,11.912735445498242,12.042933426168661,12.0
2.8289999999997995,1800.0,1801.7461572169389,11.913660406964189,11.916544399862614,12.046684026174718,12.0
2.8299999999997993,1800.0,1801.6798762911733,11.917461014453888,11.920277087418517,12.050358730452128,12.0
2.8309999999997992,1800.0,1801.6153225092412,11.92118518074454,11.923934653954502,12.053958687916474,12.0
2.831999999999799,1800.0,1801.5524605633932,11.924834063394867,11.927518237366982,12.057485039440273,12.0
2.832999999999799,1800.0,1801.491255688981,11.928408811679258,11.931028967409924,12.060938917604616,12.0
2.833999999999799,1800.0,1801.431673660378,11.931910566347403,11.934467965458369,12.0643214464647,12.0
2.834999999999799,1800.0,1801.37368078679,11.935340459397565,11.937836344285337,12.067633741328816,12.0
2.8359999999997987,1800.0,1801.3172439079667,11.938699613862964,11.94113520785161,12.0708769085502,12.0
2.8369999999997986,1800.0,1801.2623303898208,11.941989143610984,11.9443656511082,12.074052045331658,12.0
2.8379999999997985,1800.0,1801.2089081199558,11.945210153154612,11.947528759810764,12.07716023954215,12.0
2.8389999999997984,1800.0,1801.1569455031135,11.948363737476154,11.950625610346176,12.08020256954558,12.0
2.8399999999997982,1800.0,1801.1064114565445,11.951450981862203,11.953657269570112,12.083180104040599,12.0
2.840999999999798,1800.0,1801.0572754053076,11.954472961749996,11.956624794655864,12.086093901911678,12.0
2.841999999999798,1800.0,1801.0095072775002,11.957430742584549,11.959529232953766,12.088945012090816,12.0
2.842999999999798,1800.0,1800.9630774994291,11.960325379686392,11.962371621861008,12.091734473429637,12.0
2.843999999999798,1800.0,1800.917956990724,11.963157918129346,11.965152988701394,12.094463314581471,12.0
2.8449999999997977,1800.0,1800.8741171594002,11.96592939262833,11.967874350614895,12.097132553893196,12.0
2.8459999999997976,1800.0,1800.831529896872,11.968640827436113,11.970536714456061,12.099743199306008,12.0
2.8469999999997975,1800.0,1800.7901675729238,11.971293236249862,11.973141076702035,12.102296248265738,12.0
2.8479999999997974,1800.0,1800.750003030639,11.973887622126153,11.975688423368908,12.104792687641558,12.0
2.8489999999997973,1800.0,1800.7110095813,11.976424977404799,11.978179729936743,12.10723349365334,12.0
2.849999999999797,1800.0,1800.6731609992516,11.978906283640557,11.980615961282357,12.10961963180676,12.0
2.850999999999797,1800.0,1800.636431516739,11.981332511543119,11.98299807162024,12.111952056836547,12.0
2.851999999999797,1800.0,1800.600795818722,11.983704620924652,11.985327004450918,12.114231712657169,12.0
2.852999999999797,1800.0,1800.5662290376686,11.986023560654735,11.987603692516572,12.11645953232079,12.0
2.8539999999997967,1800.0,1800.5327067483324,11.98829026862233,11.9898290577636,12.118636437982103,12.0
2.8549999999997966,1800.0,1800.5002049625145,11.990505671704945,11.99200401131223,12.120763340870269,12.0
2.8559999999997965,1800.0,1800.4687001238162,11.992670685744018,11.994129453432295,12.122841141266957,12.0
2.8569999999997964,1800.0,1800.4381691023855,11.994786215527046,11.99620627352557,12.124870728490944,12.0
2.8579999999997963,1800.0,1800.4085891896561,11.996853154775335,11.99823535011372,12.126852980888364,12.0
2.858999999999796,1800.0,1800.3799380930843,11.998872386138299,12.000217550832645,12.12878876582923,12.0
2.859999999999796,1800.0,1800.3521939308905,12.000844781192981,12.00215373243197,12.130678939709178,12.0
2.860999999999796,1800.0,1800.3253352267996,12.002771200449052,12.004044740779927,12.132524347956547,12.0
2.861999999999796,1800.0,1800.2993409047913,12.004652493359256,12.005891410873607,12.134325825044801,12.0
2.8629999999997957,1800.0,1800.2741902838548,12.006489498334602,12.007694566853845,12.136084194509595,12.0
2.8639999999997956,1800.0,1800.249863072755,12.0082830427646,12.009455022025104,12.137800268970778,12.0
2.8649999999997955,1800.0,1800.2263393648136,12.010033943042066,12.011173578879854,12.139474850158905,12.0
2.8659999999997954,1800.0,1800.2035996327018,12.011743004592244,12.012851029127175,12.141108728945918,12.0
2.8669999999997953,1800.0,1800.1816247232512,12.013411021906261,12.014488153725619,12.142702685380101,12.0
2.867999999999795,1800.0,1800.1603958522828,12.015038778578624,12.016085722920096,12.144257488724977,12.0
2.868999999999795,1800.0,1800.1398945994565,12.016627047348623,12.017644496282545,12.145773897502032,12.0
2.869999999999795,1800.0,1800.1201029031436,12.018176590145377,12.019165222756214,12.147252659536985,12.0
2.870999999999795,1800.0,1800.1010030553214,12.019688158136447,12.020648640703474,12.148694512009538,12.0
2.8719999999997947,1800.0,1800.0825776964941,12.021162491779783,12.022095477956855,12.150100181506396,12.0
2.8729999999997946,1800.0,1800.0648098106403,12.02260032087911,12.023506451873516,12.151470384077637,12.0
2.8739999999997945,1800.0,1800.0476827201903,12.024002364642033,12.024882269392377,12.152805825295717,12.0
2.8749999999997944,1800.0,1800.0311800810302,12.025369331741299,12.026223627094328,12.154107200317576,12.0
2.8759999999997943,1800.0,1800.0152858775398,12.026701920378802,12.027531211265202,12.155375193949396,12.0
2.876999999999794,1800.0,1799.9999844176596,12.02800081835219,12.028805697961218,12.156610480713894,12.0
2.877999999999794,1800.0,1799.985260327996,12.029266703123955,12.030047753076953,12.15781372492004,12.0
2.878999999999794,1800.0,1799.9710985489542,12.030500241892906,12.031258032415597,12.158985580735074,12.0
2.879999999999794,1800.0,1799.9574843299151,12.031702091667972,12.032437181761544,12.160126692258832,12.0
2.8809999999997937,1800.0,1799.9444032244405,12.032872899343873,12.033585836954778,12.161237693599784,12.0
2.8819999999997936,1800.0,1799.9318410855194,12.03401330177908,12.034704623967542,12.162319208953416,12.0
2.8829999999997935,1800.0,1799.9197840608563,12.03512392587556,12.035794158982766,12.16337185268225,12.0
2.8839999999997934,1800.0,1799.9082185881887,12.03620538866008,12.036855048474004,12.164396229397424,12.0
2.8849999999997933,1800.0,1799.8971313906568,12.037258297367577,12.037887889287408,12.165392934042217,12.0
2.885999999999793,1800.0,1799.8865094722046,12.03828324952567,12.038893268724857,12.16636255197674,12.0
2.886999999999793,1800.0,1799.8763401130248,12.039280833040845,12.039871764628694,12.167305659064194,12.0
2.887999999999793,1800.0,1799.866610865049,12.040251626286052,12.040823945467869,12.168222821758516,12.0
2.888999999999793,1800.0,1799.8573095474749,12.0411961981893,12.04175037042505,12.169114597192939,12.0
2.8899999999997927,1800.0,1799.848424242342,12.042115108323705,12.04265158948519,12.169981533270011,12.0
2.8909999999997926,1800.0,1799.839943290145,12.04300890699831,12.043528143524858,12.170824168752315,12.0
2.8919999999997925,1800.0,1799.831855285498,12.04387813535037,12.044380564402935,12.171643033354567,12.0
2.8929999999997924,1800.0,1799.824149072837,12.044723325437786,12.045209375051558,12.172438647835923,12.0
2.8939999999997923,1800.0,1799.8168137421706,12.04554500033327,12.046015089568703,12.173211524093869,12.0
2.894999999999792,1800.0,1799.809838624875,12.046343674218479,12.046798213310769,12.173962165258105,12.0
2.895999999999792,1800.0,1799.8032132895344,12.047119852479167,12.047559242986145,12.17469106578541,12.0
2.896999999999792,1800.0,1799.796927537826,12.047874031801106,12.048298666749528,12.175398711555175,12.0
2.897999999999792,1800.0,1799.7909714004547,12.048606700266127,12.049016964296392,12.176085579965116,12.0
2.8989999999997917,1800.0,1799.785335133128,12.049318337448817,12.049714606958052,12.176752140027535,12.0
2.8999999999997916,1800.0,1799.7800092125822,12.050009414513779,12.05039205779734,12.177398852466146,12.0
2.9009999999997915,1800.0,1799.774984332655,12.050680394312986,12.051049771704326,12.178026169812956,12.0
2.9019999999997914,1800.0,1799.7702514004,12.051331731483229,12.051688195492154,12.178634536505204,12.0
2.9029999999997913,1800.0,1799.7658015322536,12.051963872544444,12.052307767993732,12.17922438898316,12.0
2.903999999999791,1800.0,1799.7616260502427,12.052577255997432,12.052908920157842,12.179796155787301,12.0
2.904999999999791,1800.0,1799.757716478247,12.05317231242229,12.053492075145932,12.180350257656139,12.0
2.905999999999791,1800.0,1799.7540645382996,12.053749464576361,12.054057648428431,12.180887107623548,12.0
2.906999999999791,1800.0,1799.7506621469402,12.05430912749263,12.054606047881531,12.181407111116574,12.0
2.9079999999997908,1800.0,1799.7475014116142,12.054851708577853,12.055137673883674,12.181910666052861,12.0
2.9089999999997906,1800.0,1799.7445746271137,12.05537760771049,12.055652919411868,12.18239816293793,12.0
2.9099999999997905,1800.0,1799.7418742720738,12.055887217338842,12.0561521701382,12.182869984962622,12.0
2.9109999999997904,1800.0,1799.739393005507,12.056380922578656,12.05663580452579,12.183326508099956,12.0
2.9119999999997903,1800.0,1799.7371236633892,12.056859101310645,12.057104193924737,12.183768101201938,12.0
2.91299999999979,1800.0,1799.735059255289,12.057322124277789,12.057557702667783,12.18419512609611,12.0
2.91399999999979,1800.0,1799.7331929610448,12.05777035518235,12.057996688165716,12.18460793768178,12.0
2.91499999999979,1800.0,1799.731518127489,12.058204150782396,12.058421501002293,12.18500688402575,12.0
2.91599999999979,1800.0,1799.7300282652147,12.058623860988108,12.058832485028944,12.185392306457835,12.0
2.9169999999997898,1800.0,1799.7287170453892,12.059029828957557,12.059229977458989,12.18576453966585,12.0
2.9179999999997897,1800.0,1799.727578296616,12.059422391192347,12.059614308961635,12.186123911790357,12.0
2.9189999999997895,1800.0,1799.7266060018362,12.059801877632221,12.059985803755081,12.186470744518495,12.0
2.9199999999997894,1800.0,1799.7257942952797,12.060168611749898,12.060344779699719,12.18680535317792,12.0
2.9209999999997893,1800.0,1799.7251374594598,12.060522910644746,12.06069154839029,12.187128046829631,12.0
2.921999999999789,1800.0,1799.7246299222086,12.060865085136237,12.061026415247767,12.187439128360554,12.0
2.922999999999789,1800.0,1799.7242662537637,12.061195439856915,12.061349679610789,12.187738894575615,12.0
2.923999999999789,1800.0,1799.7240411638888,12.061514273344459,12.061661634826185,12.188027636288906,12.0
2.924999999999789,1800.0,1799.7239494990501,12.061821878133552,12.061962568339332,12.188305638414674,12.0
2.9259999999997888,1800.0,1799.7239862396248,12.06211854084653,12.062252761783279,12.188573180057023,12.0
2.9269999999997887,1800.0,1799.7241464971569,12.062404542283954,12.062532491067818,12.18883053459962,12.0
2.9279999999997885,1800.0,1799.7244255116589,12.062680157514286,12.06280202646768,12.1890779697944,12.0
2.9289999999997884,1800.0,1799.7248186489487,12.062945655962691,12.063061632709852,12.189315747849484,12.0
2.9299999999997883,1800.0,1799.7253213980343,12.063201301499504,12.063311569060572,12.189544125516672,12.0
2.930999999999788,1800.0,1799.7259293685374,12.063447352527561,12.063552089411209,12.189763354177876,12.0
2.931999999999788,1800.0,1799.726638288158,12.06368406206914,12.063783442363771,12.18997367993109,12.0
2.932999999999788,1800.0,1799.727444000181,12.063911677851985,12.064005871315464,12.190175343675481,12.0
2.933999999999788,1800.0,1799.7283424610225,12.064130442394607,12.064219614542612,12.190368581195749,12.0
2.934999999999788,1800.0,1799.7293297378164,12.06434059309075,12.064424905283692,12.190553623245629,12.0
2.9359999999997877,1800.0,1799.7304020060403,12.06454236229306,12.064621971821625,12.190730695630624,12.0
2.9369999999997876,1800.0,1799.7315555471814,12.064735977396149,12.064811037565441,12.190900019290105,12.0
2.9379999999997874,1800.0,1799.7327867464423,12.06492166091855,12.064992321130893,12.191061810378313,12.0
2.9389999999997873,1800.0,1799.7340920904799,12.065099630584118,12.065166036420464,12.191216280344815,12.0
2.9399999999997872,1800.0,1799.7354681651907,12.065270099402525,12.06533239270258,12.191363636014025,12.0
2.940999999999787,1800.0,1799.7369116535292,12.065433275748822,12.065491594689776,12.191504079663833,12.0
2.941999999999787,1800.0,1799.738419333361,12.06558936344219,12.065643842616195,12.191637809103392,12.0
2.942999999999787,1800.0,1799.7399880753599,12.065738561824135,12.065789332314447,12.191765017750352,12.0
2.943999999999787,1800.0,1799.7416148409345,12.065881065835287,12.065928255291128,12.191885894706722,12.0
2.9449999999997867,1800.0,1799.7432966801957,12.066017066091963,12.066060798802132,12.192000624834474,12.0
2.9459999999997866,1800.0,1799.7450307299562,12.066146748961353,12.06618714592655,12.192109388829788,12.0
2.9469999999997865,1800.0,1799.7468142117718,12.066270296636192,12.066307475640118,12.192212363296772,12.0
2.9479999999997863,1800.0,1799.7486444300082,12.066387887208231,12.06642196288745,12.192309720819974,12.0
2.9489999999997862,1800.0,1799.750518769949,12.066499694741239,12.066530778653838,12.192401630036493,12.0
2.949999999999786,1800.0,1799.7524346959362,12.066605889342911,12.066634090035937,12.192488255706888,12.0
2.950999999999786,1800.0,1799.754389749544,12.066706637235916,12.06673206031165,12.192569758785346,12.0
2.951999999999786,1800.0,1799.756381547785,12.06680210082807,12.066824849009114,12.192646296488885,12.0
2.952999999999786,1800.0,1799.7584077813517,12.066892438781657,12.066912611974862,12.192718022365764,12.0
2.9539999999997857,1800.0,1799.7604662128879,12.066977806081887,12.06699550144115,12.192785086363035,12.0
2.9549999999997856,1800.0,1799.7625546752915,12.067058354104548,12.06707366609247,12.192847634893246,12.0
2.9559999999997855,1800.0,1799.7646710700526,12.067134230682651,12.067147251131082,12.192905810900214,12.0
2.9569999999997854,1800.0,1799.7668133656189,12.067205580172342,12.067216398341824,12.192959753923978,12.0
2.9579999999997852,1800.0,1799.7689795957954,12.067272543517804,12.06728124615593,12.193009600164846,12.0
2.958999999999785,1800.0,1799.7711678581693,12.067335258315406,12.067341929714107,12.193055482546615,12.0
2.959999999999785,1800.0,1799.7733763125718,12.06739385887701,12.067398580928765,12.193097530778989,12.0
2.960999999999785,1800.0,1799.7756031795604,12.06744847629222,12.067451328545273,12.193135871418965,12.0
2.961999999999785,1800.0,1799.7778467389414,12.067499238490138,12.067500298202615,12.193170627931682,12.0
2.9629999999997847,1800.0,1799.7801053283108,12.067546270299806,12.06754561249288,12.193201920749996,12.0
2.9639999999997846,1800.0,1799.78237734163,12.067589693510238,12.067587391020243,12.193229867333644,12.0
2.9649999999997845,1800.0,1799.7846612278252,12.067629626929207,12.067625750458802,12.19325458222717,12.0
2.9659999999997844,1800.0,1799.7869554894178,12.067666186441699,12.067660804610021,12.193276177117504,12.0
2.9669999999997843,1800.0,1799.7892586811804,12.067699485066866,12.067692664458761,12.193294760890103,12.0
2.967999999999784,1800.0,1799.7915694088185,12.06772963301476,12.067721438229043,12.193310439684812,12.0
2.968999999999784,1800.0,1799.793886327681,12.067756737741815,12.067747231438588,12.193323316950483,12.0
2.969999999999784,1800.0,1799.7962081414928,12.06778090400577,12.067770146952862,12.193333493499146,12.0
2.970999999999784,1800.0,1799.7985336011166,12.06780223391965,12.067790285038102,12.193341067559075,12.0
2.9719999999997837,1800.0,1799.8008615033389,12.067820827004962,12.06780774341364,12.193346134827229,12.0
2.9729999999997836,1800.0,1799.8031906896776,12.067836780244003,12.067822617303351,12.193348788520733,12.0
2.9739999999997835,1800.0,1799.8055200452202,12.067850188131617,12.067834999486513,12.193349119427815,12.0
2.9749999999997834,1800.0,1799.8078484974792,12.067861142725844,12.067844980347617,12.19334721595769,12.0
2.9759999999997833,1800.0,1799.8101750152766,12.067869733697952,12.067852647925553,12.193343164189764,12.0
2.976999999999783,1800.0,1799.8124986076477,12.067876048381622,12.067858087961984,12.19333704792207,12.0
2.977999999999783,1800.0,1799.8148183227695,12.06788017182152,12.067861383949078,12.19332894871906,12.0
2.978999999999783,1800.0,1799.8171332469126,12.06788218682082,12.067862617176251,12.193318945958332,12.0
2.979999999999783,1800.0,1799.8194425034128,12.067882173988231,12.067861866776399,12.193307116876944,12.0
2.9809999999997827,1800.0,1799.821745251666,12.067880211784097,12.06785920977121,12.193293536616707,12.0
2.9819999999997826,1800.0,1799.8240406861466,12.067876376565827,12.067854721115854,12.193278278268938,12.0
2.9829999999997825,1800.0,1799.8263280354408,12.067870742632415,12.067848473742718,12.193261412918165,12.0
2.9839999999997824,1800.0,1799.8286065613065,12.067863382268632,12.067840538604889,12.193243009685645,12.0
2.9849999999997823,1800.0,1799.8308755577525,12.067854365788065,12.067830984718459,12.193223135771664,12.0
2.985999999999782,1800.0,1799.8331343501354,12.067843761575595,12.06781987920426,12.193201856497275,12.0
2.986999999999782,1800.0,1799.8353822942772,12.067831636129204,12.067807287329002,12.19317923534545,12.0
2.987999999999782,1800.0,1799.8376187756057,12.06781805410107,12.067793272545659,12.193155334001414,12.0
2.988999999999782,1800.0,1799.8398432083072,12.067803078337754,12.06777789653298,12.193130212392203,12.0
2.9899999999997817,1800.0,1799.8420550345027,12.067786769920081,12.067761219234702,12.19310392872579,12.0
2.9909999999997816,1800.0,1799.844253723442,12.067769188202115,12.067743298897847,12.193076539529429,12.0
2.9919999999997815,1800.0,1799.8464387707172,12.06775039084933,12.067724192110274,12.19304809968714,12.0
2.9929999999997814,1800.0,1799.8486096974882,12.067730433876285,12.067703953837706,12.193018662476744,12.0
2.9939999999997813,1800.0,1799.8507660497298,12.067709371683698,12.067682637460178,12.192988279606237,12.0
2.994999999999781,1800.0,1799.8529073974994,12.067687257094798,12.067660294807782,12.192957001249528,12.0
2.995999999999781,1800.0,1799.8550333342134,12.067664141390852,12.067636976195573,12.192924876081321,12.0
2.996999999999781,1800.0,1799.8571434759479,12.067640074346286,12.067612730458121,12.192891951311598,12.0
2.997999999999781,1800.0,1799.8592374607485,12.067615104263144,12.067587604983363,12.19285827271943,12.0
2.9989999999997807,1800.0,1799.8613149479622,12.067589278004872,12.067561645745847,12.19282388468621,12.0
2.9999999999997806,1800.0,1798.5749439246015,12.067562641029461,12.071148214343474,12.196503235359128,12.0
3.0009999999997805,1200.0,1784.6109653806693,-20.0,-19.457423081436367,-19.638808420314824,15.0
3.0019999999997804,1200.0,1767.9705347558993,-20.0,-19.484427156427913,-19.668085175707578,15.0
3.0029999999997803,1200.0,1751.3305402471508,-20.0,-19.478610141482065,-19.66440208813409,15.0
3.00399999999978,1200.0,1734.6929789986457,-20.0,-19.47333975571814,-19.661385389008267,15.0
3.00499999999978,1200.0,1718.0575369679163,-20.0,-19.468585151855756,-19.658999555121078,15.0
3.00599999999978,1200.0,1701.4239264293287,-20.0,-19.464294878355176,-19.657188564486468,15.0
3.00699999999978,1200.0,1684.791885148811,-20.0,-19.460422488106428,-19.655901642796714,15.0
3.0079999999997797,1200.0,1668.1611739922143,-20.0,-19.456926070925757,-19.65509277559911,15.0
3.0089999999997796,1200.0,1651.5315747628522,-20.0,-19.453767813497915,-19.654720249911765,15.0
3.0099999999997795,1200.0,1634.9028882472044,-20.0,-19.450913601949793,-19.654746240315845,15.0
3.0109999999997794,1200.0,1618.2749324485942,-20.0,-19.448332662935066,-19.655136435201676,15.0
3.0119999999997793,1200.0,1601.6475409905959,-20.0,-19.44599723949597,-19.65585969925597,15.0
3.012999999999779,1200.0,1585.0205616737333,-20.0,-19.44388229833118,-19.656887768661633,15.0
3.013999999999779,1200.0,1568.393855170601,-20.0,-19.441965265425416,-19.65819497582595,15.0
3.014999999999779,1200.0,1551.767293846012,-20.0,-19.440225787291972,-19.65975800076466,15.0
3.015999999999779,1200.0,1535.1407606900596,-20.0,-19.43864551534592,-19.661555646550095,15.0
3.0169999999997787,1200.0,1518.5141483531727,-20.0,-19.43720791116661,-19.66356863648449,15.0
3.0179999999997786,1200.0,1501.8873582732977,-20.0,-19.435898070625342,-19.665779430887756,15.0
3.0189999999997785,1200.0,1485.2602998862963,-20.0,-19.434702565050404,-19.668172061594994,15.0
3.0199999999997784,1200.0,1468.6328899115206,-20.0,-19.433609297778908,-19.670731982444426,15.0
3.0209999999997783,1200.0,1452.2739487915114,-19.336985164323274,-18.782192971040992,-19.014207471116883,15.0
3.021999999999778,1200.0,1436.4025152424686,-18.24781342232604,-17.712131415220142,-17.93285594461044,15.0
3.022999999999778,1200.0,1421.0389290426924,-17.18235197600823,-16.664847699526007,-16.873919247081197,15.0
3.023999999999778,1200.0,1406.1713891829452,-16.142815323386582,-15.64289539114101,-15.840056548935463,15.0
3.024999999999778,1200.0,1391.7880578368793,-15.128746641923618,-14.645849387087582,-14.83090499850459,15.0
3.0259999999997778,1200.0,1377.8772802423505,-14.139673666710841,-13.673264633253654,-13.846077102499493,15.0
3.0269999999997776,1200.0,1364.4275879121462,-13.175127072647872,-12.72469678618267,-12.885181782790806,15.0
3.0279999999997775,1200.0,1351.427700043109,-12.234640935128185,-11.799702898051061,-11.947825205224985,15.0
3.0289999999997774,1200.0,1338.8665245983661,-11.31775304315606,-10.89784192082051,-11.033611435536642,15.0
3.0299999999997773,1200.0,1326.7331590895192,-10.424005186553675,-10.018675166626718,-10.142143058869195,15.0
3.030999999999777,1200.0,1315.0168910755588,-9.552943419165256,-9.161766727966285,-9.273021764408083,15.0
3.031999999999777,1200.0,1303.7071983948802,-8.704118299148607,-8.326683860204046,-8.4258488958344,15.0
3.032999999999777,1200.0,1292.7937491464277,-7.877085107429754,-7.512997328788175,-7.600225968402469,15.0
3.033999999999777,1200.0,1282.266401435562,-7.071404045383324,-6.720281723436721,-6.7957551535294405,15.0
3.0349999999997768,1200.0,1272.1152028998044,-6.286640412782721,-5.948115741439248,-6.012039731852569,15.0
3.0359999999997767,1200.0,1262.330390029153,-5.522364767043322,-5.196082442103215,-5.248684515764376,15.0
3.0369999999997765,1200.0,1252.9023872951466,-4.778153064758993,-4.463769474265926,-4.505296242478648,15.0
3.0379999999997764,1200.0,1243.8218061023586,-4.053586786504553,-3.7507692786865467,-3.7814839387094037,15.0
3.0389999999997763,1200.0,1235.0794435754715,-3.3482530458501207,-3.0566792670336027,-3.0768592580672776,15.0
3.039999999999776,1200.0,1226.6662811945553,-2.661744683503187,-2.381101979086821,-2.3910367922892557,15.0
3.040999999999776,1200.0,1218.573483290637,-1.9936603474635866,-1.7236452196805703,-1.7236343574224788,15.0
3.041999999999776,1200.0,1210.7923954131181,-1.343604560045064,-1.0839221768286977,-1.0742732560806316,15.0
3.042999999999776,1200.0,1203.3145425800674,-0.7111877725855572,-0.4615515223876769,-0.442578516884219,15.0
3.0439999999997758,1200.0,1196.1316274218827,-0.0960264086353633,0.14384250346507732,0.17182088781746793,15.0
3.0449999999997757,1200.0,1189.2355282283124,0.5022571036197476,0.7326300227360814,0.7692918448615483,15.0
3.0459999999997756,1200.0,1182.6182969083018,1.0840343089759403,1.3051754639742943,1.350196922763655,15.0
3.0469999999997754,1200.0,1176.2721568716506,1.6496707121764973,1.8618375194217327,1.914894212750083,15.0
3.0479999999997753,1200.0,1170.1895008409665,2.199525773564295,2.4029691139600304,2.4637371873198632,15.0
3.0489999999997752,1200.0,1164.3628886019378,2.733952912791763,2.9289173849178844,2.997074575354456,15.0
3.049999999999775,1200.0,1158.785044699486,3.253299519989684,3.4400236718632318,3.5152502528232183,15.0
3.050999999999775,1200.0,1153.448856086918,3.757906973825814,3.9366235155590044,4.01860314816366,15.0
3.051999999999775,1200.0,1148.3473697347708,4.248110665913532,4.419046665313831,4.507467161447778,15.0
3.052999999999775,1200.0,1143.4737902056213,4.7242400310592325,4.887617094008731,4.98217109647865,15.0
3.0539999999997747,1200.0,1138.8214772007511,5.186618582864818,5.342653020127845,5.443038604994767,15.0
3.0549999999997746,1200.0,1134.3839430841613,5.635563954227929,5.7844669361653445,5.890388142192683,15.0
3.0559999999997745,1200.0,1130.1548503890783,6.071387942308664,6.2133656428227555,6.324532932812189,15.0
3.0569999999997743,1200.0,1126.1280093117339,6.494396557556048,6.629650288450331,6.745780947061186,15.0
3.0579999999997742,1200.0,1122.2973751968773,6.904890076411803,7.033616413223706,7.154434885690553,15.0
3.058999999999774,1200.0,1118.6570460191558,7.303163097331205,7.425553997581609,7.550792173561068,15.0
3.059999999999774,1200.0,1115.2012598641925,7.689504599783351,7.805747514484056,7.935144961076653,15.0
3.060999999999774,1200.0,1111.9243924129153,8.064198005914127,8.174475985081548,8.307780132889288,15.0
3.061999999999774,1200.0,1108.8209544324031,8.427521244574761,8.532013037414611,8.668979323310658,15.0
3.0629999999997737,1200.0,1105.8855892762665,8.779746817438728,8.878626967791321,9.019018937895915,15.0
3.0639999999997736,1200.0,1103.1130703973306,9.121141866947497,9.214580804515721,9.358170180692834,15.0
3.0649999999997735,1200.0,1100.4982988751565,9.451968245843144,9.540132373664546,9.686699086677724,15.0
3.0659999999997734,1200.0,1098.0363009607206,9.77248258806275,9.85553436663281,10.004866558926343,15.0
3.0669999999997732,1200.0,1095.7222256403586,10.08293638078447,10.161034409189428,10.312928410093356,15.0
3.067999999999773,1200.0,1093.5513422208962,10.383576037430757,10.456875131804892,10.611135407799377,15.0
3.068999999999773,1200.0,1091.519037937694,10.674642971447945,10.743294241031236,10.899733323548146,15.0
3.069999999999773,1200.0,1089.6208155871732,10.95637367069483,11.020524591732334,11.178962984819355,15.0
3.070999999999773,1200.0,1087.852291185217,11.228999772285292,11.288794259978683,11.44906033000453,15.0
3.0719999999997727,1200.0,1086.2091916526974,11.4927481377423,11.548326616436604,11.7102564658746,15.0
3.0729999999997726,1200.0,1084.6873525292394,11.74784092833157,11.799340400095776,11.962777727287595,15.0
3.0739999999997725,1200.0,1083.2827157161855,11.994495680453577,12.042049792192293,12.206845738863947,15.0
3.0749999999997724,1200.0,1081.9913272496217,12.232925380983021,12.2766644901973,12.442677478375465,15.0
3.0759999999997722,1200.0,1080.8093351041969,12.463338542453673,12.503389781752368,12.670485341610807,15.0
3.076999999999772,1200.0,1079.7329870283595,12.685939277995642,12.722426618443887,12.890477208497193,15.0
3.077999999999772,1200.0,1078.7586284115473,12.900927375940185,12.933971689318708,13.102856510273401,15.0
3.078999999999772,1200.0,1077.8827001837585,13.108498374014838,13.138217494052457,13.307822297523964,15.0
3.079999999999772,1200.0,1077.1017367478578,13.308843633059137,13.335352415690974,13.505569308898625,15.0
3.0809999999997717,1200.0,1076.4123639448878,13.50215041019741,13.525560792892788,13.69628804035392,15.0
3.0819999999997716,1200.0,1075.8112970525824,13.688601931411892,13.709022991608508,13.880164814766712,15.0
3.0829999999997715,1200.0,1075.2953388172093,13.868377463465189,13.885915476139752,14.057381851781068,15.0
3.0839999999997714,1200.0,1074.8613775188105,14.041652385126195,14.056410879526299,14.228117337760832,15.0
3.0849999999997713,1200.0,1074.5063850698511,14.208598257659412,14.220678073216744,14.392545495731186,15.0
3.085999999999771,1200.0,1074.2274151472332,14.36938289454131,14.378882235982381,14.550836655201483,15.0
3.086999999999771,1200.0,1074.021601357581,14.52417043037281,14.531184922040115,14.703157321771934,15.0
3.087999999999771,1200.0,1073.8861554356697,14.673121388960396,14.677744128354117,14.849670246434515,15.0
3.088999999999771,1200.0,1073.818365475816,14.816392750542011,14.818714361090187,14.990534494486823,15.0
3.0899999999997707,1200.0,1073.8155941960263,14.95413801813812,14.954246701201342,15.125905513985678,15.0
3.0909999999997706,1200.0,1073.8752772346547,15.0865072830106,15.084488869125822,15.25593520367356,15.0
3.0919999999997705,1200.0,1073.9949214793032,15.213647289215745,15.209585288582735,15.380771980318318,15.0
3.0929999999997704,1200.0,1074.1721034276597,15.335701497240116,15.329677149453108,15.500560845412416,15.0
3.0939999999997703,1200.0,1074.4044675799569,15.452810146710501,15.44490246973711,15.615443451183848,15.0
3.09499999999977,1200.0,1074.689724862704,15.56511031817155,15.555396156580512,15.725558165876272,15.0
3.09599999999977,1200.0,1075.0256510833326,15.672735993926754,15.661290066365854,15.831040138260857,15.0
3.09699999999977,1200.0,1075.4100854153753,15.775818117940315,15.762713063865778,15.932021361346926,15.0
3.09799999999977,1200.0,1075.8409289137885,15.874484654799355,15.85979108045799,16.028630735263043,15.0
3.0989999999997697,1200.0,1076.3161430600107,15.96886064773717,15.952647171402674,16.120994129283748,15.0
3.0999999999997696,1200.0,1076.8337483363432,16.05906827572007,16.041401572185194,16.209234442981337,15.0
3.1009999999997695,1200.0,1077.3918228292296,16.145226909601234,16.126171753927647,16.293471666484855,15.0
3.1019999999997694,1200.0,1077.9885008610013,16.22745316734662,16.2070724778748,16.37382293983243,15.0
3.1029999999997693,1200.0,1078.6219716496532,16.305860968338592,16.284215848960322,16.450402611405075,15.0
3.103999999999769,1200.0,1079.2904779962064,16.3805615867643,16.357711368460773,16.52332229543355,15.0
3.104999999999769,1200.0,1079.9923149992153,16.451663704096255,16.427665985745275,16.592690928571706,15.0
3.105999999999769,1200.0,1080.7258287959703,16.51927346067353,16.494184149129598,16.658614825532183,15.0
3.106999999999769,1200.0,1081.4894153299467,16.58349450639267,16.557367855844287,16.721197733782446,15.0
3.1079999999997687,1200.0,1082.2815191440527,16.644428050517988,16.617316701126875,16.780540887301004,15.0
3.1089999999997686,1200.0,1083.1006321992284,16.70217291062133,16.67412792644867,16.836743059395165,15.0
3.1099999999997685,1200.0,1083.9452927179445,16.75682556066162,16.727896466886918,16.88990061458315,15.0
3.1109999999997684,1200.0,1084.8140840521623,16.80848017821566,16.778714997654085,16.940107559545353,15.0
3.1119999999997683,1200.0,1085.7056335753055,16.85722869087077,16.826673979795345,16.98745559314992,15.0
3.112999999999768,1200.0,1086.6186115978073,16.903160821791197,16.87186170506646,17.03203415555958,15.0
3.113999999999768,1200.0,1087.551730305798,16.94636413446987,16.914364340004052,17.073930476427485,15.0
3.114999999999768,1200.0,1088.5037427224954,16.986924076677255,16.954265969200236,17.113229622190538,15.0
3.115999999999768,1200.0,1089.4734416918784,17.024924023619374,16.991648637794075,17.15001454246972,15.0
3.1169999999997677,1200.0,1090.4596588842112,17.060445320317108,17.026592393192175,17.184366115587423,15.0
3.1179999999997676,1200.0,1091.4612638230103,17.09356732321883,17.05917532603071,17.21636319321268,15.0
3.1189999999997675,1200.0,1092.4771629330294,17.124367441058396,17.089473610391185,17.24608264414511,15.0
3.1199999999997674,1200.0,1093.5062986088692,17.152921174970913,17.11756154328248,17.27359939724984,15.0
3.1209999999997673,1200.0,1094.5476483037967,17.17930215787808,17.14351158340122,17.298986483554934,15.0
3.121999999999767,1200.0,1095.6002236383881,17.20358219315534,17.167394389182768,17.32231507752394,15.0
3.122999999999767,1200.0,1096.663069528601,17.225831292592797,17.189278856155017,17.343654537516315,15.0
3.123999999999767,1200.0,1097.735263332892,17.246117713661732,17.209232153606912,17.363072445448402,15.0
3.124999999999767,1200.0,1098.8159140180062,17.264507996098622,17.227319760583622,17.380634645668064,15.0
3.1259999999997667,1200.0,1099.9041613430634,17.281066997818144,17.243605501219992,17.396405283056033,15.0
3.1269999999997666,1200.0,1100.9991750615766,17.29585793016686,17.258151579424027,17.410446840367374,15.0
3.1279999999997665,1200.0,1102.1001541410485,17.308942392529083,17.271018612921836,17.422820174826192,15.0
3.1289999999997664,1200.0,1103.2063259997874,17.320380406295698,17.28226566667504,17.433584553986723,15.0
3.1299999999997663,1200.0,1104.3169457606014,17.3302304482078,17.291950285682237,17.442797690874457,15.0
3.130999999999766,1200.0,1105.4312955210291,17.33854948308536,17.300128527174987,17.450515778420105,15.0
3.131999999999766,1200.0,1106.548683639776,17.345392995952132,17.30685499221933,17.456793523199728,15.0
3.132999999999766,1200.0,1107.6684440390259,17.350815023567318,17.31218285673338,17.461684178494163,15.0
3.133999999999766,1200.0,1108.7899355223085,17.35486818537413,17.316163901931112,17.465239576680254,15.0
3.1349999999997658,1200.0,1109.9125411076104,17.357603713876127,17.318848544203124,17.467510160967485,15.0
3.1359999999997656,1200.0,1111.0356673754172,17.359071484450627,17.320285864443612,17.468545016491703,15.0
3.1369999999997655,1200.0,1112.1587438313857,17.359320044609724,17.320523636834043,17.46839190077927,15.0
3.1379999999997654,1200.0,1113.2812222833516,17.35839664271827,17.319608357092736,17.46709727359346,15.0
3.1389999999997653,1200.0,1114.4025762323756,17.35634725617851,17.317585270200055,17.464706326175587,15.0
3.139999999999765,1200.0,1115.5223002775529,17.35321661909073,17.314498397608347,17.461263009892633,15.0
3.140999999999765,1200.0,1116.6399095342938,17.349048249398887,17.31039056394562,17.456810064303248,15.0
3.141999999999765,1200.0,1117.7549390658155,17.343884475530665,17.305303423222174,17.451389044653745,15.0
3.142999999999765,1200.0,1118.8669433275634,17.337766462540152,17.299277484548366,17.445040348815308,15.0
3.1439999999997648,1200.0,1119.9754956243087,17.330734237762638,17.292352137372863,17.437803243674036,15.0
3.1449999999997647,1200.0,1121.0801875796583,17.322826715989116,17.28456567624878,17.429715890984113,15.0
3.1459999999997645,1200.0,1122.18062861773,17.31408172416955,17.275955325136756,17.42081537269557,15.0
3.1469999999997644,1200.0,1123.2764454567375,17.30453602565264,17.2665572612525,17.411137715766674,15.0
3.1479999999997643,1200.0,1124.3672816142516,17.294225343970332,17.256406638466917,17.400717916471677,15.0
3.148999999999764,1200.0,1125.4527969238943,17.28318438617469,17.245537610266386,17.389589964213734,15.0
3.149999999999764,1200.0,1126.5326670632328,17.271446865735047,17.233983352280855,17.377786864853135,15.0
3.150999999999764,1200.0,1127.6065830926482,17.259045525002854,17.221776084387155,17.365340663560495,15.0
3.151999999999764,1200.0,1128.6742510049528,17.246012157251602,17.20894709239471,17.352282467204397,15.0
3.1529999999997638,1200.0,1129.735391285537,17.23237762829922,17.19552674932095,17.338642466282913,15.0
3.1539999999997637,1200.0,1130.7897384828325,17.218171897719795,17.181544536263125,17.324449956407854,15.0
3.1549999999997635,1200.0,1131.83704078888,17.20342403965185,17.16702906287359,17.309733359350925,15.0
3.1559999999997634,1200.0,1132.877059629793,17.188162263209875,17.152008087445232,17.294520243660383,15.0
3.1569999999997633,1200.0,1133.9095692659216,17.172413932505876,17.136508536613572,17.2788373448567,15.0
3.157999999999763,1200.0,1134.9343564015103,17.156205586287395,17.120556524681906,17.26271058521551,15.0
3.158999999999763,1200.0,1135.9512198036605,17.139562957198756,17.104177372576096,17.246165093146193,15.0
3.159999999999763,1200.0,1136.9599699304072,17.122510990671472,17.087395626434905,17.229225222173827,15.0
3.160999999999763,1200.0,1137.9604285677187,17.105073863450343,17.070235075842128,17.211914569532322,15.0
3.161999999999763,1200.0,1138.9524284752436,17.08727500176129,17.052718771706576,17.194255994376526,15.0
3.1629999999997627,1200.0,1139.9358130406156,17.069137099126678,17.03486904379553,17.176271635620452,15.0
3.1639999999997626,1200.0,1140.9104359421515,17.050682133834542,17.016707517927863,17.15798292940931,15.0
3.1649999999997624,1200.0,1141.8761608197592,17.03193138606674,16.99825513283187,17.139410626231854,15.0
3.1659999999997623,1200.0,1142.8328609538937,17.01290545469256,16.9795321566741,17.120574807680658,15.0
3.1669999999997622,1200.0,1143.7804189523918,16.99362427373263,16.96055820326405,17.10149490286661,15.0
3.167999999999762,1200.0,1144.7187264450233,16.974107128499128,16.941352247940447,17.0821897044946,15.0
3.168999999999762,1200.0,1145.6476837855994,16.954372671417232,16.921932643144167,17.062677384606523,15.0
3.169999999999762,1200.0,1146.5671997614807,16.934438937533635,16.902317133683265,17.04297550999851,15.0
3.170999999999762,1200.0,1147.4771913103334,16.914323359716892,16.882522871694967,17.023101057318065,15.0
3.1719999999997617,1200.0,1148.3775832439794,16.89404278355479,16.862566431309652,17.003070427847415,15.0
3.1729999999997616,1200.0,1149.2683079791955,16.87361348195409,16.84246382302201,16.982899461979144,15.0
3.1739999999997615,1200.0,1150.1493052753167,16.853051169447156,16.822230507773966,16.962603453389768,15.0
3.1749999999997613,1200.0,1151.0205219784966,16.8323710162107,16.80188141075423,16.94219716291689,15.0
3.1759999999997612,1200.0,1151.8819117724947,16.811587661801305,16.781430934919346,16.92169483214587,15.0
3.176999999999761,1200.0,1152.7334349358418,16.790715228612264,16.76089297424047,16.90111019671093,15.0
3.177999999999761,1200.0,1153.5750581052598,16.769767335056812,16.740280926680917,16.880456499316544,15.0
3.178999999999761,1200.0,1154.4067540451947,16.7487571084819,16.71960770690867,16.85974650248412,15.0
3.179999999999761,1200.0,1155.2285014233432,16.72769719781732,16.698885758748293,16.838992501029153,15.0
3.1809999999997607,1200.0,1156.0402845920376,16.70659978596434,16.67812706737664,16.81820633427369,15.0
3.1819999999997606,1200.0,1156.8420933753657,16.685476601928485,16.657343171266696,16.79739939799945,15.0
3.1829999999997605,1200.0,1157.6339228619092,16.66433893270067,16.63654517388378,16.776582656146097,15.0
3.1839999999997604,1200.0,1158.4157732029744,16.643197634890853,16.61574375513813,16.75576665225947,15.0
3.1849999999997602,1200.0,1159.1876494161982,16.62206314611842,16.594949182598068,16.734961520694398,15.0
3.18599999999976,1200.0,1159.9495611944178,16.600945496163483,16.57417132246784,16.714176997576736,15.0
3.18699999999976,1200.0,1160.7015227196848,16.57985431788307,16.55341965033401,16.69342243152902,15.0
3.18799999999976,1200.0,1161.4435524823186,16.558798857896313,16.532703261684453,16.67270679416421,15.0
3.18899999999976,1200.0,1162.1756731048833,16.53778798704242,16.512030882203657,16.65203869035161,15.0
3.1899999999997597,1200.0,1162.8979111709868,16.516830210615336,16.491410877848224,16.631426368259334,15.0
3.1909999999997596,1200.0,1163.6102970587917,16.495933678379213,16.47085126470655,16.61087772917761,15.0
3.1919999999997595,1200.0,1164.3128647791402,16.475106194367932,16.450359718645874,16.590400337126553,15.0
3.1929999999997594,1200.0,1165.005651818184,16.454355226472835,16.429943584750863,16.570001428252752,15.0
3.1939999999997593,1200.0,1165.688698984429,16.433687915822336,16.409609886557263,16.549687920018695,15.0
3.194999999999759,1200.0,1166.362050260087,16.413111085956594,16.38936533508371,16.529466420188243,15.0
3.195999999999759,1200.0,1167.0257526566502,16.392631251801316,16.36921633766586,16.509343235612704,15.0
3.196999999999759,1200.0,1167.6798560745813,16.372254628443883,16.349169006595808,16.48932438082069,15.0
3.197999999999759,1200.0,1168.3244131670372,16.351987139715455,16.32922916757045,16.469415586415632,15.0
3.1989999999997587,1200.0,1168.9594792075306,16.331834426582386,16.30940236795214,16.44962230728448,15.0
3.1999999999997586,1200.0,1169.5851119614438,16.311801855350353,16.28969388484483,16.429949730621118,15.0
3.2009999999997585,1200.0,1170.2013715613034,16.291894525684384,16.270108732989033,16.410402783767843,15.0
3.2019999999997584,1200.0,1170.808320385733,16.27211727844833,16.25065167247889,16.390986141878535,15.0
3.2029999999997583,1200.0,1171.406022941999,16.252474703366815,16.231327216304475,16.371704235406643,15.0
3.203999999999758,1200.0,1171.9945457520696,16.23297114651292,16.212139637722462,16.352561257421385,15.0
3.204999999999758,1200.0,1172.5739572420996,16.213610717624693,16.193092977458267,16.333561170755395,15.0
3.205999999999758,1200.0,1173.1443276352695,16.194397297253715,16.174191050742735,16.314707714986906,15.0
3.206999999999758,1200.0,1173.705728847897,16.17533454374858,16.155437454186327,16.29600441325968,15.0
3.2079999999997577,1200.0,1174.258234388741,16.156425900076492,16.136835572493844,16.277454578943754,15.0
3.2089999999997576,1200.0,1174.801919261432,16.137674600485933,16.11838858502264,16.259061322139996,15.0
3.2099999999997575,1200.0,1175.3368598699494,16.11908367701313,16.10009947218703,16.24082755603142,15.0
3.2109999999997574,1200.0,1175.8631339270692,16.100655965835422,16.081971021711897,16.222756003084143,15.0
3.2119999999997573,1200.0,1176.3808203657259,16.082394113474486,16.06400583473849,16.204849201101215,15.0
3.212999999999757,1200.0,1176.8899992532017,16.064300582851708,16.046206331784553,16.187109509131417,15.0
3.213999999999757,1200.0,1177.3907517080877,16.046377659199138,16.02857475856228,16.169539113236638,15.0
3.214999999999757,1200.0,1177.8831598199447,16.028627455828357,16.011113191656328,16.152140032120062,15.0
3.215999999999757,1200.0,1178.3673065716,16.011051919759957,15.993823544064577,16.134914122617957,15.0
3.2169999999997567,1200.0,1178.8432757640146,15.993652837216457,15.976707570604379,16.11786308505778,15.0
3.2179999999997566,1200.0,1179.3111519436602,15.976431838981128,15.95976687318679,16.10098846848519,15.0
3.2189999999997565,1200.0,1179.7710203323406,15.959390405625347,15.943002905961297,16.08429167576244,15.0
3.2199999999997564,1200.0,1180.2229667594002,15.94252987260714,15.92641698033374,16.06777396854093,15.0
3.2209999999997563,1200.0,1180.667077596263,15.925851435243196,15.9100102698596,16.05143647211009,15.0
3.221999999999756,1200.0,1181.1034396932337,15.909356153556873,15.893783815015205,16.035280180125156,15.0
3.222999999999756,1200.0,1181.5321403185162,15.893044957004927,15.877738527849473,16.019305959216446,15.0
3.223999999999756,1200.0,1181.9532670993854,15.876918649084846,15.861875196518126,16.003514553482134,15.0
3.224999999999756,1200.0,1182.3669079654626,15.860977911825564,15.84619448970302,15.987906588867133,15.0
3.2259999999997557,1200.0,1182.773151094036,15.845223310163716,15.830696960918822,15.972482577430341,15.0
3.2269999999997556,1200.0,1183.1720848573786,15.8296552962077,15.815383052709171,15.957242921502319,15.0
3.2279999999997555,1200.0,1183.563797772009,15.814274213391894,15.800253100734711,15.942187917735946,15.0
3.2289999999997554,1200.0,1183.9483784498448,15.79908030052317,15.785307337755029,15.92731776105187,15.0
3.2299999999997553,1200.0,1184.3259155512046,15.784073695721917,15.770545897506791,15.912632548481216,15.0
3.230999999999755,1200.0,1184.6964977395985,15.769254440259582,15.755968818479909,15.89813228290728,15.0
3.231999999999755,1200.0,1185.0602136382734,15.754622482295341,15.74157604759447,15.883816876708956,15.0
3.232999999999755,1200.0,1185.417151788457,15.740177680513284,15.727367443779634,15.869686155307118,15.0
3.233999999999755,1200.0,1185.767400609258,15.725919807662613,15.713342781457103,15.855739860616492,15.0
3.2349999999997547,1200.0,1186.1110483591817,15.711848554003028,15.699501753931218,15.841977654405122,15.0
3.2359999999997546,1200.0,1186.4481830992117,15.697963530656624,15.685843976687009,15.828399121562642,15.0
3.2369999999997545,1200.0,1186.7788926574171,15.684264272868958,15.672368990598828,15.815003773280136,15.0
3.2379999999997544,1200.0,1187.103264595046,15.670750243180926,15.659076265051171,15.801791050143004,15.0
3.2389999999997543,1200.0,1187.4213861740618,15.657420834513237,15.645965200973455,15.788760325138668,15.0
3.239999999999754,1200.0,1187.7333443260814,15.644275373165497,15.633035133790727,15.77591090658107,15.0
3.240999999999754,1200.0,1188.039225622681,15.631313121731816,15.620285336292207,15.763242040953823,15.0
3.241999999999754,1200.0,1188.3391162470264,15.618533281934434,15.607715021419097,15.750752915673504,15.0
3.242999999999754,1200.0,1188.6331019667914,15.605934997377474,15.595323344973805,15.738442661775053,15.0
3.2439999999997537,1200.0,1188.9212681083297,15.593517356222396,15.583109408252048,15.72631035652093,15.0
3.2449999999997536,1200.0,1189.2036995320627,15.581279393786941,15.57107226059967,15.714355025935689,15.0
3.2459999999997535,1200.0,1189.4804806090492,15.569220095069124,15.559210901895687,15.702575647267537,15.0
3.2469999999997534,1200.0,1189.7516951987018,15.557338397198102,15.547524284963307,15.690971151378584,15.0
3.2479999999997533,1200.0,1190.0174266276174,15.545633191813442,15.536011317910525,15.679540425065362,15.0
3.248999999999753,1200.0,1190.2777576694891,15.53410332737435,15.524670866401754,15.668282313311092,15.0
3.249999999999753,1200.0,1190.5327705260659,15.522747611400678,15.51350175586231,15.657195621471425,15.0
3.250999999999753,1200.0,1190.7825468091319,15.511564812646858,15.502502773616854,15.646279117394783,15.0
3.251999999999753,1200.0,1191.0271675234708,15.500553663210681,15.49167267096379,15.63553153347933,15.0
3.2529999999997528,1200.0,1191.2667130507891,15.48971286057822,15.481010165186687,15.624951568667495,15.0
3.2539999999997526,1200.0,1191.5012631345683,15.479041069606298,15.470513941504349,15.614537890379804,15.0
3.2549999999997525,1200.0,1191.7308968658135,15.468536924444097,15.460182654960924,15.60428913638928,15.0
3.2559999999997524,1200.0,1191.955692669679,15.45819903039526,15.450014932257467,15.5942039166378,15.0
3.2569999999997523,1200.0,1192.1757282929323,15.448025965721813,15.440009373526227,15.5842808149958,15.0
3.257999999999752,1200.0,1192.391080792243,15.438016283391438,15.430164554049254,15.57451839096677,15.0
3.258999999999752,1200.0,1192.6018265232585,15.42816851276921,15.420479025922209,15.564915181337392,15.0
3.259999999999752,1200.0,1192.8080411304481,15.41848116125525,15.410951319665141,15.555469701775223,15.0
3.260999999999752,1200.0,1193.0097995376918,15.408952715869823,15.401579945781378,15.546180448374887,15.0
3.2619999999997518,1200.0,1193.207175939583,15.399581644786409,15.392363396265317,15.53704589915362,15.0
3.2629999999997517,1200.0,1193.400243793429,15.39036639881496,15.383300146061156,15.528064515498198,15.0
3.2639999999997515,1200.0,1193.5890758119203,15.38130541283578,15.37438865447307,15.51923474356374,15.0
3.2649999999997514,1200.0,1193.7737439564532,15.372397107185648,15.365627366528352,15.510555015625826,15.0
3.2659999999997513,1200.0,1193.9543194310747,15.363639888997193,15.35701471429459,15.502023751387075,15.0
3.266999999999751,1200.0,1194.1308726770355,15.35503215349274,15.348549118152027,15.493639359239278,15.0
3.267999999999751,1200.0,1194.303473367929,15.346572285233766,15.340228988022268,15.485400237482192,15.0
3.268999999999751,1200.0,1194.4721904053945,15.338258659326955,15.332052724554247,15.477304775499977,15.0
3.269999999999751,1200.0,1194.637091915364,15.330089642588057,15.324018720268702,15.469351354896467,15.0
3.2709999999997508,1200.0,1194.798245244837,15.32206359466471,15.316125360662282,15.461538350590372,15.0
3.2719999999997507,1200.0,1194.955716959161,15.31417886911893,15.308371025271937,15.453864131871045,15.0
3.2729999999997506,1200.0,1195.1095728398002,15.306433814470635,15.300754088701021,15.446327063416334,15.0
3.2739999999997504,1200.0,1195.2598778825763,15.298826775203134,15.29327292160794,15.438925506273165,15.0
3.2749999999997503,1200.0,1195.4066962963618,15.291356092731393,15.285925891658165,15.43165781880181,15.0
3.2759999999997502,1200.0,1195.5500915022103,15.284020106334191,15.278711364440792,15.424522357584973,15.0
3.27699999999975,1200.0,1195.690126132906,15.276817154051113,15.271627704350426,15.417517478302383,15.0
3.27799999999975,1200.0,1195.8268620329181,15.26974557354527,15.264673275435376,15.41064153657202,15.0
3.27899999999975,1200.0,1195.9603602587422,15.262803702932594,15.25784644221302,15.403892888758651,15.0
3.27999999999975,1200.0,1196.0906810796166,15.255989881578753,15.251145570453247,15.39726989275075,15.0
3.2809999999997497,1200.0,1196.217883978595,15.249302450864352,15.244569027930705,15.390770908706347,15.0
3.2819999999997496,1200.0,1196.342027653964,15.242739754919398,15.238115185146896,15.38439429976899,15.0
3.2829999999997495,1200.0,1196.4631700209882,15.236300141327938,15.23178241602282,15.378138432754408,15.0
3.2839999999997493,1200.0,1196.5813682139772,15.229981961803526,15.22556909856301,15.372001678808772,15.0
3.2849999999997492,1200.0,1196.696678588647,15.223783572836238,15.219473615491541,15.365982414039092,15.0
3.285999999999749,1200.0,1196.8091567247795,15.217703336312448,15.21349435486125,15.36007902011698,15.0
3.286999999999749,1200.0,1196.9188574291527,15.211739620107537,15.20762971063633,15.354289884856003,15.0
3.287999999999749,1200.0,1197.0258347387412,15.205890798652876,15.20187808324964,15.348613402763835,15.0
3.288999999999749,1200.0,1197.1301419241652,15.200155253477186,15.19623788013481,15.343047975569377,15.0
3.2899999999997487,1200.0,1197.2318314933862,15.194531373723784,15.190707516234593,15.337592012726308,15.0
3.2909999999997486,1200.0,1197.3309551956293,15.189017556643437,15.185285414485255,15.332243931892739,15.0
3.2919999999997485,1200.0,1197.4275640255275,15.183612208064485,15.179970006278634,15.327002159388709,15.0
3.2929999999997484,1200.0,1197.5217082274735,15.178313742840187,15.17475973190175,15.32186513063134,15.0
3.2939999999997482,1200.0,1197.613437300171,15.173120585274306,15.169653040955012,15.316831290548741,15.0
3.294999999999748,1200.0,1197.702800001376,15.168031169525442,15.164648392749598,15.31189909397311,15.0
3.295999999999748,1200.0,1197.7898443528156,15.16304393999086,15.159744256684556,15.307067006013785,15.0
3.296999999999748,1200.0,1197.8746176452764,15.158157351670187,15.15493911260422,15.302333502410606,15.0
3.297999999999748,1200.0,1197.9571664438558,15.153369870509941,15.150231451136689,15.297697069868502,15.0
3.2989999999997477,1200.0,1198.0375365933635,15.148679973729042,15.145619774013644,15.293156206373503,15.0
3.2999999999997476,1200.0,1198.1157732238667,15.144086150126231,15.141102594372393,15.28870942149105,15.0
3.3009999999997475,1200.0,1198.1919207563697,15.139586900369842,15.136678437040498,15.284355236646977,15.0
3.3019999999997474,1200.0,1198.266022908623,15.135180737270348,15.13234583880353,15.280092185391727,15.0
3.3029999999997472,1200.0,1198.3381227010477,15.130866186036407,15.128103348656557,15.27591881364836,15.0
3.303999999999747,1200.0,1198.408262462775,15.126641784514813,15.123949528039821,15.271833679944827,15.0
3.304999999999747,1200.0,1198.4764838377873,15.122506083414885,15.11988295105912,15.267835355631036,15.0
3.305999999999747,1200.0,1198.5428277911606,15.11845764651783,15.115902204691377,15.263922425081155,15.0
3.306999999999747,1200.0,1198.6073346153921,15.114495050871376,15.1120058889758,15.260093485881598,15.0
3.3079999999997467,1200.0,1198.6700439368149,15.110616886970494,15.108192617191271,15.256347149005265,15.0
3.3089999999997466,1200.0,1198.7309947220901,15.1068217589244,15.104461016020325,15.252682038972509,15.0
3.3099999999997465,1200.0,1198.7902252847698,15.103108284610263,15.100809725699985,15.249096793998907,15.0
3.3109999999997464,1200.0,1198.8477732919223,15.099475095814213,15.097237400160198,15.245590066130813,15.0
3.3119999999997463,1200.0,1198.9036757708225,15.095920838360186,15.093742707150234,15.242160521368818,15.0
3.312999999999746,1200.0,1198.9579691156903,15.092444172226502,15.090324328353061,15.238806839779317,15.0
3.313999999999746,1200.0,1199.0106890944812,15.089043771651273,15.086980959488717,15.235527715595097,15.0
3.314999999999746,1200.0,1199.0618708557195,15.085718325226466,15.083711310406567,15.232321857304852,15.0
3.315999999999746,1200.0,1199.1115489353665,15.082466535981334,15.080514105167063,15.229187987732242,15.0
3.3169999999997457,1200.0,1199.1597572637268,15.07928712145558,15.077388082113444,15.226124844104987,15.0
3.3179999999997456,1200.0,1199.2065291723795,15.076178813762311,15.07433199393337,15.223131178113867,15.0
3.3189999999997455,1200.0,1199.2518974011352,15.073140359641675,15.071344607711417,15.220205755962684,15.0
3.3199999999997454,1200.0,1199.2958941050117,15.070170520504906,15.068424704972152,15.217347358408814,15.0
3.3209999999997453,1200.0,1199.3385508612262,15.06726807246966,15.065571081714593,15.214554780795218,15.0
3.321999999999745,1200.0,1199.3798986761979,15.064431806386692,15.06278254843824,15.211826833073994,15.0
3.322999999999745,1200.0,1199.4199679925594,15.0616605278582,15.060057930160843,15.209162339821809,15.0
3.323999999999745,1200.0,1199.4587886961704,15.05895305724823,15.057396066428394,15.206560140247465,15.0
3.324999999999745,1200.0,1199.496390123133,15.056308229685468,15.054795811317645,15.204019088192167,15.0
3.3259999999997447,1200.0,1199.5328010668036,15.053724895058574,15.052256033431275,15.201538052122352,15.0
3.3269999999997446,1200.0,1199.568049784796,15.051201918004505,15.049775615886192,15.199115915115748,15.0
3.3279999999997445,1200.0,1199.6021640059794,15.048738177890115,15.047353456295184,15.196751574840805,15.0
3.3289999999997444,1200.0,1199.635170937458,15.04633256878698,15.04498846674196,15.194443943529564,15.0
3.3299999999997443,1200.0,1199.6670972715394,15.04398399944034,15.04267957375038,15.192191947944721,15.0
3.330999999999744,1200.0,1199.6979691926822,15.04169139323174,15.040425718247501,15.189994529340538,15.0
3.331999999999744,1200.0,1199.7278123844217,15.039453688136058,15.03822585552109,15.187850643418273,15.0
3.332999999999744,1200.0,1199.7566520362752,15.0372698366731,15.036078955171831,15.185759260276313,15.0
3.333999999999744,1200.0,1199.784512850617,15.035138805853716,15.033984001060128,15.183719364354953,15.0
3.3349999999997437,1200.0,1199.8114190495255,15.03305957712119,15.031939991248235,15.18172995437651,15.0
3.3359999999997436,1200.0,1199.8373943816027,15.03103114628761,15.029945937937516,15.179790043280597,15.0
3.3369999999997435,1200.0,1199.8624621287563,15.029052523465742,15.028000867401246,15.177898658155001,15.0
3.3379999999997434,1200.0,1199.8866451129495,15.02712273299647,15.02610381991304,15.176054840162156,15.0
3.3389999999997433,1200.0,1199.9099657029128,15.025240813372212,15.024253849671378,15.174257644461775,15.0
3.339999999999743,1200.0,1199.9324458208157,15.023405817156199,15.02245002472001,15.172506140129407,15.0
3.340999999999743,1200.0,1199.9541069489012,15.021616810898141,15.020691426864875,15.170799410071492,15.0
3.341999999999743,1200.0,1199.9749701360734,15.019872875046168,15.018977151587265,15.169136550936706,15.0
3.342999999999743,1200.0,1199.9950560044442,15.018173103855556,15.017306307953953,15.167516673024307,15.0
3.3439999999997427,1200.0,1200.0143847558347,15.016516605294038,15.015678018523863,15.165938900189024,15.0
3.3449999999997426,1200.0,1200.0329761782273,15.014902500944167,15.014091419251887,15.164402369743144,15.0
3.3459999999997425,1200.0,1200.0508496521716,15.013329925902868,15.01254565938995,15.16290623235584,15.0
3.3469999999997424,1200.0,1200.06802415714,15.011798028678117,15.011039901385216,15.1614496519497,15.0
3.3479999999997423,1200.0,1200.0845182778332,15.010305971083207,15.009573320775981,15.160031805594945,15.0
3.348999999999742,1200.0,1200.1003502104334,15.00885292812849,15.008145106085014,15.158651883401117,15.0
3.349999999999742,1200.0,1200.115537768804,15.007438087910945,15.00675445871084,15.157309088406741,15.0
3.350999999999742,1200.0,1200.130098390637,15.00606065150157,15.005400592816818,15.156002636466816,15.0
3.351999999999742,1200.0,1200.1440491435433,15.004719832830823,15.004082735218349,15.154731756138437,15.0
3.3529999999997417,1200.0,1200.1574067310905,15.003414858572265,15.002800125268312,15.15349568856468,15.0
3.3539999999997416,1200.0,1200.1701874987818,15.002144968024346,15.001552014740634,15.152293687356636,15.0
3.3549999999997415,1200.0,1200.1824074399776,15.0009094129907,15.000337667712481,15.151125018474104,15.0
3.3559999999997414,1200.0,1200.194082201761,14.999707457659053,14.99915636044499,15.149988960104844,15.0
3.3569999999997413,1200.0,1200.205227090743,14.998538378478568,14.998007381262545,15.148884802542383,15.0
3.357999999999741,1200.0,1200.21585707881,14.997401464036129,14.996890030430967,15.147811848062759,15.0
3.358999999999741,1200.0,1200.225986808811,14.996296014931426,14.995803620034543,15.146769410800141,15.0
3.359999999999741,1200.0,1200.2356306001843,14.995221343650972,14.99474747385202,15.145756816621443,15.0
3.360999999999741,1200.0,1200.2448024545251,14.994176774441348,14.993720927231811,15.14477340300013,15.0
3.3619999999997408,1200.0,1200.2535160610903,14.9931616431814,14.992723326966194,15.143818518889077,15.0
3.3629999999997406,1200.0,1200.2617848022442,14.992175297253919,14.991754031165023,15.142891524592963,15.0
3.3639999999997405,1200.0,1200.2696217588402,14.991217095416536,14.990812409128607,15.141991791639825,15.0
3.3649999999997404,1200.0,1200.2770397155439,14.990286407672176,14.989897841220236,15.141118702652303,15.0
3.3659999999997403,1200.0,1200.2840511660904,14.989382615138986,14.989009718738151,15.140271651218352,15.0
3.36699999999974,1200.0,1200.2906683184835,14.988505109919872,14.988147443787112,15.139450041761542,15.0
3.36799999999974,1200.0,1200.2969031001296,14.987653294971759,14.987310429149746,15.138653289411227,15.0
3.36899999999974,1200.0,1200.30276716291,14.986826583974675,14.986498098157682,15.137880819872429,15.0
3.36999999999974,1200.0,1200.308271888192,14.986024401200584,14.985709884562468,15.13713206929561,15.0
3.3709999999997398,1200.0,1200.3134283917761,14.985246181382188,14.98494523240644,15.13640648414636,15.0
3.3719999999997397,1200.0,1200.3182475287806,14.984491369581685,14.984203595893565,15.1357035210751,15.0
3.3729999999997395,1200.0,1200.3227398984668,14.983759421059725,14.983484439260478,15.135022646787016,15.0
3.3739999999997394,1200.0,1200.3269158489966,14.983049801144157,14.9827872366473,15.134363337911758,15.0
3.3749999999997393,1200.0,1200.3307854821312,14.982361985099327,14.982111471969027,15.133725080873763,15.0
3.375999999999739,1200.0,1200.3343586578692,14.98169545799539,14.981456638786907,15.133107371762566,15.0
3.376999999999739,1200.0,1200.3376449990187,14.981049714577905,14.980822240180135,15.132509716203439,15.0
3.377999999999739,1200.0,1200.3406538957106,14.980424259137834,14.98020778861788,15.13193162922844,15.0
3.378999999999739,1200.0,1200.3433945098477,14.979818605381881,14.979612805831735,15.131372635147821,15.0
3.3799999999997388,1200.0,1200.3458757794956,14.979232276303435,14.979036822688684,15.130832267422035,15.0
3.3809999999997387,1200.0,1200.3481064232096,14.978664804053698,14.978479379064325,15.130310068533978,15.0
3.3819999999997385,1200.0,1200.3500949443023,14.978115729813602,14.977940023716792,15.12980558986199,15.0
3.3829999999997384,1200.0,1200.3518496350493,14.977584603666168,14.977418314161186,15.129318391553344,15.0
3.3839999999997383,1200.0,1200.353378580836,14.977070984469526,14.976913816544608,15.128848042398385,15.0
3.384999999999738,1200.0,1200.3546896642429,14.976574439730625,14.97642610552191,15.12839411970539,15.0
3.385999999999738,1200.0,1200.3557905690723,14.976094545479482,14.975954764131929,15.127956209175927,15.0
3.386999999999738,1200.0,1200.3566887843144,14.975630886144346,14.975499383674684,15.12753390478121,15.0
3.387999999999738,1200.0,1200.3573916080577,14.975183054427491,14.975059563589149,15.127126808639035,15.0
3.3889999999997378,1200.0,1200.357906151335,14.974750651181793,14.974634911331787,15.126734530891504,15.0
3.3899999999997377,1200.0,1200.358239341917,14.974333285288212,14.974225042256045,15.126356689583703,15.0
3.3909999999997376,1200.0,1200.358397928044,14.97393057353407,14.97382957949255,15.125992910543168,15.0
3.3919999999997374,1200.0,1200.3583884821035,14.973542140492158,14.97344815383018,15.125642827260126,15.0
3.3929999999997373,1200.0,1200.3582174042476,14.973167618400813,14.973080403598058,15.125306080768805,15.0
3.3939999999997372,1200.0,1200.3578909259563,14.972806647044914,14.97272597454846,15.124982319529577,15.0
3.394999999999737,1200.0,1200.3574151135429,14.972458873637773,14.972384519740636,15.124671199312074,15.0
3.395999999999737,1200.0,1200.3567958716071,14.972123952704045,14.972055699425558,15.12437238307926,15.0
3.396999999999737,1200.0,1200.3560389464283,14.971801545963473,14.971739180931586,15.124085540872409,15.0
3.397999999999737,1200.0,1200.3551499293071,14.971491322215954,14.971434638551354,15.123810349697319,15.0
3.3989999999997367,1200.0,1200.354134259854,14.971192957227302,14.97114175342939,15.12354649341129,15.0
3.3999999999997366,1200.0,1200.35299722922,14.970906133616147,14.970860213450843,15.123293662611253,15.0
3.4009999999997365,1200.0,1200.351743983278,14.970630540742095,14.970589713131435,15.123051554523057,15.0
3.4019999999997363,1200.0,1200.3503795257516,14.970365874594576,14.97032995350811,15.122819872891561,15.0
3.4029999999997362,1200.0,1200.348908721287,14.970111837683078,14.970080642031053,15.122598327872044,15.0
3.403999999999736,1200.0,1200.34733629848,14.969868138928405,14.969841492456679,15.122386635922663,15.0
3.404999999999736,1200.0,1200.3456668528472,14.969634493554919,14.969612224741654,15.122184519697862,15.0
3.405999999999736,1200.0,1200.3439048497482,14.969410622983993,14.969392564938033,15.121991707943018,15.0
3.406999999999736,1200.0,1200.342054627258,14.969196254728605,14.96918224508959,15.121807935390263,15.0
3.4079999999997357,1200.0,1200.3401203989897,14.968991122288967,14.968981003129105,15.121632942655209,15.0
3.4089999999997356,1200.0,1200.3381062568676,14.968794965049423,14.968788582776972,15.121466476135097,15.0
3.4099999999997355,1200.0,1200.3360161738533,14.968607528176326,14.968604733440692,15.121308287907805,15.0
3.4109999999997354,1200.0,1200.3338540066225,14.968428562517238,14.968429210115735,15.121158135632236,15.0
3.4119999999997352,1200.0,1200.3316234981955,14.968257824501169,14.96826177328737,15.121015782449698,15.0
3.412999999999735,1200.0,1200.3293282805216,14.968095076039985,14.968102188833692,15.120880996886502,15.0
3.413999999999735,1200.0,1200.326971877015,14.967940084430955,14.967950227929734,15.12075355275763,15.0
3.414999999999735,1200.0,1200.3245577050473,14.9677926222606,14.967805666952904,15.120633229071771,15.0
3.415999999999735,1200.0,1200.3220890783941,14.9676524673095,14.9676682873893,15.120519809937225,15.0
3.4169999999997347,1200.0,1200.3195692096372,14.96751940245844,14.96753787574139,15.120413084469224,15.0
3.4179999999997346,1200.0,1200.3170012125229,14.967393215595603,14.967414223436734,15.12031284669823,15.0
3.4189999999997345,1200.0,1200.3143881042758,14.967273699524998,14.967297126737886,15.120218895479521,15.0
3.4199999999997344,1200.0,1200.3117328078729,14.9671606518761,14.967186386653488,15.120131034403897,15.0
3.4209999999997343,1200.0,1200.3090381542706,14.96705387501445,14.967081808850333,15.120049071709435,15.0
3.421999999999734,1200.0,1200.3063068845954,14.966953175953694,14.966983203566851,15.119972820194631,15.0
3.422999999999734,1200.0,1200.3035416522885,14.966858366268559,14.966890385527478,15.11990209713244,15.0
3.423999999999734,1200.0,1200.3007450252132,14.966769262009125,14.966803173858334,15.119836724185683,15.0
3.424999999999734,1200.0,1200.2979194877203,14.96668568361615,14.966721392003906,15.119776527323406,15.0
3.4259999999997337,1200.0,1200.2950674426756,14.966607455837684,14.966644867645059,15.119721336738635,15.0
3.4269999999997336,1200.0,1200.292191213446,14.96653440764664,14.9665734326179,15.11967098676693,15.0
3.4279999999997335,1200.0,1200.2892930458502,14.966466372159706,14.96650692283406,15.119625315806445,15.0
3.4289999999997334,1200.0,1200.2863751100697,14.966403186557237,14.966445178201843,15.119584166238807,15.0
3.4299999999997333,1200.0,1200.2834395025218,14.966344692004357,14.96638804254865,15.11954738435129,15.0
3.430999999999733,1200.0,1200.2804882476971,14.966290733573201,14.96633536354447,15.119514820260097,15.0
3.431999999999733,1200.0,1200.2775232999609,14.966241160166271,14.96628699262649,15.11948632783473,15.0
3.432999999999733,1200.0,1200.2745465453174,14.966195824440856,14.966242784924754,15.119461764623452,15.0
3.433999999999733,1200.0,1200.2715598031402,14.966154582734598,14.966202599188916,15.119440991779815,15.0
3.4349999999997327,1200.0,1200.2685648278675,14.966117294992175,14.966166297716168,15.11942387399042,15.0
3.4359999999997326,1200.0,1200.2655633106633,14.966083824693024,14.96613374628009,15.119410279403567,15.0
3.4369999999997325,1200.0,1200.262556881043,14.966054038780241,14.96610481406074,15.119400079559178,15.0
3.4379999999997324,1200.0,1200.2595471084696,14.966027807590525,14.966079373575738,15.11939314931971,15.0
3.4389999999997323,1200.0,1200.2565355039148,14.966005004785123,14.966057300612327,15.119389366802046,15.0
3.439999999999732,1200.0,1200.2535235213875,14.965985507281918,14.966038474160593,15.119388613310601,15.0
3.440999999999732,1200.0,1200.250512559432,14.965969195188572,14.966022776347678,15.119390773271332,15.0
3.441999999999732,1200.0,1200.2475039625958,14.965955951736712,14.966010092373045,15.119395734166947,15.0
3.442999999999732,1200.0,1200.244499022864,14.965945663217093,14.9660003104447,15.119403386472943,15.0
3.4439999999997317,1200.0,1200.241498981066,14.965938218915854,14.965993321716516,15.1194136235948,15.0
3.4449999999997316,1200.0,1200.238505028251,14.965933511051796,14.965989020226491,15.119426341806212,15.0
3.4459999999997315,1200.0,1200.2355183070372,14.965931434714685,14.965987302836098,15.119441440188233,15.0
3.4469999999997314,1200.0,1200.2325399129265,14.965931887804464,14.965988069170471,15.11945882056942,15.0
3.4479999999997313,1200.0,1200.2295708955983,14.965934770971593,14.965991221559728,15.11947838746706,15.0
3.448999999999731,1200.0,1200.2266122601698,14.965939987558274,14.965996664981153,15.119500048029277,15.0
3.449999999999731,1200.0,1200.2236649684312,14.965947443540632,14.966004307002342,15.119523711978072,15.0
3.450999999999731,1200.0,1200.2207299400545,14.965957047472013,14.966014057725388,15.11954929155347,15.0
3.451999999999731,1200.0,1200.2178080537756,14.965968710427074,14.966025829731937,15.119576701458492,15.0
3.4529999999997307,1200.0,1200.2149001485484,14.965982345946873,14.966039538029149,15.119605858805057,15.0
3.4539999999997306,1200.0,1200.2120070246772,14.965997869984982,14.966055099996682,15.119636683060957,15.0
3.4549999999997305,1200.0,1200.209129444922,14.966015200854326,14.96607243533443,15.11966909599748,15.0
3.4559999999997304,1200.0,1200.206268135578,14.96603425917508,14.96609146601126,15.119703021638164,15.0
3.4569999999997303,1200.0,1200.2034237875323,14.966054967823537,14.966112116214722,15.119738386208454,15.0
3.45799999999973,1200.0,1200.200597057298,14.966077251881723,14.96613431230148,15.11977511808608,15.0
3.45899999999973,1200.0,1200.1977885680221,14.966101038587912,14.96615798274865,15.119813147752424,15.0
3.45999999999973,1200.0,1200.1949989104735,14.966126257288108,14.966183058106074,15.119852407744741,15.0
3.46099999999973,1200.0,1200.1922286440047,14.966152839388315,14.966209470949375,15.119892832609185,15.0
3.4619999999997297,1200.0,1200.1894782974969,14.966180718307758,14.966237155833934,15.119934358854833,15.0
3.4629999999997296,1200.0,1200.1867483702777,14.966209829432723,14.966266049249505,15.119976924908237,15.0
3.4639999999997295,1200.0,1200.1840393330206,14.966240110071482,14.96629608957587,15.120020471069125,15.0
3.4649999999997294,1200.0,1200.1813516286227,14.966271499409988,14.966327217039261,15.12006493946679,15.0
3.4659999999997293,1200.0,1200.1786856730637,14.966303938468226,14.966359373669423,15.120110274017208,15.0
3.466999999999729,1200.0,1200.1760418562403,14.966337370057468,14.966392503257595,15.12015642038099,15.0
3.467999999999729,1200.0,1200.1734205427865,14.966371738738456,14.966426551315347,15.120203325922265,15.0
3.468999999999729,1200.0,1200.1708220728692,14.966406990780085,14.966461465033964,15.120250939668075,15.0
3.469999999999729,1200.0,1200.168246762969,14.966443074119082,14.966497193244768,15.120299212268733,15.0
3.4709999999997287,1200.0,1200.1656949066387,14.966479938320388,14.966533686380185,15.120348095958908,15.0
3.4719999999997286,1200.0,1200.163166775248,14.96651753453819,14.966570896435387,15.120397544519312,15.0
3.4729999999997285,1200.0,1200.1606626187038,14.966555815477838,14.96660877693084,15.120447513239263,15.0
3.4739999999997284,1200.0,1200.1581826661595,14.966594735358429,14.966647282875519,15.120497958879987,15.0
3.4749999999997283,1200.0,1200.1557271267027,14.966634249876074,14.966686370730757,15.120548839638463,15.0
3.475999999999728,1200.0,1200.153296190028,14.96667431616791,14.966725998374868,15.120600115112103,15.0
3.476999999999728,1200.0,1200.1508900270906,14.96671489277682,14.96676612506843,15.12065174626413,15.0
3.477999999999728,1200.0,1200.148508790748,14.966755939616865,14.96680671142032,15.120703695389597,15.0
3.478999999999728,1200.0,1200.1461526163816,14.96679741793933,14.966847719354272,15.120755926082047,15.0
3.4799999999997278,1200.0,1200.1438216225047,14.966839290299466,14.966889112076188,15.120808403200884,15.0
3.4809999999997276,1200.0,1200.1415159113537,14.966881520523875,14.966930854042092,15.12086109283936,15.0
3.4819999999997275,1200.0,1200.1392355694663,14.96692407367866,14.966972910926744,15.120913962293276,15.0
3.4829999999997274,1200.0,1200.1369806682437,14.966966916038071,14.967015249592844,15.12096698003026,15.0
3.4839999999997273,1200.0,1200.1347512644977,14.967010015053775,14.967057838060796,15.121020115659574,15.0
3.484999999999727,1200.0,1200.1325474009852,14.967053339324895,14.967100645479254,15.121073339902757,15.0
3.485999999999727,1200.0,1200.130369106929,14.967096858568558,14.967143642096127,15.121126624564685,15.0
3.486999999999727,1200.0,1200.1282163985215,14.96714054359095,14.967186799230143,15.12117994250522,15.0
3.487999999999727,1200.0,1200.12608927942,14.967184366259243,14.967230089243216,15.121233267611672,15.0
3.4889999999997268,1200.0,1200.123987741226,14.967228299473824,14.967273485513143,15.121286574771533,15.0
3.4899999999997267,1200.0,1200.1219117639532,14.967272317141218,14.967316962406983,15.12133983984598,15.0
3.4909999999997265,1200.0,1200.1198613164806,14.96731639414755,14.967360495254932,15.121393039643822,15.0
3.4919999999997264,1200.0,1200.1178363569966,14.967360506332646,14.967404060324874,15.12144615189612,15.0
3.4929999999997263,1200.0,1200.115836833429,14.96740463046458,14.967447634797344,15.12149915523127,15.0
3.493999999999726,1200.0,1200.1138626838645,14.96744874421477,14.967491196741022,15.12155202915055,15.0
3.494999999999726,1200.0,1200.1119138369552,14.967492826133647,14.967534725088827,15.121604754004329,15.0
3.495999999999726,1200.0,1200.1099902123165,14.967536855626804,14.967578199614431,15.121657310968672,15.0
3.496999999999726,1200.0,1200.1080917209104,14.967580812931683,14.967621600909366,15.121709682022534,15.0
3.4979999999997258,1200.0,1200.106218265421,14.967624679094829,14.967664910360623,15.121761849925441,15.0
3.4989999999997257,1200.0,1200.1043697406203,14.967668435949433,14.967708110128584,15.12181379819554,15.0
3.4999999999997256,1200.0,1204.3973193762324,14.967712066093553,14.955709096705798,15.109490548892477,15.0
3.5009999999997254,1200.0,1209.0149141186328,14.607957462690909,14.588160793388116,14.738126166679205,5.0
3.5019999999997253,1200.0,1213.4423734650775,14.216509888075487,14.190578772328273,14.3364474654309,5.0
3.5029999999997252,1200.0,1217.682600329164,13.83615552523666,13.805065978045088,13.94696855276883,5.0
3.503999999999725,1200.0,1221.7413969566428,13.466850289574596,13.431499391133146,13.56956395301333,5.0
3.504999999999725,1200.0,1225.6243945983942,13.10830416268304,13.069491374922512,13.203841134351018,5.0
3.505999999999725,1200.0,1229.3370424899358,12.760235375290911,12.718671948988321,12.849425548139392,5.0
3.506999999999725,1200.0,1232.884616752318,12.422371509578374,12.378689167420513,12.505960990045363,5.0
3.5079999999997247,1200.0,1236.2722287237843,12.094448944103197,12.04920773250042,12.173108181752347,5.0
3.5089999999997246,1200.0,1239.5048326490698,11.776212337094222,11.729907724866537,11.850543472608837,5.0
3.5099999999997245,1200.0,1242.5872327850316,11.46741415483443,11.420483450621635,11.537957661401734,5.0
3.5109999999997243,1200.0,1245.5240899765156,11.167814240888916,11.120642394289472,11.235054926811697,5.0
3.5119999999997242,1200.0,1248.319927751195,10.877179422273299,10.830104267515171,10.941551856131976,5.0
3.512999999999724,1200.0,1250.979137977455,10.59528314903445,10.54860014437177,10.657176562834847,5.0
3.513999999999724,1200.0,1253.5059861251657,10.321905164054897,10.275871675010405,10.38166788447533,5.0
3.514999999999724,1200.0,1255.904616165384,10.056831200200516,10.01167037018409,10.114774653241504,5.0
3.515999999999724,1200.0,1258.1790551415604,9.799852702208447,9.755756949890543,9.856255032200211,5.0
3.5169999999997237,1200.0,1260.333217441727,9.55076657096362,9.507900750027085,9.605875910955902,5.0
3.5179999999997236,1200.0,1262.370908798312,9.309374928039304,9.267879181536102,9.363412355044943,5.0
3.5189999999997235,1200.0,1264.295830039695,9.075484898581664,9.035477237048289,9.128647103933254,5.0
3.5199999999997234,1200.0,1266.1115806152955,8.848908410804384,8.810487040510063,8.901370112979595,5.0
3.5209999999997232,1200.0,1267.8216619139373,8.629462010526442,8.592707435713917,8.68137813517244,5.0
3.521999999999723,1200.0,1269.429480393321,8.416966689337581,8.3819436100417,8.468474338851847,5.0
3.522999999999723,1200.0,1270.9383505367591,8.211247725112875,8.17800675008466,8.262467957992142,5.0
3.523999999999723,1200.0,1272.3514976517865,8.012134533721586,7.980713726124181,8.063173971951,5.0
3.524999999999723,1200.0,1273.6720605238718,7.819460530886579,7.789886802745754,7.870412811887614,5.0
3.5259999999997227,1200.0,1274.9030939371971,7.6330630032523095,7.605353373120914,7.684010091322559,5.0
3.5269999999997226,1200.0,1276.0475710733497,7.4527829878100755,7.426945714728016,7.503796358554888,5.0
3.5279999999997225,1200.0,1277.1083857977317,7.278465158911638,7.254500764496368,7.329606868871722,5.0
3.5289999999997224,1200.0,1278.0883548425882,7.109957722177487,7.087859911552235,7.161281374685162,5.0
3.5299999999997222,1200.0,1278.9902198946918,6.9471123146716005,6.926868805918515,6.998663931909405,5.0
3.530999999999722,1200.0,1279.8166495949874,6.789783910777666,6.771377181679967,6.841602721055466,5.0
3.531999999999722,1200.0,1280.5702414568116,6.637830733264584,6.621238693266956,6.689949881665854,5.0
3.532999999999722,1200.0,1281.2535237086693,6.491114169079699,6.476310763640693,6.5435613588450785,5.0
3.533999999999722,1200.0,1281.868957067025,6.3494986894530925,6.336454443279937,6.4022967607619155,5.0
3.5349999999997217,1200.0,1282.4189364440242,6.212851773935691,6.201534278973585,6.266019226106646,5.0
3.5359999999997216,1200.0,1282.9057925946279,6.081043838031897,6.071418191520502,6.134595300585875,5.0
3.5369999999997215,1200.0,1283.3317937072327,5.953948164119715,5.945977361523444,6.007894821625197,5.0
3.5379999999997214,1200.0,1283.699146941461,5.831440835380475,5.825086122541286,5.885790810529374,5.0
3.5389999999997213,1200.0,1284.0099999164865,5.713400672488779,5.7086218609359145,5.768159371423555,5.0
3.539999999999721,1200.0,1284.2664421529446,5.599709172836128,5.596464921812372,5.65487959636283,5.0
3.540999999999721,1200.0,1284.470506471208,5.490250452084186,5.488498520509116,5.545833476057128,5.0
3.541999999999721,1200.0,1284.6241703485634,5.384911187863814,5.384608659147621,5.440905815712031,5.0
3.542999999999721,1200.0,1284.7293572375906,5.283580565452901,5.284684047796739,5.339984155533327,5.0
3.5439999999997207,1200.0,1284.7879378478538,5.186150225283258,5.188616029850845,5.242958695487781,5.0
3.5449999999997206,1200.0,1284.8017313928244,5.092514212140386,5.0962985112582695,5.149722223950857,5.0
3.5459999999997205,1200.0,1284.7725068037962,5.002568925933848,5.0076278932720815,5.0601700499084785,5.0
3.5469999999997204,1200.0,1284.7019839123936,4.916213073927262,4.922503008426084,4.974199938411398,5.0
3.5479999999997203,1200.0,1284.5918346031492,4.833347624327929,4.8408250594676625,4.891712049010054,5.0
3.54899999999972,1200.0,1284.4436839375016,4.7538757611459115,4.762497561004911,4.812608876924175,5.0
3.54999999999972,1200.0,1284.2591112504522,4.67770284024021,4.687426283647737,4.736795196724056,5.0
3.55099999999972,1200.0,1284.039651221017,4.604736346478526,4.615519200444723,4.664178008322917,5.0
3.55199999999972,1200.0,1283.7867949175302,4.534885851943853,4.546686435435971,4.594666485098631,5.0
3.5529999999997197,1200.0,1283.5019908187603,4.468062975127062,4.480840214159004,4.528171923980106,5.0
3.5539999999997196,1200.0,1283.1866458117386,4.404181341051027,4.417894815960721,4.464607697349951,5.0
3.5549999999997195,1200.0,1282.8421261671253,4.343156542276404,4.35776652798188,4.403889206628677,5.0
3.5559999999997194,1200.0,1282.4697584928813,4.284906100744329,4.300373600693613,4.345933837418913,5.0
3.5569999999997193,1200.0,1282.0708306669546,4.229349430415265,4.245636204876689,4.290660916099544,5.0
3.557999999999719,1200.0,1281.6465927496506,4.176407800666896,4.193476389944387,4.2379916677699345,5.0
3.558999999999719,1200.0,1281.198257876301,4.126004300417831,4.1438180435196035,4.18784917545431,5.0
3.559999999999719,1200.0,1280.7270031308065,4.078063802945874,4.096586852184179,4.1401583404838105,5.0
3.560999999999719,1200.0,1280.2339704006006,4.032512931374118,4.051710263327677,4.094845843983128,5.0
3.5619999999997187,1200.0,1279.7202672135368,3.989280024798613,4.009117448027826,4.0518401093936065,5.0
3.5629999999997186,1200.0,1279.1869675571777,3.9482951050351236,3.9687392649024305,4.011071265972438,5.0
3.5639999999997185,1200.0,1278.6351126809404,3.9094898439638284,3.930508224877532,3.9724711132125434,5.0
3.5649999999997184,1200.0,1278.0657118815157,3.8727975314521865,3.8943584568212413,3.935973086132445,5.0
3.5659999999997183,1200.0,1277.4797432719672,3.838153043839207,3.8602256739985275,3.9015122213913465,5.0
3.566999999999718,1200.0,1276.878154534898,3.805492812964234,3.828047141304822,3.869025124187205,5.0
3.567999999999718,1200.0,1276.2618636600353,3.7747547957254115,3.7977616432407695,3.8384499359001185,5.0
3.568999999999718,1200.0,1275.6317596665917,3.745878444154439,3.769309452593993,3.809726302446851,5.0
3.569999999999718,1200.0,1274.9887033107268,3.7188046759946154,3.7426322997962242,3.7827953433148975,5.0
3.5709999999997177,1200.0,1274.3335277784245,3.6934758457705232,3.71767334292713,3.757599621247366,5.0
3.5719999999997176,1200.0,1273.6670393640968,3.6698357163385884,3.6943771383387882,3.7340831125527183,5.0
3.5729999999997175,1200.0,1272.9900181351964,3.647829430907999,3.672689611876427,3.7121911780149413,5.0
3.5739999999997174,1200.0,1272.3032185831246,3.6274034855230326,3.6525580306738656,3.6918705343826543,5.0
3.5749999999997173,1200.0,1271.6073702607048,3.608505701997462,3.633930975503042,3.673069226416551,5.0
3.575999999999717,1200.0,1270.9031784064775,3.5910852012929713,3.6167583136592265,3.6557365994767874,5.0
3.576999999999717,1200.0,1270.1913245560818,3.5750923773338723,3.600991172364943,3.6398232726333744,5.0
3.577999999999717,1200.0,1269.4724671409504,3.56047887125011,3.5865819126761598,3.625281112283144,5.0
3.578999999999717,1200.0,1268.747242074578,3.5471975460425202,3.573484103877116,3.6120632062596787,5.0
3.5799999999997167,1200.0,1268.016263326575,3.535202461662652,3.5616524983491753,3.6001238384216103,5.0
3.5809999999997166,1200.0,1267.2801234847418,3.524448850501484,3.551043006901898,3.589418463707458,5.0
3.5819999999997165,1200.0,1266.5393943053828,3.514893093280847,3.5416126745544156,3.5799036836451323,5.0
3.5829999999997164,1200.0,1265.7946272520728,3.506492695341393,3.5333196567559013,3.57153722230487,5.0
3.5839999999997163,1200.0,1265.0463540230796,3.499206263321729,3.526123196035183,3.5642779026856326,5.0
3.584999999999716,1200.0,1264.2950870676584,3.492993482223671,3.519983599070226,3.558085623525722,5.0
3.585999999999716,1200.0,1263.5413200914056,3.4878150928573914,3.514862214167584,3.552921336527635,5.0
3.586999999999716,1200.0,1262.7855285508788,3.4836328696625722,3.510721409144422,3.5487470239898102,5.0
3.587999999999716,1200.0,1262.0281701376643,3.4804095988994286,3.5075245496040472,3.5455256768361125,5.0
3.5889999999997158,1200.0,1261.2696852520914,3.478109057206061,3.5052359775984976,3.543221273036629,5.0
3.5899999999997156,1200.0,1260.5104974667656,3.4766959905160144,3.5038209906696633,3.5417987564111844,5.0
3.5909999999997155,1200.0,1259.7510139801109,3.476136093332766,3.503245821263344,3.541224015809969,5.0
3.5919999999997154,1200.0,1258.9916260600987,3.476395988355808,3.5034776165089085,3.5414638646638847,5.0
3.5929999999997153,1200.0,1258.232709478333,3.4774432064539376,3.504484418358301,3.542486020898342,5.0
3.593999999999715,1200.0,1257.4746249346679,3.4792461669816968,3.506235144078697,3.5442590872047317,5.0
3.594999999999715,1200.0,1256.717718472524,3.481774158434539,3.5086995670928802,3.5467525316636475,5.0
3.595999999999715,1200.0,1255.962321885073,3.484997319438368,3.5118482981616514,3.549936668714061,5.0
3.596999999999715,1200.0,1255.208753112451,3.488886620069363,3.5156527669029827,3.5537826404631803,5.0
3.5979999999997148,1200.0,1254.4573166301643,3.4934138434998676,3.52008520364254,3.558262398331515,5.0
3.5989999999997146,1200.0,1253.708303828846,3.4985515679663113,3.5251186215906642,3.5633486850282177,5.0
3.5999999999997145,1200.0,1252.9619933855124,3.5042731490549173,3.530726799340596,3.5690150168514236,5.0
3.6009999999997144,1200.0,1252.2186516264903,3.510552702301726,3.5368842636837328,3.5752356663093305,5.0
3.6019999999997143,1200.0,1251.4785328821438,3.517365086101944,3.543566272736218,3.581985645056256,5.0
3.602999999999714,1200.0,1250.741879833571,3.5246858849258453,3.5507487993733857,3.5892406871401628,5.0
3.603999999999714,1200.0,1250.0089238514038,3.5324913928362394,3.5584085149666365,3.5969772325561644,5.0
3.604999999999714,1200.0,1249.279885326862,3.5407585973042295,3.566522773418843,3.605172411102038,5.0
3.605999999999714,1200.0,1248.554973995203,3.5494651633193044,3.5750695954939133,3.6138040265313665,5.0
3.6069999999997138,1200.0,1247.8343892517073,3.5585894177896034,3.584027653435984,3.6228505409996834,5.0
3.6079999999997137,1200.0,1247.1183204603399,3.56811033422888,3.593376255874355,3.632291059799703,5.0
3.6089999999997135,1200.0,1246.4069472552217,3.578007517726176,3.60309533300991,3.6421053163813264,5.0
3.6099999999997134,1200.0,1245.7004398350502,3.588261190194542,3.613165422079022,3.652273657652378,5.0
3.6109999999997133,1200.0,1244.998959250598,3.598852175894832,3.623567653090776,3.6627770295558317,5.0
3.611999999999713,1200.0,1244.3026576854202,3.609761887230969,3.634283734833675,3.6735969629196603,5.0
3.612999999999713,1200.0,1243.6116787299025,3.6209723108132352,3.6452959411481456,3.684715559575592,5.0
3.613999999999713,1200.0,1242.9261576487736,3.632465993785306,3.656587097460474,3.6961154787423096,5.0
3.614999999999713,1200.0,1242.2462216422127,3.644226030411911,3.6681405675748415,3.7077799236697606,5.0
3.6159999999997128,1200.0,1241.5719901006662,3.6562360489231147,3.679940240719367,3.719692628540402,5.0
3.6169999999997127,1200.0,1240.9035748535064,3.668480198611834,3.6919705188426515,3.7318378456238714,5.0
3.6179999999997126,1200.0,1240.24108041164,3.6809431371807184,3.7042163041568656,3.744200332681018,5.0
3.6189999999997124,1200.0,1239.584604204195,3.6936100183352485,3.7166629869241614,3.7567653406141033,5.0
3.6199999999997123,1200.0,1238.9342368093971,3.706466479619079,3.729296433482347,3.7695186013589934,5.0
3.6209999999997122,1200.0,1238.2900621797487,3.7194986304882045,3.7421029745064076,3.7824463160159403,5.0
3.621999999999712,1200.0,1237.6521578616257,3.7326930406205596,3.755069393502384,3.795535143215392,5.0
3.622999999999712,1200.0,1237.0205952094057,3.7460367284576526,3.7681829155301845,3.8087721877153635,5.0
3.623999999999712,1200.0,1236.3954395942305,3.759517149974244,3.781431196151388,3.8221449892264063,5.0
3.624999999999712,1200.0,1235.7767506075156,3.77312218767337,3.7948023105992204,3.835641511461282,5.0
3.6259999999997117,1200.0,1235.1645822593084,3.786840139802791,3.808284743166859,3.849250131405504,5.0
3.6269999999997116,1200.0,1234.5589831716084,3.8006597097898545,3.821867376811007,3.8629596288056014,5.0
3.6279999999997115,1200.0,1233.9599967667389,3.814569995890739,3.835539482966739,3.876759175871094,5.0
3.6289999999997113,1200.0,1233.3676614508825,3.8285604810519533,3.8492907115714656,3.8906383271879887,5.0
3.6299999999997112,1200.0,1232.7820107928767,3.84262102297933,3.863111081293289,3.9045870098390187,5.0
3.630999999999711,1200.0,1232.2030736983604,3.856741844412443,3.876990969961749,3.9185955137285893,5.0
3.631999999999711,1200.0,1231.6308745793845,3.8709135236007888,3.8909211051971795,3.9326544821086338,5.0
3.632999999999711,1200.0,1231.0654335195595,3.8851269849779495,3.9048925552350915,3.946754902301736,5.0
3.633999999999711,1200.0,1230.5067664348553,3.8993734900317834,3.918896719943508,3.960888096619411,5.0
3.6349999999997107,1200.0,1229.9548852301257,3.913644628366154,3.932925322028888,3.9750457134711703,5.0
3.6359999999997106,1200.0,1229.4097979514643,3.9279323089521774,3.946970398428601,3.989219718662258,5.0
3.6369999999997105,1200.0,1228.8715089344669,3.942228751565034,3.9610242918860528,4.003402386876173,5.0
3.6379999999997104,1200.0,1228.3400189484998,3.9565264784039256,3.975079642706055,4.017586293339487,5.0
3.6389999999997102,1200.0,1227.8153253370474,3.9708183058916116,3.9891293806869426,4.031764305665464,5.0
3.63999999999971,1200.0,1227.2974221542372,3.985097336651208,4.003166717227116,4.045929575874125,5.0
3.64099999999971,1200.0,1226.786300297614,3.9993569516561642,4.017185137602019,4.0600755325846904,5.0
3.64199999999971,1200.0,1226.2819476372492,4.013590802551795,4.031178393409897,4.074195873378784,5.0
3.64299999999971,1200.0,1225.7843491412682,4.027792804144381,4.045140495182455,4.088284557330428,5.0
3.6439999999997097,1200.0,1225.293486997868,4.041957127055623,4.0590657051581935,4.102335797700599,5.0
3.6449999999997096,1200.0,1224.80934073391,4.05607819053918,4.072948530215231,4.11634405479312,5.0
3.6459999999997095,1200.0,1224.3318873301594,4.070150655456818,4.086783714961126,4.1303040289693795,5.0
3.6469999999997094,1200.0,1223.8611013332438,4.0841694174109175,4.100566234976574,4.144210653818695,5.0
3.6479999999997093,1200.0,1223.3969549644155,4.098129600031384,4.114291290210955,4.1580590894823,5.0
3.648999999999709,1200.0,1222.9394182251742,4.112026548413066,4.127954298525983,4.171844716127152,5.0
3.649999999999709,1200.0,1222.4884589998305,4.12585582270215,4.141550889385895,4.185563127567974,5.0
3.650999999999709,1200.0,1222.0440431550833,4.139613191828439,4.15507689769116,4.199210125034496,5.0
3.651999999999709,1200.0,1221.6061346366691,4.153294627380216,4.168528357752433,4.212781711080561,5.0
3.6529999999997087,1200.0,1221.174695563156,4.166896297620243,4.181901497403384,4.226274083633732,5.0
3.6539999999997086,1200.0,1220.749686316949,4.1804145616397825,4.195192732249266,4.239683630182208,5.0
3.6549999999997085,1200.0,1220.3310656325712,4.1938459636478225,4.208398660048499,4.253006922096308,5.0
3.6559999999997084,1200.0,1219.9187906822804,4.2071872273934785,4.221516055225257,4.26624070908249,5.0
3.6569999999997083,1200.0,1219.5128171590893,4.220435250718964,4.234541863510498,4.279381913767297,5.0
3.657999999999708,1200.0,1219.1130993572456,4.2335871002405865,4.247473196708932,4.292427626408713,5.0
3.658999999999708,1200.0,1218.7195902502338,4.2466400061554825,4.260307327589666,4.305375099732634,5.0
3.659999999999708,1200.0,1218.3322415663606,4.259591357171698,4.273041684898202,4.318221743892119,5.0
3.660999999999708,1200.0,1217.9510038619753,4.272438695559142,4.28567384848731,4.330965121546873,5.0
3.6619999999997077,1200.0,1217.575826592387,4.285179712319393,4.298201544564854,4.343602943061071,5.0
3.6629999999997076,1200.0,1217.206658180532,4.297812242471821,4.310622641055999,4.356133061816873,5.0
3.6639999999997075,1200.0,1216.8434460834483,4.310334260453911,4.322935143077782,4.368553469641627,5.0
3.6649999999997074,1200.0,1216.486136856605,4.322743875633465,4.335137188523723,4.380862292346386,5.0
3.6659999999997073,1200.0,1216.1346762161486,4.335039327930766,4.347227043756628,4.393057785373859,5.0
3.666999999999707,1200.0,1215.7890090991048,4.347218983548084,4.35920309940695,4.405138329553171,5.0
3.667999999999707,1200.0,1215.4490797215994,4.3592813308049925,4.371063866275272,4.417102426959934,5.0
3.668999999999707,1200.0,1215.1148316351382,4.3712249760768636,4.382807971336272,4.428948696878985,5.0
3.669999999999707,1200.0,1214.7862077809991,4.383048639834888,4.394434153842563,4.44067587186815,5.0
3.6709999999997067,1200.0,1214.46315054278,4.394751152785382,4.4059412615261975,4.452282793920807,5.0
3.6719999999997066,1200.0,1214.1456017971555,4.406331452106366,4.417328246895879,4.463768410725258,5.0
3.6729999999997065,1200.0,1213.8335029628788,4.417788577779672,4.428594163628131,4.475131772019145,5.0
3.6739999999997064,1200.0,1213.5267950480827,4.429121669016348,4.439738163050255,4.486372026036715,5.0
3.6749999999997063,1200.0,1213.225418695916,4.440329960773731,4.450759490713462,4.497488416047287,5.0
3.675999999999706,1200.0,1212.9293142285633,4.451412780362039,4.461657483054087,4.508480276982822,5.0
3.676999999999706,1200.0,1212.6384216896868,4.462369544138949,4.472431564141323,4.519347032153002,5.0
3.677999999999706,1200.0,1212.352680885333,4.4731997542899595,4.4830812425094,4.530088190045715,5.0
3.678999999999706,1200.0,1212.0720314233438,4.483902995693219,4.4936061080728065,4.540703341211547,5.0
3.6799999999997057,1200.0,1211.7964127513108,4.494478932866572,4.504005829122424,4.551192155230092,5.0
3.6809999999997056,1200.0,1211.5257641931123,4.504927306995459,4.514280149401212,4.561554377756723,5.0
3.6819999999997055,1200.0,1211.2600249840727,4.515247933039799,4.524428885257568,4.5717898276479225,5.0
3.6829999999997054,1200.0,1210.9991343047755,4.525440696918145,4.53445192287473,4.581898394163517,5.0
3.6839999999997053,1200.0,1210.74303131357,4.535505552767629,4.5443492155747265,4.591880034244297,5.0
3.684999999999705,1200.0,1210.4916551778101,4.545442520277946,4.554120781195192,4.601734769863326,5.0
3.685999999999705,1200.0,1210.2449451038517,4.555251682097698,4.563766699537335,4.611462685449203,5.0
3.686999999999705,1200.0,1210.0028403658491,4.564933181311888,4.573287109883925,4.621063925380125,5.0
3.687999999999705,1200.0,1209.7652803333835,4.574487218988525,4.582682208585288,4.630538691546718,5.0
3.6889999999997047,1200.0,1209.53220449795,4.583914051793225,4.591952246712164,4.639887240982487,5.0
3.6899999999997046,1200.0,1209.3035524983416,4.593213989670077,4.601097527773782,4.649109883560187,5.0
3.6909999999997045,1200.0,1209.0792641449577,4.602387393587616,4.610118405499984,4.658206979752967,5.0
3.6919999999997044,1200.0,1208.8592794430683,4.611434673347954,4.61901528168549,4.667178938458339,5.0
3.6929999999997043,1200.0,1208.6435386150622,4.620356285458236,4.627788604095472,4.676026214884135,5.0
3.693999999999704,1200.0,1208.4319821217111,4.629152731062586,4.636438864430649,4.684749308494615,5.0
3.694999999999704,1200.0,1208.2245506824743,4.637824553933372,4.644966596350746,4.6933487610156135,5.0
3.695999999999704,1200.0,1208.0211852948744,4.646372338520581,4.653372373555121,4.701825154497442,5.0
3.696999999999704,1200.0,1207.8218272529705,4.654796708057614,4.661656807918895,4.710179109433918,5.0
3.6979999999997037,1200.0,1207.6264181649522,4.6630983227225915,4.6698205476837185,4.718411282936606,5.0
3.6989999999997036,1200.0,1207.4348999698873,4.671277877853736,4.677864275701711,4.726522366962827,5.0
3.6999999999997035,1200.0,1207.2472149536397,4.679336102217531,4.6857887077313585,4.734513086596156,5.0
3.7009999999997034,1200.0,1207.0633057639898,4.687273756328532,4.69359459078422,4.742384198378282,5.0
3.7019999999997033,1200.0,1206.8831154249758,4.695091630819603,4.701282701521227,4.7501364886909965,5.0
3.702999999999703,1200.0,1206.7065873504826,4.702790544861383,4.708853844697452,4.757770772187154,5.0
3.703999999999703,1200.0,1206.5336653571005,4.710371344629875,4.716308851654207,4.765287890269466,5.0
3.704999999999703,1200.0,1206.3642936762758,4.717834901820995,4.7236485788573415,4.772688709615975,5.0
3.705999999999703,1200.0,1206.198416965775,4.725182112210833,4.730873906480532,4.779974120751003,5.0
3.7069999999997028,1200.0,1206.0359803204854,4.732413894260884,4.737985737032799,4.787145036660769,5.0
3.7079999999997026,1200.0,1205.8769292825702,4.739531187766784,4.744984994028855,4.794202391452294,5.0
3.7089999999997025,1200.0,1205.7212098510008,4.746534952549704,4.751872620701396,4.801147139054681,5.0
3.7099999999997024,1200.0,1205.568768490486,4.753426167189502,4.758649578754493,4.8079802519619195,5.0
3.7109999999997023,1200.0,1205.4195521398165,4.760205827798224,4.76531684715669,4.814702720015783,5.0
3.711999999999702,1200.0,1205.2735082196436,4.766874946833374,4.771875420973219,4.8213155492282675,5.0
3.712999999999702,1200.0,1205.1305846397108,4.77343455194975,4.778326310236169,4.8278197606423525,5.0
3.713999999999702,1200.0,1204.990729805558,4.779885684889027,4.7846705388517865,4.834216389230268,5.0
3.714999999999702,1200.0,1204.8538926247104,4.786229400405955,4.790909143543816,4.840506482828171,5.0
3.7159999999997018,1200.0,1204.7200225123784,4.792466765230591,4.797043172832282,4.846691101106601,5.0
3.7169999999997017,1200.0,1204.5890693966746,4.79859885706523,4.803073686046431,4.852771314575449,5.0
3.7179999999997015,1200.0,1204.460983723374,4.804626763615582,4.809001752371338,4.8587482036229215,5.0
3.7189999999997014,1200.0,1204.3357164602228,4.810551581655026,4.814828449927092,4.864622857587387,5.0
3.7199999999997013,1200.0,1204.2132191008234,4.816374416121335,4.820554864879914,4.870396373861482,5.0
3.720999999999701,1200.0,1204.0934436680984,4.822096379244808,4.826182090584177,4.876069857027426,5.0
3.721999999999701,1200.0,1203.9763427173589,4.827718589707223,4.831711226754754,4.881644418022929,5.0
3.722999999999701,1200.0,1203.8618693389826,4.833242171830611,4.837143378668723,4.887121173336763,5.0
3.723999999999701,1200.0,1203.7499771607231,4.838668254795283,4.842479656395828,4.892501244233351,5.0
3.7249999999997008,1200.0,1203.6406203496563,4.843997971886167,4.847721174056815,4.897785756005503,5.0
3.7259999999997007,1200.0,1203.5337536137836,4.8492324597669,4.852869049109067,4.902975837254706,5.0
3.7269999999997006,1200.0,1203.4293322033036,4.8543728577807155,4.85792440165863,4.908072619198042,5.0
3.7279999999997004,1200.0,1203.3273119115595,4.859420307277611,4.862888353798047,4.913077235001178,5.0
3.7289999999997003,1200.0,1203.2276490756826,4.864375950967006,4.867762028969332,4.917990819136696,5.0
3.7299999999997,1200.0,1203.1303005769357,4.869240932295205,4.872546551351301,4.922814506767043,5.0
3.7309999999997,1200.0,1203.0352238407745,4.874016394847061,4.8772430452707605,4.927549433151516,5.0
3.7319999999997,1200.0,1202.942376836634,4.87870348177109,4.881852634636719,4.9321967330765215,5.0
3.7329999999997,1200.0,1202.851718077452,4.883303335227443,4.886376442397142,4.936757540308543,5.0
3.7339999999997,1200.0,1202.7632066189408,4.887817095858213,4.8908155900176515,4.9412329870692755,5.0
3.7349999999996997,1200.0,1202.676802058618,4.89224590227926,4.8951711969814005,4.9456242035321205,5.0
3.7359999999996996,1200.0,1202.5924645346029,4.896590890593039,4.899444380309634,4.949932317339543,5.0
3.7369999999996995,1200.0,1202.5101547241939,4.90085319392202,4.903636254102483,4.954158453140838,5.0
3.7379999999996993,1200.0,1202.4298338422311,4.90503394196181,4.907747929099168,4.9583037321495,5.0
3.7389999999996992,1200.0,1202.3514636392563,4.909134260553615,4.911780512257226,4.962369271719748,5.0
3.739999999999699,1200.0,1202.275006399479,4.913155271275567,4.9157351063502865,4.966356184941782,5.0
3.740999999999699,1200.0,1202.2004249385552,4.917098091052095,4.919612809583631,4.9702655802549724,5.0
3.741999999999699,1200.0,1202.1276826011897,4.9209638317811315,4.923414715227266,4.974098561078707,5.0
3.742999999999699,1200.0,1202.0567432585701,4.924753599978479,4.927141911265914,4.977856225460304,5.0
3.7439999999996987,1200.0,1201.9875713056367,4.928468496438773,4.93079548006532,4.981539665739374,5.0
3.7449999999996986,1200.0,1201.9201316582028,4.932109615912831,4.93437649805467,4.985149968228434,5.0
3.7459999999996985,1200.0,1201.8543897499255,4.935678046800444,4.937886035424232,4.988688212908865,5.0
3.7469999999996983,1200.0,1201.7903115291401,4.939174870858709,4.941325155838266,4.992155473142271,5.0
3.7479999999996982,1200.0,1201.727863455561,4.942601162924947,4.944694916162293,4.995552815396299,5.0
3.748999999999698,1200.0,1201.6670124968591,4.945957990654074,4.9479963662045865,4.998881298984825,5.0
3.749999999999698,1200.0,1201.6077261251198,4.9492464142698624,4.95123054847134,5.002141975821896,5.0
3.750999999999698,1200.0,1201.5499723131902,4.952467486329707,4.954398497935104,5.005335890189068,5.0
3.751999999999698,1200.0,1201.4937195309199,4.955622251502473,4.957501241816107,5.008464078515722,5.0
3.7529999999996977,1200.0,1201.4389367413023,4.958711746359015,4.960539799376049,5.01152756917195,5.0
3.7539999999996976,1200.0,1201.3855933965233,4.9617369991748745,4.963515181723867,5.01452738227352,5.0
3.7549999999996975,1200.0,1201.3336594339191,4.964699029745076,4.966428391633419,5.01746452949883,5.0
3.7559999999996974,1200.0,1201.2831052718561,4.967598849210317,4.9692804233723535,5.020340013917155,5.0
3.7569999999996972,1200.0,1201.2339018055277,4.970437459894202,4.97207226254189,5.023154829827867,5.0
3.757999999999697,1200.0,1201.1860204026846,4.973215855151554,4.974804885927459,5.025909962610621,5.0
3.758999999999697,1200.0,1201.1394328992935,4.975935019226801,4.977479261359265,5.028606388585519,5.0
3.759999999999697,1200.0,1201.094111595136,4.978595927122843,4.9800963475831805,5.031245074883698,5.0
3.760999999999697,1200.0,1201.0500292493487,4.981199544479416,4.982657094140965,5.033826979327293,5.0
3.7619999999996967,1200.0,1201.0071590759112,4.983746827461003,4.98516244125989,5.036353050318894,5.0
3.7629999999996966,1200.0,1200.9654747390832,4.986238722653855,4.987613319751317,5.038824226740008,5.0
3.7639999999996965,1200.0,1200.9249503487995,4.988676166971848,4.990010650917983,5.0412414378583,5.0
3.7649999999996964,1200.0,1200.8855604560213,4.991060087570853,4.992355346469662,5.043605603243263,5.0
3.7659999999996963,1200.0,1200.8472800480545,4.993391401771353,4.994648308446919,5.045917632690042,5.0
3.766999999999696,1200.0,1200.8100845438319,4.995671016988896,4.996890429152606,5.0481784261510505,5.0
3.767999999999696,1200.0,1200.7739497891675,4.997899830672391,4.999082591091054,5.050388873675348,5.0
3.768999999999696,1200.0,1200.7388520519848,5.0000787302496335,5.001225666914395,5.052549855355172,5.0
3.769999999999696,1200.0,1200.7047680175235,5.002208593080076,5.003320519375998,5.054662241279669,5.0
3.7709999999996957,1200.0,1200.6716747835246,5.004290286414375,5.0053680012905755,5.056726891495295,5.0
3.7719999999996956,1200.0,1200.6395498554034,5.006324667360654,5.007368955500913,5.058744655972931,5.0
3.7729999999996955,1200.0,1200.6083711414067,5.008312582857004,5.009324214850716,5.060716374581119,5.0
3.7739999999996954,1200.0,1200.5781169477598,5.010254869650307,5.011234602163703,5.062642877065601,5.0
3.7749999999996953,1200.0,1200.5487659738087,5.012152354280848,5.013100930228364,5.064524983034564,5.0
3.775999999999695,1200.0,1200.520297307156,5.014005853072591,5.014924001788317,5.066363501949507,5.0
3.776999999999695,1200.0,1200.4926904187944,5.015816172129008,5.016704609538119,5.068159233121605,5.0
3.777999999999695,1200.0,1200.465925158243,5.017584107334142,5.01844353612424,5.069912965713264,5.0
3.778999999999695,1200.0,1200.439981748685,5.019310444358599,5.0201415541508565,5.0716254787445285,5.0
3.7799999999996947,1200.0,1200.414840782111,5.020995958670543,5.021799426190605,5.073297541104471,5.0
3.7809999999996946,1200.0,1200.3904832144688,5.022641415551243,5.023417904799794,5.074929911567076,5.0
3.7819999999996945,1200.0,1200.366890360826,5.024247570115112,5.024997732538036,5.076523338811571,5.0
3.7829999999996944,1200.0,1200.3440438905402,5.0258151673339775,5.0265396419920485,5.078078561446937,5.0
3.7839999999996943,1200.0,1200.3219258224458,5.027344942065506,5.028044355803552,5.079596308040552,5.0
3.784999999999694,1200.0,1200.3005185200548,5.028837619085491,5.029512586700947,5.081077297150631,5.0
3.785999999999694,1200.0,1200.2798046867765,5.030293913123872,5.030945037534687,5.082522237362378,5.0
3.786999999999694,1200.0,1200.2597673611526,5.031714528904381,5.032342401316201,5.083931827327709,5.0
3.787999999999694,1200.0,1200.2403899121177,5.033100161187641,5.033705361260233,5.0853067558084195,5.0
3.7889999999996937,1200.0,1200.221656034278,5.0344514948173815,5.035034590830221,5.08664770172239,5.0
3.7899999999996936,1200.0,1200.2035497432155,5.035769204769934,5.036330753786942,5.08795533419308,5.0
3.7909999999996935,1200.0,1200.1860553708168,5.0370539562065915,5.037594504239935,5.089230312601828,5.0
3.7919999999996934,1200.0,1200.1691575606287,5.038306404528795,5.038826486701743,5.090473286642956,5.0
3.7929999999996933,1200.0,1200.1528412632397,5.039527195436058,5.040027336144816,5.091684896381574,5.0
3.793999999999693,1200.0,1200.1370917316938,5.040716964986422,5.041197678060938,5.092865772313902,5.0
3.794999999999693,1200.0,1200.1218945169298,5.041876339659235,5.042338128522898,5.094016535429857,5.0
3.795999999999693,1200.0,1200.1072354632552,5.04300593642038,5.043449294248628,5.095137797278104,5.0
3.796999999999693,1200.0,1200.0931007038514,5.0441063627896305,5.044531772667379,5.096230160033177,5.0
3.7979999999996927,1200.0,1200.079476656311,5.045178216909849,5.0455861519877505,5.097294216564424,5.0
3.7989999999996926,1200.0,1200.0663500182097,5.0462220876185,5.046613011267975,5.09833055050725,5.0
3.7999999999996925,1200.0,1200.0537077627134,5.047238554520637,5.047612920487664,5.099339736335809,5.0
3.8009999999996924,1200.0,1200.0415371342208,5.0482281880638356,5.048586440621461,5.100322339437605,5.0
3.8019999999996923,1200.0,1200.0298256440412,5.049191549614574,5.049534123714142,5.101278916189565,5.0
3.802999999999692,1200.0,1200.0185610661129,5.050129191536274,5.0504565129573065,5.102210014035681,5.0
3.803999999999692,1200.0,1200.0077314327546,5.051041657268623,5.051354142767379,5.103116171565983,5.0
3.804999999999692,1200.0,1199.99732503046,5.051929481408293,5.052227538864955,5.103997918596851,5.0
3.805999999999692,1200.0,1199.987330395727,5.052793189790809,5.053077218355282,5.10485577625247,5.0
3.8069999999996917,1200.0,1199.9777363109306,5.053633299573776,5.053903689810089,5.105690257047627,5.0
3.8079999999996916,1200.0,1199.9685318002337,5.054450319320717,5.054707453349997,5.106501864971099,5.0
3.8089999999996915,1200.0,1199.9597061255379,5.0552447490863335,5.055489000728363,5.107291095570467,5.0
3.8099999999996914,1200.0,1199.9512487824768,5.0560170805023885,5.0562488154157075,5.108058436037516,5.0
3.8109999999996913,1200.0,1199.9431494964495,5.056767796864519,5.05698737268506,5.108804365294553,5.0
3.811999999999691,1200.0,1199.9353982186972,5.057497373219658,5.057705139697926,5.109529354081342,5.0
3.812999999999691,1200.0,1199.9279851224187,5.05820627645424,5.058402575590996,5.1102338650427885,5.0
3.813999999999691,1200.0,1199.9209005989333,5.058894965382988,5.0590801315634595,5.110918352817209,5.0
3.814999999999691,1200.0,1199.9141352538802,5.059563890838071,5.0597382509646485,5.111583264124952,5.0
3.8159999999996908,1200.0,1199.9076799034663,5.060213495758963,5.060377369382407,5.112229037857713,5.0
3.8169999999996906,1200.0,1199.901525570752,5.060844215282501,5.060997914731629,5.112856105168046,5.0
3.8179999999996905,1200.0,1199.895663481984,5.061456476833325,5.061600307343185,5.113464889559232,5.0
3.8189999999996904,1200.0,1199.89008506297,5.062050700214692,5.062184960053223,5.114055806975537,5.0
3.8199999999996903,1200.0,1199.884781935494,5.062627297699356,5.062752278292521,5.114629265892502,5.0
3.82099999999969,1200.0,1199.8797459137802,5.063186674120771,5.063302660176169,5.1151856674075775,5.0
3.82199999999969,1200.0,1199.874969000996,5.063729226964287,5.063836496593238,5.115725405330718,5.0
3.82299999999969,1200.0,1199.8704433858013,5.064255346458478,5.064354171296582,5.116248866275117,5.0
3.82399999999969,1200.0,1199.866161438938,5.06476541566644,5.064856060992614,5.1167564297479124,5.0
3.8249999999996898,1200.0,1199.8621157098667,5.06525981057714,5.065342535431126,5.1172484682409145,5.0
3.8259999999996896,1200.0,1199.8582989234458,5.065738900196632,5.065813957494989,5.117725347321237,5.0
3.8269999999996895,1200.0,1199.854703976651,5.0662030466390915,5.066270683289651,5.118187425721689,5.0
3.8279999999996894,1200.0,1199.8513239353424,5.066652605217867,5.066713062232699,5.1186350554312305,5.0
3.8289999999996893,1200.0,1199.8481520310722,5.067087924536219,5.067141437143054,5.119068581785085,5.0
3.829999999999689,1200.0,1199.8451816579366,5.067509346577793,5.067556144329957,5.119488343554588,5.0
3.830999999999689,1200.0,1199.8424063694692,5.067917206796923,5.067957513681757,5.1198946730368675,5.0
3.831999999999689,1200.0,1199.8398198755797,5.06831183420856,5.0683458687543474,5.120287896144144,5.0
3.832999999999689,1200.0,1199.8374160395322,5.068693551477928,5.06872152685932,5.120668332492765,5.0
3.8339999999996888,1200.0,1199.8351888749696,5.069062675009752,5.069084799151717,5.121036295491798,5.0
3.8349999999996887,1200.0,1199.8331325429774,5.069419515037096,5.06943599071738,5.121392092431236,5.0
3.8359999999996885,1200.0,1199.8312413491892,5.069764375709791,5.0697754006599105,5.1217360245698025,5.0
3.8369999999996884,1200.0,1199.8295097409377,5.070097555182469,5.070103322187238,5.122068387222351,5.0
3.8379999999996883,1200.0,1199.827932304444,5.070419345701973,5.070420042697577,5.122389469846645,5.0
3.838999999999688,1200.0,1199.826503762049,5.070730033694444,5.070725843865061,5.1226995561298185,5.0
3.839999999999688,1200.0,1199.8252189694872,5.0710298998516885,5.071021001724677,5.122998924074114,5.0
3.840999999999688,1200.0,1199.8240729131996,5.07131921921718,5.0713057867568345,5.123287846082246,5.0
3.841999999999688,1200.0,1199.8230607076894,5.071598261271354,5.071580463971238,5.123566589042085,5.0
3.8429999999996878,1200.0,1199.8221775929148,5.071867290016374,5.0718452929902575,5.123835414410792,5.0
3.8439999999996877,1200.0,1199.8214189317262,5.07212656406033,5.072100528131705,5.12409457829839,5.0
3.8449999999996876,1200.0,1199.8207802073396,5.072376336700697,5.072346418490925,5.124344331550606,5.0
3.8459999999996874,1200.0,1199.8202570208502,5.072616856007175,5.072583208022246,5.12458491983109,5.0
3.8469999999996873,1200.0,1199.819845088787,5.072848364904014,5.072811135619945,5.124816583703123,5.0
3.8479999999996872,1200.0,1199.819540240703,5.073071101251473,5.073030435198344,5.125039558710463,5.0
3.848999999999687,1200.0,1199.819338416807,5.073285297926683,5.073241335771343,5.125254075457605,5.0
3.849999999999687,1200.0,1199.8192356656327,5.07349118290387,5.073444061531291,5.125460359689379,5.0
3.850999999999687,1200.0,1199.8192281417425,5.073688979333635,5.073638831926972,5.125658632369649,5.0
3.851999999999687,1200.0,1199.8193121034749,5.073878905621866,5.073825861741178,5.125849109759585,5.0
3.8529999999996867,1200.0,1199.8194839107225,5.074061175507529,5.074005361167235,5.126032003494902,5.0
3.8539999999996866,1200.0,1199.8197400227514,5.0742359981399865,5.074177535885027,5.126207520662559,5.0
3.8549999999996865,1200.0,1199.820076996055,5.074403578155473,5.074342587136187,5.1263758638766355,5.0
3.8559999999996863,1200.0,1199.8204914822443,5.074564115752749,5.074500711798523,5.126537231353425,5.0
3.8569999999996862,1200.0,1199.8209802259728,5.0747178067681045,5.074652102459754,5.126691816985838,5.0
3.857999999999686,1200.0,1199.821540062899,5.074864842749453,5.074796947490384,5.126839810416923,5.0
3.858999999999686,1200.0,1199.8221679176813,5.075005411029777,5.074935431115924,5.126981397112733,5.0
3.859999999999686,1200.0,1199.8228608020088,5.075139694799648,5.0750677334882095,5.127116758434284,5.0
3.860999999999686,1200.0,1199.8236158126667,5.075267873179094,5.075194030756074,5.127246071708854,5.0
3.8619999999996857,1200.0,1199.8244301296345,5.075390121288474,5.075314495135049,5.127369510300292,5.0
3.8629999999996856,1200.0,1199.825301014217,5.075506610318763,5.075429294976483,5.12748724367876,5.0
3.8639999999996855,1200.0,1199.8262258072104,5.075617507600901,5.075538594835737,5.1275994374895175,5.0
3.8649999999996854,1200.0,1199.8272019270996,5.075722976674352,5.075642555539609,5.127706253620941,5.0
3.8659999999996852,1200.0,1199.8282268682867,5.075823177354911,5.07574133425301,5.127807850271786,5.0
3.866999999999685,1200.0,1199.829298199355,5.075918265801601,5.075835084544759,5.12790438201756,5.0
3.867999999999685,1200.0,1199.8304135613607,5.0760083945827885,5.075923956452591,5.1279959998760845,5.0
3.868999999999685,1200.0,1199.8315706661567,5.0760937127415255,5.07600809654743,5.128082851372332,5.0
3.869999999999685,1200.0,1199.8327672947478,5.07617436586008,5.076087647996831,5.1281650806024235,5.0
3.8709999999996847,1200.0,1199.8340012956764,5.076250496123604,5.0761627506276055,5.128242828296788,5.0
3.8719999999996846,1200.0,1199.8352705834375,5.076322242382968,5.076233540987612,5.128316231882482,5.0
3.8729999999996845,1200.0,1199.8365731369222,5.076389740216837,5.076300152406789,5.128385425544758,5.0
3.8739999999996844,1200.0,1199.8379069978926,5.0764531219929205,5.076362715057412,5.128450540287824,5.0
3.8749999999996843,1200.0,1199.8392702694844,5.076512516928383,5.0764213560134746,5.128511703994748,5.0
3.875999999999684,1200.0,1199.8406611147368,5.076568051149448,5.076476199309329,5.12856904148658,5.0
3.876999999999684,1200.0,1199.8420777551512,5.0766198477502575,5.076527365997559,5.128622674580735,5.0
3.877999999999684,1200.0,1199.8435184692798,5.076668026850879,5.076574974206013,5.128672722148494,5.0
3.878999999999684,1200.0,1199.844981591336,5.076712705654368,5.076619139193944,5.128719300171627,5.0
3.8799999999996837,1200.0,1199.846465509837,5.07675399850341,5.0766599734076925,5.128762521798553,5.0
3.8809999999996836,1200.0,1199.8479686662708,5.076792016935721,5.076697586535175,5.128802497399269,5.0
3.8819999999996835,1200.0,1199.8494895537876,5.076826869738918,5.076732085559848,5.128839334619778,5.0
3.8829999999996834,1200.0,1199.8510267159209,5.076858663004633,5.076763574813919,5.128873138435752,5.0
3.8839999999996833,1200.0,1199.8525787453284,5.076887500181603,5.076792156030558,5.128904011205164,5.0
3.884999999999683,1200.0,1199.8541442825635,5.076913482128286,5.076817928395644,5.1289320527204785,5.0
3.885999999999683,1200.0,1199.8557220148682,5.076936707164455,5.076840988598495,5.128957360259795,5.0
3.886999999999683,1200.0,1199.8573106749902,5.076957271122119,5.076861430881957,5.128980028637357,5.0
3.887999999999683,1200.0,1199.8589090400253,5.076975267395673,5.0768793470917135,5.129000150253269,5.0
3.8889999999996827,1200.0,1199.8605159302822,5.076990786991349,5.076894826724917,5.129017815142522,5.0
3.8899999999996826,1200.0,1199.8621302081706,5.077003918575769,5.076907956977939,5.1290331110231495,5.0
3.8909999999996825,1200.0,1199.8637507771127,5.07701474852388,5.07691882279351,5.129046123343745,5.0
3.8919999999996824,1200.0,1199.865376580476,5.077023360966046,5.076927506907025,5.129056935330146,5.0
3.8929999999996823,1200.0,1199.8670066005293,5.077029837834545,5.076934089892289,5.129065628031555,5.0
3.893999999999682,1200.0,1199.8686398574198,5.077034258909157,5.076938650206315,5.129072280365711,5.0
3.894999999999682,1200.0,1199.870275408172,5.077036701862095,5.076941264233549,5.129076969163453,5.0
3.895999999999682,1200.0,1199.8719123457067,5.077037242302337,5.076942006329435,5.129079769212664,5.0
3.896999999999682,1200.0,1199.8735497978819,5.077035953819006,5.076940948863094,5.129080753301274,5.0
3.8979999999996817,1200.0,1199.8751869265534,5.077032908024272,5.0769381622595064,5.129079992259789,5.0
3.8989999999996816,1200.0,1199.8768229266554,5.077028174595412,5.076933715040879,5.129077555002998,5.0
3.8999999999996815,1200.0,1199.878457025301,5.077021821316234,5.076927673867377,5.129073508571022,5.0
3.9009999999996814,1200.0,1199.8800884809023,5.077013914117797,5.076920103577179,5.129067918169693,5.0
3.9019999999996813,1200.0,1199.8817165823077,5.077004517118418,5.07691106722581,5.1290608472102015,5.0
3.902999999999681,1200.0,1199.8833406479625,5.076993692663191,5.076900626125004,5.12905235734827,5.0
3.903999999999681,1200.0,1199.8849600250815,5.076981501362424,5.076888839880517,5.129042508522262,5.0
3.904999999999681,1200.0,1199.8865740888452,5.076968002129912,5.076875766429755,5.129031358991106,5.0
3.905999999999681,1200.0,1199.8881822416113,5.076953252220273,5.076861462078483,5.1290189653713085,5.0
3.9069999999996807,1200.0,1199.8897839121428,5.076937307265595,5.076845981536895,5.129005382673286,5.0
3.9079999999996806,1200.0,1199.8913785548557,5.0769202213117,5.076829377955236,5.128990664337286,5.0
3.9089999999996805,1200.0,1199.892965649083,5.076902046853469,5.0768117029585715,5.1289748622684215,5.0
3.9099999999996804,1200.0,1199.894544698352,5.076882834869771,5.076793006681124,5.128958026871269,5.0
3.9109999999996803,1200.0,1199.8961152296831,5.076862634857725,5.07677333779997,5.1289402070838435,5.0
3.91199999999968,1200.0,1199.8976767929007,5.076841494866254,5.0767527435680435,5.128921450410841,5.0
3.91299999999968,1200.0,1199.8992289599623,5.076819461529123,5.076731269846607,5.128901802956378,5.0
3.91399999999968,1200.0,1199.9007713242995,5.076796580097355,5.076708961137159,5.128881309456126,5.0
3.91499999999968,1200.0,1199.9023035001783,5.07677289447117,5.076685860612816,5.1288600133089535,5.0
3.9159999999996797,1200.0,1199.9038251220718,5.076748447231111,5.076662010148938,5.128837956607782,5.0
3.9169999999996796,1200.0,1199.9053358440488,5.076723279668817,5.076637450353388,5.128815180170066,5.0
3.9179999999996795,1200.0,1199.9068353391744,5.0766974318170925,5.076612220596101,5.128791723567602,5.0
3.9189999999996794,1200.0,1199.9083232989285,5.076670942479498,5.076586359038184,5.1287676251558425,5.0
3.9199999999996793,1200.0,1199.9097994326332,5.076643849259308,5.0765599026603985,5.128742922102598,5.0
3.920999999999679,1200.0,1199.9112634668993,5.0766161885881,5.076532887291267,5.128717650416352,5.0
3.921999999999679,1200.0,1199.9127151450803,5.076587995753516,5.07650534763438,5.1286918449737815,5.0
3.922999999999679,1200.0,1199.9141542267444,5.076559304926773,5.076477317295448,5.128665539547004,5.0
3.923999999999679,1200.0,1199.9155804871557,5.076530149189543,5.076448828808741,5.1286387668302185,5.0
3.9249999999996787,1200.0,1199.9169937167712,5.07650056056026,5.076419913662947,5.128611558465761,5.0
3.9259999999996786,1200.0,1199.9183937207463,5.076470570019977,5.076390602326619,5.128583945069734,5.0
3.9269999999996785,1200.0,1199.919780318456,5.076440207537748,5.076360924273112,5.128555956257136,5.0
3.9279999999996784,1200.0,1199.9211533430246,5.076409502095456,5.076330908005024,5.128527620666481,5.0
3.9289999999996783,1200.0,1199.9225126408699,5.076378481712259,5.076300581078216,5.128498965983989,5.0
3.929999999999678,1200.0,1199.9238580712574,5.076347173468357,5.076269970125198,5.128470018967157,5.0
3.930999999999678,1200.0,1199.9251895058653,5.076315603528519,5.076239100878259,5.128440805468045,5.0
3.931999999999678,1200.0,1199.9265068283605,5.076283797164962,5.076207998191975,5.12841135045596,5.0
3.932999999999678,1200.0,1199.9278099339867,5.076251778779929,5.076176686065398,5.1283816780397995,5.0
3.9339999999996778,1200.0,1199.929098729161,5.076219571927643,5.076145187663655,5.128351811489812,5.0
3.9349999999996776,1200.0,1199.9303731310822,5.0761871993359575,5.076113525339244,5.12832177325904,5.0
3.9359999999996775,1200.0,1199.931633067348,5.07615468292748,5.0760817206528,5.128291585004239,5.0
3.9369999999996774,1200.0,1199.9328784755837,5.076122043840324,5.076049794393499,5.1282612676064305,5.0
3.9379999999996773,1200.0,1199.9341093030785,5.0760893024484135,5.076017766599037,5.128230841191023,5.0
3.938999999999677,1200.0,1199.9353255064325,5.076056478381335,5.075985656575145,5.128200325147468,5.0
3.939999999999677,1200.0,1199.9365270512128,5.0760235905438815,5.075953482914806,5.1281697381486016,5.0
3.940999999999677,1200.0,1199.9377139116198,5.075990657135015,5.075921263516913,5.128139098169453,5.0
3.941999999999677,1200.0,1199.938886070159,5.0759576956666175,5.075889015604699,5.128108422505786,5.0
3.9429999999996768,1200.0,1199.9400435173247,5.075924722981689,5.075856755743642,5.128077727792148,5.0
3.9439999999996767,1200.0,1199.9411862512916,5.075891755272366,5.075824499859174,5.128047030019682,5.0
3.9449999999996765,1200.0,1199.9423142776138,5.075858808097249,5.07579226325373,5.128016344553313,5.0
3.9459999999996764,1200.0,1199.9434276089316,5.075825896398699,5.075760060623754,5.127985686148863,5.0
3.9469999999996763,1200.0,1199.944526264689,5.075793034519546,5.0757279060761284,5.127955068969589,5.0
3.947999999999676,1200.0,1199.9456102708548,5.075760236219434,5.075695813144252,5.127924506602387,5.0
3.948999999999676,1200.0,1199.946679659656,5.075727514691016,5.07566379480396,5.127894012073802,5.0
3.949999999999676,1200.0,1199.9477344693137,5.075694882575485,5.075631863488808,5.12786359786543,5.0
3.950999999999676,1200.0,1199.948774743791,5.075662351978088,5.075600031105314,5.1278332759292615,5.0
3.9519999999996758,1200.0,1199.9498005325452,5.075629934483,5.0755683090476,5.127803057702413,5.0
3.9529999999996757,1200.0,1199.9508118902868,5.0755976411681525,5.07553670821196,5.1277729541218,5.0
3.9539999999996756,1200.0,1199.951808876747,5.075565482619519,5.075505239010924,5.127742975638297,5.0
3.9549999999996754,1200.0,1199.9527915564518,5.075533468945166,5.0754739113870615,5.127713132230633,5.0
3.9559999999996753,1200.0,1199.9537599984997,5.075501609789007,5.075442734826514,5.127683433419,5.0
3.956999999999675,1200.0,1199.9547142763506,5.075469914344206,5.0754117183721785,5.127653888278342,5.0
3.957999999999675,1200.0,1199.9556544676163,5.0754383913662515,5.075380870636561,5.1276245054512835,5.0
3.958999999999675,1200.0,1199.9565806538592,5.075407049185878,5.0753501998144825,5.127595293160917,5.0
3.959999999999675,1200.0,1199.9574929203989,5.075375895721534,5.075319713695339,5.1275662592231495,5.0
3.960999999999675,1200.0,1199.9583913561198,5.075344938491595,5.075289419675115,5.127537411058786,5.0
3.9619999999996747,1200.0,1199.9592760532887,5.0753141846263095,5.075259324768133,5.1275087557053585,5.0
3.9629999999996746,1200.0,1199.9601471073763,5.075283640879583,5.075229435618632,5.127480299828778,5.0
3.9639999999996745,1200.0,1199.9610046168839,5.075253313640242,5.07519975851186,5.127452049734494,5.0
3.9649999999996743,1200.0,1199.9618486831753,5.075223208943304,5.075170299385141,5.127424011378638,5.0
3.9659999999996742,1200.0,1199.9626794103144,5.075193332480737,5.075141063838467,5.127396190378678,5.0
3.966999999999674,1200.0,1199.9634969049089,5.075163689612214,5.075112057145069,5.127368592024052,5.0
3.967999999999674,1200.0,1199.9643012759561,5.07513428537535,5.075083284261482,5.127341221286302,5.0
3.968999999999674,1200.0,1199.9650926346958,5.075105124495874,5.075054749837553,5.1273140828291375,5.0
3.969999999999674,1200.0,1199.9658710944675,5.0750762113975245,5.0750264582261675,5.1272871810182306,5.0
3.9709999999996737,1200.0,1199.9666367705704,5.075047550211669,5.074998413492716,5.1272605199307275,5.0
3.9719999999996736,1200.0,1199.9673897801322,5.075019144786751,5.074970619424374,5.127234103364594,5.0
3.9729999999996735,1200.0,1199.9681302419756,5.074990998697408,5.074943079539078,5.127207934847641,5.0
3.9739999999996733,1200.0,1199.968858276497,5.074963115253443,5.074915797094342,5.1271820176464,5.0
3.9749999999996732,1200.0,1199.9695740055417,5.0749354975085685,5.074888775095856,5.127156354774758,5.0
3.975999999999673,1200.0,1199.970277552289,5.07490814826892,5.074862016305865,5.127130949002401,5.0
3.976999999999673,1200.0,1199.9709690411369,5.074881070101339,5.0748355232513065,5.1271058028629986,5.0
3.977999999999673,1200.0,1199.9716485975946,5.074854265341542,5.074809298231841,5.12708091866226,5.0
3.978999999999673,1200.0,1199.9723163481754,5.074827736101894,5.074783343327516,5.127056298485671,5.0
3.9799999999996727,1200.0,1199.9729724202953,5.074801484279227,5.074757660406425,5.127031944206175,5.0
3.9809999999996726,1200.0,1199.9736169421742,5.0747755115622395,5.07473225113201,5.127007857491526,5.0
3.9819999999996725,1200.0,1199.9742500427412,5.074749819438863,5.074707116970292,5.126984039811557,5.0
3.9829999999996724,1200.0,1199.974871851542,5.074724409203346,5.074682259196835,5.126960492445187,5.0
3.9839999999996722,1200.0,1199.975482498652,5.074699281963239,5.074657678903626,5.126937216487335,5.0
3.984999999999672,1200.0,1199.9760821145894,5.07467443864613,5.074633377005688,5.126914212855563,5.0
3.985999999999672,1200.0,1199.9766708302357,5.074649880006172,5.074609354247506,5.126891482296548,5.0
3.986999999999672,1200.0,1199.977248776753,5.074625606630563,5.074585611209397,5.12686902539248,5.0
3.987999999999672,1200.0,1199.9778160855114,5.074601618945796,5.074562148313653,5.126846842567241,5.0
3.9889999999996717,1200.0,1199.9783728880138,5.074577917223652,5.074538965830439,5.126824934092324,5.0
3.9899999999996716,1200.0,1199.9789193158272,5.074554501587223,5.074516063883713,5.1268033000927975,5.0
3.9909999999996715,1200.0,1199.979455500513,5.074531372016492,5.074493442456707,5.126781940552806,5.0
3.9919999999996714,1200.0,1199.9799815735637,5.07450852835414,5.074471101397655,5.1267608553213275,5.0
3.9929999999996713,1200.0,1199.9804976663397,5.074485970310866,5.0744490404250095,5.126740044117418,5.0
3.993999999999671,1200.0,1199.9810039100105,5.074463697470698,5.074427259132665,5.126719506535461,5.0
3.994999999999671,1200.0,1199.9815004354953,5.074441709296168,5.07440575699505,5.126699242050285,5.0
3.995999999999671,1200.0,1199.9819873734093,5.074420005133342,5.074384533372077,5.126679250022133,5.0
3.996999999999671,1200.0,1199.9824648540118,5.074398584216699,5.074363587513935,5.126659529701481,5.0
3.9979999999996707,1200.0,1199.9829330071536,5.074377445673739,5.074342918565618,5.126640080233587,5.0
3.9989999999996706,1200.0,1199.98339196223,5.074356588529779,5.074322525571653,5.126620900663251,5.0
3.9999999999996705,1200.0,1199.9838418481347,5.074336011712329,5.074302407480388,5.126601989939094,5.0
4.000999999999671,2000.0,1205.8087622998498,20.0,19.75282574988679,19.95049444901443,5.0
4.001999999999671,2000.0,1212.8930459050023,20.0,19.76658968510066,19.96581311285857,5.0
4.0029999999996715,2000.0,1219.9778119686487,20.0,19.76471770433807,19.965352987784918,5.0
4.003999999999672,2000.0,1227.062047855787,20.0,19.76300212956225,19.96508193509357,5.0
4.004999999999672,2000.0,1234.1458448765763,20.0,19.761439358823836,19.964995474150175,5.0
4.0059999999996725,2000.0,1241.2292874153077,20.0,19.760014846033545,19.965078051073135,5.0
4.006999999999673,2000.0,1248.312452766202,20.0,19.75871542710549,19.965315520993492,5.0
4.007999999999673,2000.0,1255.3954117778917,20.0,19.75752919662791,19.96569502358592,5.0
4.0089999999996735,2000.0,1262.4782294375923,20.0,19.756445387650977,19.96620486168736,5.0
4.009999999999674,2000.0,1269.5609654000868,20.0,19.75545426294437,19.96683439148133,5.0
4.010999999999674,2000.0,1276.6436744668006,20.0,19.75454701663648,19.9675739231499,5.0
4.0119999999996745,2000.0,1283.726407019712,20.0,19.7537156852441,19.968414630993415,5.0
4.012999999999675,2000.0,1290.8092094144115,20.0,19.752953067196344,19.969348472113985,5.0
4.013999999999675,2000.0,1297.8921243361915,20.0,19.752252650041854,19.970368112844678,5.0
4.0149999999996755,2000.0,1304.9751911226963,20.0,19.751608544606047,19.97146686218512,5.0
4.015999999999676,2000.0,1312.0584460563118,20.0,19.751015425434787,19.972638611574162,5.0
4.016999999999676,2000.0,1319.1419226291775,20.0,19.750468476924574,19.97387778039495,5.0
4.0179999999996765,2000.0,1326.2256517834235,20.0,19.749963344596296,19.97517926666493,5.0
4.018999999999677,2000.0,1333.3096621289915,20.0,19.749496091021584,19.976538402415898,5.0
4.019999999999677,2000.0,1340.3939801411732,20.0,19.749063155957717,19.97795091331656,5.0
4.0209999999996775,2000.0,1347.4786303397882,20.0,19.748661320289198,19.979412882132515,5.0
4.021999999999678,2000.0,1354.5636354517517,20.0,19.74828767341266,19.980920715657586,5.0
4.022999999999678,2000.0,1361.6490165586088,20.0,19.747939583736486,19.982471114785263,5.0
4.0239999999996785,2000.0,1368.734793230458,20.0,19.747614671997635,19.984061047420568,5.0
4.024999999999679,2000.0,1375.8209836475623,20.0,19.747310787126867,19.98568772396147,5.0
4.025999999999679,2000.0,1382.907604710811,20.0,19.74702598441903,19.98734857510467,5.0
4.0269999999996795,2000.0,1389.9946721420874,20.0,19.74675850578833,19.989041231754072,5.0
4.02799999999968,2000.0,1397.0822005755028,20.0,19.746506761909615,19.99076350683155,5.0
4.02899999999968,2000.0,1404.170203640358,20.0,19.74626931606549,19.992513378808365,5.0
4.0299999999996805,2000.0,1411.2586940366184,20.0,19.746044869536554,19.99428897679346,5.0
4.030999999999681,2000.0,1418.3476836036036,20.0,19.745832248387313,19.996088567030057,5.0
4.031999999999681,2000.0,1425.4371833825376,20.0,19.74563039151455,19.997910540666407,5.0
4.0329999999996815,2000.0,1432.5272036735355,20.0,19.745438339837666,19.99975340267925,5.0
4.033999999999682,2000.0,1439.6177540875565,20.0,19.745255226521902,20.001615761840185,5.0
4.034999999999682,2000.0,1446.708843593787,20.0,19.74508026813586,20.003496321625626,5.0
4.0359999999996825,2000.0,1453.8004805628898,20.0,19.744912756654063,20.00539387198043,5.0
4.036999999999683,2000.0,1460.8926728065105,20.0,19.74475205222393,20.007307281853997,5.0
4.037999999999683,2000.0,1467.9854276133835,20.0,19.744597576624123,20.00923549243522,5.0
4.0389999999996835,2000.0,1475.0787517823587,20.0,19.744448807348288,20.011177511019923,5.0
4.039999999999684,2000.0,1482.172651652642,20.0,19.74430527225443,20.01313240545045,5.0
4.040999999999684,2000.0,1489.267133131503,20.0,19.744166544725942,20.01509929907317,5.0
4.0419999999996845,2000.0,1496.3622017196872,20.0,19.744032239295368,20.017077366164493,5.0
4.042999999999685,2000.0,1503.457862534744,20.0,19.743902007686824,20.01906582778102,5.0
4.043999999999685,2000.0,1510.5541203324708,20.0,19.743775535236935,20.021063947993476,5.0
4.0449999999996855,2000.0,1517.650979526636,20.0,19.743652537658257,20.02307103046791,5.0
4.045999999999686,2000.0,1524.7484442071514,20.0,19.74353275811246,20.02508641536142,5.0
4.046999999999686,2000.0,1531.8465181568224,20.0,19.743415964563606,20.02710947650234,5.0
4.0479999999996865,2000.0,1538.9452048668236,20.0,19.743301947384825,20.029139618827973,5.0
4.048999999999687,2000.0,1546.0445075509965,20.0,19.74319051719421,20.03117627605569,5.0
4.049999999999687,2000.0,1553.1444291590947,20.0,19.74308150289797,20.03321890856493,5.0
4.0509999999996875,2000.0,1560.2449723890586,20.0,19.742974749921032,20.035267001470466,5.0
4.051999999999688,2000.0,1567.3461396984121,20.0,19.742870118607314,20.037320062868694,5.0
4.052999999999688,2000.0,1574.447933314861,20.0,19.74276748277325,20.03937762224065,5.0
4.0539999999996885,2000.0,1581.5503552461605,20.0,19.7426667284001,20.041439228996936,5.0
4.054999999999689,2000.0,1588.6534072893214,20.0,19.742567752451684,20.04350445115123,5.0
4.055999999999689,2000.0,1595.757091039209,20.0,19.74247046180558,20.045572874110228,5.0
4.0569999999996895,2000.0,1602.8614078965913,20.0,19.742374772286954,20.047644099569073,5.0
4.05799999999969,2000.0,1609.966359075678,20.0,19.742280607795177,20.049717744502363,5.0
4.05899999999969,2000.0,1617.071945611204,20.0,19.742187899514395,20.0517934402418,5.0
4.0599999999996905,2000.0,1624.1781683650893,20.0,19.7420965852,20.053870831632317,5.0
4.060999999999691,2000.0,1631.2850280327102,20.0,19.742006608533746,20.055949576259422,5.0
4.061999999999691,2000.0,1638.3925251488206,20.0,19.74191791854097,20.058029343740966,5.0
4.0629999999996915,2000.0,1645.5006600931483,20.0,19.74183046906391,20.06010981507752,5.0
4.063999999999692,2000.0,1652.6094330956905,20.0,19.741744218285856,20.062190682055792,5.0
4.064999999999692,2000.0,1659.7188442417416,20.0,19.741659128301162,20.064271646700167,5.0
4.0659999999996925,2000.0,1666.8288934766647,20.0,19.741575164726818,20.066352420767963,5.0
4.066999999999693,2000.0,1673.9395806104317,20.0,19.74149229635155,20.068432725284396,5.0
4.067999999999693,2000.0,1681.0509053219546,20.0,19.741410494818854,20.07051229011346,5.0
4.0689999999996935,2000.0,1688.1628671632143,20.0,19.74132973434076,20.072590853561607,5.0
4.069999999999694,2000.0,1695.275465563208,20.0,19.74124999143933,20.074668162011143,5.0
4.070999999999694,2000.0,1702.3886998317325,20.0,19.74117124471325,20.07674396958054,5.0
4.0719999999996945,2000.0,1709.5025691630049,20.0,19.74109347462715,20.078818037809476,5.0
4.072999999999695,2000.0,1716.6170726391413,20.0,19.741016663321403,20.08089013536612,5.0
4.073999999999695,2000.0,1723.7322092335016,20.0,19.740940794440466,20.08296003777473,5.0
4.0749999999996955,2000.0,1730.8479778139065,20.0,19.740865852978033,20.085027527161866,5.0
4.075999999999696,2000.0,1737.9643771457359,20.0,19.74079182513731,20.087092392019464,5.0
4.076999999999696,2000.0,1745.0814058949236,20.0,19.740718698204997,20.089154426983164,5.0
4.0779999999996965,2000.0,1752.1990626308416,20.0,19.740646460437663,20.091213432624873,5.0
4.078999999999697,2000.0,1759.3173458290953,20.0,19.7405751009593,20.093269215257955,5.0
4.079999999999697,2000.0,1766.4362538742237,20.0,19.740504609669056,20.09532158675428,5.0
4.0809999999996975,2000.0,1773.5557850623172,20.0,19.740434977158017,20.097370364371812,5.0
4.081999999999698,2000.0,1780.6759376035534,20.0,19.740366194634312,20.09941537059212,5.0
4.082999999999698,2000.0,1787.7967096246596,20.0,19.74029825385567,20.101456432966742,5.0
4.0839999999996985,2000.0,1794.918099171302,20.0,19.74023114706876,20.103493383971873,5.0
4.084999999999699,2000.0,1802.0401042104083,20.0,19.740164866954537,20.105526060870435,5.0
4.085999999999699,2000.0,1809.1627226324258,20.0,19.740099406579215,20.107554305581253,5.0
4.0869999999996995,2000.0,1816.2859522535164,20.0,19.74003475935008,20.109577964554415,5.0
4.0879999999997,2000.0,1823.4097908176964,20.0,19.73997091897593,20.111596888652596,5.0
4.0889999999997,2000.0,1830.5342359989227,20.0,19.739907879431463,20.113610933037748,5.0
4.0899999999997005,2000.0,1837.6592854031173,20.0,19.739845634925363,20.11561995706274,5.0
4.090999999999701,2000.0,1844.784936570151,20.0,19.73978417987174,20.117623824167648,5.0
4.091999999999701,2000.0,1851.911186975773,20.0,19.739723508864493,20.119622401780262,5.0
4.0929999999997015,2000.0,1859.0380340334943,20.0,19.739663616654358,20.12161556122053,5.0
4.093999999999702,2000.0,1866.1654750964283,20.0,19.73960449812848,20.123603177608697,5.0
4.094999999999702,2000.0,1873.2935074590857,20.0,19.739546148292053,20.125585129776802,5.0
4.0959999999997025,2000.0,1880.4221283591316,20.0,19.739488562252028,20.127561300183356,5.0
4.096999999999703,2000.0,1887.5513349790967,20.0,19.739431735202576,20.12953157483097,5.0
4.097999999999703,2000.0,1894.6811244480562,20.0,19.73937566241215,20.131495843186748,5.0
4.0989999999997035,2000.0,1901.8114938432657,20.0,19.739320339211993,20.133453998105214,5.0
4.099999999999704,2000.0,1908.9424401917656,20.0,19.739265760985973,20.13540593575371,5.0
4.100999999999704,2000.0,1916.0739604719467,20.0,19.739211923161587,20.13735155554002,5.0
4.1019999999997045,2000.0,1923.2060516150805,20.0,19.739158821201993,20.139290760042122,5.0
4.102999999999705,2000.0,1930.3387105068236,20.0,19.739106450599042,20.141223454939983,5.0
4.103999999999705,2000.0,1937.4719339886828,20.0,19.739054806867134,20.143149548949218,5.0
4.1049999999997056,2000.0,1944.605718859451,20.0,19.739003885537844,20.145068953756525,5.0
4.105999999999706,2000.0,1951.740061876612,20.0,19.738953682155262,20.146981583956894,5.0
4.106999999999706,2000.0,1958.8749597577184,20.0,19.738904192271924,20.148887356992283,5.0
4.1079999999997066,2000.0,1966.0104091817386,20.0,19.73885541144534,20.150786193092017,5.0
4.108999999999707,2000.0,1973.146406790374,20.0,19.738807335234966,20.152678015214438,5.0
4.109999999999707,2000.0,1980.2829491893506,20.0,19.738759959199697,20.15456274899011,5.0
4.1109999999997076,2000.0,1987.4200329496844,20.0,19.73871327889569,20.15644032266625,5.0
4.111999999999708,2000.0,1994.5576546089178,20.0,19.73866728987459,20.158310667052472,5.0
4.112999999999708,2000.0,2001.6958106723348,20.0,19.73862198768206,20.160173715467717,5.0
4.113999999999709,2000.0,2008.8344976141454,20.0,19.73857736785659,20.162029403688422,5.0
4.114999999999709,2000.0,2015.9737118786486,20.0,19.738533425928605,20.163877669897705,5.0
4.115999999999709,2000.0,2023.1134498813733,20.0,19.738490157419722,20.16571845463571,5.0
4.11699999999971,2000.0,2030.2537080101922,20.0,19.738447557842285,20.167551700750952,5.0
4.11799999999971,2000.0,2037.3944826264135,20.0,19.738405622699037,20.169377353352733,5.0
4.11899999999971,2000.0,2044.5357700658496,20.0,19.73836434748294,20.171195359764404,5.0
4.119999999999711,2000.0,2051.6775666398676,20.0,19.73832372767721,20.17300566947773,5.0
4.120999999999711,2000.0,2058.8198686364112,20.0,19.73828375875533,20.174808234107992,5.0
4.121999999999711,2000.0,2065.96267232101,20.0,19.738244436181347,20.17660300735011,5.0
4.122999999999712,2000.0,2073.105973937758,20.0,19.738205755410142,20.178389944935574,5.0
4.123999999999712,2000.0,2080.24976971028,20.0,19.7381677118878,20.180169004590187,5.0
4.124999999999712,2000.0,2087.3940558426766,20.0,19.738130301052102,20.181940145992616,5.0
4.125999999999713,2000.0,2094.538828520442,20.0,19.73809351833302,20.183703330733792,5.0
4.126999999999713,2000.0,2101.6840839113747,20.0,19.738057359153295,20.185458522276996,5.0
4.127999999999713,2000.0,2108.8298181664595,20.0,19.738021818929067,20.187205685918762,5.0
4.128999999999714,2000.0,2115.9760274207347,20.0,19.737986893070502,20.188944788750447,5.0
4.129999999999714,2000.0,2123.1227077941417,20.0,19.737952576982533,20.19067579962058,5.0
4.130999999999714,2000.0,2130.269855392356,20.0,19.737918866065513,20.192398689097832,5.0
4.131999999999715,2000.0,2137.4174663075987,20.0,19.737885755715983,20.194113429434744,5.0
4.132999999999715,2000.0,2144.5655366194364,20.0,19.73785324132739,20.195819994532027,5.0
4.133999999999715,2000.0,2151.7140623955556,20.0,19.73782131829091,20.197518359903633,5.0
4.134999999999716,2000.0,2158.863039692528,20.0,19.73778998199614,20.19920850264233,5.0
4.135999999999716,2000.0,2166.012464556558,20.0,19.73775922783194,20.200890401386,5.0
4.136999999999716,2000.0,2173.1623330242082,20.0,19.737729051187163,20.202564036284503,5.0
4.137999999999717,2000.0,2180.312641123121,20.0,19.737699447451465,20.20422938896713,5.0
4.138999999999717,2000.0,2187.463384872712,20.0,19.737670412016055,20.20588644251067,5.0
4.139999999999717,2000.0,2194.6145602848565,20.0,19.73764194027448,20.207535181408048,5.0
4.140999999999718,2000.0,2201.766163364557,20.0,19.73761402762338,20.20917559153748,5.0
4.141999999999718,2000.0,2208.918190110601,20.0,19.737586669463255,20.210807660132268,5.0
4.142999999999718,2000.0,2216.0706365161973,20.0,19.73755986119922,20.21243137575103,5.0
4.143999999999719,2000.0,2223.2234985696036,20.0,19.737533598241708,20.214046728248558,5.0
4.144999999999719,2000.0,2230.2690741519523,19.73752872350617,19.48008008102276,19.951640747982403,5.0
4.145999999999719,2000.0,2236.95846464319,18.91352086270606,18.671681197735627,19.1240350964443,5.0
4.14699999999972,2000.0,2243.261319526447,18.111974584824054,17.884889746790968,18.318237694189186,5.0
4.14799999999972,2000.0,2249.1894716133274,17.33580552497084,17.12301722175213,17.5376955964105,5.0
4.14899999999972,2000.0,2254.754770793428,16.58442715898171,16.385488431024918,16.781864682347365,5.0
4.149999999999721,2000.0,2259.9687982777746,15.857239140678047,15.671711706836296,16.05017933115688,5.0
4.150999999999721,2000.0,2264.8428675497526,15.153651223469186,14.981105421082756,15.34207996569448,5.0
4.151999999999721,2000.0,2269.3880274570606,14.47308346204695,14.31309821044774,14.657013610653646,5.0
4.152999999999722,2000.0,2273.615065480781,13.814966233718572,13.667129001393697,13.99443422660144,5.0
4.153999999999722,2000.0,2277.5345111500483,13.178740241663427,13.042647015065045,13.353803005172217,5.0
4.154999999999722,2000.0,2281.1566395851196,12.563856502569088,12.439111754979484,12.734588629000683,5.0
4.155999999999723,2000.0,2284.4914751528336,11.969776319934144,11.855992979064938,12.136267498647214,5.0
4.156999999999723,2000.0,2287.548795219461,11.395971244245668,11.292770657487951,11.558323928672495,5.0
4.157999999999723,2000.0,2290.3381339869666,10.841923021169592,10.74893491762167,11.000250314929485,5.0
4.158999999999724,2000.0,2292.868786399639,10.30712352882307,10.22398597740714,10.461547275049256,5.0
4.159999999999724,2000.0,2295.1498121089767,9.79107470513452,9.717434068275194,9.941723764008504,5.0
4.160999999999724,2000.0,2297.190039485564,9.293288466232092,9.228799348710888,9.44029716657466,5.0
4.161999999999725,2000.0,2298.998069667513,8.813286616743717,8.757611809466047,8.956793368337955,5.0
4.162999999999725,2000.0,2300.582280635821,8.350600752832293,8.303411171349428,8.490746806950337,5.0
4.163999999999725,2000.0,2301.9508313077436,7.904772158736673,7.86574677645601,8.041700505107332,5.0
4.164999999999726,2000.0,2303.1116656399777,7.475351697535697,7.444177473630237,7.609206086724207,5.0
4.165999999999726,2000.0,2304.0725167341225,7.061899696803618,7.038271498897086,7.192823777677214,5.0
4.166999999999726,2000.0,2304.840910937507,6.663985829778078,6.647606351537146,6.792122392402025,5.0
4.167999999999727,2000.0,2305.424171933055,6.281188992616887,6.271768666427345,6.40667930756492,5.0
4.168999999999727,2000.0,2305.8294248124334,5.913097178278896,5.910354083219746,6.036080423950356,5.0
4.169999999999727,2000.0,2306.063600127227,5.559307347522299,5.5629671128813944,5.679920117636,5.0
4.170999999999728,2000.0,2306.133437913383,5.219425297478637,5.229221002076632,5.337801181461252,5.0
4.171999999999728,2000.0,2306.0454916846243,4.893065528223513,4.908737595830236,5.0093347577287375,5.0
4.172999999999728,2000.0,2305.8061323909583,4.579851107732662,4.601147198872429,4.694140263017541,5.0
4.173999999999729,2000.0,2305.421552338799,4.279413535580414,4.306088436030768,4.391845305927706,5.0
4.174999999999729,2000.0,2304.897769069598,3.9913926057085582,4.023208112001131,4.102085598519893,5.0
4.175999999999729,2000.0,2304.2406291942325,3.715436268565906,3.7521610707990583,3.824504862160653,5.0
4.17699999999973,2000.0,2303.4558121807004,3.451200492892994,3.4926100551640022,3.5587547284332697,5.0
4.17799999999973,2000.0,2302.5488340929865,3.1983491274029454,3.244225566163341,3.3044946357269405,5.0
4.17899999999973,2000.0,2301.5250512792395,2.9565537625864025,3.006685723217848,3.0613917220713622,5.0
4.179999999999731,2000.0,2300.3896640076514,2.7254935928478616,2.779676124748022,2.8291207147413644,5.0
4.180999999999731,2000.0,2299.147720048659,2.504855279161184,2.5628897096199386,2.6073638171162266,5.0
4.181999999999731,2000.0,2297.8041182023244,2.2943328124140336,2.356026619549972,2.3958105932403804,5.0
4.182999999999732,2000.0,2296.363611769939,2.093627377594199,2.158794062610208,2.1941578504968544,5.0
4.183999999999732,2000.0,2294.8308119690737,1.9024472189546309,1.970906177959538,2.00210952077086,5.0
4.184999999999732,2000.0,2293.210191291491,1.7205075062806152,1.79208390191157,1.8193765404507296,5.0
4.185999999999733,2000.0,2291.506086803461,1.5475302023679554,1.6220548354356117,1.645676729582937,5.0
4.186999999999733,2000.0,2289.722703388191,1.3832439318094636,1.4605531131752196,1.4807346704713358,5.0
4.187999999999733,2000.0,2287.8641169301845,1.2273838511752295,1.307319274056976,1.324281585984756,5.0
4.188999999999734,2000.0,2285.934277441487,1.079691520661946,1.1621001335519268,1.1760552178135306,5.0
4.189999999999734,2000.0,2283.9370121298575,0.9399147772766057,1.0246486576423552,1.0357997048930156,5.0
4.190999999999734,2000.0,2281.8760284090285,0.8078076096109825,0.8947238385378339,0.9032654621914523,5.0
4.191999999999735,2000.0,2279.7549168512783,0.683130034255182,0.7720905721766615,0.7782090600403251,5.0
4.192999999999735,2000.0,2277.5771540826386,0.5656479738914939,0.6565195375420197,0.6603931041679119,5.0
4.193999999999735,2000.0,2275.3461056211236,0.4551331371021554,0.5477870778149685,0.5495861165794047,5.0
4.194999999999736,2000.0,2273.0650286584223,0.351362899918648,0.4456750833808157,0.44556241741192015,5.0
4.195999999999736,2000.0,2270.73707478557,0.25412018913521095,0.3499708767007856,0.34810200787922535,5.0
4.196999999999736,2000.0,2268.3652926631466,0.16319336740267332,0.2604670990549254,0.25699045440663204,5.0
4.197999999999737,2000.0,2265.9526306366056,0.07837612011497441,0.17696159915876544,0.17201877404528,5.0
4.198999999999737,2000.0,2263.5019392973695,-0.0005326559033314027,0.0992573236527558,0.09298332124423123,5.0
4.199999999999737,2000.0,2261.015973990366,-0.07372896190535272,0.027162209458793073,0.019685676047213694,5.0
4.200999999999738,2000.0,2258.4973972687026,-0.1414038049247921,-0.03951092200334425,-0.04806746622698764,5.0
4.201999999999738,2000.0,2255.9487812962125,-0.20374330367657478,-0.10094446875067388,-0.11046440377130792,5.0
4.202999999999738,2000.0,2253.372610198606,-0.26092879266046154,-0.15731615033550936,-0.16768853550236662,5.0
4.203999999999739,2000.0,2250.7712823640063,-0.31313692447545804,-0.20879910812261654,-0.21991846666290985,5.0
4.204999999999739,2000.0,2248.147112693634,-0.36053977035553686,-0.2555620037620643,-0.2673281127870052,5.0
4.205999999999739,2000.0,2245.502334803444,-0.4033049189385238,-0.2977691158757895,-0.3100868020056553,5.0
4.20699999999974,2000.0,2242.839103177501,-0.4415955732825161,-0.3355804349779253,-0.3483593756766337,5.0
4.20799999999974,2000.0,2240.1594952739024,-0.47557064614516165,-0.36915175664950023,-0.3823062873266753,5.0
4.20899999999974,2000.0,2237.4655135840617,-0.5053848535421928,-0.3986347729888285,-0.4120836998983547,5.0
4.209999999999741,2000.0,2234.7590876461586,-0.5311888066040922,-0.42417716236101266,-0.4378435812993233,5.0
4.210999999999741,2000.0,2232.042076013562,-0.5531291017495832,-0.44592267746935804,-0.45973379825389415,5.0
4.211999999999741,2000.0,2229.3162681790473,-0.5713484091955543,-0.4640112317722089,-0.4778982084603892,5.0
4.212999999999742,2000.0,2226.583386455604,-0.585985559824632,-0.47857898426983164,-0.4924767510612892,5.0
4.213999999999742,2000.0,2223.8450878146396,-0.5971756304312734,-0.48975842268546116,-0.5036055354349791,5.0
4.214999999999742,2000.0,2221.102965682382,-0.6050500273683745,-0.4976784450653735,-0.5114169283207246,5.0
4.215999999999743,2000.0,2218.3585516952685,-0.6097365686167429,-0.5024644398229008,-0.5160396392904626,5.0
4.216999999999743,2000.0,2215.6133174150928,-0.6113595642995939,-0.5042383642509315,-0.5175988045823435,5.0
4.217999999999743,2000.0,2212.8686760047194,-0.6100398956648441,-0.5031188215277407,-0.516216069312833,5.0
4.218999999999744,2000.0,2210.1259838650953,-0.6058950925588356,-0.49922113624162306,-0.5120096680862474,5.0
4.219999999999744,2000.0,2207.3865422343465,-0.5990394094134288,-0.49265742845792787,-0.5050945040199757,5.0
4.220999999999744,2000.0,2204.6515987496873,-0.5895838997704139,-0.4835366863538359,-0.49558222620657444,5.0
4.221999999999745,2000.0,2201.9223489729043,-0.5776364893656663,-0.47196483744457407,-0.48358130563328905,5.0
4.222999999999745,2000.0,2199.199937880123,-0.5633020477967179,-0.45804481842577033,-0.4691971095815239,5.0
4.223999999999745,2000.0,2196.4854613165867,-0.5466824587961341,-0.4418766436552359,-0.45253197452816796,5.0
4.224999999999746,2000.0,2193.7799674171547,-0.5278766891334534,-0.42355747229764257,-0.43368527757162245,5.0
4.225999999999746,2000.0,2191.0844579932104,-0.5069808561689122,-0.40318167415596107,-0.4127535064064364,5.0
4.226999999999746,2000.0,2188.3998898866753,-0.48408829408059795,-0.380840894211679,-0.3898303278691609,5.0
4.227999999999747,2000.0,2185.727176291785,-0.45928961878806085,-0.3566241158972307,-0.3650066550799853,5.0
4.228999999999747,2000.0,2183.0671880453124,-0.43267279159355,-0.3306177231219926,-0.33837071320304446,5.0
4.229999999999747,2000.0,2180.4207548858712,-0.40432318156355684,-0.30290556107465233,-0.31000810385016336,5.0
4.230999999999748,2000.0,2177.7886666829468,-0.3743236266712735,-0.27356899582256955,-0.2800018681509015,5.0
4.231999999999748,2000.0,2175.1716746362836,-0.34275449372193734,-0.24268697273008402,-0.2484325485134088,5.0
4.232999999999748,2000.0,2172.570492446243,-0.3096937370814654,-0.2103360737159614,-0.2153782490990478,5.0
4.233999999999749,2000.0,2169.985797455743,-0.2752169562294817,-0.17659057337092388,-0.18091469503470559,5.0
4.234999999999749,2000.0,2167.4182317643686,-0.23939745215665198,-0.14152249395491778,-0.14511529038556373,5.0
4.235999999999749,2000.0,2164.8684033152376,-0.2023062826270028,-0.1052016592943893,-0.10805117491185123,5.0
4.23699999999975,2000.0,2162.3368869552014,-0.16401231632419844,-0.06769574759825503,-0.06979127963159848,5.0
4.23799999999975,2000.0,2159.8242254689358,-0.12458228590208797,-0.02907034321236858,-0.030402381212610293,5.0
4.23899999999975,2000.0,2157.3309305874727,-0.08408083995816362,0.010611012669279395,0.010050844784659948,5.0
4.239999999999751,2000.0,2154.8574839717253,-0.042570593948791924,0.051286772318288876,0.051505771791524324,5.0
4.240999999999751,2000.0,2152.4043381715196,-0.00011218006540758552,0.09289733279188245,0.09390177122065375,5.0
4.241999999999751,2000.0,2149.9719175606688,0.043235703911239654,0.13538498824265355,0.13718016254081594,5.0
4.242999999999752,2000.0,2147.560619248593,0.08741624675934112,0.1786938831991933,0.18128416441446032,5.0
4.243999999999752,2000.0,2145.1708139689867,0.13237447695035875,0.22276996680179556,0.2261588468789723,5.0
4.244999999999752,2000.0,2142.8028469460264,0.17805721675140695,0.2675609479757645,0.2717510845507627,5.0
4.245999999999753,2000.0,2140.4570387385975,0.22441303727854311,0.31301625152586854,0.31800951083244866,5.0
4.246999999999753,2000.0,2138.133686063018,0.2713922144844503,0.35908697513603743,0.36488447310400524,5.0
4.247999999999753,2000.0,2135.8330625947106,0.3189466860637129,0.40572584725815536,0.41232798887859146,5.0
4.248999999999754,2000.0,2133.5554197492957,0.3670300092597376,0.45288718587460214,0.4602937029046371,5.0
4.249999999999754,2000.0,2131.3009874435334,0.4155973195564968,0.5005268581184765,0.5087368451951295,5.0
4.250999999999754,2000.0,2129.0699748365596,0.4646052902406428,0.5486022407375549,0.5576141899672737,5.0
4.251999999999755,2000.0,2126.8625710518445,0.5140120928170138,0.5970721813857838,0.6068840154734958,5.0
4.252999999999755,2000.0,2124.678945880289,0.563777358263609,0.6458969607289774,0.6565060647077601,5.0
4.253999999999755,2000.0,2122.5192504648758,0.6138621391103598,0.6950382553496303,0.7064415069694778,5.0
4.254999999999756,2000.0,2120.3836179672776,0.6642288723268326,0.744459101436761,0.7566529002683893,5.0
4.255999999999756,2000.0,2118.272164216815,0.7148413430048421,0.7941238592472317,0.8071041545544289,5.0
4.256999999999756,2000.0,2116.1849883421555,0.7656646488212822,0.8439981783245909,0.8577604957562776,5.0
4.257999999999757,2000.0,2114.1221733861385,0.8166651652674997,0.8940489634623048,0.9085884306132057,5.0
4.258999999999757,2000.0,2112.0837869040856,0.8678105116308359,0.944244341397659,0.959555712284329,5.0
4.259999999999757,2000.0,2110.069881545981,0.9190695177154762,0.9945536282240225,1.010631306720894,5.0
4.260999999999758,2000.0,2108.0804956228662,0.9704121912885668,1.0449472975080387,1.0617853597861724,5.0
4.261999999999758,2000.0,2106.1156536578064,1.0218096862387664,1.095396949099462,1.1129891651087724,5.0
4.262999999999758,2000.0,2104.175366921776,1.0732342714342895,1.1458752786212985,1.1642151326552235,5.0
4.263999999999759,2000.0,2102.259633954797,1.124659300267444,1.1963560476277442,1.2154367580075678,5.0
4.264999999999759,2000.0,2100.3684410726682,1.1760591808732777,1.2468140544181088,1.2666285923325074,5.0
4.265999999999759,2000.0,2098.501762859601,1.2274093470100134,1.297225105494942,1.317766213028729,5.0
4.26699999999976,2000.0,2096.659562647093,1.278686229589006,1.3475659876545372,1.3688261950390792,5.0
4.26799999999976,2000.0,2094.8417929793436,1.3298672288420708,1.397814440698273,1.4197860828146025,5.0
4.26899999999976,2000.0,2093.048396065519,1.3809306871148488,1.447949130753824,1.4706243629181142,5.0
4.269999999999761,2000.0,2091.279304219175,1.4318558622742064,1.4979496241948056,1.521320437254567,5.0
4.270999999999761,2000.0,2089.534440285122,1.4826229017182655,1.5477963621478616,1.5718545969159634,5.0
4.271999999999761,2000.0,2087.8137180540275,1.533212816977981,1.5974706355765766,1.6222079966290401,5.0
4.272999999999762,2000.0,2086.117042665042,1.5836074588989977,1.6469545609313792,1.6723626297937495,5.0
4.273999999999762,2000.0,2084.4443109967183,1.6337894933930182,1.6962310563551048,1.7223013041011401,5.0
4.274999999999762,2000.0,2082.7954120465047,1.6837423777480893,1.7452838184340127,1.772007617719431,5.0
4.275999999999763,2000.0,2081.1702272990756,1.7334503374865982,1.7940972994834579,1.821465936036493,5.0
4.276999999999763,2000.0,2079.5686310837605,1.7828983437611674,1.842656685358847,1.8706613689484701,5.0
4.277999999999763,2000.0,2077.9904909213337,1.8320720912781798,1.890947873781881,1.9195797486836665,5.0
4.278999999999764,2000.0,2076.435667860405,1.880957976738272,1.9389574531719043,1.9682076081506799,5.0
4.279999999999764,2000.0,2074.9040168036745,1.9295430777847322,1.9866726819735738,2.016532159801232,5.0
4.280999999999764,2000.0,2073.3953868242784,1.9778151324489057,2.0340814684703483,2.0645412749964267,5.0
4.281999999999765,2000.0,2071.90962147247,2.0257625190841377,2.0811723510755984,2.1122234638675392,5.0
4.282999999999765,2000.0,2070.4465590728696,2.0733742367779593,2.127934479091456,2.1595678556607854,5.0
4.283999999999765,2000.0,2069.0060330125057,2.1206398862332376,2.1743575939263575,2.2065641795563593,5.0
4.284999999999766,2000.0,2067.587872019875,2.1675496511097334,2.2204320107630675,2.2532027459529527,5.0
4.285999999999766,2000.0,2066.191900435237,2.2140942798161083,2.266148600667515,2.2994744282074766,5.0
4.286999999999766,2000.0,2064.8179384723617,2.260265067744135,2.3114987731304923,2.3453706448214984,5.0
4.287999999999767,2000.0,2063.465802471935,2.3060538399361077,2.35647445903347,2.390883342065119,5.0
4.288999999999767,2000.0,2062.135305146829,2.3514529341767823,2.401068094030119,2.4360049770293917,5.0
4.289999999999767,2000.0,2060.8262558194438,2.396455184501434,2.445272602335449,2.4807285010986875,5.0
4.290999999999768,2000.0,2059.5384606513067,2.441053905111498,2.489081380914194,2.5250473438342143,5.0
4.291999999999768,2000.0,2058.2717228651395,2.485242874690158,2.532488284061101,2.568955397260902,5.0
4.292999999999768,2000.0,2057.0258429595624,2.529016321108694,2.5754876083641927,2.6124470005482996,5.0
4.293999999999769,2000.0,2055.80061891664,2.572368906516731,2.618074078044292,2.6555169250783957,5.0
4.294999999999769,2000.0,2054.595846402434,2.615295712807807,2.660242830662568,2.6981603598917263,5.0
4.295999999999769,2000.0,2053.4113189607533,2.6577922274531307,2.701989403189059,2.740372897504388,5.0
4.29699999999977,2000.0,2052.2468282002706,2.699854329695211,2.7433097184241575,2.7821505200875754,5.0
4.29799999999977,2000.0,2051.102163975172,2.7414782770948323,2.7842000717666995,2.823489586002961,5.0
4.29899999999977,2000.0,2049.9771145595146,2.7826606924229518,2.824657118320411,2.864386816685368,5.0
4.299999999999771,2000.0,2048.8714668154485,2.823398550891431,2.864677860332833,2.9048392838665253,5.0
4.300999999999771,2000.0,2047.7850063554683,2.8636891677146084,2.9042596349589203,2.944844397131847,5.0
4.301999999999771,2000.0,2046.717517698847,2.9035301859951392,2.943400102342917,2.984399891803522,5.0
4.302999999999772,2000.0,2045.6687844224075,2.9429195649273034,2.9820972340118383,3.0235038171429998,5.0
4.303999999999772,2000.0,2044.6385893057804,2.981855568310754,3.020349301573752,3.062154524865801,5.0
4.304999999999772,2000.0,2043.6267144712974,3.02033675336841,3.058154865714707,3.1003506579622515,5.0
4.305999999999773,2000.0,2042.63294151866,3.0583619598615748,3.0955127654875216,3.1380911398171034,5.0
4.306999999999773,2000.0,2041.6570516545262,3.0959302994962687,3.132422107886603,3.1753751636220136,5.0
4.307999999999773,2000.0,2040.6988258171548,3.1330411456142757,3.168882257702428,3.2122021820742495,5.0
4.308999999999774,2000.0,2039.7580447962332,3.1696941231626905,3.2048928276496356,3.2485718973553768,5.0
4.309999999999774,2000.0,2038.8344893480346,3.2058890989361,3.240453668762928,3.2844842513839385,5.0
4.310999999999774,2000.0,2037.927940306016,3.2416261720849504,3.2755648610545887,3.3199394163356875,5.0
4.311999999999775,2000.0,2037.0381786869975,3.276905664885035,3.3102267044285774,3.354937785426185,5.0
4.312999999999775,2000.0,2036.164985793037,3.3117281137614296,3.3444397098446816,3.3894799639490274,5.0
4.313999999999775,2000.0,2035.3081433091238,3.3460942605618396,3.378204590727837,3.423566760564644,5.0
4.314999999999776,2000.0,2034.4674333968064,3.3800050440735174,3.411522254616896,3.457199178833773,5.0
4.315999999999776,2000.0,2033.6426387838733,3.41346159177855,3.444393795047671,3.4903784089902605,5.0
4.316999999999776,2000.0,2032.8335428501937,3.4464652118416725,3.4768204836646626,3.5231058199474403,5.0
4.317999999999777,2000.0,2032.0399297098309,3.4790173853260016,3.508803762556848,3.5553829515333053,5.0
4.318999999999777,2000.0,2031.2615842895382,3.5111197586310046,3.5403452368120183,3.587211506948797,5.0
4.319999999999777,2000.0,2030.4982924037356,3.5427741361476017,3.5714466672846448,3.6185933454440495,5.0
4.320999999999778,2000.0,2029.7498408260738,3.5739824731259193,3.6021099635728904,3.6495304752080697,5.0
4.321999999999778,2000.0,2029.0160173576828,3.6047468687504067,3.6323371771995827,3.6800250464664916,5.0
4.322999999999778,2000.0,2028.2966108922085,3.6350695594176137,3.6621304949925264,3.710079344782696,5.0
4.323999999999779,2000.0,2027.591411477726,3.664952912211954,3.691492232659559,3.739695784557515,5.0
4.324999999999779,2000.0,2026.900210375624,3.6943994185745495,3.7204248285535915,3.7688769027226687,5.0
4.325999999999779,2000.0,2026.2228001165554,3.723411688161493,3.748930837623973,3.797625352624127,5.0
4.32699999999978,2000.0,2025.558974553537,3.751992442885616,3.7770129255484304,3.825943898089532,5.0
4.32799999999978,2000.0,2024.9085289122888,3.780144511139229,3.804673863043063,3.8538354076770376,5.0
4.32899999999978,2000.0,2024.2712598388978,3.8078708221917936,3.8319165203444614,3.8813028490995256,5.0
4.329999999999781,2000.0,2023.6469654448852,3.835174400759589,3.8587438618611225,3.908349283821246,5.0
4.330999999999781,2000.0,2023.0354453497596,3.8620583617427,3.885158940989476,3.9349778618220936,5.0
4.331999999999781,2000.0,2022.4365007211388,3.8885259051254235,3.9111648950907827,3.9611918165256794,5.0
4.332999999999782,2000.0,2021.8499343125077,3.9145803110359596,3.9367649406247853,3.98699445988695,5.0
4.333999999999782,2000.0,2021.2755504986962,3.9402249349619884,3.961962368436794,4.012389177635976,5.0
4.334999999999782,2000.0,2020.7131553091442,3.9654632031177464,3.9867605391939107,4.037379424673462,5.0
4.335999999999783,2000.0,2020.1625564590297,3.990298607959426,4.011162878967228,4.061968720614779,5.0
4.336999999999783,2000.0,2019.6235633783208,4.014734703844693,4.035172874955913,4.086160645478277,5.0
4.337999999999783,2000.0,2019.0959872388346,4.038775102833337,4.058794071350233,4.109958835514874,5.0
4.338999999999784,2000.0,2018.5796409793481,4.062423470624984,4.082030065329509,4.133366979174843,5.0
4.339999999999784,2000.0,2018.0743393288476,4.085683522631093,4.1048845031922685,4.156388813208908,5.0
4.340999999999784,2000.0,2017.5798988279591,4.108559020176995,4.127361076614441,4.179028118899508,5.0
4.341999999999785,2000.0,2017.0961378486386,4.1310537668317675,4.149463519033401,4.201288718419862,5.0
4.342999999999785,2000.0,2016.6228766121662,4.153171604861555,4.171195602153585,4.223174471316533,5.0
4.343999999999785,2000.0,2016.1599372055152,4.174916411804342,4.192561132571667,4.244689271113405,5.0
4.344999999999786,2000.0,2015.7071435961407,4.1962920971620346,4.21356394851726,4.26583704203292,5.0
4.345999999999786,2000.0,2015.2643216452552,4.217302599207679,4.234207916706997,4.286621735832409,5.0
4.346999999999786,2000.0,2014.8312991196347,4.237951881904168,4.254496929308383,4.3070473287518,5.0
4.347999999999787,2000.0,2014.40790570201,4.258243931932001,4.2744349010110465,4.327117818570292,5.0
4.348999999999787,2000.0,2013.9939730000997,4.278182755823195,4.294025766202534,4.346837221769045,5.0
4.349999999999787,2000.0,2013.5893345543261,4.297772377198244,4.313273476245566,4.366209570796761,5.0
4.350999999999788,2000.0,2013.193825844269,4.317016834103765,4.332181996854476,4.385238911435809,5.0
4.351999999999788,2000.0,2012.8072842938973,4.335920176447971,4.350755305567975,4.40392930026598,5.0
4.352999999999788,2000.0,2012.4295492756335,4.354486463531748,4.368997389316092,4.4222848022236585,5.0
4.353999999999789,2000.0,2012.0604621132877,4.372719761671845,4.386912242077807,4.440309488252865,5.0
4.354999999999789,2000.0,2011.699866083903,4.390624141914876,4.404503862628167,4.458007433046922,5.0
4.355999999999789,2000.0,2011.3476064185668,4.408203677838962,4.421776252371684,4.475382712877485,5.0
4.35699999999979,2000.0,2011.0035303022105,4.425462443440601,4.4387334132596985,4.492439403508555,5.0
4.35799999999979,2000.0,2010.6674868724551,4.442404511105017,4.4553793457899635,4.509181578193701,5.0
4.35899999999979,2000.0,2010.3393272175274,4.459033949656871,4.4717180470853695,4.525613305753345,5.0
4.359999999999791,2000.0,2010.0189043732953,4.475354822489965,4.487753509050501,4.541738648730771,5.0
4.360999999999791,2000.0,2009.7060733194494,4.491371185772931,4.50348971660302,4.557561661623799,5.0
4.361999999999791,2000.0,2009.4006909748732,4.507087086729602,4.5189306459786245,4.5730863891908164,5.0
4.362999999999792,2000.0,2009.1026161922339,4.522506561991233,4.534080263106779,4.588316864828368,5.0
4.363999999999792,2000.0,2008.811709751825,4.537633636019079,4.548942522055737,4.603257109018718,5.0
4.364999999999792,2000.0,2008.5278343546997,4.552472319594971,4.563521363544571,4.617911127845126,5.0
4.365999999999793,2000.0,2008.2508546151194,4.567026608378157,4.577820713520463,4.63228291157299,5.0
4.366999999999793,2000.0,2007.9806370523509,4.58130048152648,4.591844481799362,4.646376433294998,5.0
4.367999999999793,2000.0,2007.717050081845,4.59529790037997,4.605596560768164,4.660195647638332,5.0
4.368999999999794,2000.0,2007.4599640058223,4.609022807205037,4.619080824146538,4.67374448953208,5.0
4.369999999999794,2000.0,2007.2092510032899,4.622479123997496,4.632301125806749,4.687026873033132,5.0
4.370999999999794,2000.0,2006.9647851195307,4.635670751342986,4.645261298650006,4.700046690209087,5.0
4.371999999999795,2000.0,2006.7264422550727,4.648601567332266,4.657965153536873,4.712807810075641,5.0
4.372999999999795,2000.0,2006.4941001541804,4.661275426530924,4.67041647827128,4.725314077588019,5.0
4.373999999999795,2000.0,2006.2676383928795,4.673696159000707,4.682619036635408,4.737569312683644,5.0
4.374999999999796,2000.0,2006.046938366554,4.685867569371929,4.69457656747486,4.749577309375454,5.0
4.375999999999796,2000.0,2005.8318832771242,4.6977934359644955,4.706292783831754,4.7613418348934875,5.0
4.376999999999796,2000.0,2005.6223581198342,4.709477509956673,4.7177713721248615,4.772866628873814,5.0
4.377999999999797,2000.0,2005.4182496696792,4.720923514600256,4.729015991375411,4.784155402593416,5.0
4.378999999999797,2000.0,2005.2194464674776,4.732135144479679,4.740030272476244,4.79521183824869,5.0
4.379999999999797,2000.0,2005.0258388056209,4.743116064815057,4.750817817504207,4.8060395882774305,5.0
4.380999999999798,2000.0,2004.8373187135173,4.753869910806861,4.761382199073575,4.816642274722055,5.0
4.381999999999798,2000.0,2004.653779942748,4.764400287021065,4.771726959729359,4.827023488632932,5.0
4.382999999999798,2000.0,2004.4751179519546,4.774710766813854,4.781855611379572,4.837186789510837,5.0
4.383999999999799,2000.0,2004.301229891479,4.784804891794049,4.791771634764661,4.847135704786758,5.0
4.384999999999799,2000.0,2004.1320145877637,4.794686171322481,4.801478478963354,4.856873729338239,5.0
4.385999999999799,2000.0,2003.967372527549,4.804358082047028,4.81097956093362,4.866404325040992,5.0
4.3869999999998,2000.0,2003.8072058418543,4.813824067471676,4.8202782650871825,4.875730920354171,5.0
4.3879999999998,2000.0,2003.6514182897915,4.82308753755954,4.829377942897452,4.884856909939175,5.0
4.3889999999998,2000.0,2003.4999152421985,4.832151868367228,4.838281912538372,4.893785654309429,5.0
4.389999999999801,2000.0,2003.3526036651238,4.841020401710825,4.8469934585544125,4.902520479511419,5.0
4.390999999999801,2000.0,2003.2093921031737,4.849696444861828,4.855515831560058,4.911064676835262,5.0
4.391999999999801,2000.0,2003.0701906627285,4.858183270271765,4.863852247967584,4.91942150255362,5.0
4.392999999999802,2000.0,2002.9349109950506,4.866484115325056,4.8720058897426135,4.927594177688434,5.0
4.393999999999802,2000.0,2002.8034662792904,4.874602182118875,4.879979904186337,4.9355858878043515,5.0
4.394999999999802,2000.0,2002.6757712054068,4.882540637268811,4.887777403743104,4.943399782827526,5.0
4.395999999999803,2000.0,2002.5517419570092,4.890302611739952,4.895401465833088,4.9510389768895235,5.0
4.396999999999803,2000.0,2002.4312961941403,4.897891200701981,4.902855132708602,4.958506548194855,5.0
4.397999999999803,2000.0,2002.3143530360016,4.905309463407573,4.91014141133337,4.965805538911461,5.0
4.398999999999804,2000.0,2002.200833043637,4.912560423093402,4.91726327328409,4.972938955083476,5.0
4.399999999999804,2000.0,2002.0906582025864,4.919647066902804,4.9242236546733205,4.9799097665652745,5.0
4.400999999999804,2000.0,2001.9837519055177,4.926572345829021,4.931025456092645,4.986720906975773,5.0
4.401999999999805,2000.0,2001.8800389348405,4.933339174678715,4.937671542575834,4.993375273672678,5.0
4.402999999999805,2000.0,2001.779445445322,4.9399504320547125,4.944164743580905,4.999875727745596,5.0
4.403999999999805,2000.0,2001.6818989467072,4.946408960357196,4.950507852990437,5.006225094027331,5.0
4.404999999999806,2000.0,2001.5873282863467,4.952717565802568,4.95670362912921,5.012426161122452,5.0
4.405999999999806,2000.0,2001.4956636318552,4.958879018459754,4.962754794799099,5.018481681453055,5.0
4.406999999999806,2000.0,2001.4068364537904,4.964896052302546,4.968664037329725,5.024394371320202,5.0
4.407999999999807,2000.0,2001.3207795083729,4.9707713652777805,4.974434008644762,5.030166910980948,5.0
4.408999999999807,2000.0,2001.2374268202516,4.976507619388817,4.980067325343258,5.035801944740296,5.0
4.409999999999807,2000.0,2001.156713665314,4.98210744079288,4.985566568794677,5.041302081056798,5.0
4.410999999999808,2000.0,2001.0785765535595,4.987573419912902,4.990934285248176,5.046669892662299,5.0
4.411999999999808,2000.0,2001.0029532120293,4.99290811156212,4.996172985954494,5.051907916694197,5.0
4.412999999999808,2000.0,2000.9297825678132,4.998114035081557,5.00128514730052,5.057018654840296,5.0
4.413999999999809,2000.0,2000.8590047311236,5.003193674489369,5.00627321095556,5.062004573495259,5.0
4.414999999999809,2000.0,2000.7905609784552,5.008149478642041,5.011139584029268,5.066868103928624,5.0
4.415999999999809,2000.0,2000.7243937358292,5.012983861406232,5.015886639240077,5.071611642463214,5.0
4.41699999999981,2000.0,2000.6604465621222,5.017699201841343,5.020516715094223,5.076237550664044,5.0
4.41799999999981,2000.0,2000.5986641325003,5.022297844392013,5.025032116074509,5.080748155536856,5.0
4.41899999999981,2000.0,2000.538992221941,5.02678209909005,5.029435112838402,5.085145749735879,5.0
4.419999999999811,2000.0,2000.4813776888702,5.031154241765523,5.0337279424251555,5.089432591780506,5.0
4.420999999999811,2000.0,2000.4257684588974,5.035416514266194,5.0379128084711216,5.093610906280045,5.0
4.421999999999811,2000.0,2000.372113508667,5.039571124685335,5.041991881433375,5.097682884166682,5.0
4.422999999999812,2000.0,2000.3203628498254,5.043620247597054,5.045967298820705,5.10165068293568,5.0
4.423999999999812,2000.0,2000.2704675131017,5.047566024298966,5.049841165431861,5.1055164268927244,5.0
4.424999999999812,2000.0,2000.2223795325174,5.051410563061765,5.053615553600593,5.109282207407961,5.0
4.425999999999813,2000.0,2000.1760519297125,5.055155939385189,5.057292503446997,5.112950083176196,5.0
4.426999999999813,2000.0,2000.1314386984059,5.058804196260098,5.0608740231349,5.116522080483041,5.0
4.427999999999813,2000.0,2000.0884947889817,5.062357344436435,5.064362089135021,5.120000193476716,5.0
4.428999999999814,2000.0,2000.0471760932098,5.06581736269636,5.0677586464932505,5.123386384444834,5.0
4.429999999999814,2000.0,2000.007439429102,5.069186198132526,5.071065609103998,5.126682584096161,5.0
4.430999999999814,2000.0,1999.9692425259027,5.072465766430959,5.074284859988076,5.129890691846771,5.0
4.431999999999815,2000.0,1999.9325440092234,5.075657952158482,5.077418251575061,5.133012576110582,5.0
4.432999999999815,2000.0,1999.8973033863117,5.078764609053977,5.080467605989448,5.136050074593559,5.0
4.433999999999815,2000.0,1999.8634810314693,5.0817875603235985,5.083434715340698,5.139004994591683,5.0
4.434999999999816,2000.0,1999.83103817161,5.084728598939302,5.086321342016565,5.141879113292097,5.0
4.435999999999816,2000.0,1999.7999368719668,5.087589487940719,5.089129218979702,5.144674178077413,5.0
4.436999999999816,2000.0,1999.7701400219414,5.0903719607397,5.091860050066923,5.1473919068325475,5.0
4.437999999999817,2000.0,1999.7416113211093,5.093077721427838,5.094515510291398,5.150033988254393,5.0
4.438999999999817,2000.0,1999.7143152653653,5.095708445085997,5.097097246146839,5.152602082163337,5.0
4.439999999999817,2000.0,1999.6882171332286,5.0982657780963825,5.099606875914156,5.155097819817177,5.0
4.440999999999818,2000.0,1999.6632829722903,5.100751338456066,5.102045989969604,5.157522804226366,5.0
4.441999999999818,2000.0,1999.6394795858205,5.1031667160927165,5.104416151095074,5.159878610471334,5.0
4.442999999999818,2000.0,1999.6167745195223,5.1055134731812775,5.106718894789334,5.162166786020613,5.0
4.443999999999819,2000.0,1999.5951360484423,5.107793144462336,5.108955729580924,5.164388851050531,5.0
4.444999999999819,2000.0,1999.574533164034,5.110007237561166,5.1111281373417565,5.166546298765476,5.0
4.445999999999819,2000.0,1999.5549355613732,5.11215723330782,5.1132375736017135,5.16864059571907,5.0
4.44699999999982,2000.0,1999.53631362653,5.114244586057828,5.115285467863881,5.170673182135854,5.0
4.44799999999982,2000.0,1999.5186384240965,5.11627072401337,5.11727322392022,5.172645472233318,5.0
4.44899999999982,2000.0,1999.5018816848622,5.118237049544617,5.119202220167453,5.17455885454403,5.0
4.449999999999821,2000.0,1999.4860157936512,5.120144939511526,5.12107380992337,5.176414692238083,5.0
4.450999999999821,2000.0,1999.4710137773122,5.121995745585245,5.122889321742755,5.178214323445046,5.0
4.451999999999821,2000.0,1999.45684929286,5.123790794569335,5.124650059733157,5.17995906157569,5.0
4.452999999999822,2000.0,1999.443496615772,5.125531388720933,5.126357303870597,5.181650195643501,5.0
4.453999999999822,2000.0,1999.4309306284404,5.1272188060712764,5.128012310314653,5.183288990585512,5.0
4.454999999999822,2000.0,1999.4191268087768,5.128854300745417,5.129616311722745,5.184876687582213,5.0
4.455999999999823,2000.0,1999.4080612189694,5.130439103281485,5.131170517564003,5.186414504376949,5.0
4.456999999999823,2000.0,1999.3977104943926,5.131974420948807,5.132676114431986,5.187903635594069,5.0
4.457999999999823,2000.0,1999.3880518326712,5.133461438065146,5.134134266356549,5.189345253056142,5.0
4.458999999999824,2000.0,1999.37906298289,5.134901316312752,5.1355461151145585,5.190740506099908,5.0
4.459999999999824,2000.0,1999.370722234963,5.136295195053342,5.13691278053955,5.192090521891085,5.0
4.460999999999824,2000.0,1999.3630084091462,5.1376441916414395,5.138235360829758,5.19339640573746,5.0
4.461999999999825,2000.0,1999.355900845701,5.138949401736476,5.139514932854954,5.1946592414006885,5.0
4.462999999999825,2000.0,1999.349379394708,5.140211899613331,5.140752552461762,5.195880091406485,5.0
4.463999999999825,2000.0,1999.3434244060288,5.141432738471266,5.141949254777343,5.197059997353099,5.0
4.464999999999826,2000.0,1999.338016719413,5.142612950740861,5.1431060545111835,5.198199980217799,5.0
4.465999999999826,2000.0,1999.3331376547517,5.143753548389568,5.1442239462555,5.199301040661888,5.0
4.466999999999826,2000.0,1999.3287690024786,5.144855523225165,5.14530390478357,5.200364159333563,5.0
4.467999999999827,2000.0,1999.3248930141117,5.145919847197103,5.146346885345982,5.201390297168611,5.0
4.468999999999827,2000.0,1999.3214923929413,5.1469474726960796,5.147353823965208,5.202380395689336,5.0
4.4699999999998274,2000.0,1999.3185502848587,5.147939332851499,5.1483256377280195,5.203335377301262,5.0
4.470999999999828,2000.0,1999.3160502693274,5.148896341826421,5.1492632250754875,5.204256145587323,5.0
4.471999999999828,2000.0,1999.313976350493,5.149819395110767,5.150167466091253,5.205143585600253,5.0
4.4729999999998284,2000.0,1999.3123129484327,5.150709369811824,5.1510392227871415,5.205998564152249,5.0
4.473999999999829,2000.0,1999.3110448905413,5.151567124942817,5.151879339386884,5.206821930102651,5.0
4.474999999999829,2000.0,1999.310157403058,5.152393501708695,5.152688642607107,5.207614514642814,5.0
4.4759999999998294,2000.0,1999.3096361027242,5.15318932378974,5.153467941936146,5.208377131578748,5.0
4.47699999999983,2000.0,1999.3094669885766,5.153955397622597,5.154218029910392,5.209110577611195,5.0
4.47799999999983,2000.0,1999.3096364338762,5.154692512678961,5.154939682388254,5.209815632613267,5.0
4.4789999999998305,2000.0,1999.3101311781659,5.155401441741319,5.155633658821305,5.2104930599051835,5.0
4.479999999999831,2000.0,1999.3109383194594,5.1560829411765114,5.156300702523223,5.211143606526739,5.0
4.480999999999831,2000.0,1999.3120453065621,5.1567377512064985,5.156941540936017,5.21176800350699,5.0
4.4819999999998315,2000.0,1999.3134399315152,5.1573665961763275,5.157556885893499,5.212366966131118,5.0
4.482999999999832,2000.0,1999.315110322172,5.15797018481979,5.1581474338824655,5.212941194204932,5.0
4.483999999999832,2000.0,1999.3170449348943,5.158549210521835,5.1587138663007295,5.213491372316157,5.0
4.4849999999998325,2000.0,1999.3192325473776,5.159104351578854,5.159256849713008,5.214018170093523,5.0
4.485999999999833,2000.0,1999.3216622515963,5.159636271455759,5.1597770361037005,5.214522242462664,5.0
4.486999999999833,2000.0,1999.324323446871,5.160145619040467,5.160275063127101,5.215004229899401,5.0
4.4879999999998335,2000.0,1999.3272058330563,5.160633028895482,5.16075155435475,5.215464758680099,5.0
4.488999999999834,2000.0,1999.330299403847,5.161099121506932,5.1612071195202995,5.2159044411294815,5.0
4.489999999999834,2000.0,1999.3335944402015,5.1615445035305045,5.161642354761314,5.216323875865315,5.0
4.4909999999998345,2000.0,1999.3370815038836,5.161969768034691,5.162057842858437,5.2167236480404,5.0
4.491999999999835,2000.0,1999.3407514311136,5.162375494741115,5.162454153471681,5.21710432958164,5.0
4.492999999999835,2000.0,1999.3445953263397,5.162762250262228,5.162831843374142,5.21746647942646,5.0
4.4939999999998355,2000.0,1999.3486045561153,5.16313058833577,5.1631914566825134,5.217810643755989,5.0
4.494999999999836,2000.0,1999.3527707430899,5.1634810500568165,5.163533525085261,5.218137356225828,5.0
4.495999999999836,2000.0,1999.3570857601094,5.163814164106705,5.1638585680676865,5.21844713819367,5.0
4.4969999999998365,2000.0,1999.3615417244232,5.164130446979114,5.164167093134215,5.218740498944089,5.0
4.497999999999837,2000.0,1999.3661309919974,5.1644304032033475,5.164459596027942,5.219017935910526,5.0
4.498999999999837,2000.0,1999.3708461519354,5.164714525564833,5.164736560947431,5.219279934894487,5.0
4.4999999999998375,2000.0,2001.5230655877417,5.164983295322545,5.15897609862366,5.2133325447632,5.0
4.500999999999838,2000.0,2003.8376927303225,4.985338229866437,4.975431071627599,5.027827891424591,0.0
4.501999999999838,2000.0,2006.057331110387,4.789833529261131,4.776857219950121,4.827152758759877,0.0
4.5029999999998385,2000.0,2008.183426667299,4.599862716740071,4.584304417454006,4.632565742142179,0.0
4.503999999999839,2000.0,2010.2188750422094,4.415404129569811,4.397711530991377,4.44400459691894,0.0
4.504999999999839,2000.0,2012.1664866772967,4.236313140899951,4.2168853060211555,4.261273692590352,0.0
4.5059999999998395,2000.0,2014.0289812897352,4.062449229184141,4.041641271148257,4.084186316518023,0.0
4.50699999999984,2000.0,2015.808992288675,3.8936765303480008,3.8718039300024754,3.9125648617248716,0.0
4.50799999999984,2000.0,2017.5090709121519,3.7298635627602055,3.707206073832411,3.7462401274074866,0.0
4.5089999999998405,2000.0,2019.131690047071,3.5708829710408856,3.547688151598395,3.585050678193694,0.0
4.509999999999841,2000.0,2020.679247761038,3.416611292088988,3.3930976978458833,3.428842262344637,0.0
4.510999999999841,2000.0,2022.1540705725122,3.2669287412492927,3.2432888129007136,3.2774672833141336,0.0
4.5119999999998415,2000.0,2023.5584164832014,3.1217190167033912,3.0981216904089504,3.1307843195735456,0.0
4.512999999999842,2000.0,2024.894477794373,2.9808691203542654,2.957462187720817,2.9886576881001012,0.0
4.513999999999842,2000.0,2026.164383726644,2.844269193638404,2.8211814350462587,2.850957047365998,0.0
4.5149999999998425,2000.0,2027.370202860997,2.711812366851883,2.6891554797005286,2.717557036066545,0.0
4.515999999999843,2000.0,2028.513945417047,2.5833946207103193,2.5612649621077117,2.588336944184033,0.0
4.516999999999843,2000.0,2029.5975653830624,2.458914658986966,2.437394820549636,2.463180413311432,0.0
4.5179999999998435,2000.0,2030.6229625108872,2.3382737911841422,2.3174340219351706,2.3419751634545793,0.0
4.518999999999844,2000.0,2031.591984187627,2.221375824292658,2.201275316124422,2.2246127437972456,0.0
4.519999999999844,2000.0,2032.506427194872,2.108126962785788,2.0888150115786552,2.110988305155264,0.0
4.5209999999998445,2000.0,2033.3680393651755,1.9984357160753845,1.9799527703188171,2.0010003920628865,0.0
4.521999999999845,2000.0,2034.178521144614,1.8922128127329394,1.8745914203691352,1.8945507526324599,0.0
4.522999999999845,2000.0,2034.939527069396,1.789371120844101,1.7726367840350559,1.7915441645051984,0.0
4.5239999999998455,2000.0,2035.652667163752,1.6898255739277026,1.6739975205243538,1.691888275373819,0.0
4.524999999999846,2000.0,2036.3195082656425,1.5934931019031104,1.5785849815606057,1.5954934567012509,0.0
4.525999999999846,2000.0,2036.9415752862144,1.5002925666406361,1.4863130787686445,1.5022726693927897,0.0
4.5269999999998465,2000.0,2037.5203524083713,1.4101447016743367,1.3970981617279157,1.4121413402977852,0.0
4.527999999999847,2000.0,2038.0572842293204,1.322972055696365,1.3108589056944615,1.3250172485239529,0.0
4.528999999999847,2000.0,2038.5537768515105,1.2386989394896961,1.227516208088875,1.2408204206459192,0.0
4.5299999999998475,2000.0,2039.0111989259497,1.157251375987979,1.1469930929323917,1.1594730339761927,0.0
4.530999999999848,2000.0,2039.4308826515314,1.0785570531824167,1.0692146224929644,1.0808993271479332,0.0
4.531999999999848,2000.0,2039.8141247336553,1.0025452796214278,0.9941078154722155,1.0050255173293379,0.0
4.5329999999998485,2000.0,2040.162187305116,0.9291469422739862,0.9216015711289663,0.9317797234554709,0.0
4.533999999999849,2000.0,2040.476298811983,0.8582944665500936,0.8516265987931553,0.8610918949225841,0.0
4.534999999999849,2000.0,2040.7576548669076,0.7899217782899703,0.784115352274398,0.7928937452413598,0.0
4.5359999999998495,2000.0,2041.0074190721061,0.7239642675540678,0.7190019687191572,0.7271186901961206,0.0
4.53699999999985,2000.0,2041.2267238140355,0.6603587540600762,0.6562222115109855,0.663701790098294,0.0
4.53799999999985,2000.0,2041.416671031615,0.5990434541297276,0.5957134168488324,0.6025796957636462,0.0
4.5389999999998505,2000.0,2041.5783329596572,0.5399579490193638,0.5374144436712911,0.5436905978762903,0.0
4.539999999999851,2000.0,2041.7127528490505,0.4830431545229339,0.48126562662880396,0.486974179437175,0.0
4.540999999999851,2000.0,2041.8209456650688,0.42824129174436854,0.4272087318319802,0.432371571021368,0.0
4.5419999999998515,2000.0,2041.9038987650922,0.37549585894784343,0.3751869151316999,0.3798253085964056,0.0
4.542999999999852,2000.0,2041.962572556869,0.32475160440199025,0.3251446827088098,0.32927929367649933,0.0
4.543999999999852,2000.0,2041.997901138404,0.275954500144155,0.2770278537742661,0.28067875561078764,0.0
4.5449999999998525,2000.0,2042.010792920412,0.22905171659502166,0.23078352519683432,0.23397021582036248,0.0
4.545999999999853,2000.0,2042.0021312322317,0.18399159796353048,0.18636003789572345,0.18910145381936155,0.0
4.546999999999853,2000.0,2041.9727749120007,0.14072363838557767,0.14370694484884663,0.14602147486895373,0.0
4.5479999999998535,2000.0,2041.9235588818344,0.09919845874678579,0.1027749805830283,0.10468047912889868,0.0
4.548999999999854,2000.0,2041.8552947086846,0.059367784143600666,0.06351603202436476,0.06502983218343214,0.0
4.549999999999854,2000.0,2041.768771151503,0.021184421941640608,0.02588311059894029,0.02702203683039268,0.0
4.5509999999998545,2000.0,2041.66475469528,-0.015397759605777495,-0.010169674515524958,-0.009389293966967728,0.0
4.551999999999855,2000.0,2041.5439900724903,-0.05042385221285839,-0.04468714207731481,-0.04424946305671755,0.0
4.552999999999855,2000.0,2041.4072007724315,-0.08393792792044286,-0.07771306348884362,-0.07760271408560594,0.0
4.5539999999998555,2000.0,2041.2550895389058,-0.11598305898717776,-0.10929018659956774,-0.10949225557213851,0.0
4.554999999999856,2000.0,2041.0883388566583,-0.1466013373373607,-0.13946025867011871,-0.13996028413249398,0.0
4.555999999999856,2000.0,2040.907611426965,-0.17583389358810653,-0.1682640485580948,-0.16904800692033187,0.0
4.5569999999998565,2000.0,2040.7135506327236,-0.20372091567682382,-0.19574136818078167,-0.19679566333630658,0.0
4.557999999999857,2000.0,2040.5067809933842,-0.2303016671074256,-0.22193109330418423,-0.22324254605714788,0.0
4.558999999999857,2000.0,2040.2879086100309,-0.25561450483227466,-0.24687118370339178,-0.24842702142975215,0.0
4.5599999999998575,2000.0,2040.0575216009036,-0.2796968967856186,-0.2705987027354737,-0.2723865492718631,0.0
4.560999999999858,2000.0,2039.8161905276368,-0.3025854390820526,-0.2931498363614063,-0.29515770211616876,0.0
4.561999999999858,2000.0,2039.5644688124637,-0.32431587289328156,-0.31455991165106617,-0.3167761839321511,0.0
4.5629999999998585,2000.0,2039.3028931466376,-0.3449231010148366,-0.33486341480180903,-0.33727684835647015,0.0
4.563999999999859,2000.0,2039.031983890283,-0.3644412041331777,-0.3540940086980844,-0.3566937164595634,0.0
4.564999999999859,2000.0,2038.752245463903,-0.3829034568031946,-0.37228455003755223,-0.37505999407414203,0.0
4.5659999999998595,2000.0,2038.4641667317383,-0.40034234314498995,-0.38946710604648244,-0.3924080887085479,0.0
4.56699999999986,2000.0,2038.168221377172,-0.4167895722681818,-0.4056729708053873,-0.4087696260660911,0.0
4.56799999999986,2000.0,2037.8648682703622,-0.4322760934312937,-0.420932681203826,-0.42417546618946056,0.0
4.5689999999998605,2000.0,2037.5545518282795,-0.4468321109430762,-0.43527603254160185,-0.4386557192475613,0.0
4.569999999999861,2000.0,2037.2377023673096,-0.4604870988125658,-0.44873209379253154,-0.4522397609810896,0.0
4.570999999999861,2000.0,2036.9147364485866,-0.4732698151533832,-0.4613292225447534,-0.4649562478209187,0.0
4.5719999999998615,2000.0,2036.5860572162032,-0.48520831634806916,-0.47309507963105357,-0.47683313169288344,0.0
4.572999999999862,2000.0,2036.2520547284507,-0.49632997097763143,-0.48405664346130917,-0.4878976745211573,0.0
4.573999999999862,2000.0,2035.913106282222,-0.5066614735209343,-0.49424022406799195,-0.4981764624412535,0.0
4.5749999999998625,2000.0,2035.5695767307188,-0.5162288578286183,-0.5036714768750623,-0.5076954197330648,0.0
4.575999999999863,2000.0,2035.2218187945948,-0.5250575103753943,-0.5123754161993207,-0.5164798224830812,0.0
4.576999999999863,2000.0,2034.870173366654,-0.5331721832954317,-0.5203764284934704,-0.5245543119851211,0.0
4.5779999999998635,2000.0,2034.5149698102396,-0.5405970072034925,-0.5276982853378768,-0.5319429078866187,0.0
4.578999999999864,2000.0,2034.1565262514177,-0.5473555038065738,-0.5343641561895223,-0.5386690210890427,0.0
4.579999999999864,2000.0,2033.795149865086,-0.5534705983082637,-0.5403966208938185,-0.5447554664081601,0.0
4.5809999999998645,2000.0,2033.4311371551069,-0.5589646316099612,-0.5458176819665588,-0.5502244750014957,0.0
4.581999999999865,2000.0,2033.0647742285867,-0.5638593723114411,-0.5506487766513123,-0.5550977065683422,0.0
4.582999999999865,2000.0,2032.6963370643991,-0.5681760285138742,-0.5549107887578991,-0.5593962613280135,0.0
4.5839999999998655,2000.0,2032.3260917760626,-0.5719352594283786,-0.5586240602873324,-0.5631406917817869,0.0
4.584999999999866,2000.0,2031.9542948690694,-0.5751571867922665,-0.5618084028475031,-0.5663510142628552,0.0
4.585999999999866,2000.0,2031.5811934927706,-0.5778614060962499,-0.5644831088647088,-0.5690467202794447,0.0
4.5869999999998665,2000.0,2031.2070256869115,-0.5800669976247197,-0.5666669625948813,-0.5712467876550019,0.0
4.587999999999867,2000.0,2030.8320206229141,-0.5817925373116184,-0.5683782509385319,-0.5729696914695149,0.0
4.588999999999867,2000.0,2030.45639884,-0.5830561074147191,-0.5696347740636746,-0.5742334148062801,0.0
4.5899999999998675,2000.0,2030.080372476251,-0.5838753070099791,-0.570453855839592,-0.5750554593070212,0.0
4.590999999999868,2000.0,2029.704145494683,-0.5842672623092189,-0.5708523540858399,-0.575452855539808,0.0
4.591999999999868,2000.0,2029.3279139044446,-0.5842486368020805,-0.570846670638498,-0.5754421731818163,0.0
4.5929999999998685,2000.0,2028.9518659772045,-0.5838356412260743,-0.5704527612383541,-0.5750395310216748,0.0
4.593999999999869,2000.0,2028.5761824588299,-0.5830440433654482,-0.5696861452426373,-0.5742606067830439,0.0
4.594999999999869,2000.0,2028.2010367764294,-0.5818891776819819,-0.568561915164072,-0.5731206467732503,0.0
4.5959999999998695,2000.0,2027.8265952408549,-0.5803859547792991,-0.5670947460396392,-0.5716344753593993,0.0
4.59699999999987,2000.0,2027.4530172447269,-0.5785488707031698,-0.5652989046319878,-0.5698165042749529,0.0
4.59799999999987,2000.0,2027.080455456085,-0.5763920160794509,-0.5631882584658139,-0.5676807417591291,0.0
4.5989999999998705,2000.0,2026.7090560077215,-0.573929085092266,-0.5607762847022281,-0.5652408015321875,0.0
4.599999999999871,2000.0,2026.338958682291,-0.571173384303804,-0.5580760788529361,-0.5625099116084549,0.0
4.600999999999871,2000.0,2025.970297093265,-0.5681378413182188,-0.5551003633371654,-0.5595009229500757,0.0
4.6019999999998715,2000.0,2025.6031988618092,-0.5648350132915312,-0.5518614958835154,-0.5562263179636926,0.0
4.602999999999872,2000.0,2025.2377857896606,-0.5612770952891284,-0.5483714777787275,-0.5526982188420936,0.0
4.603999999999872,2000.0,2024.8741740280695,-0.5574759284936781,-0.5446419619664106,-0.548928395753903,0.0
4.6049999999998725,2000.0,2024.512474242888,-0.5534430082642772,-0.5406842609968433,-0.5449282748824643,0.0
4.605999999999873,2000.0,2024.152791775868,-0.5491894920496647,-0.5365093548308698,-0.5407089463169745,0.0
4.606999999999873,2000.0,2023.795226802248,-0.5447262071568575,-0.5321278984995071,-0.5362811717975196,0.0
4.6079999999998735,2000.0,2023.4398744846885,-0.5400636583776293,-0.5275502296217922,-0.5316553923165755,0.0
4.608999999999874,2000.0,2023.0868251236268,-0.5352120354742813,-0.5227863757825586,-0.5268417355786978,0.0
4.609999999999874,2000.0,2022.736164304123,-0.5301812205265783,-0.5178460617720786,-0.5218500233203642,0.0
4.6109999999998745,2000.0,2022.3879730392541,-0.5249807951421144,-0.5127387166900231,-0.5166897784924627,0.0
4.611999999999875,2000.0,2022.042327910136,-0.5196200475315327,-0.507473480915251,-0.5113702323069615,0.0
4.612999999999875,2000.0,2021.6993012026167,-0.514107979450853,-0.5020592129437522,-0.5059003311501238,0.0
4.6139999999998755,2000.0,2021.358961040723,-0.5084533130122542,-0.4965044960962341,-0.5002887433637777,0.0
4.614999999999876,2000.0,2021.0213715169143,-0.5026644973656142,-0.49081764509765907,-0.4945438658969896,0.0
4.615999999999876,2000.0,2020.686592819205,-0.49674971525219735,-0.48500671253028155,-0.48867383082971194,0.0
4.6169999999998765,2000.0,2020.3546813552152,-0.4907168894327827,-0.47907949516238807,-0.48268651177064015,0.0
4.617999999999877,2000.0,2020.0256898732155,-0.48457368899132724,-0.4730435401540482,-0.47658953013061484,0.0
4.618999999999877,2000.0,2019.699667580216,-0.47832753551671603,-0.4669061511423386,-0.47039026127406064,0.0
4.6199999999998775,2000.0,2019.376660257164,-0.47198560916382015,-0.46067439420735007,-0.46409584054979647,0.0
4.620999999999878,2000.0,2019.0567103713017,-0.46555485459570023,-0.45435510372083504,-0.4577131692031017,0.0
4.621999999999878,2000.0,2018.7398571857484,-0.45904198680892905,-0.44795488807949996,-0.45124892017107243,0.0
4.6229999999998785,2000.0,2018.4261368663513,-0.45245349684361114,-0.441480135324491,-0.4447095437628385,0.0
4.623999999999879,2000.0,2018.1155825858675,-0.4457956573796189,-0.43493701864867573,-0.43810127322626835,0.0
4.624999999999879,2000.0,2017.8082246255296,-0.4390745282211943,-0.428331501793816,-0.43143013020328697,0.0
4.6259999999998795,2000.0,2017.504090474043,-0.4322959616710753,-0.4216693443388283,-0.42470193007502066,0.0
4.62699999999988,2000.0,2017.2032049240752,-0.4254656077963155,-0.41495610688129064,-0.4179222871989563,0.0
4.62799999999988,2000.0,2016.9055901662775,-0.41858891958734135,-0.40819715611374635,-0.41109662003969083,0.0
4.6289999999998805,2000.0,2016.6112658808981,-0.4116711580113033,-0.40139766979584246,-0.4042301561943207,0.0
4.629999999999881,2000.0,2016.320249327033,-0.4047173969624045,-0.39456264162499943,-0.39732793731520544,0.0
4.630999999999881,2000.0,2016.0325554295646,-0.3977325281099493,-0.38769688600633817,-0.3903948239308412,0.0
4.6319999999998815,2000.0,2015.74819686383,-0.3907212656462642,-0.38080504272398896,-0.38343550016699834,0.0
4.632999999999882,2000.0,2015.4671841380778,-0.3836881509356007,-0.3738915815149344,-0.3764544783692911,0.0
4.633999999999882,2000.0,2015.1895256737484,-0.3766375570661672,-0.3669608065474413,-0.3694561036292584,0.0
4.6349999999998825,2000.0,2014.9152278836298,-0.36957369330628886,-0.3600168608051339,-0.36244455821502664,0.0
4.635999999999883,2000.0,2014.6442952479288,-0.36250060946678775,-0.35306373037874966,-0.35542386590861863,0.0
4.636999999999883,2000.0,2014.3767303883126,-0.3554222001704467,-0.3461052486664476,-0.34839789625079165,0.0
4.6379999999998835,2000.0,2014.11253413995,-0.34834220903097013,-0.3391451004850538,-0.34137036869582027,0.0
4.638999999999884,2000.0,2013.8517056216024,-0.3412642327421539,-0.33218682609292166,-0.3343448566769075,0.0
4.639999999999884,2000.0,2013.5942423038098,-0.33419172507904016,-0.3252338251261991,-0.3273247915840428,0.0
4.6409999999998846,2000.0,2013.340140075205,-0.3271280008126497,-0.3182893604500571,-0.3203134666558789,0.0
4.641999999999885,2000.0,2013.0893933070022,-0.3200762395396842,-0.3113565619262484,-0.31331404078701197,0.0
4.642999999999885,2000.0,2012.841994915701,-0.31303948942844706,-0.3044384300982468,-0.3063295422519341,0.0
4.6439999999998856,2000.0,2012.5979364240366,-0.30602067088295604,-0.29753783979586984,-0.29936287234758113,0.0
4.644999999999886,2000.0,2012.357208020228,-0.29902258012558824,-0.29065754365980345,-0.292416808954903,0.0
4.645999999999886,2000.0,2012.119798615549,-0.29204789270121223,-0.28380017558884646,-0.2854940100223046,0.0
4.6469999999998866,2000.0,2011.885695900265,-0.28509916690273807,-0.2769682541098631,-0.2785970169709482,0.0
4.647999999999887,2000.0,2011.6548863979785,-0.2781788471200516,-0.27016418567236633,-0.27172825802386286,0.0
4.648999999999887,2000.0,2011.4273555184043,-0.2712892671141033,-0.26339026786948366,-0.2648900514606315,0.0
4.649999999999888,2000.0,2011.2030876086246,-0.26443265321659926,-0.2566486925857265,-0.25808460879808404,0.0
4.650999999999888,2000.0,2010.982066002848,-0.2576111274574693,-0.24994154907372534,-0.251314037899183,0.0
4.651999999999888,2000.0,2010.7642730707132,-0.25082671062056894,-0.24327082696036406,-0.24458034601054013,0.0
4.652999999999889,2000.0,2010.5496902641673,-0.2440813252298869,-0.23663841918455997,-0.23788544273083692,0.0
4.653999999999889,2000.0,2010.3382981629538,-0.237376798466445,-0.23004612486688555,-0.23123114291034869,0.0
4.654999999999889,2000.0,2010.130076518738,-0.23071486501832528,-0.22349565211338365,-0.22461916948394753,0.0
4.65599999999989,2000.0,2009.925004297907,-0.22409716986378314,-0.21698862075358924,-0.21805115623760224,0.0
4.65699999999989,2000.0,2009.7230597230737,-0.21752527098983654,-0.2105265650150573,-0.2115286505106973,0.0
4.65799999999989,2000.0,2009.5242203133125,-0.2110006420467876,-0.20411093613491946,-0.20505311583470123,0.0
4.658999999999891,2000.0,2009.3284629231582,-0.2045246749402706,-0.19774310490992802,-0.19862593450965935,0.0
4.659999999999891,2000.0,2009.1357637803978,-0.19809868236155148,-0.1914243641858239,-0.19224841011935762,0.0
4.660999999999891,2000.0,2008.9460985226892,-0.19172390025782293,-0.18515593128763855,-0.18592176998678403,0.0
4.661999999999892,2000.0,2008.7594422330205,-0.18540149024339903,-0.17893895039189894,-0.17964716757086965,0.0
4.662999999999892,2000.0,2008.575769474052,-0.1791325419525952,-0.17277449484143453,-0.1734256848052148,0.0
4.663999999999892,2000.0,2008.3950543213657,-0.1729180753358175,-0.1666635694043633,-0.1672583343803965,0.0
4.664999999999893,2000.0,2008.217270395638,-0.16675904290007248,-0.16060711247837975,-0.16114606197099024,0.0
4.665999999999893,2000.0,2008.0423908937785,-0.16065633189443584,-0.15460599824091456,-0.15508974840788506,0.0
4.666999999999893,2000.0,2007.8703886190447,-0.15461076644213223,-0.1486610387467883,-0.14909021179753063,0.0
4.667999999999894,2000.0,2007.701236010168,-0.14862310961972724,-0.14277298597382151,-0.1431482095885842,0.0
4.668999999999894,2000.0,2007.5349051695132,-0.14269406548502506,-0.13694253381800311,-0.13726444058757717,0.0
4.669999999999894,2000.0,2007.3713678902925,-0.13682428105429434,-0.13117032003881268,-0.13143954692420387,0.0
4.670999999999895,2000.0,2007.2105956828611,-0.13101434822997,-0.12545692815584078,-0.12567411596738887,0.0
4.671999999999895,2000.0,2007.0525598001148,-0.125264805679841,-0.11980288929765351,-0.11996868219308934,0.0
4.672999999999895,2000.0,2006.8972312620174,-0.11957614066856165,-0.11420868400380071,-0.11432372900474273,0.0
4.673999999999896,2000.0,2006.7445808792727,-0.1139487908427711,-0.10867474398116651,-0.10873969050757065,0.0
4.674999999999896,2000.0,2006.5945792761675,-0.10838314597043336,-0.10320145381529132,-0.10321695323737569,0.0
4.675999999999896,2000.0,2006.4471969126078,-0.10287954963527907,-0.0977891526375188,-0.09775585784469332,0.0
4.676999999999897,2000.0,2006.3024041053657,-0.09743830088770439,-0.09243813574933032,-0.09235670073567775,0.0
4.677999999999897,2000.0,2006.1601710485625,-0.09205965585269438,-0.08714865620440623,-0.08701973567026544,0.0
4.678999999999897,2000.0,2006.020467833398,-0.08674382929578744,-0.08192092634936514,-0.08174517531857833,0.0
4.679999999999898,2000.0,2005.88326446716,-0.08149099614764083,-0.07675511932384638,-0.07653319277624068,0.0
4.680999999999898,2000.0,2005.7485308915202,-0.07630129298859661,-0.07165137052119447,-0.07138392303987931,0.0
4.681999999999898,2000.0,2005.6162370001452,-0.071174819493738,-0.06660977901030048,-0.06629746444337134,0.0
4.682999999999899,2000.0,2005.4863526556321,-0.06611163983942364,-0.06163040891953494,-0.061273880055781285,0.0
4.683999999999899,2000.0,2005.358847705792,-0.06111178407187312,-0.05671329078334905,-0.05631319904157357,0.0
4.684999999999899,2000.0,2005.233691999302,-0.05617524943880514,-0.05185842285254933,-0.05141541798411366,0.0
4.6859999999999,2000.0,2005.110855400736,-0.05130200168519505,-0.04706577236925479,-0.04658050217348011,0.0
4.6869999999999,2000.0,2004.9903078049924,-0.04649197631333207,-0.04233527680673225,-0.04180838685878399,0.0
4.6879999999999,2000.0,2004.8720191511409,-0.04174507980827452,-0.03766684507520176,-0.037098978466100455,0.0
4.688999999999901,2000.0,2004.7559594356997,-0.03706119082957626,-0.03306035869446017,-0.0324521557828687,0.0
4.689999999999901,2000.0,2004.6420987253591,-0.03244016136980882,-0.028515672933821755,-0.027867771109265468,0.0
4.690999999999901,2000.0,2004.5304071691685,-0.02788181788078553,-0.024032617920322852,-0.023345651377508953,0.0
4.691999999999902,2000.0,2004.4208550102005,-0.023385962367817648,-0.01961099971542136,-0.01888559923932699,0.0
4.692999999999902,2000.0,2004.3134125967085,-0.018952373453324955,-0.015250601361596795,-0.014487394123009187,0.0
4.693999999999902,2000.0,2004.2080503927928,-0.014580807409940277,-0.010951183898920698,-0.01015079326011548,0.0
4.694999999999903,2000.0,2004.1047389885834,-0.010270999164164296,-0.0067124873526394286,-0.005875532682892584,0.0
4.695999999999903,2000.0,2004.0034491099636,-0.006022663270921935,-0.00253423169215805,-0.0016613281927923198,0.0
4.696999999999903,2000.0,2003.9041516278355,-0.0018354948599261234,0.0015838822377532479,0.002492123699077778,0.0
4.697999999999904,2000.0,2003.8068175669564,0.00229082944572756,0.005642171813015242,0.006585144859051898,0.0
4.698999999999904,2000.0,2003.711418114338,0.006356650637640404,0.009640971752592755,0.010618074644574689,0.0
4.699999999999904,2000.0,2003.6179246272436,0.010362326457069193,0.013580633267265094,0.014591269044562896,0.0
4.700999999999905,2000.0,2003.5263086407795,0.01430823055528263,0.017461523233393318,0.018505099845024978,0.0
4.701999999999905,2000.0,2003.4365418750976,0.01819475167928858,0.0212840233916332,0.02235995381988575,0.0
4.702999999999905,2000.0,2003.3485962422228,0.022022292881966332,0.0250485295696886,0.026156231946102282,0.0
4.703999999999906,2000.0,2003.2624438525152,0.02579127075657739,0.02875545092900564,0.02989434864296868,0.0
4.704999999999906,2000.0,2003.1780570207764,0.029502114694301695,0.03240520923418612,0.03357473103437697,0.0
4.705999999999906,2000.0,2003.0954082720145,0.033155266165064146,0.035998238145235416,0.03719781823414941,0.0
4.706999999999907,2000.0,2003.014470346878,0.03675117802034317,0.03953498253150665,0.04076406065329155,0.0
4.707999999999907,2000.0,2002.9352162067607,0.04029031381811271,0.04301589780738299,0.04427391932920939,0.0
4.708999999999907,2000.0,2002.857619038605,0.043773147168927495,0.04644144928877951,0.04772786527596094,0.0
4.709999999999908,2000.0,2002.781652259393,0.047200161102781996,0.04981211157006851,0.05112637885514297,0.0
4.710999999999908,2000.0,2002.7072895203526,0.050571847456343105,0.05312836792106905,0.05446994916704899,0.0
4.711999999999908,2000.0,2002.6345047108764,0.05388870627991729,0.05639070970344636,0.05775907346143713,0.0
4.712999999999909,2000.0,2002.5632719621708,0.05715124526361842,0.05959963580598577,0.060994256567368205,0.0
4.713999999999909,2000.0,2002.4935656506345,0.06035997918255212,0.06275565209860041,0.06417601034196936,0.0
4.714999999999909,2000.0,2002.4253604009873,0.06351542936021554,0.06585927090425805,0.06730485313730152,0.0
4.71599999999991,2000.0,2002.3586310891471,0.06661812314986398,0.06891101048857787,0.07038130928507871,0.0
4.71699999999991,2000.0,2002.293352844871,0.06966859343334128,0.07191139456660005,0.07340590859873633,0.0
4.71799999999991,2000.0,2002.229501054162,0.07266737813681337,0.07486095182620969,0.07637918589232451,0.0
4.718999999999911,2000.0,2002.1670513614554,0.07561501976322313,0.07776021546800767,0.07930168051601653,0.0
4.719999999999911,2000.0,2002.1059796715886,0.07851206494095886,0.08060972276111465,0.08217393590771435,0.0
4.720999999999911,2000.0,2002.0462621515642,0.08135906398799359,0.08341001461422647,0.0849964991600603,0.0
4.721999999999912,2000.0,2001.9878752321097,0.08415657049167116,0.08616163516204035,0.08776992060297718,0.0
4.722999999999912,2000.0,2001.930795609048,0.08690514090342868,0.08886513136639007,0.09049475340106711,0.0
4.723999999999912,2000.0,2001.8750002444774,0.08960533414775507,0.09152105263139658,0.09317155316516845,0.0
4.724999999999913,2000.0,2001.8204663677755,0.09225771124581225,0.09412995043301467,0.09580087757845514,0.0
4.725999999999913,2000.0,2001.7671714764272,0.09486283495246423,0.09669237796181275,0.09838328603590402,0.0
4.726999999999913,2000.0,2001.715093336687,0.0974212694069885,0.09920888977918338,0.10091933929732815,0.0
4.727999999999914,2000.0,2001.6642099840828,0.0999335797968581,0.1016800414864352,0.10340959915342336,0.0
4.728999999999914,2000.0,2001.614499723761,0.1024003320341316,0.10410638940627598,0.10585462810433005,0.0
4.729999999999914,2000.0,2001.5659411306879,0.10482209244439045,0.10648849027665523,0.10825498905068019,0.0
4.730999999999915,2000.0,2001.5185130497057,0.10719942746772712,0.10882690095644104,0.11061124499659772,0.0
4.731999999999915,2000.0,2001.4721945954507,0.10953290337134852,0.11112217814256732,0.1129239587642846,0.0
4.732999999999915,2000.0,2001.426965152145,0.11182308597389685,0.11337487809866414,0.11519369272020615,0.0
4.733999999999916,2000.0,2001.3828043732524,0.11407054038040705,0.11558555639418595,0.11742100851187906,0.0
4.734999999999916,2000.0,2001.339692181025,0.11627583072864715,0.11775476765472456,0.11960646681595671,0.0
4.735999999999916,2000.0,2001.2976087659242,0.11843951994538904,0.11988306532210327,0.12175062709619347,0.0
4.736999999999917,2000.0,2001.2565345859332,0.12056216951320683,0.12197100142482803,0.12385404737186996,0.0
4.737999999999917,2000.0,2001.2164503657661,0.12264433924742851,0.12401912635851724,0.12591728399629587,0.0
4.738999999999917,2000.0,2001.17733709597,0.12468658708210928,0.12602798867522091,0.1279408914442912,0.0
4.739999999999918,2000.0,2001.1391760319343,0.12668946886592652,0.12799813488250672,0.12992542210953179,0.0
4.740999999999918,2000.0,2001.1019486928033,0.1286535381668138,0.1299301092511376,0.13187142611057112,0.0
4.741999999999918,2000.0,2001.0656368603015,0.13057934608584065,0.131824453631837,0.13377945110604061,0.0
4.742999999999919,2000.0,2001.0302225774756,0.13246744107921318,0.1336817072800699,0.13565004211794446,0.0
4.743999999999919,2000.0,2000.9956881473506,0.13431836878886902,0.13550240668925703,0.13748374136347136,0.0
4.744999999999919,2000.0,2000.9620161315158,0.1361326718812585,0.13728708543205792,0.13928108809495457,0.0
4.74599999999992,2000.0,2000.9291893486336,0.1379108898936706,0.13903627400907778,0.14104261844732863,0.0
4.74699999999992,2000.0,2000.8971908728752,0.1396535590883845,0.1407504997052638,0.14276886529335173,0.0
4.74799999999992,2000.0,2000.8660040323014,0.1413612123143857,0.1424302864537637,0.14446035810636307,0.0
4.748999999999921,2000.0,2000.8356124071654,0.14303437887562936,0.14407615470620147,0.14611762282951984,0.0
4.749999999999921,2000.0,2000.8059998281713,0.14467358440720962,0.14568862131077026,0.1477411817529286,0.0
4.750999999999921,2000.0,2000.7771503746665,0.14627935075725979,0.14726819939591207,0.14933155339641752,0.0
4.751999999999922,2000.0,2000.749048372784,0.1478521958760216,0.14881539826110332,0.1508892523994832,0.0
4.752999999999922,2000.0,2000.7216783935364,0.1493926337111488,0.15033072327374986,0.15241478941740705,0.0
4.753999999999922,2000.0,2000.6950252508607,0.15090117410900367,0.1518146757719694,0.1539086710233157,0.0
4.754999999999923,2000.0,2000.669073999619,0.15237832272188417,0.15326775297325834,0.1553713996161822,0.0
4.755999999999923,2000.0,2000.6438099335596,0.15382458092123036,0.15469044788895636,0.15680347333468203,0.0
4.756999999999923,2000.0,2000.6192185832363,0.15524044571610876,0.15608324924401018,0.15820538597639802,0.0
4.757999999999924,2000.0,2000.595285713895,0.1566264096773789,0.1574466414022344,0.1595776269225761,0.0
4.758999999999924,2000.0,2000.5719973233236,0.1579829608667443,0.1587811042964427,0.1609206810677972,0.0
4.759999999999924,2000.0,2000.5493396396719,0.15931058277110896,0.16008711336375955,0.16223502875487975,0.0
4.760999999999925,2000.0,2000.527299119243,0.1606097542417091,0.16136513948566525,0.1635211457145602,0.0
4.761999999999925,2000.0,2000.5058624442556,0.1618809494378927,0.16261564893258776,0.16477950300976357,0.0
4.762999999999925,2000.0,2000.4850165205835,0.1631246377756675,0.16383910331320217,0.1660105669846265,0.0
4.763999999999926,2000.0,2000.4647484754728,0.1643412838805476,0.16503595952795427,0.16721479921778365,0.0
4.764999999999926,2000.0,2000.4450456552388,0.16553134754449603,0.16620666972661965,0.16839265647972823,0.0
4.765999999999926,2000.0,2000.425895622942,0.16669528368712108,0.16735168127003616,0.1695445906943845,0.0
4.766999999999927,2000.0,2000.407286156051,0.16783354232089992,0.16847143669581519,0.17067104890469714,0.0
4.767999999999927,2000.0,2000.3892052440879,0.16894656852008538,0.16956637368767316,0.1717724732418736,0.0
4.768999999999927,2000.0,2000.3716410862596,0.17003480239333485,0.17063692504842495,0.17284930089832282,0.0
4.769999999999928,2000.0,2000.3545820890852,0.17109867906012213,0.1716835186766915,0.17390196410434272,0.0
4.770999999999928,2000.0,2000.3380168639997,0.17213862863003968,0.17270657754647875,0.17493089010770524,0.0
4.771999999999928,2000.0,2000.3219342249674,0.17315507618620118,0.17370651969074594,0.17593650115726764,0.0
4.772999999999929,2000.0,2000.3063231860724,0.17414844177087746,0.17468375818722034,0.17691921448885023,0.0
4.773999999999929,2000.0,2000.2911729591137,0.17511914037504497,0.17563870114803806,0.17787944231497568,0.0
4.774999999999929,2000.0,2000.276472951193,0.17606758193040933,0.17657175171182193,0.17881759181706747,0.0
4.77599999999993,2000.0,2000.2622127623024,0.17699417130440326,0.17748330803868673,0.17973406514060175,0.0
4.77699999999993,2000.0,2000.2483821829055,0.17789930829782394,0.178373763307847,0.18062925939288538,0.0
4.77799999999993,2000.0,2000.2349711915272,0.17878338764533838,0.1792435057180347,0.18150356664366904,0.0
4.778999999999931,2000.0,2000.2219699523375,0.1796467990180652,0.1800929184900041,0.1823573739278662,0.0
4.779999999999931,2000.0,2000.2093688127413,0.18048992702904587,0.18092237987180573,0.1831910632510655,0.0
4.780999999999931,2000.0,2000.1971583009692,0.1813131512407229,0.18173226314610116,0.184005011597102,0.0
4.781999999999932,2000.0,2000.1853291236791,0.18211684617485094,0.18252293663984212,0.18479959093801404,0.0
4.782999999999932,2000.0,2000.1738721635559,0.18290138132413422,0.18329476373565093,0.18557516824571485,0.0
4.783999999999932,2000.0,2000.1627784769196,0.1836671211664903,0.1840481028858044,0.1863321055062917,0.0
4.784999999999933,2000.0,2000.1520392913471,0.18441442518091825,0.18478330762775877,0.18707075973585868,0.0
4.785999999999933,2000.0,2000.1416460032947,0.1851436478651643,0.1855007266015042,0.18779148299825435,0.0
4.786999999999933,2000.0,2000.1315901757334,0.18585513875538132,0.1862007035688062,0.1884946224246425,0.0
4.787999999999934,2000.0,2000.1218635357945,0.1865492424473887,0.186883577434079,0.18918052023475945,0.0
4.788999999999934,2000.0,2000.1124579724274,0.187226298619613,0.18754968226690377,0.1898495137598183,0.0
4.789999999999934,2000.0,2000.1033655340632,0.18788664205742628,0.18819934732590174,0.19050193546678063,0.0
4.790999999999935,2000.0,2000.0945784262994,0.1885306026792326,0.18883289708435436,0.19113811298438887,0.0
4.791999999999935,2000.0,2000.0860890095903,0.18915850556368036,0.1894506512568999,0.19175836913028405,0.0
4.792999999999935,2000.0,2000.077889796955,0.18977067097836958,0.19005292482773872,0.19236302193964422,0.0
4.793999999999936,2000.0,2000.0699734516975,0.19036741440981636,0.1906400280800537,0.19295238469504788,0.0
4.794999999999936,2000.0,2000.0623327851433,0.19094904659463613,0.19121226662662547,0.19352676595754115,0.0
4.795999999999936,2000.0,2000.0549607543899,0.1915158735517726,0.19176994144150641,0.19408646959877263,0.0
4.796999999999937,2000.0,2000.0478504600774,0.19206819661598237,0.1923133488928878,0.1946317948343294,0.0
4.797999999999937,2000.0,2000.0409951441673,0.1926063124719706,0.19284278077664868,0.19516303625776033,0.0
4.798999999999937,2000.0,2000.034388187746,0.19313051319004296,0.1933585243513731,0.1956804838760796,0.0
4.799999999999938,2000.0,2000.0280231088416,0.19364108626228577,0.19386086237389463,0.1961844231457997,0.0
4.800999999999938,2000.0,2000.0218935602604,0.19413831463963896,0.19435007313572505,0.19667513500985584,0.0
4.801999999999938,2000.0,2000.015993327441,0.1946224767697978,0.19482643050029202,0.19715289593534358,0.0
4.802999999999939,2000.0,2000.0103163263218,0.19509384663592635,0.19529020394098479,0.1976179779520727,0.0
4.803999999999939,2000.0,2000.004856601239,0.1955526937961863,0.19574165857997347,0.19807064869189692,0.0
4.804999999999939,2000.0,1999.9996083228318,0.1959992834234725,0.19618105522727888,0.19851117142829644,0.0
4.80599999999994,2000.0,1999.9945657859719,0.1964338763462393,0.19660865042089495,0.19893980511702075,0.0
4.80699999999994,2000.0,1999.9897234077132,0.1968567290897445,0.19702469646730197,0.19935680443712334,0.0
4.80799999999994,2000.0,1999.985075725262,0.19726809391773398,0.1974294414824429,0.19976241983246157,0.0
4.808999999999941,2000.0,1999.9806173939646,0.19766821887452293,0.1978231294330845,0.200156897553585,0.0
4.809999999999941,2000.0,1999.976343185315,0.19805734782786089,0.19820600017894374,0.20054047970039102,0.0
4.810999999999941,2000.0,1999.972247984988,0.19843572051192723,0.1985782895149336,0.2009134042649023,0.0
4.811999999999942,2000.0,1999.9683267908874,0.1988035725706598,0.19894022921376486,0.20127590517439867,0.0
4.812999999999942,2000.0,1999.9645747112204,0.19916113560159943,0.19929204706903458,0.2016282123350402,0.0
4.813999999999942,2000.0,1999.9609869625842,0.19950863719977605,0.1996339669383734,0.20197055167554706,0.0
4.814999999999943,2000.0,1999.9575588680857,0.1998463010023167,0.19996620878726704,0.20230314519155795,0.0
4.815999999999943,2000.0,1999.9542858554742,0.20017434673269008,0.20028898873256637,0.20262621098967176,0.0
4.816999999999943,2000.0,1999.9511634552962,0.20049299024544523,0.20060251908645244,0.2029399633319474,0.0
4.817999999999944,2000.0,1999.948187299072,0.2008024435712892,0.20090700840077186,0.20324461268077454,0.0
4.818999999999944,2000.0,1999.945353117499,0.20110291496207425,0.20120266151122912,0.20354036574359918,0.0
4.819999999999944,2000.0,1999.9426567386683,0.20139460893585154,0.20148967958169053,0.2038274255177583,0.0
4.820999999999945,2000.0,1999.9400940863095,0.20167772632205866,0.201768260148601,0.204105991335428,0.0
4.821999999999945,2000.0,1999.9376611780503,0.20195246430688799,0.20203859716558625,0.20437625890875627,0.0
4.822999999999945,2000.0,1999.935354123707,0.20221901647870028,0.20230088104810304,0.2046384203750421,0.0
4.823999999999946,2000.0,1999.9331691235875,0.20247757287312113,0.2025552987177524,0.2048926643415728,0.0
4.824999999999946,2000.0,1999.931102466821,0.20272832001842914,0.20280203364692356,0.20513917593079356,0.0
4.825999999999946,2000.0,1999.929150529708,0.20297144098096764,0.20304126590341837,0.20537813682545497,0.0
4.826999999999947,2000.0,1999.9273097740931,0.20320711541014846,0.20327317219472155,0.20560972531340083,0.0
4.827999999999947,2000.0,1999.9255767457555,0.20343551958372558,0.20349792591247476,0.20583411633256088,0.0
4.828999999999947,2000.0,1999.9239480728256,0.2036568264528208,0.2037156971767739,0.20605148151576275,0.0
4.829999999999948,2000.0,1999.9224204642212,0.20387120568672146,0.2039266528801987,0.20626198923527156,0.0
4.830999999999948,2000.0,1999.920990708103,0.20407882371779124,0.2041309567319624,0.2064658046474493,0.0
4.831999999999948,2000.0,1999.9196556703557,0.20427984378613276,0.20432876930183252,0.20666308973718156,0.0
4.832999999999949,2000.0,1999.9184122930856,0.20447442598393337,0.20452024806372648,0.20685400336197368,0.0
4.833999999999949,2000.0,1999.9172575931432,0.20466272729978838,0.204705547439283,0.20703870129602125,0.0
4.834999999999949,2000.0,1999.9161886606641,0.20484490166282196,0.20488481884125967,0.20721733627410327,0.0
4.83599999999995,2000.0,1999.9152026576335,0.20502109998662943,0.20505821071670943,0.20739005803525035,0.0
4.83699999999995,2000.0,1999.9142968164672,0.20519147021267795,0.20522586858968814,0.20755701336593757,0.0
4.83799999999995,2000.0,1999.9134684386186,0.20535615735404972,0.20538793510422224,0.20771834614353937,0.0
4.838999999999951,2000.0,1999.9127148932034,0.20551530353830738,0.2055445500664908,0.207874197378988,0.0
4.839999999999951,2000.0,1999.9120336156432,0.20566904805056704,0.20569585048715977,0.20802470525958583,0.0
4.840999999999951,2000.0,1999.9114221063323,0.20581752737610312,0.20584197062327217,0.2081700051913661,0.0
4.841999999999952,2000.0,1999.910877929325,0.20596087524259812,0.2059830420197952,0.20831022984110725,0.0
4.842999999999952,2000.0,1999.9103987110395,0.20609922266231048,0.2061191935510812,0.20844550917825747,0.0
4.843999999999952,2000.0,1999.9099821389848,0.20623269797368746,0.20625055146178167,0.2085759705163065,0.0
4.844999999999953,2000.0,1999.9096259605062,0.20636142688292147,0.2063772394077136,0.20870173855410717,0.0
4.845999999999953,2000.0,1999.909327981551,0.20648553250497823,0.2064993784961902,0.20882293541665542,0.0
4.846999999999953,2000.0,1999.909086065454,0.20660513540439066,0.20661708732614098,0.20893968069565505,0.0
4.847999999999954,2000.0,1999.9088981317375,0.20672035363564129,0.2067304820278251,0.20905209148967174,0.0
4.848999999999954,2000.0,1999.9087621549395,0.20683130278349746,0.20683967630247466,0.20916028244421403,0.0
4.849999999999954,2000.0,1999.9086761634526,0.20693809600244176,0.20694478146109163,0.20926436579095858,0.0
4.850999999999955,2000.0,1999.908638238386,0.2070408440563079,0.2070459064633989,0.20936445138713045,0.0
4.851999999999955,2000.0,1999.9086465124442,0.20713965535724493,0.20714315795616767,0.20946064675425063,0.0
4.852999999999955,2000.0,1999.9086991688264,0.2072346360043954,0.2072366403112463,0.20955305711658334,0.0
4.853999999999956,2000.0,1999.9087944401406,0.2073258898221101,0.20732645566313376,0.2096417854391193,0.0
4.854999999999956,2000.0,1999.908930607339,0.20741351839797428,0.20741270394638345,0.20972693246538968,0.0
4.855999999999956,2000.0,1999.9091059986704,0.20749762112040143,0.20749548293255418,0.20980859675481864,0.0
4.856999999999957,2000.0,1999.9093189886485,0.20757829521556997,0.2075748882665477,0.2098868747194572,0.0
4.857999999999957,2000.0,1999.909567997041,0.20765563578449983,0.20765101350305873,0.20996186066082861,0.0
4.858999999999957,2000.0,1999.9098514878747,0.20772973583921042,0.2077239501421302,0.21003364680586994,0.0
4.859999999999958,2000.0,1999.9101679684552,0.20780068633870855,0.20779378766454698,0.21010232334270815,0.0
4.860999999999958,2000.0,1999.9105159884073,0.20786857622474514,0.20786061356698662,0.21016797845619078,0.0
4.861999999999958,2000.0,1999.9108941387292,0.2079334924568704,0.20792451339651602,0.21023069836275488,0.0
4.862999999999959,2000.0,1999.911301050867,0.20799552004737934,0.20798557078492647,0.21029056734513113,0.0
4.863999999999959,2000.0,1999.9117353958025,0.20805474209554292,0.20804386748241316,0.21034766778638597,0.0
4.864999999999959,2000.0,1999.9121958831556,0.20811123982167176,0.2080994833910719,0.21040208020377715,0.0
4.86599999999996,2000.0,1999.9126812603092,0.20816509260074811,0.20815249659795854,0.21045388328216724,0.0
4.86699999999996,2000.0,1999.913190311542,0.20821637799556328,0.2082029834076938,0.21050315390697738,0.0
4.86799999999996,2000.0,1999.9137218571834,0.20826517178959278,0.20825101837478383,0.21054996719685176,0.0
4.868999999999961,2000.0,1999.9142747527812,0.20831154801923046,0.2082966743353123,0.21059439653568865,0.0
4.869999999999961,2000.0,1999.914847888282,0.20835557900581733,0.20834002243845778,0.2106365136044917,0.0
4.870999999999961,2000.0,1999.9154401872324,0.20839733538733723,0.20838113217764484,0.2106763884128527,0.0
4.871999999999962,2000.0,1999.9160506059895,0.20843688614937858,0.2084200714209961,0.21071408932972568,0.0
4.872999999999962,2000.0,1999.91667813295,0.2084742986560235,0.2084569064417101,0.21074968311412673,0.0
4.873999999999962,2000.0,1999.917321787791,0.20850963868015326,0.2084917019478688,0.2107832349452562,0.0
4.874999999999963,2000.0,1999.9179806207276,0.2085429704334254,0.20852452111191058,0.21081480845228207,0.0
4.875999999999963,2000.0,1999.9186537117814,0.20857435659577137,0.20855542559964735,0.2108444657436633,0.0
4.876999999999963,2000.0,1999.9193401700668,0.2086038583446265,0.20858447559899787,0.21087226743618448,0.0
4.877999999999964,2000.0,1999.920039133088,0.20863153538360651,0.2086117298482025,0.21089827268346703,0.0
4.878999999999964,2000.0,1999.9207497660495,0.20865744597088653,0.20863724566372496,0.21092253920416287,0.0
4.879999999999964,2000.0,1999.921471261183,0.20868164694713331,0.2086610789677245,0.2109451233097142,0.0
4.880999999999965,2000.0,1999.9222028370832,0.20870419376308977,0.20868328431517283,0.21096607993175337,0.0
4.881999999999965,2000.0,1999.9229437380607,0.20872514050677526,0.20870391492063298,0.21098546264916085,0.0
4.882999999999965,2000.0,1999.9236932335039,0.20874453993012937,0.2087230226844261,0.2110033237145046,0.0
4.883999999999966,2000.0,1999.924450617257,0.2087624434755151,0.20874065821871635,0.2110197140803955,0.0
4.884999999999966,2000.0,1999.9252152070067,0.2087789013016166,0.20875687087298345,0.2110346834252245,0.0
4.885999999999966,2000.0,1999.9259863436835,0.20879396230912536,0.20877170875927542,0.21104828017867622,0.0
4.886999999999967,2000.0,1999.9267633908757,0.20880767416606633,0.20878521877712014,0.2110605515468989,0.0
4.887999999999967,2000.0,1999.927545734254,0.20882008333234384,0.208797446637656,0.2110715435368833,0.0
4.888999999999967,2000.0,1999.928332781005,0.20883123508448878,0.20880843688798661,0.21108130098106886,0.0
4.889999999999968,2000.0,1999.929123959284,0.2088411735397159,0.20881823293483118,0.21108986756123682,0.0
4.890999999999968,2000.0,1999.9299187176684,0.20884994167945678,0.20882687706767022,0.21109728583189413,0.0
4.891999999999968,2000.0,1999.930716524633,0.20885758137301366,0.20883441048200063,0.21110359724376668,0.0
4.892999999999969,2000.0,1999.9315168680298,0.20886413340028298,0.2088408733017027,0.21110884216639486,0.0
4.893999999999969,2000.0,1999.932319254577,0.20886963747441628,0.2088463046013113,0.21111305991063317,0.0
4.894999999999969,2000.0,1999.933123209366,0.2088741322643199,0.2088507424281507,0.21111628875100996,0.0
4.89599999999997,2000.0,1999.9339282753715,0.20887765541628,0.20885422382360472,0.2111185659472145,0.0
4.89699999999997,2000.0,1999.9347340129764,0.2088802435756955,0.20885678484447398,0.21111992776567146,0.0
4.89799999999997,2000.0,1999.9355399995045,0.20888193240818625,0.20885846058376284,0.2111204095005386,0.0
4.898999999999971,2000.0,1999.936345828764,0.2088827566204944,0.20885928519122335,0.2111200454944588,0.0
4.899999999999971,2000.0,1999.937151110601,0.2088827499809881,0.20885929189351649,0.21111886915892542,0.0
4.900999999999971,2000.0,1999.9379554704615,0.20888194533982474,0.20885851301404607,0.21111691299431637,0.0
4.901999999999972,2000.0,1999.9387585489646,0.20888037464880882,0.2088569799924914,0.21111420860962352,0.0
4.902999999999972,2000.0,1999.939560001484,0.2088780689808442,0.20885472340395214,0.21111078674179,0.0
4.903999999999972,2000.0,1999.9403594977373,0.20887505854915137,0.2088517729778148,0.21110667727476667,0.0
4.904999999999973,2000.0,1999.9411567213879,0.20887137272608217,0.20884815761628708,0.211101909258232,0.0
4.905999999999973,2000.0,1999.9419513696519,0.2088670400616357,0.20884390541260622,0.21109651092598253,0.0
4.906999999999973,2000.0,1999.9427431529143,0.20886208830161992,0.20883904366888315,0.21109050971395532,0.0
4.907999999999974,2000.0,1999.9435317943576,0.20885654440567722,0.20883359891385195,0.21108393227815486,0.0
4.908999999999974,2000.0,1999.9443170295922,0.2088504345647124,0.20882759692000813,0.2110768045119612,0.0
4.909999999999974,2000.0,1999.9450986063034,0.20884378421818783,0.20882106272060288,0.21106915156329348,0.0
4.910999999999975,2000.0,1999.9458762838963,0.2088366180709838,0.2088140206262494,0.211060997851381,0.0
4.911999999999975,2000.0,1999.946649833158,0.20882896011035942,0.2088064942415804,0.21105236708358555,0.0
4.912999999999975,2000.0,1999.9474190359233,0.20882083362189666,0.2087985064809575,0.21104328227126568,0.0
4.913999999999976,2000.0,1999.9481836847453,0.20881226120579702,0.20879007958447032,0.21103376574593424,0.0
4.914999999999976,2000.0,1999.9489435825808,0.20880326479271252,0.20878123513353766,0.2110238391750126,0.0
4.915999999999976,2000.0,1999.9496985424757,0.20879386565896402,0.20877199406585079,0.21101352357692116,0.0
4.916999999999977,2000.0,1999.950448387263,0.20878408444199925,0.20876237669059416,0.21100283933644878,0.0
4.917999999999977,2000.0,1999.9511929492642,0.20877394115515704,0.20875240270295034,0.21099180621940028,0.0
4.918999999999977,2000.0,1999.951932070001,0.20876345520231612,0.20874209119853163,0.21098044338716854,0.0
4.919999999999978,2000.0,1999.95266559991,0.2087526453922641,0.20873146068749102,0.21096876941098347,0.0
4.920999999999978,2000.0,1999.9533933980679,0.20874152995289252,0.2087205291085035,0.2109568022860288,0.0
4.921999999999978,2000.0,1999.9541153319208,0.20873012654487158,0.20870931384219263,0.21094455944499957,0.0
4.922999999999979,2000.0,1999.9548312770198,0.20871845227524832,0.2086978317245342,0.21093205777163532,0.0
4.923999999999979,2000.0,1999.9555411167664,0.2087065237109417,0.20868609906010444,0.21091931361409652,0.0
4.924999999999979,2000.0,1999.9562447421595,0.20869435689146973,0.20867413163461507,0.21090634279762063,0.0
4.92599999999998,2000.0,1999.9569420515513,0.2086819673420556,0.20866194472780053,0.21089316063753322,0.0
4.92699999999998,2000.0,1999.9576329504087,0.20866937008588626,0.2086495531254729,0.2108797819514191,0.0
4.92799999999998,2000.0,1999.95831735108,0.20865657965676013,0.2086369711319642,0.21086622107168368,0.0
4.928999999999981,2000.0,1999.9589951725666,0.20864361011078394,0.20862421258163005,0.21085249185716665,0.0
4.929999999999981,2000.0,1999.9596663403042,0.2086304750385819,0.20861129085085767,0.21083860770526475,0.0
4.930999999999981,2000.0,1999.9603307859454,0.20861718757654252,0.20859821886913688,0.2108245815631082,0.0
4.931999999999982,2000.0,1999.9609884471483,0.2086037604183384,0.20858500913038627,0.21081042593899463,0.0
4.932999999999982,2000.0,1999.9616392673706,0.20859020582608315,0.20857167370392507,0.2107961529134646,0.0
4.933999999999982,2000.0,1999.9622831956726,0.2085765356412319,0.208558224245193,0.21078177415012336,0.0
4.934999999999983,2000.0,1999.9629201865187,0.2085627612952414,0.20854467200624538,0.2107673009062348,0.0
4.935999999999983,2000.0,1999.9635501995897,0.20854889382003058,0.208531027846037,0.21075274404310212,0.0
4.936999999999983,2000.0,1999.9641731995962,0.2085349438583038,0.20851730224057638,0.2107381140363177,0.0
4.937999999999984,2000.0,1999.9647891560994,0.2085209216735283,0.20850350529274272,0.21072342098567173,0.0
4.938999999999984,2000.0,1999.9653980433352,0.208506837159809,0.20848964674199247,0.21070867462494972,0.0
4.939999999999984,2000.0,1999.965999840042,0.20849269985154345,0.20847573597386734,0.21069388433152905,0.0
4.940999999999985,2000.0,1999.9665945292957,0.20847851893280597,0.20846178202921764,0.21067905913568852,0.0
4.941999999999985,2000.0,1999.9671820983451,0.20846430324666052,0.20844779361336915,0.21066420772985964,0.0
4.942999999999985,2000.0,1999.9677625384577,0.20845006130419372,0.2084337791049958,0.21064933847758194,0.0
4.943999999999986,2000.0,1999.9683358447626,0.20843580129328595,0.20841974656475826,0.21063445942222087,0.0
4.944999999999986,2000.0,1999.9689020161031,0.20842153108738737,0.20840570374394832,0.21061957829569217,0.0
4.945999999999986,2000.0,1999.9694610548902,0.20840725825391057,0.2083916580927175,0.21060470252676555,0.0
4.946999999999987,2000.0,1999.9700129669618,0.208392990062574,0.2083776167683024,0.21058983924936597,0.0
4.947999999999987,2000.0,1999.9705577614438,0.20837873349353467,0.20836358664301702,0.21057499531063814,0.0
4.948999999999987,2000.0,1999.971095450618,0.20836449524528244,0.20834957431202614,0.2105601772787915,0.0
4.949999999999988,2000.0,1999.97162604979,0.2083502817424961,0.208335586101071,0.21054539145089537,0.0
4.950999999999988,2000.0,1999.9721495771637,0.2083360991435405,0.20832162807384094,0.21053064386031728,0.0
4.951999999999988,2000.0,1999.972666053719,0.20832195334800765,0.20830770603939136,0.21051594028420872,0.0
4.952999999999989,2000.0,1999.9731755030905,0.20830785000389151,0.20829382555920786,0.2105012862506317,0.0
4.953999999999989,2000.0,1999.9736779514524,0.20829379451475385,0.2082799919542522,0.2104866870456686,0.0
4.954999999999989,2000.0,1999.974173427406,0.20827979204669797,0.2082662103118109,0.21047214772033207,0.0
4.95599999999999,2000.0,1999.9746619618695,0.2082658475350548,0.2082524854920955,0.21045767309722332,0.0
4.95699999999999,2000.0,1999.975143587971,0.20825196569111776,0.20823882213485237,0.21044326777720165,0.0
4.95799999999999,2000.0,1999.9756183409456,0.20823815100869789,0.20822522466581178,0.21042893614588992,0.0
4.958999999999991,2000.0,1999.9760862580367,0.2082244077702911,0.20821169730275732,0.21041468237979788,0.0
4.959999999999991,2000.0,1999.9765473783955,0.2082107400533969,0.20819824406175136,0.21040051045260205,0.0
4.960999999999991,2000.0,1999.9770017429892,0.20819715173657993,0.20818486876307693,0.2103864241411399,0.0
4.961999999999992,2000.0,1999.9774493945072,0.20818364650529228,0.20817157503698863,0.210372427031211,0.0
4.962999999999992,2000.0,1999.9778903772744,0.20817022785783942,0.20815836632956516,0.21035852252348014,0.0
4.963999999999992,2000.0,1999.9783247371627,0.20815689911078472,0.20814524590803665,0.21034471383885142,0.0
4.964999999999993,2000.0,1999.9787525215088,0.20814366340464893,0.20813221686637612,0.21033100402410737,0.0
4.965999999999993,2000.0,1999.9791737790338,0.20813052370924745,0.20811928213057496,0.21031739595723004,0.0
4.966999999999993,2000.0,1999.9795885597616,0.20811748282879627,0.20810644446364396,0.21030389235244484,0.0
4.967999999999994,2000.0,1999.9799969149472,0.20810454340739662,0.20809370647101558,0.21029049576566936,0.0
4.968999999999994,2000.0,1999.980398896998,0.20809170793360557,0.20808107060504866,0.21027720859905535,0.0
4.969999999999994,2000.0,1999.9807945594073,0.2080789787457406,0.208068539170239,0.21026403310624459,0.0
4.970999999999995,2000.0,1999.9811839566814,0.20806635803631118,0.20805611432757706,0.2102509713967622,0.0
4.971999999999995,2000.0,1999.9815671442745,0.20805384785693043,0.20804379809939047,0.2102380254409006,0.0
4.972999999999995,2000.0,1999.9819441785248,0.2080414501226884,0.20803159237362534,0.21022519707403592,0.0
4.973999999999996,2000.0,1999.9823151165892,0.20802916661657042,0.20801949890822674,0.21021248800104553,0.0
4.974999999999996,2000.0,1999.982680016385,0.20801699899398873,0.2080075193355657,0.21019989980077136,0.0
4.975999999999996,2000.0,1999.9830389365297,0.20800494878679107,0.2079956551663992,0.21018743393001235,0.0
4.976999999999997,2000.0,1999.9833919362875,0.20799301740746645,0.20798390779400322,0.21017509172769155,0.0
4.977999999999997,2000.0,1999.9837390755088,0.20798120615307258,0.2079722784980378,0.21016287441875264,0.0
4.978999999999997,2000.0,1999.9840804145836,0.20796951620931228,0.20796076844855704,0.21015078311820254,0.0
4.979999999999998,2000.0,1999.984416014388,0.20795794865414652,0.2079493787095664,0.21013881883469732,0.0
4.980999999999998,2000.0,1999.9847459362322,0.2079465044615512,0.20793811024271813,0.21012698247426717,0.0
4.981999999999998,2000.0,1999.9850702418184,0.20793518450532789,0.20792696391104473,0.2101152748440801,0.0
4.982999999999999,2000.0,1999.9853889931903,0.20792398956230929,0.20791594048214385,0.21010369665565135,0.0
4.983999999999999,2000.0,1999.9857022526905,0.2079129203160196,0.2079050406317624,0.21009224852845648,0.0
4.984999999999999,2000.0,1999.9860100829187,0.20790197736004476,0.2078942649471043,0.2100809309932648,0.0
4.986,2000.0,1999.9863125466898,0.2078911612011311,0.2078836139298895,0.21006974449522242,0.0
4.987,2000.0,1999.9866097069935,0.20788047226241732,0.20787308799953813,0.21005868939706032,0.0
4.988,2000.0,1999.986901626959,0.20786991088661952,0.2078626874962906,0.2100477659822395,0.0
4.989000000000001,2000.0,1999.9871883698142,0.20785947733882668,0.20785241268397348,0.2100369744577371,0.0
4.990000000000001,2000.0,1999.9874699988543,0.20784917180972004,0.2078422637531521,0.2100263149572237,0.0
4.991000000000001,2000.0,1999.9877465774052,0.20783899441819786,0.20783224082372892,0.21001578754368083,0.0
4.992000000000002,2000.0,1999.988018168793,0.2078289452141934,0.20782234394770654,0.21000539221218445,0.0
4.993000000000002,2000.0,1999.9882848363106,0.20781902418146078,0.2078125731119207,0.2099951288926588,0.0
4.994000000000002,2000.0,1999.9885466431895,0.2078092312400324,0.20780292824047641,0.20998499745232996,0.0
4.995000000000003,2000.0,1999.9888036525697,0.20779956624895707,0.2077934091974321,0.20997499769843,0.0
4.996000000000003,2000.0,1999.9890559274704,0.20779002900868537,0.2077840157891522,0.20996512938056644,0.0
4.997000000000003,2000.0,1999.98930353077,0.2077806192636206,0.20777474776680954,0.20995539219324294,0.0
4.998000000000004,2000.0,1999.989546525172,0.2077713367040636,0.20776560482829645,0.209945785777783,0.0
4.999000000000004,2000.0,1999.9897849731876,0.20776218096902174,0.20775658662100138,0.20993630972512778,0.0
5.000000000000004,1000.0,1991.8245527365114,-20.0,-19.614871941457906,-19.80403372106592,0.0
5.001000000000005,1000.0,1982.261625345515,-20.0,-19.634406665827473,-19.825138930214955,0.0
5.002000000000005,1000.0,1972.6957173180745,-20.0,-19.63768790655813,-19.829929075688213,0.0
5.003000000000005,1000.0,1963.1280641337034,-20.0,-19.640656953631172,-19.83446605657383,0.0
5.004000000000006,1000.0,1953.5587755450963,-20.0,-19.64335357681612,-19.83878759038902,0.0
5.005000000000006,1000.0,1943.9879489320017,-20.0,-19.64580271913141,-19.84291658608334,0.0
5.0060000000000064,1000.0,1934.415671279962,-20.0,-19.648026985647725,-19.846873699236873,0.0
5.007000000000007,1000.0,1924.842020201235,-20.0,-19.65004687134939,-19.850677554403163,0.0
5.008000000000007,1000.0,1915.267064858091,-20.0,-19.65188095940166,-19.854344938253018,0.0
5.0090000000000074,1000.0,1905.690866798284,-20.0,-19.653546100757815,-19.85789097445585,0.0
5.010000000000008,1000.0,1896.1134807109993,-20.0,-19.655057576867947,-19.861329282031306,0.0
5.011000000000008,1000.0,1886.5349551107854,-20.0,-19.656429247079668,-19.86467211873395,0.0
5.0120000000000084,1000.0,1876.955332956286,-20.0,-19.657673682171502,-19.867930510885557,0.0
5.013000000000009,1000.0,1867.3746522099293,-20.0,-19.658802285323862,-19.871114370935636,0.0
5.014000000000009,1000.0,1857.7929463441617,-20.0,-19.659825401710005,-19.874232603909824,0.0
5.0150000000000095,1000.0,1848.2102447992654,-20.0,-19.66075241777769,-19.877293203795332,0.0
5.01600000000001,1000.0,1838.6265733973569,-20.0,-19.661591851191876,-19.880303340814283,0.0
5.01700000000001,1000.0,1829.0419547166878,-20.0,-19.662351432317188,-19.883269440445112,0.0
5.0180000000000105,1000.0,1819.4564084300234,-20.0,-19.66303817803638,-19.88619725497117,0.0
5.019000000000011,1000.0,1809.869951610477,-20.0,-19.663658458625882,-19.889091928262022,0.0
5.020000000000011,1000.0,1800.2825990078907,-20.0,-19.664218058341877,-19.89195805442625,0.0
5.0210000000000115,1000.0,1790.6943632985437,-20.0,-19.664722230308712,-19.894799730914173,0.0
5.022000000000012,1000.0,1781.1052553107177,-20.0,-19.66517574624578,-19.897620606594174,0.0
5.023000000000012,1000.0,1771.5152842283949,-20.0,-19.665582941518604,-19.900423925277174,0.0
5.0240000000000125,1000.0,1761.9244577751758,-20.0,-19.66594775595409,-19.903212565118636,0.0
5.025000000000013,1000.0,1752.3327823802729,-20.0,-19.66627377081854,-19.90598907428714,0.0
5.026000000000013,1000.0,1742.740263328289,-20.0,-19.666564242319467,-19.90875570325184,0.0
5.0270000000000135,1000.0,1733.1469048943188,-20.0,-19.666822131958405,-19.911514434007735,0.0
5.028000000000014,1000.0,1723.5527104657579,-20.0,-19.66705013403089,-19.914267006527897,0.0
5.029000000000014,1000.0,1713.957682652091,-20.0,-19.66725070054214,-19.917014942704007,0.0
5.0300000000000145,1000.0,1704.3618233837915,-20.0,-19.667426063781548,-19.919759568012477,0.0
5.031000000000015,1000.0,1694.7651340013767,-20.0,-19.667578256776366,-19.92250203112066,0.0
5.032000000000015,1000.0,1685.167615335546,-20.0,-19.667709131823962,-19.9252433216275,0.0
5.0330000000000155,1000.0,1675.5692677792563,-20.0,-19.667820377283615,-19.927984286114786,0.0
5.034000000000016,1000.0,1665.9700913525023,-20.0,-19.667913532791488,-19.93072564266834,0.0
5.035000000000016,1000.0,1656.3700857604958,-20.0,-19.66799000304718,-19.933467994013675,0.0
5.0360000000000165,1000.0,1646.7692504458757,-20.0,-19.66805107030621,-19.936211839396865,0.0
5.037000000000017,1000.0,1637.167584635519,-20.0,-19.668097905700275,-19.938957585329092,0.0
5.038000000000017,1000.0,1627.5650873824663,-20.0,-19.668131579495412,-19.941705555302182,0.0
5.0390000000000175,1000.0,1617.9617576034368,-20.0,-19.668153070388122,-19.944455998572327,0.0
5.040000000000018,1000.0,1608.357594112351,-20.0,-19.668163273929878,-19.94720909810004,0.0
5.041000000000018,1000.0,1598.7525956502461,-20.0,-19.668163010162058,-19.94996497772601,0.0
5.0420000000000185,1000.0,1589.1467609119293,-20.0,-19.668153030535475,-19.952723708655096,0.0
5.043000000000019,1000.0,1579.540088569689,-20.0,-19.66813402418194,-19.95548531531388,0.0
5.044000000000019,1000.0,1569.9325772943475,-20.0,-19.668106623598685,-19.958249780641054,0.0
5.0450000000000195,1000.0,1560.3242257739066,-20.0,-19.668071409800902,-19.961017050864186,0.0
5.04600000000002,1000.0,1550.7150327300276,-20.0,-19.668028916992462,-19.9637870398116,0.0
5.04700000000002,1000.0,1541.104996932553,-20.0,-19.66797963680002,-19.96655963280329,0.0
5.0480000000000205,1000.0,1531.494117212262,-20.0,-19.66792402211166,-19.96933469016075,0.0
5.049000000000021,1000.0,1521.882392472035,-20.0,-19.667862490557223,-19.972112050371933,0.0
5.050000000000021,1000.0,1512.2698216965805,-20.0,-19.667795427663943,-19.97489153294382,0.0
5.0510000000000215,1000.0,1502.656403960869,-20.0,-19.667723189718053,-19.97767294097253,0.0
5.052000000000022,1000.0,1493.0421384374004,-20.0,-19.667646106359854,-19.98045606345756,0.0
5.053000000000022,1000.0,1483.4270244024235,-20.0,-19.667564482937337,-19.98324067738453,0.0
5.0540000000000225,1000.0,1473.8110612412113,-20.0,-19.667478602641093,-19.986026549598407,0.0
5.055000000000023,1000.0,1464.1942484524875,-20.0,-19.667388728441015,-19.988813438487313,0.0
5.056000000000023,1000.0,1454.5765856520911,-20.0,-19.667295104843376,-19.991601095494712,0.0
5.0570000000000235,1000.0,1444.958072575955,-20.0,-19.667197959485264,-19.99438926647655,0.0
5.058000000000024,1000.0,1435.3387090824724,-20.0,-19.667097504581466,-19.99717769291791,0.0
5.059000000000024,1000.0,1425.7184951543124,-20.0,-19.666993938237855,-19.999966113022985,0.0
5.0600000000000245,1000.0,1416.0974308997406,-20.0,-19.66688744564363,-20.002754262690072,0.0
5.061000000000025,1000.0,1406.4755165535048,-20.0,-19.6667782001539,-20.005541876382846,0.0
5.062000000000025,1000.0,1396.8527524773222,-20.0,-19.666666364272793,-20.008328687907873,0.0
5.0630000000000255,1000.0,1387.229139160016,-20.0,-19.66655209054653,-20.011114431107263,0.0
5.064000000000026,1000.0,1377.604677217346,-20.0,-19.666435522374773,-20.013898840474717,0.0
5.065000000000026,1000.0,1367.9793673915547,-20.0,-19.666316794748024,-20.016681651702385,0.0
5.0660000000000265,1000.0,1358.3532105506708,-20.0,-19.666196034917906,-20.01946260216511,0.0
5.067000000000027,1000.0,1348.7262076875954,-20.0,-19.66607336300665,-20.022241431348277,0.0
5.068000000000027,1000.0,1339.098359918996,-20.0,-19.665948892561502,-20.025017881224677,0.0
5.0690000000000275,1000.0,1329.469668484032,-20.0,-19.665822731059095,-20.02779169658529,0.0
5.070000000000028,1000.0,1319.8401347429292,-20.0,-19.665694980364623,-20.030562625328706,0.0
5.071000000000028,1000.0,1310.2097601754335,-20.0,-19.66556573714986,-20.03333041871297,0.0
5.0720000000000285,1000.0,1300.578546379142,-20.0,-19.665435093273988,-20.03609483157379,0.0
5.073000000000029,1000.0,1290.9464950677448,-20.0,-19.665303136130678,-20.0388556225123,0.0
5.074000000000029,1000.0,1281.3136080691834,-20.0,-19.665169948964504,-20.041612554055455,0.0
5.0750000000000295,1000.0,1271.6798873237356,-20.0,-19.665035611159603,-20.044365392791747,0.0
5.07600000000003,1000.0,1262.0453348820406,-20.0,-19.664900198503172,-20.047113909484832,0.0
5.07700000000003,1000.0,1252.409952903079,-20.0,-19.664763783426068,-20.049857879167153,0.0
5.0780000000000305,1000.0,1242.7737436521104,-20.0,-19.66462643522273,-20.052597081215723,0.0
5.079000000000031,1000.0,1233.136709498578,-20.0,-19.664488220252203,-20.05533129941177,0.0
5.080000000000031,1000.0,1223.4988529139887,-20.0,-19.66434920212219,-20.058060321986044,0.0
5.0810000000000315,1000.0,1213.8601764697746,-20.0,-19.664209441857537,-20.060783941651195,0.0
5.082000000000032,1000.0,1204.2206828351448,-20.0,-19.664068998054642,-20.063501955622563,0.0
5.083000000000032,1000.0,1194.5803747749242,-20.0,-19.663927927023142,-20.066214165628697,0.0
5.0840000000000325,1000.0,1184.9392551473961,-20.0,-19.663786282915954,-20.06892037791265,0.0
5.085000000000033,1000.0,1175.297326902141,-20.0,-19.663644117848776,-20.071620403225054,0.0
5.086000000000033,1000.0,1165.6545930778848,-20.0,-19.663501482010037,-20.074314056809882,0.0
5.0870000000000335,1000.0,1156.0110568003515,-20.0,-19.66335842376211,-20.077001158383755,0.0
5.088000000000034,1000.0,1146.3667212801306,-20.0,-19.663214989734623,-20.079681532109454,0.0
5.089000000000034,1000.0,1136.7215898105567,-20.0,-19.663071224910595,-20.08235500656445,0.0
5.0900000000000345,1000.0,1127.0756657656052,-20.0,-19.66292717270598,-20.085021414704844,0.0
5.091000000000035,1000.0,1117.428952597809,-20.0,-19.66278287504329,-20.087680593825514,0.0
5.092000000000035,1000.0,1107.78145383619,-20.0,-19.662638372419774,-20.090332385516685,0.0
5.0930000000000355,1000.0,1098.1331730842178,-20.0,-19.66249370397065,-20.092976635617596,0.0
5.094000000000036,1000.0,1088.4841140177869,-20.0,-19.6623489075279,-20.095613194167605,0.0
5.095000000000036,1000.0,1078.834280383221,-20.0,-19.662204019674828,-20.098241915354944,0.0
5.0960000000000365,1000.0,1069.1836759953005,-20.0,-19.66205907579703,-20.100862657463704,0.0
5.097000000000037,1000.0,1059.532304735316,-20.0,-19.66191411012983,-20.103475282819083,0.0
5.098000000000037,1000.0,1049.8801705491499,-20.0,-19.66176915580268,-20.10607965773139,0.0
5.0990000000000375,1000.0,1040.2272774453813,-20.0,-19.66162424488063,-20.10867565243885,0.0
5.100000000000038,1000.0,1030.5736294934245,-20.0,-19.661479408403302,-20.111263141049594,0.0
5.101000000000038,1000.0,1020.9192308216897,-20.0,-19.66133467642134,-20.113842001482805,0.0
5.1020000000000385,1000.0,1011.264085615776,-20.0,-19.66119007803082,-20.116412115409506,0.0
5.103000000000039,1000.0,1001.6081981166898,-20.0,-19.661045641405575,-20.1189733681928,0.0
5.104000000000039,1000.0,991.9515726190946,-20.0,-19.6609013938277,-20.12152564882794,0.0
5.1050000000000395,1000.0,982.2942134695877,-20.0,-19.660757361716406,-20.1240688498823,0.0
5.10600000000004,1000.0,972.6361250650064,-20.0,-19.66061357065527,-20.126602867435206,0.0
5.10700000000004,1000.0,962.9773118507633,-20.0,-19.660470045418148,-20.129127601018066,0.0
5.1080000000000405,1000.0,953.3177783192093,-20.0,-19.66032680999369,-20.131642953554405,0.0
5.109000000000041,1000.0,943.6575290080261,-20.0,-19.660183887608706,-20.13414883130036,0.0
5.110000000000041,1000.0,933.9965684986469,-20.0,-19.660041300750397,-20.13664514378543,0.0
5.1110000000000415,1000.0,924.3349014147043,-20.0,-19.65989907118758,-20.13913180375354,0.0
5.112000000000042,1000.0,914.6725324205095,-20.0,-19.659757219990915,-20.141608727104575,0.0
5.113000000000042,1000.0,905.0094662195544,-20.0,-19.659615767552307,-20.144075832836478,0.0
5.1140000000000425,1000.0,895.345707553046,-20.0,-19.65947473360346,-20.14653304298772,0.0
5.115000000000043,1000.0,885.6812611984664,-20.0,-19.659334137233657,-20.1489802825804,0.0
5.116000000000043,1000.0,876.016131968158,-20.0,-19.659193996906893,-20.151417479564007,0.0
5.1170000000000435,1000.0,866.3503247079396,-20.0,-19.65905433047828,-20.153844564759606,0.0
5.118000000000044,1000.0,856.683844295745,-20.0,-19.658915155209897,-20.15626147180486,0.0
5.119000000000044,1000.0,847.0166956402903,-20.0,-19.658776487786014,-20.158668137099596,0.0
5.1200000000000445,1000.0,837.3488836797661,-20.0,-19.658638344327827,-20.16106449975205,0.0
5.121000000000045,1000.0,827.6804133805556,-20.0,-19.65850074040766,-20.163450501525872,0.0
5.122000000000045,1000.0,818.0112897359777,-20.0,-19.658363691062736,-20.165826086787735,0.0
5.1230000000000455,1000.0,808.341517765055,-20.0,-19.65822721080843,-20.168191202455738,0.0
5.124000000000046,1000.0,798.6711025113068,-20.0,-19.658091313651166,-20.170545797948428,0.0
5.125000000000046,1000.0,789.0000490415655,-20.0,-19.65795601310092,-20.172889825134682,0.0
5.1260000000000465,1000.0,779.3283624448176,-20.0,-19.657821322183313,-20.175223238284154,0.0
5.127000000000047,1000.0,769.656047831067,-20.0,-19.65768725345137,-20.177545994018573,0.0
5.128000000000047,1000.0,759.9831103302247,-20.0,-19.657553818996963,-20.179858051263682,0.0
5.1290000000000475,1000.0,750.3095550910161,-20.0,-19.657421030461872,-20.182159371201944,0.0
5.130000000000048,1000.0,740.941649468284,-19.25575561404101,-18.92721942024185,-19.433621327890936,0.0
5.131000000000048,1000.0,732.0563049354072,-18.209476565337866,-17.90003871286983,-18.379192001427647,0.0
5.1320000000000485,1000.0,723.6625302898823,-17.193814412134678,-16.90252021918128,-17.354726298724668,0.0
5.133000000000049,1000.0,715.7453334577574,-16.21002921047729,-15.936187336884698,-16.36187851320889,0.0
5.134000000000049,1000.0,708.2898712322836,-15.257379758097581,-15.000332457057164,-15.400000632263332,0.0
5.1350000000000495,1000.0,701.2816157131496,-14.335121624533944,-14.094240678642896,-14.468428828941537,0.0
5.13600000000005,1000.0,694.7063550233651,-13.442521250605381,-13.217205716038697,-13.566500434067134,0.0
5.13700000000005,1000.0,688.5501923354143,-12.578856338657054,-12.368530530198814,-12.693555173210353,0.0
5.1380000000000505,1000.0,682.7995443859668,-11.743416101914441,-11.547527784018007,-11.848936192635055,0.0
5.139000000000051,1000.0,677.4411395340917,-10.935501469971026,-10.753520231971654,-11.031990987508987,0.0
5.140000000000051,1000.0,672.4620154072186,-10.154425254477285,-9.985841050348336,-10.242072239314158,0.0
5.1410000000000515,1000.0,667.8495161761548,-9.399512278259383,-9.243834113291129,-9.47853856841066,0.0
5.142000000000052,1000.0,663.5912894977204,-8.670099470896655,-8.526854219474753,-8.740755207443005,0.0
5.143000000000052,1000.0,659.6752831609341,-7.965535933599831,-7.834267273886225,-8.028094601017608,0.0
5.1440000000000525,1000.0,656.0897414701822,-7.285182976052411,-7.165450428840355,-7.339936936819295,0.0
5.145000000000053,1000.0,652.8232013964252,-6.628414127705366,-6.519792188046801,-6.675670613076353,0.0
5.146000000000053,1000.0,649.8644885252385,-5.994615125851638,-5.896692477251894,-6.034692647028606,0.0
5.1470000000000535,1000.0,647.2027128283476,-5.383183882649657,-5.2955626847038495,-5.4164090288026605,0.0
5.148000000000054,1000.0,644.8272642833007,-4.793530433116807,-4.715825674434663,-4.82023502485432,0.0
5.149000000000054,1000.0,642.7278083640164,-4.225076865972525,-4.156915775114006,-4.245595434901148,0.0
5.1500000000000545,1000.0,640.89428142315,-3.6772572390766314,-3.618278747008429,-3.691924806037651,0.0
5.151000000000055,1000.0,639.3168859855341,-3.149517481082526,-3.099371729373703,-3.1586676075043423,0.0
5.152000000000055,1000.0,637.9860859703675,-2.6413152808049496,-2.5996631704160365,-2.6452783693678255,0.0
5.1530000000000555,1000.0,636.8926018583414,-2.152119965689863,-2.118632741780632,-2.1512217881645874,0.0
5.154000000000056,1000.0,636.0274058184976,-1.681412370668042,-1.6557712393610224,-1.6759728023650045,0.0
5.155000000000056,1000.0,635.3817168083194,-1.228684698574373,-1.2105804720697735,-1.219016640326818,0.0
5.1560000000000565,1000.0,634.9469956593429,-0.793440373221376,-0.7825731400695296,-0.7798488432288708,0.0
5.157000000000057,1000.0,634.7149401594369,-0.3751938861286135,-0.37127270383302025,-0.35797526530693724,0.0
5.158000000000057,1000.0,634.6774801418551,0.026529362173352666,0.023786754721464118,0.04708794644849471,0.0
5.1590000000000575,1000.0,634.8267725901859,0.41219322542144,0.4030606778835941,0.435814391124158,0.0
5.160000000000058,1000.0,635.1551967674052,0.7822509787095271,0.7669941835613896,0.8086674693816187,0.0
5.161000000000058,1000.0,635.6553493764087,1.1371454886846166,1.1160222215119888,1.1661004538930415,0.0
5.1620000000000585,1000.0,636.3200397586061,1.4773093862067483,1.450569733543472,1.5085565731152475,0.0
5.163000000000059,1000.0,637.1422851364454,1.8031652408880703,1.7710518169198066,1.8364691069235621,0.0
5.164000000000059,1000.0,638.1153059050679,2.1151257369796603,2.077873890274878,2.15026149274,0.0
5.1650000000000595,1000.0,639.2325209776747,2.4135938501243714,2.3714318614098526,2.4503474408968344,0.0
5.16600000000006,1000.0,640.4875431886204,2.6989630245406175,2.652112296411385,2.7371310580770087,0.0
5.16700000000006,1000.0,641.874174757734,2.971617350244184,2.9202925895852,3.0110069777658,0.0
5.1680000000000605,1000.0,643.3864028188761,3.2319317399547245,3.176341133752528,3.2723604967357955,0.0
5.169000000000061,1000.0,645.0183950153187,3.480272105370382,3.4206174905054363,3.5215677166691512,0.0
5.170000000000061,1000.0,646.7644951641148,3.716995532526937,3.6534725600607407,3.7589956900967354,0.0
5.1710000000000615,1000.0,648.6192189912729,3.9424504559896647,3.875248750393316,3.9850025699055296,0.0
5.172000000000062,1000.0,650.5772499392045,4.156976831653825,4.086280145365805,4.199937761731013,0.0
5.173000000000062,1000.0,652.6334350476175,4.360906307956423,4.286892671605874,4.404142078613261,0.0
5.1740000000000625,1000.0,654.7827809087415,4.554562395325512,4.477404263912401,4.5979478973521175,0.0
5.175000000000063,1000.0,657.0204496975294,4.738260633715733,4.658125029000284,4.7816793160501865,0.0
5.176000000000063,1000.0,659.3417552772423,4.912308758098376,4.829357407418272,4.955652312380864,0.0
5.1770000000000636,1000.0,661.7421593806308,5.077006861793276,4.991396333497907,5.12017490216463,0.0
5.178000000000064,1000.0,664.2172678667248,5.232647557545828,5.144529393211578,5.275547297878028,0.0
5.179000000000064,1000.0,666.7628270530979,5.379516136268798,5.289036979837679,5.422062066759523,0.0
5.1800000000000646,1000.0,669.3747201233084,5.517890723381189,5.425192447346531,5.560004288210929,0.0
5.181000000000065,1000.0,672.0489636090877,5.648042432689927,5.55326226143697,5.68965171022683,0.0
5.182000000000065,1000.0,674.7817039467441,5.770235517771567,5.673506148167322,5.811274904614795,0.0
5.1830000000000656,1000.0,677.5692141071244,5.8847275208205225,5.786177240135829,5.925137420795876,0.0
5.184000000000066,1000.0,680.4078902984019,5.9917694189409545,5.891522220178115,6.031495938001873,0.0
5.185000000000066,1000.0,683.2942487408693,6.091605767866692,5.98978146255794,6.130600415707935,0.0
5.186000000000067,1000.0,686.224922512848,6.184474843101768,6.081189171637204,6.222694242161328,0.0
5.187000000000067,1000.0,689.19665846677,6.270608778480419,6.165973518018476,6.308014380886149,0.0
5.188000000000067,1000.0,692.2063142144261,6.350233702151488,6.244356772160478,6.386791515061841,0.0
5.189000000000068,1000.0,695.2508551803453,6.423569869997593,6.316555435473162,6.459250189689503,0.0
5.190000000000068,1000.0,698.3273517222204,6.490831796503752,6.382780368904188,6.525608951474632,0.0
5.191000000000068,1000.0,701.4329763172743,6.552228383094832,6.443236919033712,6.586080486368541,0.0
5.192000000000069,1000.0,704.5650008134359,6.607963043964212,6.498125041698106,6.640871754722448,0.0
5.193000000000069,1000.0,707.7207937441724,6.658233829419366,6.547639423166895,6.690184124019204,0.0
5.194000000000069,1000.0,710.8978177058171,6.703233546773237,6.5919695989006595,6.734213499157887,0.0
5.19500000000007,1000.0,714.093626796218,6.743149878811842,6.631300069919655,6.773150450274722,0.0
5.19600000000007,1000.0,717.305864113531,6.7781654998711325,6.665810416815529,6.807180338092081,0.0
5.19700000000007,1000.0,720.5322593139767,6.808458189557442,6.6956754114401695,6.836483436794304,0.0
5.198000000000071,1000.0,723.7706262273844,6.8342009441474545,6.721065126307374,6.861235054435378,0.0
5.199000000000071,1000.0,727.0188605293479,6.85556208570458,6.7421450417441,6.881605650889121,0.0
5.200000000000071,1000.0,730.2749374688283,6.872705368949518,6.759076150829053,6.897760953357366,0.0
5.201000000000072,1000.0,733.5369096500431,6.885790085923512,6.772015062157125,6.9098620694560715,0.0
5.202000000000072,1000.0,736.8029048674942,6.8949711684833375,6.781114100468781,6.918065597903164,0.0
5.203000000000072,1000.0,740.0711239930038,6.900399288667321,6.786521405183725,6.922523736835087,0.0
5.204000000000073,1000.0,743.3398389136318,6.90222095697154,6.788381026878107,6.923384389781649,0.0
5.205000000000073,1000.0,746.6073905193701,6.900578618576034,6.786833021745117,6.920791269331792,0.0
5.206000000000073,1000.0,749.8721867395269,6.895610747560388,6.7820135440783655,6.914883998524564,0.0
5.207000000000074,1000.0,753.132700626722,6.8874519391474855,6.774054936816877,6.905798210001002,0.0
5.208000000000074,1000.0,756.3874684874424,6.876233000014963,6.763085820191196,6.893665642954934,0.0
5.209000000000074,1000.0,759.6350880581189,6.862081036712379,6.749231178508547,6.878614237920811,0.0
5.210000000000075,1000.0,762.8742167257044,6.845119542222696,6.7326124451155875,6.860768229438457,0.0
5.211000000000075,1000.0,766.1035697917555,6.825468480705332,6.713347585575844,6.840248236634547,0.0
5.212000000000075,1000.0,769.3219187790373,6.8032443704583105,6.691551179099216,6.817171351761738,0.0
5.213000000000076,1000.0,772.5280897796906,6.778560365135789,6.667334498259604,6.7916512267361675,0.0
5.214000000000076,1000.0,775.720961844015,6.751526333256992,6.640805587036451,6.763798157714335,0.0
5.215000000000076,1000.0,778.8994654089588,6.7222489360421385,6.6120693372155,6.733719167750685,0.0
5.216000000000077,1000.0,782.0625807653972,6.690831703609511,6.5812275631825985,6.70151808757619,0.0
5.217000000000077,1000.0,785.2093365633302,6.657375109568342,6.548379075144877,6.667295634539295,0.0
5.218000000000077,1000.0,788.3388083541278,6.621976644040185,6.513619750811581,6.631149489748793,0.0
5.219000000000078,1000.0,791.450117168981,6.584730885142008,6.477042605567416,6.593174373459087,0.0
5.220000000000078,1000.0,794.5424281327358,6.545729568962461,6.4387378611693675,6.5534621187367454,0.0
5.221000000000078,1000.0,797.614949112294,6.50506165806285,6.398793012998143,6.512101743447397,0.0
5.222000000000079,1000.0,800.6669293988053,6.462813408533561,6.3572928958944415,6.469179520601363,0.0
5.223000000000079,1000.0,803.6976584228685,6.419068435635166,6.314319748608806,6.424779047094894,0.0
5.224000000000079,1000.0,806.7064645019942,6.3739077780540985,6.269953276894475,6.378981310884624,0.0
5.22500000000008,1000.0,809.692713619593,6.327409960800955,6.224270715270694,6.331864756630833,0.0
5.22600000000008,1000.0,812.6558082347683,6.279651056779601,6.177346887484185,6.283505349845299,0.0
5.22700000000008,1000.0,815.595186122214,6.230704747053997,6.1292542656951445,6.233976639578092,0.0
5.228000000000081,1000.0,818.5103192415304,6.180642379839478,6.08006302841391,6.183349819677313,0.0
5.229000000000081,1000.0,821.400712635286,6.129533028244351,6.029841117213655,6.131693788654848,0.0
5.230000000000081,1000.0,824.2659033551768,6.077443546787213,5.978654292243919,6.079075208190531,0.0
5.231000000000082,1000.0,827.1054594156357,6.024438626714538,5.926566186569007,6.025558560306088,0.0
5.232000000000082,1000.0,829.9189787742757,5.970580850142902,5.873638359355003,5.9712062032398325,0.0
5.233000000000082,1000.0,832.7060883385501,5.915930743049149,5.819930347928223,5.916078426051912,0.0
5.234000000000083,1000.0,835.4664429980384,5.860546827131751,5.765499718727733,5.860233501989508,0.0
5.235000000000083,1000.0,838.1997246817726,5.804485670565706,5.710402117173782,5.803727740640392,0.0
5.236000000000083,1000.0,840.905641440038,5.747801937672864,5.6546913164734685,5.746615538902525,0.0
5.237000000000084,1000.0,843.5839265500884,5.690548437529256,5.598419265384703,5.688949430796826,0.0
5.238000000000084,1000.0,846.2343376452372,5.632776171530363,5.541636134958824,5.630780136149413,0.0
5.239000000000084,1000.0,848.8566558667895,5.5745343799345655,5.484390364281666,5.572156608168719,0.0
5.240000000000085,1000.0,851.4506850382982,5.5158705874051766,5.4267287052328905,5.513126079942765,0.0
5.241000000000085,1000.0,854.0162508616374,5.4568306475702215,5.368696266282299,5.4537341098805,0.0
5.242000000000085,1000.0,856.5532001343943,5.397458786619284,5.310336555341935,5.394024626121003,0.0
5.243000000000086,1000.0,859.0613999880974,5.337797645956197,5.25169152169226,5.334039969933609,0.0
5.244000000000086,1000.0,861.5407371468069,5.277888323925688,5.192801597000049,5.273820938131133,0.0
5.245000000000086,1000.0,863.9911172056034,5.217770416631919,5.1337057354455045,5.2134068245180565,0.0
5.246000000000087,1000.0,866.4124639285188,5.157482057866451,5.074441452975654,5.15283546039486,0.0
5.247000000000087,1000.0,868.8047185654686,5.09705995816294,5.015044865700878,5.0921432541393,0.0
5.248000000000087,1000.0,871.1678391877548,5.036539442995168,4.9555507274508,5.031365229884575,0.0
5.249000000000088,1000.0,873.5018000417059,4.9759544901347486,4.8959924665054,4.970535065313831,0.0
5.250000000000088,1000.0,875.8065909200492,4.915337766184988,4.836402221517504,4.909685128590487,0.0
5.251000000000088,1000.0,878.082216550602,4.8547206623063826,4.7768108766416395,4.84884651444261,0.0
5.252000000000089,1000.0,880.3286960018879,4.79413332914926,4.717248095884488,4.78804907941954,0.0
5.253000000000089,1000.0,882.546062105287,4.733604711008773,4.6577423566916965,4.72732147633844,0.0
5.254000000000089,1000.0,884.7343608933397,4.673162579217235,4.598320982785714,4.666691187938088,0.0
5.25500000000009,1000.0,886.8936510538333,4.6128335647881515,4.539010176268669,4.606184559756539,0.0
5.25600000000009,1000.0,889.0240033993032,4.552643190326418,4.479835049004366,4.545826832249083,0.0
5.25700000000009,1000.0,891.1255003515956,4.49261590121868,4.420819653293148,4.485642172162546,0.0
5.258000000000091,1000.0,893.1982354411382,4.432775096117497,4.361987011852895,4.425653703181348,0.0
5.259000000000091,1000.0,895.2423128205788,4.373143156733202,4.303359147119733,4.365883535860895,0.0
5.260000000000091,1000.0,897.2578467924571,4.313741476946186,4.244957109880964,4.306352796862699,0.0
5.261000000000092,1000.0,899.2449613505792,4.254590491253138,4.186801007253363,4.2470816575061665,0.0
5.262000000000092,1000.0,901.2037897347763,4.1957097025597445,4.128910030019121,4.188089361651013,0.0
5.263000000000092,1000.0,903.1344739987301,4.137117709332491,4.0713024793318064,4.129394252924218,0.0
5.264000000000093,1000.0,905.0371645905606,4.078832232122038,4.013995792804541,4.071013801305208,0.0
5.265000000000093,1000.0,906.9120199458688,4.020870139469963,3.9570065699919175,4.0129646290821785,0.0
5.266000000000093,1000.0,908.7592060929454,3.963247473211281,3.9003505972778734,3.9552625361930427,0.0
5.267000000000094,1000.0,910.5788962698492,3.9059794731839848,3.844042872180465,3.897922524963178,0.0
5.268000000000094,1000.0,912.3712705530796,3.849080601357463,3.7880976270852043,3.8409588242527644,0.0
5.269000000000094,1000.0,914.1365154975568,3.7925645653908413,3.732528352417783,3.7843849130255913,0.0
5.270000000000095,1000.0,915.8748237876449,3.736444341632636,3.6773478192673372,3.7282135433514907,0.0
5.271000000000095,1000.0,917.586393898948,3.6807321975724023,3.6225681014707387,3.67245676285379,0.0
5.272000000000095,1000.0,919.27142977062,3.625439713755327,3.568200597168659,3.6171259366134203,0.0
5.273000000000096,1000.0,920.9301404879309,3.570577805170168,3.5142560498435964,3.562231768540664,0.0
5.274000000000096,1000.0,922.56273997484,3.5161567421210616,3.4607445688502287,3.5077843222256577,0.0
5.275000000000096,1000.0,924.1694466963351,3.462186170593451,3.407675649448102,3.4537930412783853,0.0
5.276000000000097,1000.0,925.7504833702877,3.4086751321239266,3.3550581923463443,3.400266769168483,0.0
5.277000000000097,1000.0,927.3060766886016,3.3556320831841893,3.302900522770351,3.347213768575438,0.0
5.278000000000097,1000.0,928.8364570474142,3.3030649140886688,3.251210409059889,3.2946417402591983,0.0
5.279000000000098,1000.0,930.3418582861331,3.2509809674354013,3.199995080807975,3.2425578414610694,0.0
5.280000000000098,1000.0,931.8225174350797,3.199387056089457,3.149261246549734,3.1909687038446295,0.0
5.281000000000098,1000.0,933.2786744715316,3.1482894807184176,3.099015111010526,3.1398804509863907,0.0
5.282000000000099,1000.0,934.7105720839453,3.097694046888738,3.0492623919220407,3.089298715425368,0.0
5.283000000000099,1000.0,936.1184554441564,3.047606081732032,3.0000083364152568,3.039228655280837,0.0
5.284000000000099,1000.0,937.5025719873511,2.9980304501900674,2.9512577369988975,2.9896749704473136,0.0
5.2850000000001,1000.0,938.8631711996153,2.9489715708472817,2.9030149471320454,2.9406419183757526,0.0
5.2860000000001,1000.0,940.2005044128603,2.900433431358759,2.8552838963987406,2.892133329449139,0.0
5.2870000000001,1000.0,941.5148246069398,2.8524196034829177,2.8080681052936454,2.84415262196186,0.0
5.288000000000101,1000.0,942.8063862187696,2.80493325772631,2.7613706996260747,2.7967028167104564,0.0
5.289000000000101,1000.0,944.0754449582687,2.7579771776090025,2.715194424550707,2.7497865512043176,0.0
5.290000000000101,1000.0,945.3222576309423,2.711553773558542,2.669541658232872,2.7034060935045083,0.0
5.291000000000102,1000.0,946.5470819669322,2.6656650964400277,2.624414425155799,2.65756335569833,0.0
5.292000000000102,1000.0,947.7501764563641,2.6203128507302997,2.579814409077724,2.612259907017732,0.0
5.293000000000102,1000.0,948.9318001908251,2.5754984073435336,2.535742965646034,2.5674969866089996,0.0
5.294000000000103,1000.0,950.0922127108042,2.531222816115819,2.4922011346758697,2.5232755159613074,0.0
5.295000000000103,1000.0,951.2316738589409,2.4874868179560066,2.4491896521004226,2.479596111001576,0.0
5.296000000000103,1000.0,952.350443638922,2.4442908566698986,2.4067089615998394,2.4364590938627333,0.0
5.297000000000104,1000.0,953.4487820798729,2.401635090464856,2.3647592259157046,2.3938645043325057,0.0
5.298000000000104,1000.0,954.526949106095,2.359519403141873,2.3233403378580757,2.3518121109898855,0.0
5.299000000000104,1000.0,955.5852044120024,2.317943414981791,2.2824519310115927,2.310301422035948,0.0
5.300000000000105,1000.0,956.6238073421131,2.276906493332361,2.2420933901473075,2.2693316958258043,0.0
5.301000000000105,1000.0,957.643016775956,2.2364077629028145,2.2022638613467733,2.2289019511083765,0.0
5.302000000000105,1000.0,958.6430910177573,2.1964461157722424,2.1629622618445783,2.1890109769803066,0.0
5.303000000000106,1000.0,959.6242876907677,2.1570202211182057,2.1241872895957012,2.1496573425605034,0.0
5.304000000000106,1000.0,960.5868636361057,2.118128534671974,2.0859374325739264,2.110839406391694,0.0
5.305000000000106,1000.0,961.5310748159847,2.079769307906115,2.0482109778069875,2.072555325574754,0.0
5.306000000000107,1000.0,962.4571762211979,2.04194059696084,2.0110060201547433,2.0348030646422446,0.0
5.307000000000107,1000.0,963.3654217827448,2.004640271314772,1.9743204708359512,1.997580404176818,0.0
5.308000000000107,1000.0,964.2560642874698,1.9678660222059792,1.9381520657094096,1.960884949180377,0.0
5.309000000000108,1000.0,965.129355297606,1.9316153708090398,1.9024983733151353,1.9247141371997487,0.0
5.310000000000108,1000.0,965.9855450741026,1.8958856761736003,1.8673568026809428,1.8890652462143431,0.0
5.311000000000108,1000.0,966.8248825036287,1.8606741429300584,1.8327246108999973,1.853935402291454,0.0
5.312000000000109,1000.0,967.6476150291443,1.8259778287675346,1.7985989104844018,1.819321587014361,0.0
5.313000000000109,1000.0,968.4539885839267,1.7917936516896216,1.764976676500223,1.7852206446887275,0.0
5.314000000000109,1000.0,969.2442475289579,1.7581183970530483,1.731854753489033,1.7516292893324508,0.0
5.31500000000011,1000.0,970.0186345935617,1.7249487243941533,1.6992298621807622,1.718544111453852,0.0
5.31600000000011,1000.0,970.7773908191981,1.6922811740485233,1.667098606003138,1.685961584623557,0.0
5.31700000000011,1000.0,971.5207555063162,1.6601121735683462,1.6354574773922115,1.6538780718446575,0.0
5.318000000000111,1000.0,972.2489661641685,1.6284380439423691,1.6043028639087573,1.6222898317260044,0.0
5.319000000000111,1000.0,972.9622584635001,1.5972550056234236,1.5736310541654328,1.5911930244636099,0.0
5.320000000000111,1000.0,973.660866192017,1.5665591843676836,1.5434382435688254,1.5605837176343502,0.0
5.321000000000112,1000.0,974.3450212125501,1.536346616890603,1.5137205398812061,1.530457891806872,0.0
5.322000000000112,1000.0,975.0149534238251,1.5066132563436692,1.4844739686061288,1.5008114459738966,0.0
5.323000000000112,1000.0,975.6708907237593,1.4773549776166992,1.4556944782024492,1.4716402028105917,0.0
5.324000000000113,1000.0,976.3130589752012,1.448567582469435,1.427377945130512,1.4429399137627987,0.0
5.325000000000113,1000.0,976.9416819740314,1.4202468044970091,1.3995201787350053,1.4147062639697074,0.0
5.326000000000113,1000.0,977.5569814195529,1.3923883139334468,1.37211692596854,1.3869348770250847,0.0
5.327000000000114,1000.0,978.1591768870888,1.3649877222967337,1.3451638759594682,1.3596213195806468,0.0
5.328000000000114,1000.0,978.7484858027187,1.338040586880013,1.3186566644284137,1.332761105796107,0.0
5.329000000000114,1000.0,979.3251234200789,1.3115424150922967,1.2925908779568407,1.3063497016392867,0.0
5.330000000000115,1000.0,979.8893027991572,1.285488668652729,1.2669620581116454,1.2803825290403401,0.0
5.331000000000115,1000.0,980.4412347870161,1.259874767641986,1.2417657054292792,1.2548549699036544,0.0
5.332000000000115,1000.0,980.9811280003723,1.23469609441453,1.2169972832630809,1.229762369981171,0.0
5.333000000000116,1000.0,981.509188809975,1.209947997375264,1.1926522214972894,1.2051000426106482,0.0
5.334000000000116,1000.0,982.025621326713,1.1856257946238946,1.168725920131001,1.1808632723221892,0.0
5.335000000000116,1000.0,982.5306273893955,1.161724777470819,1.1452137527358073,1.1570473183168324,0.0
5.336000000000117,1000.0,983.02440655414,1.1382402138273262,1.1221110697898944,1.133647417820026,0.0
5.337000000000117,1000.0,983.5071560853146,1.115167351473901,1.0994132018922833,1.1106587893137352,0.0
5.338000000000117,1000.0,983.9790709479755,1.0925014212095205,1.0771154628600839,1.088076635650097,0.0
5.339000000000118,1000.0,984.4403438017428,1.0702376398851032,1.0552131527118573,1.0658961470497685,0.0
5.340000000000118,1000.0,984.8911649960637,1.048371213324398,1.0337015605403368,1.0441125039882735,0.0
5.341000000000118,1000.0,985.3317225668101,1.0268973391350453,1.0125759672771628,1.0227208799730523,0.0
5.342000000000119,1000.0,985.7622022341574,1.0058112094128528,0.9918316483526453,1.0017164442142654,0.0
5.343000000000119,1000.0,986.182787401698,0.9851080133422813,0.9714638762535024,0.981094364192365,0.0
5.344000000000119,1000.0,986.5936591567379,0.9647829396956636,0.9514679229810495,0.9608498081249316,0.0
5.34500000000012,1000.0,986.9949962717333,0.9448311792342723,0.93183906241288,0.9409779473358841,0.0
5.34600000000012,1000.0,987.3869752068182,0.9252479270136356,0.9125725725704456,0.9214739585294994,0.0
5.34700000000012,1000.0,987.7697701133784,0.9060283845958682,0.8936637377952079,0.9023330259719601,0.0
5.348000000000121,1000.0,988.1435528386355,0.8871677621716335,0.8751078508359555,0.8835503435830732,0.0
5.349000000000121,1000.0,988.5084929311863,0.8686612805939701,0.85690021484949,0.865121116940387,0.0
5.350000000000121,1000.0,988.8647576474709,0.8505041733270258,0.8390361453176534,0.8470405651987414,0.0
5.351000000000122,1000.0,989.2125119591191,0.8326916883113621,0.821510971882335,0.8293039229269029,0.0
5.352000000000122,1000.0,989.5519185611422,0.8152190897488405,0.8043200401014412,0.811906441864328,0.0
5.353000000000122,1000.0,989.8831378809313,0.7980816598089202,0.7874587131275851,0.7948433925998327,0.0
5.354000000000123,1000.0,990.2063280880255,0.7812747002590279,0.770922373312151,0.7781100661748674,0.0
5.355000000000123,1000.0,990.5216451046155,0.7647935340207174,0.7547064237364011,0.7617017756130933,0.0
5.356000000000123,1000.0,990.8292426167467,0.7486335066542746,0.738806289672239,0.7456138573789157,0.0
5.357000000000124,1000.0,991.1292720861928,0.7327899877734578,0.723217419974279,0.7298416727666462,0.0
5.358000000000124,1000.0,991.4218827629618,0.7172583723925479,0.7079352884053914,0.7143806092225075,0.0
5.359000000000124,1000.0,991.7072216984056,0.7020340822079084,0.6929553948978497,0.6992260816016254,0.0
5.360000000000125,1000.0,991.9854337589062,0.6871125668157905,0.6782732667518044,0.6843735333617736,0.0
5.361000000000125,1000.0,992.2566616401048,0.6724893048682722,0.6638844597729345,0.6698184376957439,0.0
5.362000000000125,1000.0,992.521045881645,0.6581598051692579,0.6497845593511704,0.6555562986042665,0.0
5.363000000000126,1000.0,992.7787248824066,0.6441196077125552,0.6359691814824727,0.6415826519114929,0.0
5.364000000000126,1000.0,993.0298349161994,0.6303642846634163,0.6224339737350323,0.6278930662244319,0.0
5.365000000000126,1000.0,993.2745101478916,0.6168894412855751,0.6091746161618725,0.6144831438383457,0.0
5.366000000000127,1000.0,993.5128826499497,0.6036907168154471,0.5961868221615161,0.6013485215897937,0.0
5.367000000000127,1000.0,993.7450824193629,0.5907637852849476,0.5834663392881212,0.588484871658753,0.0
5.368000000000127,1000.0,993.9712373949307,0.5781043562948149,0.5710089500129705,0.5758879023217194,0.0
5.369000000000128,1000.0,994.1914734748891,0.5657081757397554,0.5588104724385639,0.5635533586570685,0.0
5.370000000000128,1000.0,994.4059145348534,0.5535710264871179,0.5468667609670606,0.5514770232044356,0.0
5.371000000000128,1000.0,994.6146824460586,0.5416887290106227,0.5351737069244806,0.5396547165795557,0.0
5.372000000000129,1000.0,994.8178970938721,0.5300571419803125,0.5237272391418958,0.5280822980458015,0.0
5.373000000000129,1000.0,995.0156763965629,0.5186721628106069,0.512523324495412,0.5167556660442536,0.0
5.374000000000129,1000.0,995.2081363243082,0.5075297281675405,0.5015579684060162,0.5056707586833862,0.0
5.37500000000013,1000.0,995.3953909184135,0.4966258144363723,0.49082721530045,0.49482355418954943,0.0
5.37600000000013,1000.0,995.5775523107332,0.4859564381514303,0.4803271490349623,0.48421007132012217,0.0
5.37700000000013,1000.0,995.754730743273,0.4755176563891052,0.47005389328280606,0.47382636974021436,0.0
5.378000000000131,1000.0,995.9270345879567,0.46530556712514903,0.46000361188664746,0.46366855036410287,0.0
5.379000000000131,1000.0,996.0945703665396,0.45531630955780267,0.4501725091773556,0.45373275566288523,0.0
5.380000000000131,1000.0,996.2574427706573,0.4455460643978098,0.4405568302602387,0.44401516993943285,0.0
5.381000000000132,1000.0,996.4157546819894,0.4359910541263785,0.4311528612697536,0.4345120195716833,0.0
5.382000000000132,1000.0,996.5696071925263,0.42664754322239473,0.42195692959397607,0.42521957322557413,0.0
5.383000000000132,1000.0,996.7190996249275,0.4175118383599131,0.412965404069826,0.41613414203862553,0.0
5.384000000000133,1000.0,996.8643295529492,0.40858028857691,0.40417469515005355,0.407252079775188,0.0
5.385000000000133,1000.0,997.0053928219407,0.3998492854166133,0.3955812550432212,0.398569782954608,0.0
5.386000000000133,1000.0,997.142383569385,0.3913152630419938,0.38718157782731,0.3900836909529428,0.0
5.387000000000134,1000.0,997.2753942454789,0.38297469832484854,0.37897219953831596,0.38179028607960963,0.0
5.388000000000134,1000.0,997.4045156337384,0.37482411091015605,0.3709496982345448,0.3736860936296831,0.0
5.389000000000134,1000.0,997.5298368716199,0.3668600632568685,0.3631106940376985,0.36576768191294823,0.0
5.390000000000135,1000.0,997.6514454711407,0.3590791606556024,0.35545184915125905,0.35803166226021654,0.0
5.391000000000135,1000.0,997.7694273394991,0.3514780512248717,0.34796986785775175,0.3504746890085098,0.0
5.392000000000135,1000.0,997.8838667996716,0.3440534258859186,0.34066149649494853,0.34309345946516595,0.0
5.393000000000136,1000.0,997.9948466109889,0.3368020183175118,0.3335235234123748,0.33588471385225016,0.0
5.394000000000136,1000.0,998.1024479896729,0.32972060489141086,0.3265527789087817,0.32884523523193615,0.0
5.395000000000136,1000.0,998.2067506293317,0.32280600458909603,0.3197461351511863,0.32197184941346746,0.0
5.396000000000137,1000.0,998.3078327214014,0.31605507890085316,0.3131005060765623,0.3152614248427907,0.0
5.397000000000137,1000.0,998.4057709755269,0.30946473170768485,0.3066128472766063,0.3087108724752912,0.0
5.398000000000137,1000.0,998.5006406398751,0.3030319091469523,0.3002801558665196,0.3023171456325785,0.0
5.399000000000138,1000.0,998.5925155213715,0.29675359946237123,0.2940994703383673,0.29607723984388734,0.0
5.400000000000138,1000.0,998.6814680058562,0.29062683283908963,0.2880678703997855,0.2899881926728745,0.0
5.401000000000138,1000.0,998.7675690781468,0.2846486812244417,0.28218247679855357,0.2840470835303303,0.0
5.402000000000139,1000.0,998.8508883420088,0.2788162581352337,0.27644045113394516,0.27825103347372615,0.0
5.403000000000139,1000.0,998.9314940400226,0.273126718451921,0.27083899565515046,0.27259720499389434,0.0
5.404000000000139,1000.0,999.0094530733431,0.26757725820041056,0.26537535304752663,0.26708280178960186,0.0
5.40500000000014,1000.0,999.0848310213466,0.26216511432218736,0.2600468062073481,0.2617050685306944,0.0
5.40600000000014,1000.0,999.157692161156,0.2568875644330485,0.25485067800535655,0.2564612906101137,0.0
5.40700000000014,1000.0,999.2280994870471,0.2517419265715631,0.24978433104016812,0.2513487938858529,0.0
5.408000000000141,1000.0,999.2961147297237,0.24672555893698725,0.24484516738132206,0.2463649444126315,0.0
5.409000000000141,1000.0,999.3617983754594,0.2418358596179189,0.2400306283031882,0.2415071481645168,0.0
5.410000000000141,1000.0,999.4252096851052,0.23707026631182954,0.23533819400991354,0.23677285074867266,0.0
5.411000000000142,1000.0,999.4864067129527,0.23242625603588507,0.23076538335176194,0.2321595371105905,0.0
5.412000000000142,1000.0,999.5454463254551,0.22790134482990138,0.2263097535337285,0.22766473123169165,0.0
5.413000000000142,1000.0,999.6023842197976,0.22349308745151772,0.2219688998164752,0.22328599581934572,0.0
5.414000000000143,1000.0,999.6572749423186,0.2191990770643393,0.21774045521034185,0.2190209319900639,0.0
5.415000000000143,1000.0,999.7101719067739,0.21501694491908196,0.213622090162463,0.2148671789458973,0.0
5.416000000000143,1000.0,999.7611274124433,0.21094436002874928,0.20961151223799854,0.21082241364505477,0.0
5.417000000000144,1000.0,999.8101926620769,0.20697902883769087,0.20570646579534355,0.2068843504666026,0.0
5.418000000000144,1000.0,999.8574177796798,0.20311869488520426,0.20190473165594391,0.20305074086987682,0.0
5.419000000000144,1000.0,999.9028518281289,0.19936113846398582,0.19820412676904767,0.199319373048939,0.0
5.420000000000145,1000.0,999.9465428266219,0.19570417627381714,0.1946025038717418,0.19568807158242615,0.0
5.421000000000145,1000.0,999.9885377679597,0.19214566107099001,0.1910977511448098,0.19215469707933303,0.0
5.422000000000145,1000.0,1000.0288826356531,0.1886834813135334,0.18768779186441767,0.18871714582073335,0.0
5.423000000000146,1000.0,1000.0676224208596,0.18531556080270276,0.18437058405013418,0.18537334939794686,0.0
5.424000000000146,1000.0,1000.1048011391425,0.1820398583212065,0.1811441201097138,0.1821212743475839,0.0
5.425000000000146,1000.0,1000.140461847056,0.17885436726827364,0.178006426480774,0.1789589217835966,0.0
5.426000000000147,1000.0,1000.1746466585508,0.17575711529191493,0.17495556326968836,0.17588432702666115,0.0
5.427000000000147,1000.0,1000.2073967612024,0.1727461639188007,0.171989623888137,0.17289555923133254,0.0
5.428000000000147,1000.0,1000.2387524322581,0.169819608181795,0.16910673468731585,0.16999072101097235,0.0
5.429000000000148,1000.0,1000.2687530545062,0.1669755762456836,0.16630505459038497,0.16716794806103222,0.0
5.430000000000148,1000.0,1000.2974371319607,0.16421222903108157,0.16358277472309526,0.16442540878063044,0.0
5.431000000000148,1000.0,1000.3248423053651,0.16152775983702566,0.16093811804311897,0.16176130389294865,0.0
5.432000000000149,1000.0,1000.3510053675155,0.1589203939624656,0.15836933896827998,0.15917386606464576,0.0
5.433000000000149,1000.0,1000.3759622783987,0.15638838832650478,0.15587472300354613,0.1566613595241458,0.0
5.434000000000149,1000.0,1000.3997481801471,0.15393003108820325,0.1534525863675776,0.15422207967960125,0.0
5.43500000000015,1000.0,1000.4223974118119,0.15154364126580777,0.15110127561869896,0.15185435273639417,0.0
5.43600000000015,1000.0,1000.4439435239519,0.14922756835558915,0.14881916728047595,0.14955653531435703,0.0
5.43700000000015,1000.0,1000.4644192930372,0.1469801919506368,0.146604667467243,0.14732701406505871,0.0
5.438000000000151,1000.0,1000.4838567356734,0.14479992135989378,0.14445621150983914,0.14516420528941618,0.0
5.439000000000151,1000.0,1000.502287122639,0.1426851952270813,0.14237226358125019,0.14306655455532122,0.0
5.440000000000151,1000.0,1000.5197409927408,0.14063448115051813,0.1403513163230999,0.14103253631623563,0.0
5.441000000000152,1000.0,1000.5362481664883,0.138646275303327,0.1383918904725153,0.13906065353026964,0.0
5.442000000000152,1000.0,1000.5518377595839,0.13671910205443338,0.13649253448976595,0.13714943728014803,0.0
5.443000000000152,1000.0,1000.5665381962324,0.13485151359053618,0.13465182418685023,0.13529744639423433,0.0
5.444000000000153,1000.0,1000.5803772222688,0.13304208953926364,0.13286836235722457,0.13350326706881116,0.0
5.445000000000153,1000.0,1000.5933819181067,0.13128943659340012,0.13114077840659022,0.13176551249152552,0.0
5.446000000000153,1000.0,1000.6055787115052,0.1295921881366317,0.12946772798515366,0.1300828224664198,0.0
5.447000000000154,1000.0,1000.616993390159,0.1279490038707181,0.1278478926212913,0.12845386304047485,0.0
5.448000000000154,1000.0,1000.6276511141076,0.12635856944425444,0.12627997935674964,0.12687732613179598,0.0
5.449000000000154,1000.0,1000.6375764279692,0.12481959608335916,0.12476272038375172,0.1253519291598147,0.0
5.450000000000155,1000.0,1000.6467932729965,0.12333082022399783,0.12329487268369586,0.12387641467718613,0.0
5.451000000000155,1000.0,1000.6553249989599,0.1218910031465362,0.12187521766802549,0.12244955000396629,0.0
5.452000000000155,1000.0,1000.6631943758524,0.12049893061201647,0.1205025608208015,0.12107012686359248,0.0
5.453000000000156,1000.0,1000.6704236054236,0.11915341250097303,0.11917573134375543,0.11973696102145162,0.0
5.454000000000156,1000.0,1000.6770343325411,0.11785328245429244,0.11789358180334944,0.11844889192555644,0.0
5.455000000000156,1000.0,1000.6830476563794,0.1165973975165017,0.11665498778020762,0.11720478234969464,0.0
5.456000000000157,1000.0,1000.688484141442,0.11538463778154029,0.11545884752099184,0.11600351803912415,0.0
5.457000000000157,1000.0,1000.69336382841,0.11421390604086701,0.11430408159256103,0.11484400735864983,0.0
5.458000000000157,1000.0,1000.6977062448296,0.11308412743441726,0.11318963253891969,0.11372518094358988,0.0
5.459000000000158,1000.0,1000.701530415626,0.11199424910395497,0.11211446454053443,0.11264599135320613,0.0
5.460000000000158,1000.0,1000.7048548734587,0.11094323984944528,0.11107756307658784,0.11160541272717076,0.0
5.461000000000158,1000.0,1000.7076976689106,0.10993008978800053,0.1100779345897657,0.11060244044465897,0.0
5.462000000000159,1000.0,1000.710076380515,0.1089538100157059,0.10911460615388531,0.10963609078637926,0.0
5.463000000000159,1000.0,1000.7120081246234,0.10801343227245047,0.10818662514444989,0.10870540059962219,0.0
5.464000000000159,1000.0,1000.7135095651115,0.1071080086096281,0.10729305891202613,0.10780942696622511,0.0
5.46500000000016,1000.0,1000.7145969229305,0.10623661106089763,0.10643299445862783,0.10694724687363412,0.0
5.46600000000016,1000.0,1000.7152859854989,0.10539833131594242,0.10560553811704022,0.10611795688899678,0.0
5.46700000000016,1000.0,1000.7155921159433,0.10459228039740573,0.10480981523326346,0.10532067283646351,0.0
5.468000000000161,1000.0,1000.7155302621818,0.10381758834084742,0.10404496985191176,0.10455452947753172,0.0
5.469000000000161,1000.0,1000.7151149658595,0.1030734038779858,0.1033101644048511,0.10381868019471668,0.0
5.470000000000161,1000.0,1000.7143603711305,0.10235889412296563,0.10260457940279984,0.1031122966782694,0.0
5.471000000000162,1000.0,1000.7132802332931,0.10167324426208174,0.10192741313032498,0.10243456861637724,0.0
5.472000000000162,1000.0,1000.7118879272786,0.10101565724661858,0.10127788134388832,0.10178470338849624,0.0
5.473000000000162,1000.0,1000.7101964559922,0.10038535348891392,0.10065521697307211,0.10116192576194577,0.0
5.474000000000163,1000.0,1000.7082184585121,0.09978157056185671,0.10005866982516198,0.10056547759194256,0.0
5.475000000000163,1000.0,1000.7059662181454,0.09920356290167795,0.09948750629298556,0.09999461752497119,0.0
5.476000000000163,1000.0,1000.7034516703432,0.09865060151394581,0.09894100906586481,0.09944862070534563,0.0
5.477000000000164,1000.0,1000.7006864104778,0.09812197368313993,0.09841847684411333,0.09892677848539685,0.0
5.478000000000164,1000.0,1000.6976817014812,0.09761698268531864,0.09791922405655562,0.098428398138757,0.0
5.479000000000164,1000.0,1000.6944484813469,0.09713494750438448,0.09744258058158367,0.09795280257725869,0.0
5.480000000000165,1000.0,1000.6909973705004,0.09667520255165234,0.09698789147145578,0.0974993300711513,0.0
5.481000000000165,1000.0,1000.6873386790353,0.09623709738873576,0.09655451667986033,0.09706733397265543,0.0
5.482000000000165,1000.0,1000.683482413817,0.09581999645390274,0.09614183079287504,0.09665618244298702,0.0
5.483000000000166,1000.0,1000.6794382854612,0.09542327879183607,0.09574922276328539,0.09626525818281159,0.0
5.484000000000166,1000.0,1000.6752157151799,0.09504633778667429,0.09537609564811585,0.09589395816598259,0.0
5.485000000000166,1000.0,1000.6708238415051,0.09468858089861473,0.0950218663496614,0.09554169337685027,0.0
5.486000000000167,1000.0,1000.666271526886,0.0943494294037372,0.09468596535968703,0.09520788855080675,0.0
5.487000000000167,1000.0,1000.6615673641642,0.09402831813734869,0.0943678365070775,0.09489198191834974,0.0
5.488000000000167,1000.0,1000.656719682928,0.09372469524057184,0.09406693670868588,0.09459342495241124,0.0
5.489000000000168,1000.0,1000.6517365557462,0.0934380219104293,0.09378273572360663,0.0943116821191774,0.0
5.490000000000168,1000.0,1000.6466258042846,0.09316777215321086,0.09351471591067775,0.09404623063220172,0.0
5.491000000000168,1000.0,1000.6413950053063,0.0929134325412369,0.09326237198932197,0.09379656020992172,0.0
5.492000000000169,1000.0,1000.6360514965573,0.09267450197291442,0.09302521080361657,0.09356217283646641,0.0
5.493000000000169,1000.0,1000.6306023825375,0.09245049143616117,0.09280275108968078,0.09334258252584383,0.0
5.494000000000169,1000.0,1000.6250545401628,0.09224092377514884,0.09259452324631767,0.0931373150894444,0.0
5.49500000000017,1000.0,1000.6194146243145,0.09204533346032354,0.09240006910888288,0.09294590790683029,0.0
5.49600000000017,1000.0,1000.6136890732835,0.09186326636171889,0.0922189417263742,0.09276790969980565,0.0
5.49700000000017,1000.0,1000.6078841141041,0.09169427952547145,0.09205070514169124,0.09260288030971374,0.0
5.498000000000171,1000.0,1000.6020057677855,0.09153794095371984,0.0918949341752022,0.0924503904781003,0.0
5.499000000000171,1000.0,1000.5960598544373,0.09139382938761462,0.0917512142113663,0.09231002163048778,0.0
5.500000000000171,1000.0,992.0011954643944,0.09126153409362692,0.11605281597649435,0.11731448373820869,18.0
5.501000000000172,1000.0,983.710714564389,0.81067901704326,0.8478735393165566,0.8569415561244671,18.0
5.502000000000172,1000.0,975.766765827367,1.5135970493036763,1.5616982193127953,1.5783708723070866,18.0
5.503000000000172,1000.0,968.1588988346139,2.1961658422618444,2.2533852046390734,2.2774191942786794,18.0
5.504000000000173,1000.0,960.8766665073388,2.858898000516243,2.92363727783629,2.9547966333272684,18.0
5.505000000000173,1000.0,953.9099625712472,3.502316792513411,3.573152290669944,3.6112084465235226,18.0
5.506000000000173,1000.0,947.2490066160843,4.126927875684519,4.202593332510328,4.247324892900437,18.0
5.507000000000174,1000.0,940.8843281259101,4.733220191204464,4.8125912497343775,4.863783767132745,18.0
5.508000000000174,1000.0,934.8067517331489,5.321666960624418,5.403747132517156,5.461192900765236,18.0
5.509000000000174,1000.0,929.0073835978446,5.8927265967050975,5.976634573764173,6.040132433716241,18.0
5.510000000000175,1000.0,923.4775988084816,6.446843535426942,6.531801720561987,6.601156876601999,18.0
5.511000000000175,1000.0,918.2090297105124,6.984448996681529,7.069773137913666,7.1447969838255485,18.0
5.512000000000175,1000.0,913.1935550776906,7.505961680437249,7.591051502647135,7.671561455487479,18.0
5.513000000000176,1000.0,908.4232900494084,8.011788404520768,8.096119143676114,8.18193848445821,18.0
5.514000000000176,1000.0,903.8905767645687,8.502324689565562,8.585439443246722,8.676397163394856,18.0
5.515000000000176,1000.0,899.5879756291539,8.977955296145302,9.059458112403979,9.155388765076061,18.0
5.516000000000177,1000.0,895.5082571606545,9.439054718626926,9.518604352646536,9.619347908151614,18.0
5.517000000000177,1000.0,891.6443943579445,9.885987639841506,9.963291914592851,10.068693619247568,18.0
5.518000000000177,1000.0,887.9895555501025,10.319109350275717,10.393920063445762,10.503830301320665,18.0
5.519000000000178,1000.0,884.5370976821052,10.738766135129737,10.810874460105572,10.925148617208633,18.0
5.520000000000178,1000.0,881.2805599993479,11.145295632264222,11.214527965933847,11.333026296465153,18.0
5.521000000000178,1000.0,878.213658096562,11.53902716376659,11.60524137840313,11.727828872791626,18.0
5.522000000000179,1000.0,875.3302782999772,11.920282043603319,11.983364104174711,12.109910358676043,18.0
5.523000000000179,1000.0,872.6244723545566,12.289373863586064,12.349234775519232,12.479613863213407,18.0
5.524000000000179,1000.0,870.0904523907892,12.646608759663293,12.7031818154273,12.837272158506753,18.0
5.52500000000018,1000.0,867.7225861479648,12.992285660355215,13.045523956245239,13.183208199528586,18.0
5.52600000000018,1000.0,865.5153924330322,13.326696518972385,13.376570716206247,13.517735601851037,18.0
5.52700000000018,1000.0,863.4635367961231,13.650126531100375,13.696622837808746,13.841159081228453,18.0
5.528000000000181,1000.0,861.5618274056098,13.962854338688551,14.005972691614046,14.153774858631012,18.0
5.529000000000181,1000.0,859.8052111071755,14.26515222195134,14.304904648692782,14.455871033980237,18.0
5.530000000000181,1000.0,858.1887696528362,14.557286280173315,14.593695424639696,14.747727931522967,18.0
5.531000000000182,1000.0,856.7077160871705,14.839516602403346,14.872614397796108,15.029618419496078,18.0
5.532000000000182,1000.0,855.3573912791971,15.112097428927553,15.141923904066106,15.301808206477382,18.0
5.533000000000182,1000.0,854.1332605894203,15.375277304324811,15.40187951048385,15.564556116586363,18.0
5.534000000000183,1000.0,853.0309106625284,15.629299222830241,15.652730269481976,15.818114345488269,18.0
5.535000000000183,1000.0,852.0460463371121,15.874400766662268,15.894718955624578,16.06272869896614,18.0
5.536000000000183,1000.0,851.1744876645505,16.11081423790501,16.12808228639873,16.29863881565394,18.0
5.537000000000184,1000.0,850.4121670299385,16.338766784481088,16.353051128506237,16.52607837536967,18.0
5.538000000000184,1000.0,849.7551263685662,16.558480520697742,16.569850690958887,16.745275294347795,18.0
5.539000000000184,1000.0,849.1995144720465,16.77017264280285,16.77870070615562,16.95645190854399,18.0
5.540000000000185,1000.0,848.7415843787127,16.97405553994562,16.979815600007914,17.15982514607225,18.0
5.541000000000185,1000.0,848.3776908433822,17.170336900898423,17.173404652076986,17.355606689730905,18.0
5.5420000000001854,1000.0,848.1042878820147,17.359219816862463,17.359672146595035,17.544003130482146,18.0
5.543000000000186,1000.0,847.9179263871744,17.54090288064877,17.538817515158982,17.725216112665393,18.0
5.544000000000186,1000.0,847.8152518105638,17.7155802824987,17.71103547181065,17.89944247165019,18.0
5.5450000000001864,1000.0,847.7930019092063,17.883441902782693,17.876516141148837,18.066874364565543,18.0
5.546000000000187,1000.0,847.8480045521436,18.044673401793425,18.035445180057565,18.227699394681423,18.0
5.547000000000187,1000.0,847.9771755847748,18.199456306829624,18.188003893579605,18.382100729963177,18.0
5.5480000000001874,1000.0,848.1775167481917,18.34796809674774,18.334369345413883,18.530257216269007,18.0
5.549000000000188,1000.0,848.4461136510795,18.490382284142626,18.474714463470225,18.672343485615958,18.0
5.550000000000188,1000.0,848.7801337919435,18.62686849530347,18.609208140874323,18.80853005989938,18.0
5.5510000000001885,1000.0,849.1768246295953,18.757592548077334,18.738015332778403,18.938983450413907,18.0
5.552000000000189,1000.0,849.6335116999842,18.88271652776099,18.861297149299887,19.06386625349095,18.0
5.553000000000189,1000.0,850.1475967776082,19.002398861130622,18.979210944880325,19.18333724253836,18.0
5.5540000000001895,1000.0,850.7165560798585,19.116794388708875,19.09191040432914,19.29755145674033,18.0
5.55500000000019,1000.0,851.3379385127786,19.226054435360528,19.199545625792943,19.406660286652347,18.0
5.55600000000019,1000.0,852.0093639568111,19.330326879299054,19.302263200867724,19.510811556903107,18.0
5.5570000000001905,1000.0,852.728521591215,19.429756219580156,19.400206292052438,19.61014960619668,18.0
5.558000000000191,1000.0,853.4931682559093,19.524483642150834,19.49351470772304,19.70481536478959,18.0
5.559000000000191,1000.0,854.3011268495899,19.614647084517735,19.58232497479086,19.7949464296023,18.0
5.5600000000001915,1000.0,855.1502847630302,19.700381299092072,19.666770409193024,19.880677137109224,18.0
5.561000000000192,1000.0,856.0385923465436,19.781817915264583,19.746981184350442,19.9621386341394,18.0
5.562000000000192,1000.0,856.9640614106467,19.859085500259084,19.823084397715817,20.039458946707395,18.0
5.5630000000001925,1000.0,857.9247637590139,19.932309618809644,19.895204135523855,20.112763046984142,18.0
5.564000000000193,1000.0,858.918177381726,20.0,19.961879384722447,20.180573779165336,18.0
5.565000000000193,1000.0,859.9165359552555,20.0,19.962137483061067,20.181261594594197,18.0
5.5660000000001935,1000.0,860.915145316353,20.0,19.962321782542446,20.181872491394998,18.0
5.567000000000194,1000.0,861.9139914658568,20.0,19.962488140711727,20.182462958048212,18.0
5.568000000000194,1000.0,862.9130650741662,20.0,19.96263831509085,20.183034763507564,18.0
5.5690000000001945,1000.0,863.9123575989556,20.0,19.962773856212426,20.183589468529046,18.0
5.570000000000195,1000.0,864.9118612073923,20.0,19.962896166442533,20.18412848511101,18.0
5.571000000000195,1000.0,865.9115687085448,20.0,19.963006514163183,20.184653090751535,18.0
5.5720000000001955,1000.0,866.9114734922564,20.0,19.963106046569443,20.185164441312516,18.0
5.573000000000196,1000.0,867.9115694738643,20.0,19.9631958012443,20.185663582654833,18.0
5.574000000000196,1000.0,868.9118510442081,20.0,19.96327671662806,20.186151461161973,18.0
5.5750000000001965,1000.0,869.9123130244212,20.0,19.963349641487795,20.186628933258234,18.0
5.576000000000197,1000.0,870.9129506250483,20.0,19.963415343482414,20.187096774017483,18.0
5.577000000000197,1000.0,871.9137594090749,20.0,19.96347451690965,20.1875556849494,18.0
5.5780000000001975,1000.0,872.9147352584957,20.0,19.963527789713208,20.18800630104176,18.0
5.579000000000198,1000.0,873.9158743440844,20.0,19.963575729820587,20.188449197129707,18.0
5.580000000000198,1000.0,874.9171730980573,20.0,19.963618850875626,20.18888489365637,18.0
5.5810000000001985,1000.0,875.9186281893554,20.0,19.963657617423536,20.189313861882987,18.0
5.582000000000199,1000.0,876.9202365012951,20.0,19.963692449600686,20.189736528601003,18.0
5.583000000000199,1000.0,877.9219951113594,20.0,19.963723727376486,20.19015328039376,18.0
5.5840000000001995,1000.0,878.9239012729266,20.0,19.963751794390095,20.19056446749086,18.0
5.5850000000002,1000.0,879.925952398751,20.0,19.96377696142074,20.190970407254003,18.0
5.5860000000002,1000.0,880.9281460460261,20.0,19.963799509526506,20.19137138732956,18.0
5.5870000000002005,1000.0,881.9304799028836,20.0,19.963819692883405,20.19176766849973,18.0
5.588000000000201,1000.0,882.9329517761852,20.0,19.96383774135322,20.192159487260927,18.0
5.589000000000201,1000.0,883.9355595804882,20.0,19.963853862806143,20.192547058155725,18.0
5.5900000000002015,1000.0,884.9383013280697,20.0,19.963868245221533,20.19293057588159,18.0
5.591000000000202,1000.0,885.9411751199098,20.0,19.96388105858803,20.19331021719798,18.0
5.592000000000202,1000.0,886.9441791375411,20.0,19.963892456622226,20.193686142650915,18.0
5.5930000000002025,1000.0,887.947311635684,20.0,19.963902578323104,20.194058498132495,18.0
5.594000000000203,1000.0,888.9505709355843,20.0,19.963911549378082,20.194427416291195,18.0
5.595000000000203,1000.0,889.9539554190019,20.0,19.96391948343472,20.1947930178071,18.0
5.5960000000002035,1000.0,890.9574635227688,20.0,19.963926483250958,20.19515541254505,18.0
5.597000000000204,1000.0,891.9610937338787,20.0,19.96393264173552,20.1955147005973,18.0
5.598000000000204,1000.0,892.9648445850459,20.0,19.96393804288891,20.195870973226377,18.0
5.5990000000002045,1000.0,893.9687146506951,20.0,19.96394276265456,20.196224313717504,18.0
5.600000000000205,1000.0,894.9727025433364,20.0,19.963946869688638,20.19657479814929,18.0
5.601000000000205,1000.0,895.9768069102928,20.0,19.963950426056375,20.19692249609064,18.0
5.6020000000002055,1000.0,896.9810264307434,20.0,19.96395348786185,20.19726747123071,18.0
5.603000000000206,1000.0,897.9853598130537,20.0,19.963956105817637,20.19760978194846,18.0
5.604000000000206,1000.0,898.98980579236,20.0,19.963958325760025,20.197949481827514,18.0
5.6050000000002065,1000.0,899.9943631283954,20.0,19.963960189115035,20.19828662012158,18.0
5.606000000000207,1000.0,900.9990306035223,20.0,19.96396173331993,20.19862124217515,18.0
5.607000000000207,1000.0,902.0038070209567,20.0,19.96396299220445,20.1989533898038,18.0
5.6080000000002075,1000.0,903.0086912031657,20.0,19.963963996335636,20.199283101637832,18.0
5.609000000000208,1000.0,904.0136819904216,20.0,19.963964773329717,20.199610413432872,18.0
5.610000000000208,1000.0,905.018778239496,20.0,19.96396534813423,20.199935358350626,18.0
5.6110000000002085,1000.0,906.0239788224827,20.0,19.96396574328312,20.20025796721245,18.0
5.612000000000209,1000.0,907.0292826257355,20.0,19.96396597912758,20.20057826872857,18.0
5.613000000000209,1000.0,908.0346885489082,20.0,19.963966074044734,20.200896289705152,18.0
5.6140000000002095,1000.0,909.0401955040925,20.0,19.963966044626446,20.20121205523129,18.0
5.61500000000021,1000.0,910.0458024150358,20.0,19.963965905850117,20.201525588848053,18.0
5.61600000000021,1000.0,911.0515082164419,20.0,19.963965671233066,20.20183691270102,18.0
5.6170000000002105,1000.0,912.0573118533348,20.0,19.963965352972288,20.202146047678124,18.0
5.618000000000211,1000.0,913.063212280489,20.0,19.96396496207076,20.202453013534086,18.0
5.619000000000211,1000.0,914.0692084619159,20.0,19.963964508451756,20.20275782900277,18.0
5.6200000000002115,1000.0,915.0752993703991,20.0,19.963964001062173,20.203060511898588,18.0
5.621000000000212,1000.0,916.0814839870793,20.0,19.963963447966073,20.20336107920804,18.0
5.622000000000212,1000.0,917.0877613010757,20.0,19.96396285642916,20.203659547172265,18.0
5.6230000000002125,1000.0,918.0941303091512,20.0,19.96396223299536,20.203955931361612,18.0
5.624000000000213,1000.0,919.1005900154053,20.0,19.963961583555907,20.204250246742816,18.0
5.625000000000213,1000.0,920.1071394310012,20.0,19.96396091341196,20.204542507739617,18.0
5.6260000000002135,1000.0,921.1137775739197,20.0,19.963960227331167,20.20483272828737,18.0
5.627000000000214,1000.0,922.1205034687385,20.0,19.963959529598863,20.20512092188236,18.0
5.628000000000214,1000.0,923.1273161464308,20.0,19.96395882406434,20.205407101626076,18.0
5.6290000000002145,1000.0,924.1342146441887,20.0,19.963958114182724,20.205691280265246,18.0
5.630000000000215,1000.0,925.1411980052593,20.0,19.963957403052856,20.205973470227804,18.0
5.631000000000215,1000.0,926.1482652788029,20.0,19.96395669345152,20.206253683655248,18.0
5.6320000000002155,1000.0,927.1554155197617,20.0,19.963955987864445,20.206531932431822,18.0
5.633000000000216,1000.0,928.162647788743,20.0,19.96395528851428,20.206808228210647,18.0
5.634000000000216,1000.0,929.169961151915,20.0,19.963954597385985,20.207082582437337,18.0
5.6350000000002165,1000.0,930.1773546809115,20.0,19.9639539162497,20.20735500637107,18.0
5.636000000000217,1000.0,931.184827452748,20.0,19.963953246681523,20.207625511103664,18.0
5.637000000000217,1000.0,932.1923785497455,20.0,19.963952590082194,20.20789410757649,18.0
5.6380000000002175,1000.0,933.2000070594618,20.0,19.963951947694113,20.208160806595856,18.0
5.639000000000218,1000.0,934.2077120746309,20.0,19.96395132061662,20.208425618846576,18.0
5.640000000000218,1000.0,935.2154926931069,20.0,19.963950709819905,20.208688554904278,18.0
5.6410000000002185,1000.0,936.2233480178145,20.0,19.963950116157513,20.20894962524628,18.0
5.642000000000219,1000.0,937.2312771567044,20.0,19.96394954037772,20.209208840261407,18.0
5.643000000000219,1000.0,938.2392792227132,20.0,19.96394898313377,20.20946621025867,18.0
5.6440000000002195,1000.0,939.2473533337251,20.0,19.963948444993147,20.20972174547501,18.0
5.64500000000022,1000.0,940.2554986125413,20.0,19.96394792644599,20.20997545608222,18.0
5.64600000000022,1000.0,941.2637141868496,20.0,19.963947427912647,20.210227352193073,18.0
5.6470000000002205,1000.0,942.2719991891954,20.0,19.963946949750575,20.21047744386671,18.0
5.648000000000221,1000.0,943.2803527569596,20.0,19.9639464922605,20.21072574111348,18.0
5.649000000000221,1000.0,944.2887740323348,20.0,19.963946055692062,20.210972253899147,18.0
5.6500000000002215,1000.0,945.2972621623045,20.0,19.963945640248873,20.211216992148596,18.0
5.651000000000222,1000.0,946.305816298625,20.0,19.9639452460931,20.21145996574917,18.0
5.652000000000222,1000.0,947.3144355978062,20.0,19.963944873349636,20.211701184553444,18.0
5.6530000000002225,1000.0,948.3231192210981,20.0,19.96394452210982,20.211940658381724,18.0
5.654000000000223,1000.0,949.3318663344731,20.0,19.96394419243485,20.21217839702423,18.0
5.655000000000223,1000.0,950.3406761086134,20.0,19.963943884358848,20.21241441024293,18.0
5.6560000000002235,1000.0,951.3495477188967,20.0,19.963943597891607,20.2126487077731,18.0
5.657000000000224,1000.0,952.3584803453849,20.0,19.963943333021135,20.21288129932472,18.0
5.658000000000224,1000.0,953.3674731728105,20.0,19.963943089715897,20.213112194583562,18.0
5.6590000000002245,1000.0,954.3765253905659,20.0,19.963942867926843,20.213341403212112,18.0
5.660000000000225,1000.0,955.3856361926913,20.0,19.963942667589325,20.213568934850414,18.0
5.661000000000225,1000.0,956.3948047778664,20.0,19.963942488624685,20.213794799116595,18.0
5.6620000000002255,1000.0,957.4040303493964,20.0,19.963942330941848,20.21401900560741,18.0
5.663000000000226,1000.0,958.4133121152043,20.0,19.963942194438612,20.21424156389851,18.0
5.664000000000226,1000.0,959.4226492878195,20.0,19.963942079002944,20.214462483544807,18.0
5.6650000000002265,1000.0,960.4320410843677,20.0,19.963941984514076,20.214681774080535,18.0
5.666000000000227,1000.0,961.4414867265612,20.0,19.963941910843484,20.214899445019334,18.0
5.667000000000227,1000.0,962.4509854406883,20.0,19.963941857855843,20.21511550585426,18.0
5.6680000000002275,1000.0,963.4605364576046,20.0,19.963941825409822,20.215329966057713,18.0
5.669000000000228,1000.0,964.4701390127206,20.0,19.963941813358822,20.215542835081266,18.0
5.670000000000228,1000.0,965.4797923459931,20.0,19.963941821551682,20.21575412235555,18.0
5.6710000000002285,1000.0,966.4894957019158,20.0,19.963941849833237,20.215963837289944,18.0
5.672000000000229,1000.0,967.4992483295057,20.0,19.963941898044894,20.21617198927238,18.0
5.673000000000229,1000.0,968.5090494822956,20.0,19.963941966025114,20.21637858766902,18.0
5.6740000000002295,1000.0,969.5188984183222,20.0,19.963942053609866,20.21658364182391,18.0
5.67500000000023,1000.0,970.5287944001157,20.0,19.963942160633014,20.21678716105869,18.0
5.67600000000023,1000.0,971.5387366946876,20.0,19.963942286926695,20.216989154672156,18.0
5.6770000000002305,1000.0,972.548724573521,20.0,19.963942432321623,20.21718963193991,18.0
5.678000000000231,1000.0,973.5587573125579,20.0,19.963942596647403,20.217388602113967,18.0
5.679000000000231,1000.0,974.5688341921889,20.0,19.963942779732786,20.217586074422325,18.0
5.6800000000002315,1000.0,975.5789544972398,20.0,19.963942981405914,20.21778205806858,18.0
5.681000000000232,1000.0,976.5891175169618,20.0,19.963943201494512,20.21797656223145,18.0
5.682000000000232,1000.0,977.5993225450173,20.0,19.963943439826114,20.2181695960644,18.0
5.6830000000002325,1000.0,978.6095688794683,20.0,19.963943696228196,20.218361168695175,18.0
5.684000000000233,1000.0,979.596059407448,19.941274901465704,19.90633868986514,20.160220135230773,18.0
5.685000000000233,1000.0,980.5541017532803,19.881030871339842,19.847190124992498,20.10050588776018,18.0
5.6860000000002335,1000.0,981.4841277553913,19.822137060083275,19.789358480011174,20.042114820489946,18.0
5.687000000000234,1000.0,982.386769205143,19.764587080951273,19.7328405985279,19.98504397007764,18.0
5.688000000000234,1000.0,983.2626484944914,19.70835734376101,19.67761404605431,19.929270848410937,18.0
5.6890000000002345,1000.0,984.1123772725999,19.653424384162097,19.623656424073275,19.874772999699907,18.0
5.690000000000235,1000.0,984.9365565195883,19.599764986022855,19.57094551268437,19.821528144870335,18.0
5.691000000000235,1000.0,985.7357766350951,19.547356186501858,19.51945928198256,19.769514193052725,18.0
5.6920000000002355,1000.0,986.5106175316024,19.496175279801072,19.469175901434657,19.718709251059053,18.0
5.693000000000236,1000.0,987.261648731948,19.44619982042737,19.420073748226972,19.66909163183148,18.0
5.694000000000236,1000.0,987.9894294705665,19.3974076260055,19.372131414679142,19.620639861957493,18.0
5.6950000000002365,1000.0,988.6945087980384,19.34977677967653,19.32532771480486,19.573332688331924,18.0
5.696000000000237,1000.0,989.3774256885602,19.3032856321132,19.27964169009281,19.527149084038733,18.0
5.697000000000237,1000.0,990.0387091499877,19.257912803180947,19.23505261457489,19.482068253519373,18.0
5.6980000000002375,1000.0,990.6788783361264,19.213637183271,19.191539999242284,19.438069637088,18.0
5.699000000000238,1000.0,991.2984426609805,19.170437934329804,19.14908359586496,19.39513291484882,18.0
5.700000000000238,1000.0,991.8979019146825,19.12829449060694,19.10766340026476,19.3532380100656,18.0
5.7010000000002385,1000.0,992.4777463808629,19.08718655914245,19.067259655088552,19.312365092029488,18.0
5.702000000000239,1000.0,993.0384569552309,19.04709412001224,19.027852852123086,19.2724945784668,18.0
5.703000000000239,1000.0,993.5805052651615,19.00799742634901,18.989423734189714,19.233607137524555,18.0
5.7040000000002395,1000.0,994.104353790091,18.96987700415488,18.95195329665418,19.195683689369,18.0
5.70500000000024,1000.0,994.6104559825558,18.932713651920796,18.915422788583353,19.158705407428812,18.0
5.70600000000024,1000.0,995.0992563897075,18.89648844006618,18.879813713577875,19.122653719311888,18.0
5.7070000000002405,1000.0,995.5711907751598,18.861182710211857,18.84510783030758,19.087510307422416,18.0
5.708000000000241,1000.0,996.0266862410301,18.82677807429791,18.811287152773993,19.05325710930259,18.0
5.709000000000241,1000.0,996.466161350054,18.793256413557636,18.77833395032241,19.019876317721305,18.0
5.7100000000002415,1000.0,996.8900262476574,18.76059987735763,18.746230747423795,18.9873503805301,18.0
5.711000000000242,1000.0,997.2986827838787,18.728790881913493,18.71496032324543,18.95566200030517,18.0
5.712000000000242,1000.0,997.6925246350496,18.697812108890325,18.68450571102764,18.924794133792894,18.0
5.7130000000002426,1000.0,998.0719374251416,18.667646503895668,18.654850197282148,18.894729991174216,18.0
5.714000000000243,1000.0,998.437298846699,18.63827727487312,18.625977320826845,18.865453035162844,18.0
5.715000000000243,1000.0,998.788978781281,18.609687890403528,18.597870871670278,18.83694697995045,18.0
5.7160000000002436,1000.0,999.1273394193473,18.58186207792059,18.570514889758204,18.809195790011362,18.0
5.717000000000244,1000.0,999.4527353795235,18.55478382184693,18.543893663593344,18.78218367877766,18.0
5.718000000000244,1000.0,999.7655138271824,18.528437361656753,18.517991728739055,18.75589510719572,18.0
5.7190000000002446,1000.0,1000.066014592295,18.502807189870733,18.49279386621665,18.730314782173778,18.0
5.720000000000245,1000.0,1000.3545702865013,18.477878049988007,18.468285100805005,18.705427654929164,18.0
5.721000000000245,1000.0,1000.6315064193498,18.453634934360082,18.44445069925062,18.681218919243488,18.0
5.722000000000246,1000.0,1000.8971415136716,18.430063082011785,18.421276168396375,18.657674009634103,18.0
5.723000000000246,1000.0,1001.1517872200475,18.40714797641303,18.398747253235353,18.6347785994481,18.0
5.724000000000246,1000.0,1001.395748430335,18.38487534320567,18.376849934896686,18.61251859888602,18.0
5.725000000000247,1000.0,1001.6293233902235,18.363231147889337,18.355570428569376,18.59088015296109,18.0
5.726000000000247,1000.0,1001.8528038107888,18.3422015934697,18.33489518136971,18.569849639399898,18.0
5.727000000000247,1000.0,1002.0664749790192,18.321773118072848,18.314810870157665,18.549413666489702,18.0
5.728000000000248,1000.0,1002.270615867294,18.301932392528773,18.295304399307103,18.52955907087737,18.0
5.729000000000248,1000.0,1002.4654992417896,18.28266631792709,18.27636289843416,18.510272915324446,18.0
5.730000000000248,1000.0,1002.6513917697924,18.263962023147894,18.25797372008826,18.491542486422688,18.0
5.731000000000249,1000.0,1002.8285541259045,18.24580686237059,18.240124437409783,18.47335529227432,18.0
5.732000000000249,1000.0,1002.9972410971255,18.228188412563227,18.222802841757833,18.455699060140347,18.0
5.733000000000249,1000.0,1003.1577016867973,18.211094470954627,18.20599694031167,18.43856173406072,18.0
5.73400000000025,1000.0,1003.3101792173965,18.194513052491942,18.189694953649116,18.421931472449593,18.0
5.73500000000025,1000.0,1003.4549114321671,18.178432387285646,18.173885313304776,18.40579664566865,18.0
5.73600000000025,1000.0,1003.5921305955833,18.162840918044207,18.15855665931116,18.390145833581567,18.0
5.737000000000251,1000.0,1003.7220635926348,18.147727297500296,18.143697837725064,18.374967823092156,18.0
5.738000000000251,1000.0,1003.8449320269249,18.13308038583047,18.12929789814187,18.36025160566874,18.0
5.739000000000251,1000.0,1003.96095231758,18.118889248070225,18.11534609120007,18.345986374857308,18.0
5.740000000000252,1000.0,1004.070335794963,18.10514315152606,18.10183186607824,18.332161523785565,18.0
5.741000000000252,1000.0,1004.1732887951889,18.091831563186147,18.088744867986396,18.31876664266,18.0
5.742000000000252,1000.0,1004.2700127534389,18.078944147131114,18.076074935653722,18.305791516257926,18.0
5.743000000000253,1000.0,1004.3607042960717,18.06647076194665,18.063812098814612,18.29322612141653,18.0
5.744000000000253,1000.0,1004.4455553315312,18.05440145813892,18.051946575694483,18.281060624520478,18.0
5.745000000000253,1000.0,1004.5247531400524,18.042726475554602,18.040468770497274,18.26928537898997,18.0
5.746000000000254,1000.0,1004.5984804621608,18.031436240806233,18.029369270895682,18.25789092277043,18.0
5.747000000000254,1000.0,1004.6669155859755,18.020521364704745,18.018638845526283,18.246867975825925,18.0
5.748000000000254,1000.0,1004.7302324333107,18.00997263969957,18.008268441489975,18.236207437636967,18.0
5.749000000000255,1000.0,1004.7886006445812,17.999781037327992,17.998249181859748,18.225900384704577,18.0
5.750000000000255,1000.0,1004.8421856625156,17.989937705674425,17.988572363196564,18.215938068061533,18.0
5.751000000000255,1000.0,1004.8911488146811,17.980433966840824,17.979229453074662,18.206311910792202,18.0
5.752000000000256,1000.0,1004.935647394824,17.97126131442887,17.970212087617192,18.19701350556179,18.0
5.753000000000256,1000.0,1004.9758347430312,17.96241141103501,17.96151206904319,18.188034612156223,18.0
5.754000000000256,1000.0,1005.0118603247165,17.953876085759042,17.9531213632269,18.17936715503353,18.0
5.755000000000257,1000.0,1005.0438698084428,17.94564733172727,17.94503209727036,18.171003220887876,18.0
5.756000000000257,1000.0,1005.0720051425783,17.937717303630432,17.93723655708974,18.162935056226615,18.0
5.757000000000257,1000.0,1005.096404630802,17.930078315277772,17.929727185016677,18.15515506496176,18.0
5.758000000000258,1000.0,1005.1172030064589,17.92272283716735,17.92249657741496,18.147655806016182,18.0
5.759000000000258,1000.0,1005.1345315057781,17.915643494073517,17.91553748231343,18.140429990945535,18.0
5.760000000000258,1000.0,1005.1485179399542,17.90883306265194,17.908842797055552,18.133470481576314,18.0
5.761000000000259,1000.0,1005.159286766109,17.902284469063005,17.90240556596659,18.12677028766104,18.0
5.762000000000259,1000.0,1005.166959157134,17.89599078661372,17.896218978038515,18.120322564550754,18.0
5.763000000000259,1000.0,1005.171653070428,17.889945233418864,17.890276364633394,18.114120610885625,18.0
5.76400000000026,1000.0,1005.1734833155346,17.884141170081833,17.88457119720584,18.108157866304186,18.0
5.76500000000026,1000.0,1005.172561620691,17.87857209739534,17.87909708504463,18.10242790917146,18.0
5.76600000000026,1000.0,1005.1689966982979,17.87323165406281,17.873847773034342,18.096924454326825,18.0
5.767000000000261,1000.0,1005.1628943093165,17.86811361444023,17.868817139436967,18.09164135085144,18.0
5.768000000000261,1000.0,1005.1543573266077,17.863211886299446,17.86399919369421,18.086572579856323,18.0
5.769000000000261,1000.0,1005.1434857972182,17.858520508612617,17.85938807425054,18.0817122522908,18.0
5.770000000000262,1000.0,1005.1303770036267,17.854033649358566,17.854978046397484,18.077054606772037,18.0
5.771000000000262,1000.0,1005.1151255239593,17.84974560335096,17.850763500139315,18.072594007435857,18.0
5.772000000000262,1000.0,1005.0978232911855,17.845650790088825,17.846738948080432,18.068324941809045,18.0
5.773000000000263,1000.0,1005.0785596513022,17.841743751629352,17.842899023334642,18.06424201870349,18.0
5.774000000000263,1000.0,1005.0574214205209,17.838019150483415,17.8392384774566,18.060339966132315,18.0
5.775000000000263,1000.0,1005.0344929414636,17.834471767533838,17.83575217839555,18.056613629248297,18.0
5.776000000000264,1000.0,1005.0098561383836,17.831096499976617,17.832435108471493,18.053057968304653,18.0
5.777000000000264,1000.0,1004.9835905714165,17.827888359285172,17.82928236237398,18.049668056638364,18.0
5.778000000000264,1000.0,1004.955773489877,17.824842469197907,17.826289145183722,18.046439078676347,18.0
5.779000000000265,1000.0,1004.9264798846087,17.821954063728935,17.823450770416926,18.04336632796434,18.0
5.780000000000265,1000.0,1004.8957825394016,17.819218485202253,17.820762658092594,18.040445205218756,18.0
5.781000000000265,1000.0,1004.8637520814834,17.8166311823094,17.818220332822932,18.037671216401677,18.0
5.782000000000266,1000.0,1004.8304570311024,17.814187708190595,17.815819421926776,18.035039970818943,18.0
5.783000000000266,1000.0,1004.7959638502045,17.81188371853933,17.813555653565988,18.032547179241227,18.0
5.784000000000266,1000.0,1004.7603369902259,17.809714969730727,17.81142485490528,18.030188652048658,18.0
5.785000000000267,1000.0,1004.7236389390025,17.807677316973276,17.809422950294945,18.027960297398383,18.0
5.786000000000267,1000.0,1004.6859302668131,17.805766712484232,17.80754595947681,18.02585811941551,18.0
5.787000000000267,1000.0,1004.6472696715664,17.803979203688623,17.805789995813445,18.023878216407375,18.0
5.788000000000268,1000.0,1004.6077140231425,17.802310931441752,17.804151264540383,18.02201677910096,18.0
5.789000000000268,1000.0,1004.5673184069,17.80075812827517,17.802626061041472,18.02027008890358,18.0
5.790000000000268,1000.0,1004.526136166359,17.799317116666188,17.801210769147282,18.01863451618673,18.0
5.791000000000269,1000.0,1004.4842189450746,17.797984307330726,17.79990185945653,18.017106518593152,18.0
5.792000000000269,1000.0,1004.4416167277067,17.796756197539494,17.798695887680374,18.015682639366894,18.0
5.793000000000269,1000.0,1004.3983778803002,17.795629369457448,17.797589493009617,18.014359505706423,18.0
5.79400000000027,1000.0,1004.3545491897892,17.79460048850648,17.796579396504708,18.01313382714076,18.0
5.79500000000027,1000.0,1004.3101759027289,17.793666301751017,17.795662399508345,18.012002393928377,18.0
5.79600000000027,1000.0,1004.2653017632734,17.792823636306753,17.794835382080706,18.01096207547886,18.0
5.797000000000271,1000.0,1004.219969050407,17.792069397772167,17.794095301457187,18.010009818797354,18.0
5.798000000000271,1000.0,1004.1742186144382,17.79140056868278,17.793439190528442,18.009142646951403,18.0
5.799000000000271,1000.0,1004.1280899127717,17.79081420698808,17.79286415634271,18.008357657560367,18.0
5.800000000000272,1000.0,1004.0816210449636,17.790307444550898,17.79236737863019,18.007652021307056,18.0
5.801000000000272,1000.0,1004.0348487870768,17.78987748566916,17.791946108349524,18.007022980471636,18.0
5.802000000000272,1000.0,1003.9878086253408,17.789521605619786,17.791597666255903,18.006467847487446,18.0
5.803000000000273,1000.0,1003.9405347891288,17.789237149224753,17.791319441491098,18.00598400351888,18.0
5.804000000000273,1000.0,1003.8930602832671,17.789021529438994,17.791108890194877,18.005568897060932,18.0
5.805000000000273,1000.0,1003.8454169196777,17.788872225960027,17.790963534137813,18.005220042560303,18.0
5.806000000000274,1000.0,1003.7976353483741,17.78878678385926,17.790880959375443,18.004935019058095,18.0
5.807000000000274,1000.0,1003.7497450878143,17.78876281223456,17.790858814923247,18.004711468853554,18.0
5.808000000000274,1000.0,1003.7017745546218,17.788797982884162,17.79089481145274,18.00454709618913,18.0
5.809000000000275,1000.0,1003.6537510926884,17.788890029001696,17.790986720008178,18.00443966595638,18.0
5.810000000000275,1000.0,1003.605701001664,17.78903674389195,17.791132370743775,18.00438700242264,18.0
5.811000000000275,1000.0,1003.5576495648465,17.789235979707446,17.791329651681338,18.00438698797825,18.0
5.812000000000276,1000.0,1003.5096210764808,17.789485646205495,17.791576507488028,18.00443756190423,18.0
5.813000000000276,1000.0,1003.4616388684742,17.789783709525516,17.79187093827407,18.004536719160065,18.0
5.814000000000276,1000.0,1003.4137253365432,17.790128190986632,17.79221099841038,18.004682509191646,18.0
5.815000000000277,1000.0,1003.3659019657944,17.790517165905033,17.79259479536567,18.004873034758937,18.0
5.816000000000277,1000.0,1003.3181893557555,17.790948762431196,17.793020488563013,18.005106450783245,18.0
5.817000000000277,1000.0,1003.2706072448601,17.791421160406564,17.7934862882556,18.005380963214026,18.0
5.818000000000278,1000.0,1003.2231745344006,17.79193259023963,17.793990454421554,18.005694827914823,18.0
5.819000000000278,1000.0,1003.175909311953,17.79248133180107,17.79453129567748,18.006046349568315,18.0
5.820000000000278,1000.0,1003.1288288742867,17.793065713337885,17.795107168210706,18.006433880600113,18.0
5.821000000000279,1000.0,1003.0819497497677,17.793684110406264,17.79571647472992,18.0068558201213,18.0
5.822000000000279,1000.0,1003.0352877202629,17.794334944822875,17.79635766343396,18.007310612889228,18.0
5.823000000000279,1000.0,1002.988857842553,17.79501668363452,17.797029226998603,18.00779674828667,18.0
5.82400000000028,1000.0,1002.942674469267,17.79572783810589,17.797729701581243,18.00831275931886,18.0
5.82500000000028,1000.0,1002.8967512693409,17.796466962725184,17.79845766584303,18.00885722162839,18.0
5.82600000000028,1000.0,1002.8511012480151,17.797232654227457,17.799211739988525,18.009428752527754,18.0
5.827000000000281,1000.0,1002.8057367663752,17.798023550635325,17.799990584822375,18.010026010049096,18.0
5.828000000000281,1000.0,1002.7606695604424,17.79883833031698,17.800792900823023,18.01064769201121,18.0
5.829000000000281,1000.0,1002.7159107598293,17.799675711061287,17.801617427233236,18.011292535103564,18.0
5.830000000000282,1000.0,1002.6714709059601,17.80053444916965,17.802462941167068,18.011959313986956,18.0
5.831000000000282,1000.0,1002.6273599698694,17.801413338564476,17.803328256733217,18.01264684041071,18.0
5.832000000000282,1000.0,1002.5835873695838,17.80231120991407,17.804212224174456,18.01335396234621,18.0
5.833000000000283,1000.0,1002.5401619870972,17.803226929773796,17.80511372902315,18.01407956313661,18.0
5.834000000000283,1000.0,1002.4970921849452,17.80415939974304,17.806031691272207,18.01482256066231,18.0
5.835000000000283,1000.0,1002.454385822385,17.805107555638045,17.806965064561748,18.015581906522115,18.0
5.836000000000284,1000.0,1002.4120502711924,17.80607036668034,17.807912835381003,18.01635658523002,18.0
5.837000000000284,1000.0,1002.3700924310791,17.807046834700447,17.80887402228531,18.017145613427104,18.0
5.838000000000284,1000.0,1002.3285187447398,17.808035993356704,17.809847675127955,18.017948039108532,18.0
5.839000000000285,1000.0,1002.2873352125338,17.80903690736907,17.810832874306715,18.018762940865393,18.0
5.840000000000285,1000.0,1002.2465474068139,17.810048671767717,17.811828730024974,18.01958942714127,18.0
5.841000000000285,1000.0,1002.2061604859006,17.811070411155875,17.812834381566834,18.020426635502975,18.0
5.842000000000286,1000.0,1002.1661792077165,17.812101278987267,17.81384899658659,18.021273731925845,18.0
5.843000000000286,1000.0,1002.1266079430839,17.813140456857532,17.81487177041196,18.022129910092847,18.0
5.844000000000286,1000.0,1002.0874506886908,17.814187153809453,17.815901925360855,18.022994390707478,18.0
5.845000000000287,1000.0,1002.0487110797379,17.815240605652054,17.816938710071817,18.023866420820443,18.0
5.846000000000287,1000.0,1002.0103924022642,17.816300074293,17.817981398847568,18.024745273169575,18.0
5.847000000000287,1000.0,1001.9724976051649,17.81736484708443,17.819029291011677,18.02563024553303,18.0
5.848000000000288,1000.0,1001.935029311905,17.818434236181876,17.820081710278178,18.02652066009559,18.0
5.849000000000288,1000.0,1001.8979898319349,17.81950757791595,17.821138004133722,18.027415862827596,18.0
5.850000000000288,1000.0,1001.8613811718129,17.820584232176813,17.822197543232267,18.028315222876586,18.0
5.851000000000289,1000.0,1001.825205046044,17.821663581811194,17.823259720802145,18.029218131971426,18.0
5.852000000000289,1000.0,1001.7894628876361,17.82274503203159,17.824323952065082,18.030124003838523,18.0
5.853000000000289,1000.0,1001.7541558583833,17.823828009837683,17.825389673667264,18.031032273630224,18.0
5.85400000000029,1000.0,1001.7192848588811,17.824911963449672,17.82645634312208,18.031942397364958,18.0
5.85500000000029,1000.0,1001.684850538277,17.82599636175328,17.82752343826434,18.032853851379063,18.0
5.85600000000029,1000.0,1001.650853303765,17.82708069375635,17.828590456715954,18.033766131790088,18.0
5.857000000000291,1000.0,1001.617293329827,17.828164468056812,17.829656915362726,18.03467875397142,18.0
5.858000000000291,1000.0,1001.5841705672285,17.829247212321803,17.830722349842127,18.035591252037907,18.0
5.859000000000291,1000.0,1001.5514847517707,17.830328472777804,17.831786314041928,18.036503178342517,18.0
5.860000000000292,1000.0,1001.5192354128087,17.831407813711635,17.83284837960949,18.037414102983714,18.0
5.861000000000292,1000.0,1001.4874218815373,17.832484816981953,17.833908135471383,18.03832361332329,18.0
5.862000000000292,1000.0,1001.4560432990497,17.833559081541352,17.83496518736343,18.03923131351472,18.0
5.863000000000293,1000.0,1001.4250986241757,17.83463022296869,17.836019157370803,18.040136824041635,18.0
5.864000000000293,1000.0,1001.3945866411027,17.83569787301155,17.83706968347812,18.041039781266434,18.0
5.865000000000293,1000.0,1001.3645059667866,17.836761679138586,17.838116419129186,18.04193983698856,18.0
5.866000000000294,1000.0,1001.3348550581512,17.83782130410167,17.839159032796456,18.042836658012696,18.0
5.867000000000294,1000.0,1001.3056322190902,17.838876425507753,17.840197207560003,18.043729925726403,18.0
5.868000000000294,1000.0,1001.2768356072668,17.839926735399956,17.841230640695567,18.044619335687088,18.0
5.869000000000295,1000.0,1001.2484632407227,17.840971939848096,17.842259043271874,18.045504597218144,18.0
5.870000000000295,1000.0,1001.2205130042948,17.842011758548217,17.843282139756848,18.046385433014244,18.0
5.871000000000295,1000.0,1001.1929826558486,17.843045924431188,17.844299667632697,18.047261578755418,18.0
5.872000000000296,1000.0,1001.1658698323304,17.844074183280004,17.845311377019566,18.048132782729887,18.0
5.873000000000296,1000.0,1001.1391720556416,17.845096293355716,17.84631703030771,18.048998805465413,18.0
5.874000000000296,1000.0,1001.1128867383414,17.846112025031957,17.847316401798047,18.049859419369145,18.0
5.875000000000297,1000.0,1001.0870111891797,17.847121160437627,17.84830927735083,18.050714408375626,18.0
5.876000000000297,1000.0,1001.0615426184654,17.848123493107924,17.849295454042423,18.05156356760297,18.0
5.877000000000297,1000.0,1001.036478143274,17.849118827643245,17.850274739829928,18.052406703016945,18.0
5.878000000000298,1000.0,1001.0118147924961,17.85010697937609,17.851246953223562,18.05324363110289,18.0
5.879000000000298,1000.0,1000.9875495117336,17.851087774045713,17.852211922966756,18.054074178545374,18.0
5.880000000000298,1000.0,1000.9636791680466,17.852061047480227,17.853169487723495,18.054898181915185,18.0
5.881000000000299,1000.0,1000.9402005545512,17.853026645286278,17.85411949577319,18.055715487363884,18.0
5.882000000000299,1000.0,1000.917110394875,17.853984422545988,17.855061804712644,18.056525950325494,18.0
5.883000000000299,1000.0,1000.8944053474744,17.85493424352121,17.855996281165186,18.057329435225444,18.0
5.8840000000003,1000.0,1000.8720820098143,17.855875981364527,17.856922800496505,18.058125815196238,18.0
5.8850000000003,1000.0,1000.8501369224147,17.856809517837444,17.85784124653751,18.058914971800164,18.0
5.8860000000003,1000.0,1000.8285665727661,17.857734743035188,17.858751511313685,18.05969679475859,18.0
5.887000000000301,1000.0,1000.8073673991224,17.858651555118286,17.859653494781146,18.060471181688,18.0
5.888000000000301,1000.0,1000.7865357941646,17.859559860050453,17.860547104568873,18.0612380378422,18.0
5.889000000000301,1000.0,1000.7660681085488,17.860459571343117,17.861432255727443,18.06199727586112,18.0
5.890000000000302,1000.0,1000.745960654332,17.861350609805996,17.862308870483822,18.06274881552567,18.0
5.891000000000302,1000.0,1000.7262097082887,17.862232903303987,17.863176878002204,18.063492583518688,18.0
5.892000000000302,1000.0,1000.7068115151096,17.863106386519917,17.86403621415077,18.064228513191857,18.0
5.893000000000303,1000.0,1000.687762290496,17.863971000723325,17.86488682127426,18.064956544338482,18.0
5.894000000000303,1000.0,1000.669058224145,17.864826693544945,17.865728647972233,18.065676622971907,18.0
5.895000000000303,1000.0,1000.6506954826332,17.865673418756952,17.86656164888292,18.06638870110964,18.0
5.896000000000304,1000.0,1000.6326702121967,17.86651113605858,17.867385784472464,18.06709273656287,18.0
5.897000000000304,1000.0,1000.6149785414159,17.867339810867442,17.86820102082962,18.067788692731437,18.0
5.898000000000304,1000.0,1000.597616583802,17.868159414115983,17.869007329465667,18.06847653840409,18.0
5.899000000000305,1000.0,1000.5805804402918,17.86896992205314,17.869804687119306,18.069156247563704,18.0
5.900000000000305,1000.0,1000.5638662016482,17.869771316051306,17.87059307556686,18.069827799197856,18.0
5.901000000000305,1000.0,1000.5474699507781,17.870563582418164,17.871372481437184,18.07049117711413,18.0
5.902000000000306,1000.0,1000.5313877649578,17.871346712213384,17.872142896031473,18.071146369760328,18.0
5.903000000000306,1000.0,1000.5156157179774,17.8721207010703,17.872904315147853,18.071793370049473,18.0
5.904000000000306,1000.0,1000.5001498822041,17.87288554902212,17.873656738910466,18.072432175189373,18.0
5.905000000000307,1000.0,1000.4849863305634,17.87364126033281,17.874400171603195,18.073062786516786,18.0
5.906000000000307,1000.0,1000.4701211384456,17.874387843332585,17.875134621507872,18.073685209336105,18.0
5.907000000000307,1000.0,1000.4555503855353,17.87512531025756,17.875860100746582,18.07429945276217,18.0
5.908000000000308,1000.0,1000.441270157567,17.87585367709396,17.87657662512846,18.074905529567562,18.0
5.909000000000308,1000.0,1000.4272765480113,17.876572963426494,17.87728421400059,18.075503456033992,18.0
5.910000000000308,1000.0,1000.4135656596898,17.87728319229081,17.8779828901029,18.07609325180783,18.0
5.911000000000309,1000.0,1000.4001336063244,17.877984390030047,17.878672679427112,18.076674939759474,18.0
5.912000000000309,1000.0,1000.3869765140194,17.8786765861553,17.879353611079505,18.07724854584675,18.0
5.913000000000309,1000.0,1000.3740905226808,17.879359813210026,17.880025717147564,18.077814098982078,18.0
5.91400000000031,1000.0,1000.361471787373,17.880034106638128,17.880689032570288,18.078371630903398,18.0
5.91500000000031,1000.0,1000.3491164796159,17.880699504655926,17.881343595012254,18.07892117604878,18.0
5.91600000000031,1000.0,1000.3370207886227,17.881356048127568,17.88198944474111,18.079462771434514,18.0
5.917000000000311,1000.0,1000.3251809224824,17.88200378044409,17.882626624508642,18.079996456536783,18.0
5.918000000000311,1000.0,1000.3135931092861,17.882642747405818,17.88325517943512,18.0805222731766,18.0
5.919000000000311,1000.0,1000.3022535981984,17.88327299710834,17.88387515689719,18.0810402654083,18.0
5.920000000000312,1000.0,1000.2911586604796,17.883894579831647,17.884486606418815,18.081550479411096,18.0
5.921000000000312,1000.0,1000.2803045904552,17.884507547932564,17.885089579565534,18.082052963383955,18.0
5.922000000000312,1000.0,1000.2696877064375,17.8851119557403,17.885684129841696,18.082547767443458,18.0
5.923000000000313,1000.0,1000.2593043515996,17.885707859455152,17.88627031259092,18.083034943524858,18.0
5.924000000000313,1000.0,1000.2491508948025,17.88629531705015,17.886848184899286,18.083514545285915,18.0
5.925000000000313,1000.0,1000.2392237313776,17.886874388175674,17.887417805501627,18.083986628013804,18.0
5.926000000000314,1000.0,1000.2295192838677,17.887445134067057,17.887979234690583,18.084451248534783,18.0
5.927000000000314,1000.0,1000.2200340027232,17.888007617454825,17.88853253422839,18.084908465126624,18.0
5.928000000000314,1000.0,1000.2107643669593,17.88856190247775,17.889077767261348,18.085358337433707,18.0
5.929000000000315,1000.0,1000.2017068847737,17.889108054598715,17.88961499823712,18.085800926384916,18.0
5.930000000000315,1000.0,1000.1928580941247,17.88964614052294,17.890144292824267,18.086236294113853,18.0
5.931000000000315,1000.0,1000.1842145632748,17.890176228119035,17.89066571783464,18.086664503881778,18.0
5.932000000000316,1000.0,1000.1757728912951,17.890698386342315,17.891179341147975,18.087085620002924,18.0
5.933000000000316,1000.0,1000.1675297085382,17.891212685160784,17.891685231639116,18.08749970777224,18.0
5.934000000000316,1000.0,1000.1594816770755,17.89171919548322,17.892183459107258,18.087906833395323,18.0
5.935000000000317,1000.0,1000.1516254911024,17.89221798908986,17.892674094207823,18.088307063920873,18.0
5.936000000000317,1000.0,1000.1439578773133,17.892709138565184,17.893157208386345,18.088700467175197,18.0
5.937000000000317,1000.0,1000.136475595244,17.89319271723289,17.89363287381453,18.089087111698895,18.0
5.938000000000318,1000.0,1000.129175437587,17.89366879909311,17.89410116332851,18.089467066685707,18.0
5.939000000000318,1000.0,1000.1220542304764,17.894137458761712,17.894562150369175,18.08984040192342,18.0
5.940000000000318,1000.0,1000.1151088337476,17.89459877141162,17.895015908924453,18.09020718773681,18.0
5.941000000000319,1000.0,1000.1083361411678,17.89505281271607,17.895462513473507,18.090567494932355,18.0
5.942000000000319,1000.0,1000.1017330806441,17.895499658794012,17.895902038933077,18.09092139474522,18.0
5.943000000000319,1000.0,1000.095296614404,17.89593938615715,17.89633456060535,18.0912689587877,18.0
5.94400000000032,1000.0,1000.0890237391538,17.896372071659016,17.896760154127946,18.09161025899977,18.0
5.94500000000032,1000.0,1000.0829114862144,17.89679779244584,17.897178895425547,18.09194536760127,18.0
5.94600000000032,1000.0,1000.0769569216326,17.89721662590905,17.89759086066323,18.092274357045866,18.0
5.947000000000321,1000.0,1000.0711571462739,17.8976286496396,17.897996126201548,18.092597299976646,18.0
5.948000000000321,1000.0,1000.0655092958945,17.898033941383954,17.898394768553235,18.092914269183378,18.0
5.949000000000321,1000.0,1000.0600105411902,17.898432579001575,17.898786864341414,18.093225337561293,18.0
5.950000000000322,1000.0,1000.0546580878307,17.898824640424213,17.89917249025957,18.093530578071565,18.0
5.951000000000322,1000.0,1000.0494491764729,17.899210203616516,17.899551723032808,18.09383006370316,18.0
5.952000000000322,1000.0,1000.0443810827569,17.89958934653825,17.899924639380714,18.094123867436178,18.0
5.953000000000323,1000.0,1000.0394511172871,17.899962147108024,17.900291315981686,18.094412062206732,18.0
5.954000000000323,1000.0,1000.0346566255938,17.90032868316824,17.900651829438456,18.09469472087298,18.0
5.955000000000323,1000.0,1000.0299949880813,17.900689032451663,17.90100625624524,18.094971916182793,18.0
5.956000000000324,1000.0,1000.0254636199613,17.901043272549224,17.901354672756057,18.095243720742562,18.0
5.957000000000324,1000.0,1000.0210599711711,17.90139148087906,17.901697155154316,18.0955102069873,18.0
5.958000000000324,1000.0,1000.0167815262772,17.901733734656954,17.90203377942373,18.09577144715204,18.0
5.959000000000325,1000.0,1000.0126258043683,17.902070110867975,17.90236462132043,18.09602751324443,18.0
5.960000000000325,1000.0,1000.0085903589338,17.90240068623926,17.902689756346213,18.096278477018423,18.0
5.961000000000325,1000.0,1000.0046727777295,17.90272553721401,17.903009259722992,18.096524409949282,18.0
5.962000000000326,1000.0,1000.000870682634,17.903044739926674,17.90332320636834,18.096765383209487,18.0
5.963000000000326,1000.0,999.9971817294928,17.903358370179156,17.903631670872183,18.097001467645942,18.0
5.964000000000326,1000.0,999.9936036079521,17.903666503418105,17.90393472747438,18.097232733757984,18.0
5.965000000000327,1000.0,999.990134041282,17.903969214713307,17.904232450043548,18.097459251676632,18.0
5.966000000000327,1000.0,999.9867707861921,17.90426657873704,17.904524912056722,18.09768109114471,18.0
5.967000000000327,1000.0,999.9835116326351,17.904558669744386,17.904812186580028,18.097898321497908,18.0
5.968000000000328,1000.0,999.9803544036042,17.90484556155459,17.90509434625035,18.0981110116469,18.0
5.969000000000328,1000.0,999.9772969549214,17.9051273275333,17.90537146325785,18.098319230060238,18.0
5.970000000000328,1000.0,999.9743371750183,17.90540404057563,17.90564360932935,18.09852304474815,18.0
5.971000000000329,1000.0,999.9714729847086,17.905675773090167,17.905910855712573,18.098722523247204,18.0
5.972000000000329,1000.0,999.9687023369544,17.90594259698392,17.906173273161393,18.09891773260589,18.0
5.973000000000329,1000.0,999.9660232166274,17.906204583647952,17.90643093192165,18.099108739370855,18.0
5.97400000000033,1000.0,999.96343364026,17.906461803943724,17.906683901717795,18.0992956095739,18.0
5.97500000000033,1000.0,999.9609316557946,17.90671432819051,17.90693225174046,18.09947840871991,18.0
5.97600000000033,1000.0,999.9585153423247,17.90696222615331,17.907176050634636,18.099657201775415,18.0
5.977000000000331,1000.0,999.9561828098332,17.907205567031564,17.907415366488515,18.09983205315774,18.0
5.978000000000331,1000.0,999.9539321989222,17.907444419448552,17.907650266823104,18.100003026725027,18.0
5.979000000000331,1000.0,999.951761680543,17.90767885144158,17.907880818582612,18.100170185766856,18.0
5.980000000000332,1000.0,999.9496694557175,17.90790893045258,17.908107088125146,18.10033359299536,18.0
5.981000000000332,1000.0,999.9476537552597,17.908134723319687,17.908329141214477,18.100493310537278,18.0
5.982000000000332,1000.0,999.9457128394893,17.908356296269083,17.90854704301202,18.10064939992624,18.0
5.983000000000333,1000.0,999.9438449979453,17.90857371490775,17.908760858069705,18.100801922095947,18.0
5.984000000000333,1000.0,999.9420485490965,17.908787044216545,17.908970650323173,18.100950937373668,18.0
5.985000000000333,1000.0,999.9403218400449,17.90899634854403,17.909176483085716,18.10109650547447,18.0
5.986000000000334,1000.0,999.9386632462339,17.90920169160073,17.90937841904265,18.10123868549588,18.0
5.987000000000334,1000.0,999.9370711711468,17.90940313645389,17.909576520246123,18.10137753591296,18.0
5.988000000000334,1000.0,999.9355440460074,17.909600745522823,17.909770848110604,18.101513114574086,18.0
5.989000000000335,1000.0,999.934080329478,17.909794580574804,17.909961463408813,18.101645478697122,18.0
5.990000000000335,1000.0,999.9326785073556,17.909984702721207,17.910148426267934,18.101774684865898,18.0
5.991000000000335,1000.0,999.9313370922661,17.910171172414255,17.910331796166417,18.101900789027255,18.0
5.992000000000336,1000.0,999.9300546233582,17.910354049444248,17.910511631931286,18.102023846488603,18.0
5.993000000000336,1000.0,999.9288296659952,17.91053339293708,17.910687991735685,18.102143911915714,18.0
5.994000000000336,1000.0,999.927660811448,17.910709261352277,17.910860933096934,18.102261039330994,18.0
5.995000000000337,1000.0,999.9265466765837,17.910881712481324,17.911030512874927,18.102375282112103,18.0
5.996000000000337,1000.0,999.9254859035591,17.91105080344656,17.911196787271034,18.102486692991068,18.0
5.997000000000337,1000.0,999.9244771595079,17.911216590700075,17.911359811827026,18.10259532405346,18.0
5.998000000000338,1000.0,999.9235191362322,17.911379130023413,17.911519641424764,18.102701226738244,18.0
5.999000000000338,1000.0,999.9226105498929,17.911538476527298,17.91167633028598,18.102804451837777,18.0
6.000000000000338,500.0,985.7779871103816,-20.0,-19.483790440804512,-19.670596816093028,18.0
6.001000000000339,500.0,967.7210711694624,-20.0,-19.52795404945269,-19.717765654441443,18.0
6.002000000000339,500.0,949.6670888376708,-20.0,-19.513068316125523,-19.705460707929767,18.0
6.003000000000339,500.0,931.619527976875,-20.0,-19.49955462263067,-19.694657495948213,18.0
6.00400000000034,500.0,913.5776859397117,-20.0,-19.487324405619752,-19.68526180023367,18.0
6.00500000000034,500.0,895.8786491445517,-19.16534606380877,-18.65746885186973,-18.849171585121788,18.0
6.00600000000034,500.0,878.6668881748163,-18.11569256451998,-17.616928007012863,-17.79957092645691,18.0
6.007000000000341,500.0,861.9481445396194,-17.088326601332135,-16.598850069415537,-16.77216110001136,18.0
6.008000000000341,500.0,845.7113205179836,-16.084239447839085,-15.604330908050692,-15.768098069436256,18.0
6.009000000000341,500.0,829.9454125015234,-15.103017670087755,-14.63290546281565,-14.786957924842383,18.0
6.010000000000342,500.0,814.6396211978896,-14.144244096976896,-13.684109278211038,-13.828315247396564,18.0
6.011000000000342,500.0,799.7833481795623,-13.207507151193719,-12.75748839703169,-12.891753062313832,18.0
6.012000000000342,500.0,785.3661919894931,-12.292400774045545,-11.852598815845608,-11.976862260108785,18.0
6.013000000000343,500.0,771.377944526702,-11.39852430955195,-10.969005939140365,-11.083241035019594,18.0
6.014000000000343,500.0,757.8085876776158,-10.525482407912298,-10.106284094898491,-10.210494401600549,18.0
6.015000000000343,500.0,744.648290158503,-9.672884945775367,-9.264016104892901,-9.358233780480177,18.0
6.016000000000344,500.0,731.8874045385224,-8.840346960666121,-8.441792903291205,-8.526076644807523,18.0
6.017000000000344,500.0,719.5164644166986,-8.027488597237065,-7.639213197846695,-7.713646219809745,18.0
6.018000000000344,500.0,707.5261817294831,-7.233935063297238,-6.855883168578395,-6.920571228701045,18.0
6.019000000000345,500.0,695.9074441685802,-6.4593165938251875,-6.091416199401068,-6.146485678916031,18.0
6.020000000000345,500.0,684.6513126913796,-5.703268421399606,-5.345432638668081,-5.391028683301493,18.0
6.021000000000345,500.0,673.7490191087218,-4.965430751684414,-4.617559585040118,-4.6538443114947565,18.0
6.022000000000346,500.0,663.1919637368406,-4.245448742785211,-3.9074306954953886,-3.9345814672506254,18.0
6.023000000000346,500.0,652.9717131021978,-3.5429724874562023,-3.2146860126591807,-3.232893787960182,18.0
6.024000000000346,500.0,643.0799976895904,-2.8576569972793155,-2.5389718089532765,-2.5484395630354504,18.0
6.025000000000347,500.0,633.5087097253811,-2.1891621880649925,-1.8799404453555433,-1.8808816682219478,18.0
6.026000000000347,500.0,624.2499009889948,-1.537152865837351,-1.237250242818939,-1.2298875132489573,18.0
6.027000000000347,500.0,615.2957806469731,-0.9012987128658754,-0.6105653646298064,-0.5951290005386835,18.0
6.028000000000348,500.0,606.6387131048758,-0.2812742732951907,0.0004442918073303182,0.023717507024292143,18.0
6.029000000000348,500.0,598.2712158731997,0.3232410619982158,0.5961031950877895,0.6269712110123762,18.0
6.030000000000348,500.0,590.1859574442489,0.9125630716244828,1.1767302729924471,1.2149468965882961,18.0
6.031000000000349,500.0,582.3757551775676,1.4870027212160721,1.7426389997599443,1.7879549471777787,18.0
6.032000000000349,500.0,574.8335731921145,2.04686618246963,2.2941374783339223,2.346301355828387,18.0
6.033000000000349,500.0,567.5525202638631,2.5924548538373617,2.8315285183586596,2.8902877342427686,18.0
6.03400000000035,500.0,560.5258477279452,3.1240653829710983,3.3551097105938292,3.420211320333032,18.0
6.03500000000035,500.0,553.7469473848133,3.641989690987513,3.8651734983281103,3.936364985017165,18.0
6.03600000000035,500.0,547.2093494102177,4.146514998593394,4.362007246291257,4.4390372388673,18.0
6.037000000000351,500.0,540.9067202690493,4.6379238540840735,4.845893307492932,4.928512239120661,18.0
6.038000000000351,500.0,534.8328606333207,5.116494163206662,5.317109088354158,5.405069797477175,18.0
6.039000000000351,500.0,528.9817033047395,5.582499220861166,5.775927112441952,5.868985389030749,18.0
6.040000000000352,500.0,523.347311142468,6.036207744597286,6.2226150830691696,6.320530162613657,18.0
6.041000000000352,500.0,517.923874996789,6.477883909852014,6.657435944979217,6.759970952774488,18.0
6.042000000000352,500.0,512.7057116494784,6.907787386862695,7.080647945297943,7.187570293558101,18.0
6.043000000000353,500.0,507.68726176175966,7.326173379181902,7.49250469390261,7.603586434211182,18.0
6.044000000000353,500.0,502.8630878307608,7.733292663714108,7.893255223329757,8.008273356897902,18.0
6.045000000000353,500.0,498.227872155425,8.129391632188874,8.283144048318968,8.401880796476272,18.0
6.046000000000354,500.0,493.7764148128456,8.51471233398201,8.66241122506872,8.784654262357018,18.0
6.047000000000354,500.0,489.503631645993,8.889492520193679,9.031292410262107,9.156835062441939,18.0
6.048000000000354,500.0,485.40455226380476,9.253965688891098,9.390018919904787,9.518660329117914,18.0
6.049000000000355,500.0,481.47431805458405,9.60836113142291,9.738817788003908,9.870363047264707,18.0
6.050000000000355,500.0,477.70818021363334,9.952903979712875,10.077911825106012,10.212172084220654,18.0
6.051000000000355,500.0,474.1014977860214,10.287815254441352,10.407519676702043,10.544312221637838,18.0
6.052000000000356,500.0,470.64973572534285,10.613311914024475,10.727855881499943,10.867004189148778,18.0
6.053000000000356,500.0,467.3484629692972,10.929606904303082,11.039130929558747,11.18046469975906,18.0
6.054000000000356,500.0,464.1933505328629,11.236909208855522,11.341551320272686,11.484906486874184,18.0
6.055000000000357,500.0,461.18016961980925,11.535423899851597,11.635319620190021,11.78053834286505,18.0
6.056000000000357,500.0,458.30478975323285,11.825352189367104,11.920634520647324,12.067565159072846,18.0
6.057000000000357,500.0,455.5631769257651,12.106891481082211,12.197690895198122,12.346187967152986,18.0
6.058000000000358,500.0,452.95139177004535,12.38023542228953,12.466679856812325,12.6166039816563,18.0
6.059000000000358,500.0,450.46558775001,12.645573956141533,12.72778881482218,12.879006643746415,18.0
6.060000000000358,500.0,448.10200937349714,12.90309337407,12.981201531589331,13.133585665952477,18.0
6.061000000000359,500.0,445.85699042662225,13.152976368313793,13.22709817886743,13.380527077858268,18.0
6.062000000000359,500.0,443.72695223033145,13.395402084494478,13.465655393834695,13.620013272630409,18.0
6.063000000000359,500.0,441.70840191949674,13.630546174183007,13.697046334771331,13.852223054291184,18.0
6.06400000000036,500.0,439.79793074487105,13.858580847403633,13.921440736357,14.077331685643777,18.0
6.06500000000036,500.0,437.9922123981813,14.079674925024849,14.139004964564613,14.295510936761243,18.0
6.06600000000036,500.0,436.2880013605929,14.293993890990132,14.349902071127428,14.506929133953454,18.0
6.067000000000361,500.0,434.6821312747446,14.501699944344661,14.554291847557778,14.71175120913003,18.0
6.068000000000361,500.0,433.1715133405109,14.702952051016897,14.752330878696641,14.910138749480684,18.0
6.069000000000361,500.0,431.75313473461404,14.897905995317231,14.94417259577474,15.102250047398027,18.0
6.070000000000362,500.0,430.42405705417633,15.086714431118402,15.129967328967007,15.288240150571756,18.0
6.071000000000362,500.0,429.1814147842674,15.269526932685512,15.30986235942382,15.468260912186887,18.0
6.072000000000362,500.0,428.022413789471,15.446490045125536,15.484001970763261,15.64246104116198,18.0
6.073000000000363,500.0,426.9443298294694,15.617747334429477,15.652527500010734,15.81098615236785,18.0
6.074000000000363,500.0,425.9445070986138,15.783439437082025,15.815577387972867,15.973978816769893,18.0
6.075000000000363,500.0,425.02035678942383,15.943704109216245,15.973287229034515,16.131578611441547,18.0
6.076000000000364,500.0,424.16935567993704,16.098676275292934,16.125789820368492,16.28392216939928,18.0
6.077000000000364,500.0,423.3890447448045,16.248488076286257,16.273215210549402,16.431143229213358,18.0
6.0780000000003644,500.0,422.6770277900103,16.393268917359308,16.41569074756364,16.573372684351554,18.0
6.079000000000365,500.0,422.03097011107246,16.533145515015057,16.55334112620923,16.710738632216398,18.0
6.080000000000365,500.0,421.44859717456444,16.668241943709834,16.686288434879874,16.843366422839313,18.0
6.0810000000003654,500.0,420.9276933227807,16.798679681918244,16.814652201729153,16.971378707198486,18.0
6.082000000000366,500.0,420.4661005013576,16.924577657639837,16.938549440211233,17.094895485129342,18.0
6.083000000000366,500.0,420.0617170096394,17.04605229333923,17.058094693995812,17.214034152799854,18.0
6.0840000000003664,500.0,419.7124962735777,17.163217550313057,17.17340008125589,17.328909549725182,18.0
6.085000000000367,500.0,419.41644564093076,17.276184972477893,17.28457533832755,17.439634005298622,18.0
6.086000000000367,500.0,419.1716251985271,17.385063729574934,17.391727862742087,17.546317384818163,18.0
6.0870000000003675,500.0,418.9761466113441,17.48996065978791,17.494962755631178,17.649067134990176,18.0
6.088000000000368,500.0,418.8281719831447,17.590980311771972,17.594382863506727,17.747988328893722,18.0
6.089000000000368,500.0,418.7259127384121,17.688224986092248,17.690088819417774,17.84318371039124,18.0
6.0900000000003685,500.0,418.6676285253081,17.78179477607135,17.78217908348695,17.9347537379727,18.0
6.091000000000369,500.0,418.6516261393865,17.8717876080463,17.870749982830166,18.022796628022693,18.0
6.092000000000369,500.0,418.6762584677773,17.958299281035636,17.955895750863036,18.10740839750089,18.0
6.0930000000003695,500.0,418.73992345355964,18.04142350581861,18.03770856599866,18.18868290602836,18.0
6.09400000000037,500.0,418.84106308003953,18.12125194342864,18.116278589741267,18.266711897373476,18.0
6.09500000000037,500.0,418.97816237463957,18.197874243063826,18.191694004180864,18.341585040332262,18.0
6.0960000000003705,500.0,419.1497484321139,18.27137807941805,18.264041048894434,18.413389968999773,18.0
6.097000000000371,500.0,419.3543894567921,18.34184918943625,18.333404057259102,18.482212322429554,18.0
6.098000000000371,500.0,419.5906938235636,18.40937140849838,18.39986549218375,18.548135783680188,18.0
6.0990000000003715,500.0,419.8573091573041,18.47402670603637,18.463505981264746,18.61124211824785,18.0
6.100000000000372,500.0,420.1529214304557,18.53589522058939,18.524404351372795,18.67161121188587,18.0
6.101000000000372,500.0,420.4762540784643,18.595055294302327,18.582637662677094,18.729321107812076,18.0
6.1020000000003725,500.0,420.82606713278454,18.65158350687323,18.63828124211377,18.78444804330618,18.0
6.103000000000373,500.0,421.20115637116015,18.705554708955383,18.691408716305588,18.837066485699996,18.0
6.104000000000373,500.0,421.60035248489163,18.757042055019966,18.742092043939675,18.887249167763585,18.0
6.1050000000003735,500.0,422.02252026280365,18.806117035685467,18.790401547610678,18.935067122491645,18.0
6.106000000000374,500.0,422.46655779162666,18.85284950952008,18.83640594513626,18.98058971729432,18.0
6.107000000000374,500.0,422.9313956725098,18.89730773432353,18.88017238035233,19.02388468759758,18.0
6.1080000000003745,500.0,423.41599625338495,18.93955839789484,18.92176645339519,19.0650181698586,18.0
6.109000000000375,500.0,423.9193528769047,18.97966664829265,18.961252250477862,19.10405473400182,18.0
6.110000000000375,500.0,424.4404891436779,19.01769612359466,18.998692373167827,19.141057415281825,18.0
6.1110000000003755,500.0,424.9784581905331,19.053708981163048,19.034147967173638,19.176087745579665,18.0
6.112000000000376,500.0,425.53234198353954,19.0877659264225,19.067678750647314,19.209205784139066,18.0
6.113000000000376,500.0,426.10125062552186,19.119926241157653,19.099343042010094,19.24047014774972,18.0
6.1140000000003765,500.0,426.6843216778052,19.15024781133676,19.129197787308424,19.26993804038458,18.0
6.115000000000377,500.0,427.2807194959338,19.178787154468225,19.157298587107498,19.297665282298656,18.0
6.116000000000377,500.0,427.8896345791068,19.205599446496887,19.183699722929337,19.32370633859668,18.0
6.1170000000003775,500.0,428.5102829330812,19.230738548246684,19.20845418324236,19.348114347277132,18.0
6.118000000000378,500.0,429.1419054462936,19.254257031416437,19.23161368900957,19.370941146760593,18.0
6.119000000000378,500.0,429.7837672789564,19.276206204135324,19.253228718801964,19.392237302909738,18.0
6.1200000000003785,500.0,430.4351572648903,19.296636136084736,19.273348533484167,19.412052135549118,18.0
6.121000000000379,500.0,431.09538732585366,19.315595683192946,19.292021200478857,19.430433744492426,18.0
6.122000000000379,500.0,431.76379189813866,19.333132511909156,19.30929361761667,19.447429035085005,18.0
6.1230000000003795,500.0,432.43972737120373,19.349293123063234,19.325211536578024,19.463083743269582,18.0
6.12400000000038,500.0,433.12257153811737,19.36412287531759,19.33981958593344,19.477442460182996,18.0
6.12500000000038,500.0,433.8117230575921,19.37766600821738,19.35316129378853,19.490548656291676,18.0
6.1260000000003805,500.0,434.506600927391,19.389965664845192,19.36527911004002,19.502444705073742,18.0
6.127000000000381,500.0,435.2066439688915,19.401063914086482,19.37621442824892,19.51317190625531,18.0
6.128000000000381,500.0,435.91131032259767,19.411001772511536,19.386007607136875,19.522770508608758,18.0
6.1290000000003815,500.0,436.620076954393,19.419819225880183,19.394697991711723,19.531279732320613,18.0
6.130000000000382,500.0,437.3324391723314,19.427555250274878,19.402323934028026,19.53873779093628,18.0
6.131000000000382,500.0,438.0479101537656,19.434247832868063,19.408922813588386,19.545181912889475,18.0
6.1320000000003825,500.0,438.7660204826184,19.43993399232945,19.414531057391265,19.550648362623296,18.0
6.133000000000383,500.0,439.4863176966025,19.444649798878853,19.419184159630785,19.555172461310594,18.0
6.134000000000383,500.0,440.2083658442019,19.44843039399004,19.422916701054035,19.558788607180414,18.0
6.1350000000003835,500.0,440.9317450512264,19.451310009751076,19.425762367981328,19.561530295457942,18.0
6.136000000000384,500.0,441.6560510967592,19.45332198788646,19.427753970994534,19.563430137924563,18.0
6.137000000000384,500.0,442.3808949983169,19.454498798446373,19.4289234632989,19.564519882105287,18.0
6.1380000000003845,500.0,443.10590260604687,19.454872058168107,19.42930195876329,19.5648304300899,18.0
6.139000000000385,500.0,443.83071420578926,19.454472548514907,19.428919749643956,19.564391856994735,18.0
6.140000000000385,500.0,444.5549841308327,19.453330233397065,19.42780632399676,19.56323342907158,18.0
6.1410000000003855,500.0,445.2783803821998,19.45147427658036,19.42599038278272,19.561383621470025,18.0
6.142000000000386,500.0,446.0005842572966,19.44893305878649,19.423499856671516,19.558870135659625,18.0
6.143000000000386,500.0,446.7212899867662,19.445734194490477,19.420361922547826,19.555719916518097,18.0
6.1440000000003865,500.0,447.44020437939025,19.441904548419572,19.416603019725017,19.55195916909171,18.0
6.145000000000387,500.0,448.1570464748818,19.437470251758274,19.41224886587056,19.547613375033514,18.0
6.146000000000387,500.0,448.8715472044193,19.4324567180641,19.407324472647915,19.542707308725866,18.0
6.1470000000003875,500.0,449.5834490587702,19.426888658898417,19.401854161078933,19.537265053092224,18.0
6.148000000000388,500.0,450.292505763862,19.420790099176926,19.395861576631408,19.53131001510474,18.0
6.149000000000388,500.0,450.99848196365195,19.41418439224383,19.389369704035627,19.524864940992366,18.0
6.1500000000003885,500.0,451.7011529101585,19.407094234674183,19.382400881834414,19.517951931155505,18.0
6.151000000000389,500.0,452.40030416051366,19.39954168080847,19.3749768166705,19.510592454792157,18.0
6.152000000000389,500.0,453.095731280901,19.391548157023536,19.367118597315436,19.502807364241065,18.0
6.1530000000003895,500.0,453.78723955724575,19.383134475743923,19.35884670844379,19.494616909046698,18.0
6.15400000000039,500.0,454.4746437125254,19.37432084919759,19.350181044156727,19.486040749751332,18.0
6.15500000000039,500.0,455.1577676305724,19.36512690291999,19.341140921258702,19.477097971419038,18.0
6.1560000000003905,500.0,455.83644408624275,19.35557168901017,19.331745092290934,19.467807096896394,18.0
6.157000000000391,500.0,456.51051448182625,19.345673699143,19.322011758325615,19.458186099814704,18.0
6.158000000000391,500.0,457.17982858957475,19.33545087734089,19.311958581524188,19.44825241733824,18.0
6.1590000000003915,500.0,457.8442443002318,19.324920632509077,19.301602697463625,19.43802296266327,18.0
6.160000000000392,500.0,458.50362737744354,19.31409985073776,19.29096072723399,19.42751413727212,18.0
6.161000000000392,500.0,459.15785121793596,19.30300490737487,19.28004878931083,19.416741842946664,18.0
6.1620000000003925,500.0,459.8067966173451,19.29165167887291,19.268882511205984,19.405721493545727,18.0
6.163000000000393,500.0,460.4503515415899,19.280055554413366,19.25747704089993,19.394468026550225,18.0
6.164000000000393,500.0,461.0884109036756,19.268231447312058,19.24584705805927,19.38299591438063,18.0
6.1650000000003935,500.0,461.72087634582317,19.256193806208856,19.23400678504243,19.37131917549032,18.0
6.166000000000394,500.0,462.3476560268169,19.24395662604502,19.221969997696963,19.35945138523914,18.0
6.167000000000394,500.0,462.96866441446707,19.231533458831517,19.20975003595157,19.34740568655089,18.0
6.1680000000003945,500.0,463.5838220830866,19.21893742421146,19.197359814206024,19.335194800358536,18.0
6.169000000000395,500.0,464.19305551588087,19.206181219819914,19.184811831522076,19.322831035840984,18.0
6.170000000000395,500.0,464.7962969121509,19.193277131444106,19.172118181618433,19.31032630045494,18.0
6.1710000000003955,500.0,465.3934839992171,19.180237042987358,19.159290562672886,19.297692109765705,18.0
6.172000000000396,500.0,465.9845598489641,19.16707244623945,19.146340286934368,19.284939597080033,18.0
6.173000000000396,500.0,466.56947269891697,19.153794450456793,19.133278290148162,19.272079522884965,18.0
6.1740000000003965,500.0,467.14817577775545,19.14041379175511,19.120115140796987,19.259122284095756,18.0
6.175000000000397,500.0,467.72062713517545,19.12694084231765,19.106861049160795,19.246077923116243,18.0
6.176000000000397,500.0,468.2867894760125,19.113385619421976,19.09352587619832,19.232956136715167,18.0
6.1770000000003975,500.0,468.84662999853657,19.099757794287843,19.08011914225292,19.219766284721373,18.0
6.178000000000398,500.0,469.4001202368353,19.086066700749317,19.066650035585564,19.20651739854121,18.0
6.179000000000398,500.0,469.94723590720014,19.07232134375376,19.053127420737848,19.193218189501316,18.0
6.1800000000003985,500.0,470.4879567584354,19.058530407690466,19.039559846727407,19.179877057019645,18.0
6.181000000000399,500.0,471.02226642600584,19.044702264551574,19.025955555078646,19.166502096607843,18.0
6.182000000000399,500.0,471.5501522899464,19.030844981928112,19.012322487691304,19.15310110770801,18.0
6.1830000000003995,500.0,472.07160533645407,19.016966330843637,18.9986682945494,19.139681601366547,18.0
6.1840000000004,500.0,472.58662002308574,19.00307379342817,18.985000341273217,19.126250807748118,18.0
6.1850000000004,500.0,473.0951941474865,18.989174570435015,18.971325716516755,19.11281568349243,18.0
6.1860000000004005,500.0,473.5973287195747,18.975275588602905,18.95765123921314,19.099382918916568,18.0
6.187000000000401,500.0,474.0930278371093,18.961383507866127,18.94398346567059,19.08595894506576,18.0
6.188000000000401,500.0,474.5822985645708,18.947504728415034,18.930328696521187,19.072549940614948,18.0
6.1890000000004015,500.0,475.06515081528255,18.933645397609343,18.91669298352494,19.059161838624107,18.0
6.190000000000402,500.0,475.54159723670585,18.919811416746757,18.90308213623153,19.045800333149632,18.0
6.191000000000402,500.0,476.0116530988388,18.906008447689185,18.889501728502044,19.03247088571446,18.0
6.1920000000004025,500.0,476.47533618565427,18.89224191934899,18.87595710489302,19.01917873163939,18.0
6.193000000000403,500.0,476.9326666895102,18.878517034037582,18.86245338690502,19.005928886238028,18.0
6.194000000000403,500.0,477.38366710846867,18.864838773678656,18.848995479098235,18.992726150877914,18.0
6.1950000000004035,500.0,477.82836214646017,18.851211905888285,18.835588075076927,18.979575118909914,18.0
6.196000000000404,500.0,478.266778616231,18.837640989924225,18.822235663345317,18.96648018146852,18.0
6.197000000000404,500.0,478.69894534501395,18.824130382506606,18.808942533036923,18.95344553314528,18.0
6.1980000000004045,500.0,479.1248930828609,18.81068424351209,18.795712779519388,18.940475177537436,18.0
6.199000000000405,500.0,479.5446544135793,18.797306541543808,18.782550309877127,18.927572932674284,18.0
6.200000000000405,500.0,479.95826366821507,18.78400105937918,18.76945884827376,18.914742436323234,18.0
6.2010000000004055,500.0,480.36575684102564,18.77077139929761,18.756441941196442,18.90198715117792,18.0
6.202000000000406,500.0,480.76717150788556,18.75762098829026,18.74350296258403,18.88931036993026,18.0
6.203000000000406,500.0,481.1625467470722,18.744553083153928,18.730645118841345,18.876715220228807,18.0
6.2040000000004065,500.0,481.55192306237774,18.731570775471045,18.717871453741267,18.864204669525336,18.0
6.205000000000407,500.0,481.9353423084927,18.718676996477747,18.70518485321672,18.85178152981164,18.0
6.206000000000407,500.0,482.31284761861264,18.705874521822054,18.69258805004451,18.83944846224864,18.0
6.2070000000004075,500.0,482.6844833342133,18.693165976214097,18.680083628422924,18.827207981689778,18.0
6.208000000000408,500.0,483.05029493694866,18.68055383797039,18.667674028445028,18.81506246110063,18.0
6.209000000000408,500.0,483.41032898261903,18.66804044345381,18.65536155046936,18.803014135876566,18.0
6.2100000000004085,500.0,483.76463303716463,18.655627991411464,18.643148359390082,18.791065108060454,18.0
6.211000000000409,500.0,484.11325561463485,18.64331854721209,18.63103648880825,18.779217350462215,18.0
6.212000000000409,500.0,484.45624611708854,18.63111404698486,18.619027845106064,18.767472710682043,18.0
6.2130000000004095,500.0,484.79365477637987,18.619016301661443,18.6071242114259,18.7558329150392,18.0
6.21400000000041,500.0,485.1255325977842,18.607027000923043,18.595327251555723,18.74429957240789,18.0
6.21500000000041,500.0,485.45193130542157,18.595147717054182,18.583638513722832,18.73287417796235,18.0
6.2160000000004105,500.0,485.77290328943417,18.58337990870501,18.572059434297472,18.721558116832558,18.0
6.217000000000411,500.0,486.08850155487653,18.571724924563757,18.560591341408028,18.71035266767239,18.0
6.218000000000411,500.0,486.39877967227625,18.560184006941043,18.549235458469422,18.699259006141816,18.0
6.2190000000004115,500.0,486.70379172982507,18.548758295267778,18.537992907626524,18.688278208304975,18.0
6.220000000000412,500.0,487.00359228716167,18.537448829508214,18.526864713113913,18.677411253945483,18.0
6.221000000000412,500.0,487.29823633070583,18.526256553489723,18.51585180453377,18.6666590298007,18.0
6.2220000000004125,500.0,487.5877792305069,18.51518231815103,18.504955020053483,18.656022332716645,18.0
6.223000000000413,500.0,487.8722766985687,18.504226884710345,18.494175109524296,18.645501872724815,18.0
6.224000000000413,500.0,488.151784748614,18.49339092775499,18.483512737522812,18.63509827604275,18.0
6.2250000000004135,500.0,488.4263596572529,18.482675038254076,18.472968486316642,18.62481208799958,18.0
6.226000000000414,500.0,488.69605792652123,18.47207972649564,18.46254285875573,18.6146437758882,18.0
6.227000000000414,500.0,488.9609362477508,18.461605424949816,18.452236281090837,18.604593731745467,18.0
6.2280000000004145,500.0,489.22105146674176,18.4512524910595,18.442049105720674,18.594662275061843,18.0
6.229000000000415,500.0,489.4764605502017,18.441021209959846,18.431981613868928,18.58484965542192,18.0
6.230000000000415,500.0,489.7272205534184,18.430911797128147,18.422034018192786,18.575156055077173,18.0
6.2310000000004155,500.0,489.97338858913724,18.42092440096536,18.41220646532416,18.5655815914524,18.0
6.232000000000416,500.0,490.21502179760853,18.411059105310795,18.402499038345077,18.556126319587015,18.0
6.233000000000416,500.0,490.45217731777603,18.401315931891148,18.39291175919848,18.546790234512734,18.0
6.2340000000004165,500.0,490.684912259578,18.391694842705427,18.38344459103586,18.537573273568817,18.0
6.235000000000417,500.0,490.91328367732837,18.382195742346877,18.374097440502926,18.528475318656167,18.0
6.236000000000417,500.0,491.13734854415134,18.372818480263312,18.364870159964575,18.519496198431604,18.0
6.2370000000004175,500.0,491.3571637274414,18.363562852957138,18.355762549670505,18.51063569044344,18.0
6.238000000000418,500.0,491.57278596531995,18.354428606126238,18.34677435986265,18.50189352320977,18.0
6.239000000000418,500.0,491.7842718440635,18.345415436747054,18.337905292825635,18.493269378240463,18.0
6.2400000000004185,500.0,491.9916777764741,18.336522995100946,18.329155004881432,18.48476289200414,18.0
6.241000000000419,500.0,492.1950599811695,18.327750886745218,18.320523108329542,18.4763736578414,18.0
6.242000000000419,500.0,492.3944744627652,18.319098674429767,18.3120091733336,18.468101227825173,18.0
6.2430000000004195,500.0,492.5899769929252,18.310565879960716,18.303612729755844,18.45994511456968,18.0
6.24400000000042,500.0,492.7816230922563,18.302151986011967,18.29533326894026,18.451904792988724,18.0
6.24500000000042,500.0,492.969468013023,18.293856437886006,18.28717024544581,18.443979702004707,18.0
6.2460000000004205,500.0,493.1535667226584,18.285678645224884,18.27912307873055,18.436169246209317,18.0
6.247000000000421,500.0,493.3339738880503,18.277617983672567,18.271191154787925,18.428472797476907,18.0
6.248000000000421,500.0,493.51074386057996,18.26967379648969,18.263373827736192,18.4208896965317,18.0
6.2490000000004216,500.0,493.68393066189014,18.261845396121686,18.255670421361927,18.413419254469698,18.0
6.250000000000422,500.0,493.85358797036224,18.254132065721446,18.248080230618783,18.406060754236407,18.0
6.251000000000422,500.0,494.01976910828364,18.246533060627538,18.240602523082472,18.39881345206141,18.0
6.2520000000004226,500.0,494.1825270296814,18.23904760979871,18.233236540362743,18.39167657885052,18.0
6.253000000000423,500.0,494.3419143088053,18.23167491720606,18.225981499473683,18.38464934153676,18.0
6.254000000000423,500.0,494.4979831292395,18.224414163183496,18.2188365941629,18.377730924390825,18.0
6.2550000000004236,500.0,494.6507852736249,18.21726450573762,18.211800996200864,18.3709204902922,18.0
6.256000000000424,500.0,494.800372113972,18.21022508181789,18.20487385663102,18.3642171819616,18.0
6.257000000000424,500.0,494.946794602548,18.203295008547954,18.1980543069818,18.357620123155783,18.0
6.258000000000425,500.0,495.09010326331946,18.19647338441919,18.191341460441297,18.351128419825557,18.0
6.259000000000425,500.0,495.2303481839337,18.189759290447082,18.1847344129955,18.34474116123775,18.0
6.260000000000425,500.0,495.3675790082222,18.183151791291564,18.178232244530953,18.33845742106217,18.0
6.261000000000426,500.0,495.5018449292081,18.176649936341917,18.17183401990251,18.33227625842402,18.0
6.262000000000426,500.0,495.63319468260386,18.17025276076737,18.165538789967446,18.326196718923207,18.0
6.263000000000426,500.0,495.76167654078176,18.163959286533906,18.159345592586163,18.320217835620554,18.0
6.264000000000427,500.0,495.8873383072033,18.15776852338827,18.1532534535907,18.31433862999231,18.0
6.265000000000427,500.0,496.0102273112916,18.151679469809885,18.1472613877216,18.30855811285346,18.0
6.266000000000427,500.0,496.1303904037314,18.145691113931463,18.141368399534002,18.302875285250554,18.0
6.267000000000428,500.0,496.24787395218465,18.139802434429136,18.135573484273703,18.297289139324906,18.0
6.268000000000428,500.0,496.3627238374063,18.13401240138274,18.12987562872383,18.29179865914687,18.0
6.269000000000428,500.0,496.47498544974627,18.128319977107054,18.124273812022974,18.28640282152182,18.0
6.270000000000429,500.0,496.5847036860263,18.122724116954682,18.118767006455332,18.281100596768525,18.0
6.271000000000429,500.0,496.6919229467763,18.11722377009132,18.113354178213758,18.27589094947082,18.0
6.272000000000429,500.0,496.79668713382,18.11181788024404,18.108034288136146,18.27077283920287,18.0
6.27300000000043,500.0,496.89903964819547,18.10650538642333,18.102806292416098,18.265745221229043,18.0
6.27400000000043,500.0,496.99902338840144,18.101285223619485,18.097669143288247,18.260807047178837,18.0
6.27500000000043,500.0,497.09668074895376,18.096156323473995,18.092621789689012,18.255957265697404,18.0
6.276000000000431,500.0,497.19205361924463,18.09111761492672,18.08766317789354,18.251194823072627,18.0
6.277000000000431,500.0,497.2851833826903,18.08616802483923,18.082792252129146,18.246518663839023,18.0
6.278000000000431,500.0,497.37611091615963,18.081306478595135,18.078007955166125,18.241927731359148,18.0
6.279000000000432,500.0,497.46487658967004,18.0765319006779,18.073309228886412,18.237420968383276,18.0
6.280000000000432,500.0,497.55152026634187,18.07184321522668,18.068695014830567,18.232997317587554,18.0
6.281000000000432,500.0,497.6360813026022,18.067239346570965,18.06416425472397,18.22865572209166,18.0
6.282000000000433,500.0,497.7185985486265,18.06271921974433,18.059715890982396,18.224395125956043,18.0
6.283000000000433,500.0,497.7991103490104,18.058281760978016,18.055348867197754,18.220214474659628,18.0
6.284000000000433,500.0,497.8776545436608,18.053925898174835,18.05106212860447,18.216112715558324,18.0
6.285000000000434,500.0,497.95426846889893,18.049650561363915,18.04685462252699,18.212088798324913,18.0
6.286000000000434,500.0,498.0289889587654,18.045454683136835,18.04272529880901,18.20814167537085,18.0
6.287000000000434,500.0,498.1018523465205,18.041337199065616,18.038673110224778,18.204270302250382,18.0
6.288000000000435,500.0,498.172894466328,18.03729704810306,18.034697012873103,18.200473638047516,18.0
6.289000000000435,500.0,498.24215065511925,18.033333172966053,18.030795966554546,18.196750645746413,18.0
6.290000000000435,500.0,498.3096557546259,18.0294445205021,18.02696893513211,18.193100292585463,18.0
6.291000000000436,500.0,498.37544411357584,18.0256300420397,18.023214886876058,18.189521550395632,18.0
6.292000000000436,500.0,498.43954959004384,18.021888693722968,18.019532794793164,18.186013395923464,18.0
6.293000000000436,500.0,498.50200555394986,18.018219436830968,18.015921636941037,18.18257481113929,18.0
6.294000000000437,500.0,498.5628448897,18.014621238082235,18.012380396727696,18.179204783530885,18.0
6.295000000000437,500.0,498.6220999989595,18.011093069924726,18.008908063196984,18.1759023063831,18.0
6.296000000000437,500.0,498.67980280355516,18.007633910811926,18.005503631300204,18.17266637904389,18.0
6.297000000000438,500.0,498.73598474849877,18.004242745465227,18.002166102154376,18.169496007177102,18.0
6.298000000000438,500.0,498.79067680512577,18.00091856512313,17.998894483287412,18.166390203002322,18.0
6.299000000000438,500.0,498.8439094743429,17.9976603677776,17.995687788870736,18.163347985522343,18.0
6.300000000000439,500.0,498.89571278997965,17.99446715839805,17.992545039939678,18.16036838073849,18.0
6.301000000000439,500.0,498.9461163222373,17.991337949143187,17.989465264601943,18.1574504218542,18.0
6.302000000000439,500.0,498.99514918123043,17.988271759561194,17.986447498234597,18.154593149467225,18.0
6.30300000000044,500.0,499.0428400206157,17.985267616778525,17.98349078366985,18.151795611750778,18.0
6.30400000000044,500.0,499.08921704130194,17.98232455567776,17.980594171370072,18.149056864623994,18.0
6.30500000000044,500.0,499.1343079952378,17.979441619064715,17.977756719592232,18.146375971911976,18.0
6.306000000000441,500.0,499.1781401892712,17.976617857825318,17.974977494542266,18.143752005495887,18.0
6.307000000000441,500.0,499.22074048907604,17.97385233107237,17.972255570519504,18.141184045453137,18.0
6.308000000000441,500.0,499.26213532314205,17.971144106282722,17.96959003005164,18.13867118018833,18.0
6.309000000000442,500.0,499.3023506868237,17.96849225942502,17.966979964020457,18.136212506554994,18.0
6.310000000000442,500.0,499.34141214644205,17.96589587507831,17.96442447177851,18.133807129968382,18.0
6.311000000000442,500.0,499.3793448434385,17.963354046541973,17.961922661257326,18.13145416450994,18.0
6.312000000000443,500.0,499.4161734985728,17.960865875937074,17.95947364906714,18.129152733023336,18.0
6.313000000000443,500.0,499.4519224161653,17.958430474299526,17.957076560588543,18.126901967202528,18.0
6.314000000000443,500.0,499.4866154883765,17.956046961665276,17.95473053005632,18.124701007672147,18.0
6.315000000000444,500.0,499.5202761995227,17.953714467147886,17.952434700635802,18.122549004060396,18.0
6.316000000000444,500.0,499.5529276304224,17.951432129008577,17.950188224491786,18.120445115064705,18.0
6.317000000000444,500.0,499.584592462772,17.949199094719187,17.947990262850468,18.11838850851039,18.0
6.318000000000445,500.0,499.6152929835442,17.947014521018172,17.9458399860546,18.116378361402692,18.0
6.319000000000445,500.0,499.6450510894126,17.944877573960056,17.943736573612085,18.1144138599723,18.0
6.320000000000445,500.0,499.67388829119034,17.942787428958127,17.94167921423805,18.112494199714394,18.0
6.321000000000446,500.0,499.70182571828843,17.940743270821294,17.93966710589108,18.110618585422003,18.0
6.322000000000446,500.0,499.72888412318537,17.938744293784666,17.93769945580333,18.10878623121324,18.0
6.323000000000446,500.0,499.75508388590794,17.936789701534515,17.935775480505082,18.10699636055312,18.0
6.324000000000447,500.0,499.78044501852014,17.934878707227604,17.93389440584378,18.10524820626983,18.0
6.325000000000447,500.0,499.8049871696163,17.93301053350517,17.932055466997774,18.103541010565905,18.0
6.326000000000447,500.0,499.8287296288194,17.931184412501807,17.930257908485093,18.101874025024376,18.0
6.327000000000448,500.0,499.85169133127823,17.929399585849286,17.928500984167165,18.100246510610017,18.0
6.328000000000448,500.0,499.87389086216365,17.927655304675685,17.926783957248023,18.098657737666066,18.0
6.329000000000448,500.0,499.89534646116164,17.925950829599916,17.92510610026887,18.097106985906454,18.0
6.330000000000449,500.0,499.91607602695996,17.92428543072183,17.92346669509839,18.095593544403748,18.0
6.331000000000449,500.0,499.9360971217272,17.92265838760812,17.92186503291887,18.09411671157302,18.0
6.332000000000449,500.0,499.9554269755833,17.921068989274175,17.92030041420833,18.09267579515178,18.0
6.33300000000045,500.0,499.9740824910572,17.919516534161964,17.918772148718805,18.091270112176083,18.0
6.33400000000045,500.0,499.99208024753256,17.91800033011434,17.91727955545103,18.08989898895313,18.0
6.33500000000045,500.0,500.0094365056782,17.916519694345595,17.915821962625508,18.08856176103026,18.0
6.336000000000451,500.0,500.02616721186206,17.91507395340874,17.914398707650303,18.087257773160786,18.0
6.337000000000451,500.0,500.0422880025476,17.91366244315946,17.913009137085584,18.085986379266554,18.0
6.338000000000451,500.0,500.05781420867083,17.91228450871693,17.911652606605074,18.084746942397512,18.0
6.339000000000452,500.0,500.0727608599969,17.91093950442169,17.910328480954615,18.083538834688426,18.0
6.340000000000452,500.0,500.0871426894536,17.90962679379057,17.909036133907826,18.082361437312727,18.0
6.341000000000452,500.0,500.10097413744245,17.908345749469056,17.90777494821923,18.081214140433893,18.0
6.342000000000453,500.0,500.1142693561258,17.907095753180975,17.906544315574767,18.080096343154217,18.0
6.343000000000453,500.0,500.1270422136867,17.905876195675685,17.90534363653984,18.079007453461262,18.0
6.344000000000453,500.0,500.13930629856355,17.90468647667301,17.904172320505126,18.077946888171937,18.0
6.345000000000454,500.0,500.15107492365627,17.903526004805876,17.903029785630164,18.076914072874597,18.0
6.346000000000454,500.0,500.16236113050337,17.902394197560916,17.901915458784913,18.075908441869004,18.0
6.347000000000454,500.0,500.17317769343043,17.901290481217014,17.900828775489288,18.074929438104377,18.0
6.348000000000455,500.0,500.18353712366746,17.900214290781975,17.899769179850864,18.073976513115646,18.0
6.349000000000455,500.0,500.19345167343437,17.899165069927406,17.8987361245008,18.07304912695793,18.0
6.350000000000455,500.0,500.2029333399953,17.89814227092198,17.897729070528218,18.072146748139552,18.0
6.351000000000456,500.0,500.21199386967936,17.897145354562976,17.896747487412796,18.071268853553264,18.0
6.352000000000456,500.0,500.2206447618683,17.896173790106456,17.895790852956136,18.070414928406315,18.0
6.353000000000456,500.0,500.22889727294927,17.895227055195992,17.894858653211596,18.069584466148985,18.0
6.354000000000457,500.0,500.23676242023396,17.89430463579006,17.893950382412903,18.068776968401984,18.0
6.355000000000457,500.0,500.24425098584067,17.893406026088247,17.893065542901528,18.06799194488262,18.0
6.356000000000457,500.0,500.25137352054276,17.892530728456332,17.892203645052984,18.06722891332987,18.0
6.357000000000458,500.0,500.258140347578,17.891678253350214,17.891364207202,18.066487399428482,18.0
6.358000000000458,500.0,500.2645615664237,17.890848119239013,17.890546755566863,18.06576693673217,18.0
6.359000000000458,500.0,500.27064705653265,17.890039852527096,17.8897508241727,18.065067066585815,18.0
6.360000000000459,500.0,500.2764064810326,17.889252987475402,17.888975954774093,18.06438733804702,18.0
6.361000000000459,500.0,500.28184929038747,17.888487066121947,17.88822169677685,18.063727307806925,18.0
6.362000000000459,500.0,500.2869847260197,17.887741638201636,17.887487607159148,18.063086540110277,18.0
6.36300000000046,500.0,500.2918218238952,17.887016261065465,17.886773250392007,18.062464606675015,18.0
6.36400000000046,500.0,500.29636941806814,17.886310499599134,17.886078198359257,18.06186108661128,18.0
6.36500000000046,500.0,500.30063614418805,17.88562392614123,17.88540203027703,18.06127556633998,18.0
6.366000000000461,500.0,500.3046304429668,17.88495612040082,17.88474433261271,18.060707639510916,18.0
6.367000000000461,500.0,500.30836056360573,17.88430666937484,17.884104699003597,18.06015690692056,18.0
6.368000000000461,500.0,500.31183456718514,17.88367516726504,17.88348273017529,18.059622976429633,18.0
6.369000000000462,500.0,500.31506033001193,17.88306121539465,17.882878033859654,18.05910546288025,18.0
6.370000000000462,500.0,500.31804554692894,17.882464422124876,17.88229022471265,18.058603988013026,18.0
6.371000000000462,500.0,500.32079773458315,17.881884402771195,17.881718924232032,18.058118180384,18.0
6.372000000000463,500.0,500.3233242346559,17.881320779519523,17.88116376067486,18.05764767528141,18.0
6.373000000000463,500.0,500.32563221705124,17.880773181342295,17.88062436897491,18.057192114642447,18.0
6.374000000000463,500.0,500.32772868304534,17.880241243914515,17.880100390660154,18.05675114697002,18.0
6.375000000000464,500.0,500.3296204683963,17.879724609529813,17.879591473770088,18.056324427249457,18.0
6.376000000000464,500.0,500.33131424641294,17.879222927016514,17.87909727277325,18.055911616865416,18.0
6.377000000000464,500.0,500.33281653098516,17.878735851653882,17.878617448484754,18.05551238351876,18.0
6.378000000000465,500.0,500.3341336795733,17.878263045088342,17.87815166798392,18.05512640114363,18.0
6.379000000000465,500.0,500.3352718961587,17.877804175250013,17.877699604532122,18.054753349824743,18.0
6.380000000000465,500.0,500.336237234154,17.877358916269316,17.877260937490778,18.05439291571482,18.0
6.381000000000466,500.0,500.33703559927477,17.87692694839389,17.876835352239606,18.054044790952332,18.0
6.382000000000466,500.0,500.3376727523713,17.876507957905712,17.876422540095064,18.053708673579436,18.0
6.383000000000466,500.0,500.338154312221,17.876101637038488,17.876022198229123,18.05338426746026,18.0
6.384000000000467,500.0,500.33848575828216,17.875707683895474,17.87563402958839,18.053071282199575,18.0
6.385000000000467,500.0,500.33867243340865,17.8753258023675,17.87525774281347,18.052769433061687,18.0
6.386000000000467,500.0,500.33871954652693,17.87495570205148,17.874893052158807,18.052478440889907,18.0
6.387000000000468,500.0,500.3386321752724,17.87459709816919,17.87453967741276,18.052198032026137,18.0
6.388000000000468,500.0,500.33841526858936,17.874249711486634,17.87419734381829,18.051927938231273,18.0
6.389000000000468,500.0,500.3380736492929,17.873913268233718,17.873865781993963,18.05166789660572,18.0
6.390000000000469,500.0,500.33761201659155,17.873587500024417,17.873544727855332,18.051417649510537,18.0
6.391000000000469,500.0,500.33703494857383,17.873272143777502,17.873233922537057,18.051176944489118,18.0
6.392000000000469,500.0,500.33634690465647,17.872966941637678,17.872933112315227,18.05094553418925,18.0
6.39300000000047,500.0,500.33555222799583,17.872671640897295,17.87264204853042,18.05072317628585,18.0
6.39400000000047,500.0,500.33465514786343,17.872385993918623,17.872360487511155,18.050509633404147,18.0
6.39500000000047,500.0,500.33365978198304,17.8721097580566,17.872088190497983,18.050304673043453,18.0
6.396000000000471,500.0,500.3325701388332,17.87184269558226,17.871824923568088,18.050108067501554,18.0
6.397000000000471,500.0,500.3313901199128,17.87158457360669,17.87157045756052,18.049919593799693,18.0
6.398000000000471,500.0,500.3301235219711,17.87133516400561,17.871324568001967,18.04973903360805,18.0
6.399000000000472,500.0,500.3287740392032,17.871094243344576,17.871087035033195,18.04956617317205,18.0
6.400000000000472,500.0,500.3273452654093,17.87086159280477,17.870857643336034,18.04940080323911,18.0
6.401000000000472,500.0,500.3258406961192,17.87063699810947,17.870636182061038,18.049242718986093,18.0
6.402000000000473,500.0,500.3242637306836,17.870420249451236,17.87042244475584,18.04909171994752,18.0
6.403000000000473,500.0,500.32261767432976,17.87021114141958,17.87021622929405,18.048947609944282,18.0
6.404000000000473,500.0,500.32090574018406,17.870009472929496,17.870017337804857,18.0488101970131,18.0
6.405000000000474,500.0,500.3191310512611,17.86981504715058,17.869825576603382,18.04867929333676,18.0
6.406000000000474,500.0,500.3172966424195,17.869627671436835,17.86964075612156,18.04855471517483,18.0
6.407000000000474,500.0,500.31540546228433,17.86944715725719,17.869462690839836,18.04843628279529,18.0
6.408000000000475,500.0,500.3134603751387,17.869273320126755,17.869291199219493,18.0483238204067,18.0
6.409000000000475,500.0,500.31146416278057,17.869105979538684,17.869126103635644,18.048217156091148,18.0
6.410000000000475,500.0,500.30941952635027,17.86894495889689,17.868967230311053,18.048116121737998,18.0
6.411000000000476,500.0,500.307329088125,17.868790085449373,17.868814409250486,18.04802055297812,18.0
6.412000000000476,500.0,500.30519539328293,17.86864119022232,17.868667474175957,18.04793028911913,18.0
6.413000000000476,500.0,500.30302091163617,17.868498107954913,17.868526262462524,18.047845173081107,18.0
6.414000000000477,500.0,500.3008080393333,17.86836067703488,17.868390615074944,18.047765051333222,18.0
6.415000000000477,500.0,500.29855910053215,17.868228739434784,17.86826037650495,18.047689773831,18.0
6.416000000000477,500.0,500.2962763490425,17.868102140649043,17.868135394709316,18.047619193954336,18.0
6.417000000000478,500.0,500.2939619699395,17.867980729631675,17.86801552104861,18.047553168446267,18.0
6.418000000000478,500.0,500.29161808114816,17.867864358734817,17.867900610226705,18.047491557352448,18.0
6.419000000000478,500.0,500.2892467349993,17.86775288364796,17.867790520230987,18.04743422396141,18.0
6.420000000000479,500.0,500.28684991975683,17.867646163337902,17.867685112273332,18.04738103474553,18.0
6.421000000000479,500.0,500.2844295611172,17.867544059989523,17.86758425073177,18.04733185930272,18.0
6.422000000000479,500.0,500.2819875236815,17.86744643894723,17.86748780309292,18.047286570298905,18.0
6.42300000000048,500.0,500.27952561239965,17.867353168657147,17.86739563989514,18.047245043411213,18.0
6.42400000000048,500.0,500.27704557398863,17.867264120610127,17.8673076346724,18.047207157271888,18.0
6.42500000000048,500.0,500.27454909832403,17.867179169285393,17.8672236638989,18.047172793412983,18.0
6.426000000000481,500.0,500.272037819804,17.867098192094954,17.867143606934345,18.047141836211658,18.0
6.427000000000481,500.0,500.2695133186892,17.867021069328832,17.867067345970078,18.04711417283645,18.0
6.428000000000481,500.0,500.26697712241617,17.866947684100932,17.86699476597584,18.047089693194053,18.0
6.429000000000482,500.0,500.26443070688634,17.8668779222957,17.866925754647244,18.047068289876893,18.0
6.430000000000482,500.0,500.2618754977291,17.866811672515453,17.86686020235403,18.047049858111496,18.0
6.431000000000482,500.0,500.2593128715414,17.866748826028527,17.866798002089002,18.047034295707498,18.0
6.432000000000483,500.0,500.25674415710336,17.866689276718056,17.866739049417635,18.04702150300736,18.0
6.433000000000483,500.0,500.25417063656886,17.86663292103152,17.866683242428483,18.047011382836896,18.0
6.434000000000483,500.0,500.2515935466347,17.866579657931048,17.86663048168425,18.047003840456455,18.0
6.435000000000484,500.0,500.2490140796842,17.86652938884431,17.866580670173484,18.04699878351273,18.0
6.436000000000484,500.0,500.24643338491046,17.866482017616303,17.866533713263173,18.046996121991473,18.0
6.437000000000484,500.0,500.24385256941554,17.866437450461635,17.866489518651754,18.046995768170678,18.0
6.438000000000485,500.0,500.24127269928886,17.86639559591773,17.866447996323114,18.046997636574652,18.0
6.439000000000485,500.0,500.2386948006625,17.86635636479851,17.866409058501013,18.047001643928642,18.0
6.440000000000485,500.0,500.2361198607459,17.866319670148947,17.86637261960437,18.04700770911423,18.0
6.441000000000486,500.0,500.2335488288398,17.866285427200225,17.86633859620315,18.047015753125386,18.0
6.442000000000486,500.0,500.23098261732855,17.86625355332555,17.866306906974884,18.047025699025145,18.0
6.443000000000486,500.0,500.2284221026526,17.86622396799674,17.866277472661995,18.04703747190307,18.0
6.444000000000487,500.0,500.22586812626014,17.866196592741385,17.866250216029588,18.047050998833253,18.0
6.445000000000487,500.0,500.2233214955406,17.86617135110076,17.866225061824128,18.04706620883311,18.0
6.446000000000487,500.0,500.2207829847364,17.866148168588314,17.866201936732523,18.047083032822663,18.0
6.447000000000488,500.0,500.2182533358373,17.866126972648882,17.866180769342062,18.04710140358465,18.0
6.448000000000488,500.0,500.215733259455,17.866107692618524,17.86616149010084,18.04712125572513,18.0
6.449000000000488,500.0,500.2132234356796,17.866090259685002,17.86614403127893,18.04714252563483,18.0
6.450000000000489,500.0,500.21072451491744,17.86607460684891,17.866128326930124,18.047165151451075,18.0
6.451000000000489,500.0,500.20823711871105,17.86606066888543,17.8661143128543,18.047189073020345,18.0
6.452000000000489,500.0,500.20576184054204,17.866048382306726,17.86610192656042,18.047214231861492,18.0
6.45300000000049,500.0,500.20329924661553,17.866037685324915,17.86609110723014,18.04724057112947,18.0
6.45400000000049,500.0,500.2008498766284,17.866028517815728,17.866081795681993,18.047268035579794,18.0
6.45500000000049,500.0,500.1984142445205,17.866020821282717,17.86607393433624,18.047296571533572,18.0
6.456000000000491,500.0,500.19599283920934,17.86601453882207,17.866067467180223,18.047326126843025,18.0
6.457000000000491,500.0,500.19358612530846,17.866009615088068,17.866062339734373,18.04735665085774,18.0
6.458000000000491,500.0,500.1911945438297,17.866005996259076,17.86605849901879,18.047388094391437,18.0
6.459000000000492,500.0,500.18881851287034,17.86600363000415,17.866055893520343,18.047420409689273,18.0
6.460000000000492,500.0,500.18645842828477,17.86600246545022,17.8660544731604,18.04745355039581,18.0
6.461000000000492,500.0,500.18411466434003,17.866002453149807,17.866054189263103,18.047487471523507,18.0
6.462000000000493,500.0,500.1817875743581,17.866003545049395,17.866054994524195,18.0475221294217,18.0
6.463000000000493,500.0,500.1794774913423,17.866005694458188,17.866056842980317,18.047557481746193,18.0
6.464000000000493,500.0,500.1771847285901,17.86600885601766,17.86605968997905,18.047593487429474,18.0
6.465000000000494,500.0,500.17490958029134,17.8660129856714,17.866063492149223,18.047630106651262,18.0
6.466000000000494,500.0,500.17265232211327,17.866018040635677,17.866068207372,18.0476673008098,18.0
6.467000000000494,500.0,500.17041321177106,17.86602397937044,17.866073794752293,18.047705032493518,18.0
6.468000000000495,500.0,500.16819248958643,17.86603076155088,17.866080214590834,18.0477432654533,18.0
6.469000000000495,500.0,500.16599037903114,17.86603834803952,17.86608742835666,18.047781964575208,18.0
6.470000000000495,500.0,500.1638070872601,17.866046700858767,17.866095398660196,18.04782109585381,18.0
6.471000000000496,500.0,500.16164280563004,17.86605578316402,17.8661040892267,18.047860626365797,18.0
6.472000000000496,500.0,500.1594977102062,17.86606555921722,17.8661134648703,18.04790052424433,18.0
6.473000000000496,500.0,500.1573719622577,17.866075994360987,17.86612349146853,18.047940758653734,18.0
6.474000000000497,500.0,500.1552657087398,17.86608705499313,17.866134135937273,18.047981299764707,18.0
6.475000000000497,500.0,500.153179082766,17.866098708541713,17.86614536620619,18.048022118729985,18.0
6.476000000000497,500.0,500.15111220406646,17.866110923440548,17.866157151194642,18.04806318766046,18.0
6.477000000000498,500.0,500.1490651794381,17.866123669105196,17.86616946078807,18.048104479601836,18.0
6.478000000000498,500.0,500.14703810318105,17.866136915909383,17.86618226581479,18.048145968511637,18.0
6.479000000000498,500.0,500.1450310575253,17.866150635161905,17.866195538023277,18.04818762923671,18.0
6.480000000000499,500.0,500.14304411304795,17.86616479908399,17.866209250059878,18.048229437491194,18.0
6.481000000000499,500.0,500.141077329078,17.866179380786985,17.86622337544687,18.048271369834808,18.0
6.482000000000499,500.0,500.1391307540922,17.866194354250652,17.866237888561116,18.04831340365173,18.0
6.4830000000005,500.0,500.13720442610094,17.86620969430178,17.86625276461299,18.048355517129767,18.0
6.4840000000005,500.0,500.13529837302343,17.86622537659322,17.8662679796258,18.048397689239998,18.0
6.4850000000005,500.0,500.13341261305504,17.866241377583407,17.866283510415588,18.048439899716847,18.0
6.486000000000501,500.0,500.13154715502293,17.86625767451618,17.866299334571313,18.048482129038433,18.0
6.487000000000501,500.0,500.1297019987349,17.86627424540114,17.866315430435506,18.04852435840752,18.0
6.488000000000501,500.0,500.1278771353173,17.866291068994247,17.8663317770852,18.048566569732657,18.0
6.489000000000502,500.0,500.1260725475453,17.866308124778957,17.866348354313345,18.04860874560983,18.0
6.490000000000502,500.0,500.1242882101636,17.866325392947665,17.866365142610576,18.04865086930445,18.0
6.491000000000502,500.0,500.1225240902004,17.866342854383525,17.866382123147293,18.048692924733693,18.0
6.492000000000503,500.0,500.1207801472701,17.86636049064265,17.86639927775619,18.048734896449233,18.0
6.493000000000503,500.0,500.1190563338714,17.8663782839367,17.866416588915108,18.048776769620353,18.0
6.494000000000503,500.0,500.1173525956745,17.866396217115838,17.86643403973023,18.04881853001735,18.0
6.495000000000504,500.0,500.11566887180226,17.86641427365197,17.866451613919647,18.048860163995357,18.0
6.496000000000504,500.0,500.1140050951031,17.866432437622425,17.866469295797273,18.04890165847846,18.0
6.497000000000504,500.0,500.1123611924165,17.86645069369393,17.866487070257083,18.048943000944192,18.0
6.498000000000505,500.0,500.1107370848315,17.866469027106945,17.866504922757674,18.0489841794083,18.0
6.499000000000505,500.0,500.10913268793786,17.866487423660267,17.866522839307176,18.049025182409906,18.0
6.500000000000505,500.0,504.8791400691013,17.86650586969606,17.852971517363898,18.035132071022492,8.0
6.501000000000506,500.0,509.4801118486142,17.46678038231297,17.446356272125236,17.624384201860234,8.0
6.502000000000506,500.0,513.8886383289088,17.07622084833022,17.049737285752702,17.223740212640617,8.0
6.503000000000506,500.0,518.110521919691,16.69696544765329,16.665415801984253,16.835522612043228,8.0
6.504000000000507,500.0,522.1515628789755,16.328729606989466,16.293001613503584,16.459336418789952,8.0
6.505000000000507,500.0,526.0173719676854,15.971222857036448,15.932107270730187,16.094789571205734,8.0
6.506000000000507,500.0,529.71337884565,15.624164529747151,15.582364651554402,15.741509640942322,8.0
6.507000000000508,500.0,533.2448410252424,15.287283253389196,15.243423553871459,15.399142396447926,8.0
6.508000000000508,500.0,536.6168521323652,14.960316392095258,14.914950307346022,15.067350387650619,8.0
6.509000000000508,500.0,539.8343495309576,14.64300953406476,14.596626512810197,14.745811661116857,8.0
6.510000000000509,500.0,542.9021213698586,14.335116024436232,14.288147897851257,14.43421859395438,8.0
6.511000000000509,500.0,545.8248131052964,14.036396538567743,13.989223277499713,14.132276835105447,8.0
6.512000000000509,500.0,548.6069335471664,13.746618691867852,13.69957360998463,13.839704343760024,8.0
6.51300000000051,500.0,551.2528604726687,13.465556682691119,13.418931138484437,13.556230515604131,8.0
6.51400000000051,500.0,553.7668458467002,13.192990965146866,13.147038610669417,13.281595388508354,8.0
6.51500000000051,500.0,556.1530206846425,12.92870794897367,12.883648568618302,13.015548920067133,8.0
6.516000000000511,500.0,558.4153995897733,12.672499723905835,12.628522702401508,12.757850330127306,8.0
6.517000000000511,500.0,560.5578849944613,12.424163806206039,12.381431261266112,12.508267502102267,8.0
6.518000000000511,500.0,562.5842711315164,12.18350290526235,12.142152516938683,12.266576437463533,8.0
6.519000000000512,500.0,564.4982477595537,11.950324708350285,11.910472274087482,12.032560758339347,8.0
6.520000000000512,500.0,566.3034036639584,11.724441681843686,11.686183423460545,11.806011253636388,8.0
6.521000000000512,500.0,568.0032299529805,11.505670887323753,11.469085533646076,11.586725464540796,8.0
6.522000000000513,500.0,569.6011231666293,11.293833811184967,11.2589844777898,11.374507305652084,8.0
6.523000000000513,500.0,571.1003882143619,11.088756206472215,11.055692091955576,11.169166718363584,8.0
6.524000000000513,500.0,572.5042411560366,10.890267945805167,10.859025862132915,10.970519353427651,8.0
6.525000000000514,500.0,573.8158118392323,10.698202884357014,10.668808637182853,10.778386279938537,8.0
6.526000000000514,500.0,575.038146404793,10.512398731953944,10.484868365272725,10.592593718230997,8.0
6.527000000000514,500.0,576.1742096713348,10.332696933452457,10.307037851586045,10.412972794433601,8.0
6.528000000000515,500.0,577.2268874084383,10.15894255663287,10.13515453530545,10.239359314632612,8.0
6.529000000000515,500.0,578.1989885073345,9.990984186921187,9.969060284059127,10.071593556799023,8.0
6.530000000000515,500.0,579.0932470570615,9.82867382831816,9.80860120419469,9.909520078808935,8.0
6.531000000000516,500.0,579.9123243333222,9.671866809974379,9.653627465401385,9.75298754104788,8.0
6.532000000000516,500.0,580.6588107065974,9.520421697904752,9.503993138343583,9.601848542235095,8.0
6.533000000000516,500.0,581.3352274754526,9.374200211384839,9.359556044096852,9.45595946723488,8.0
6.534000000000517,500.0,581.9440286304301,9.233067143615788,9.220177614293886,9.315180345740854,8.0
6.535000000000517,500.0,582.4876025534143,9.09689028628482,9.08572276099256,9.179374720826186,8.0
6.536000000000517,500.0,582.9682736569055,8.965540357684388,8.95605975537314,9.048409526449776,8.0
6.537000000000518,500.0,583.3883039672371,8.83889093408581,8.83106011445753,8.922154973096115,8.0
6.538000000000518,500.0,583.7498946553904,8.716818384092678,8.71059849512078,8.800484440805576,8.0
6.539000000000518,500.0,584.0551875187385,8.599201805726185,8.594552594735372,8.683274378923677,8.0
6.540000000000519,500.0,584.306266416746,8.485922966018414,8.482803057851964,8.57040421196244,8.0
6.541000000000519,500.0,584.5051586633751,8.376866242911376,8.375233388377534,8.461756251025395,8.0
6.542000000000519,500.0,584.653836378711,8.271918569279471,8.271729866763804,8.357215610300853,8.0
6.54300000000052,500.0,584.7542178020891,8.170969378910325,8.172181471765272,8.256670128175436,8.0
6.54400000000052,500.0,584.8081685688114,8.073910554295365,8.07647980636877,8.160010292563413,8.0
6.54500000000052,500.0,584.817502952355,7.9806363760956875,7.984519027534473,8.06712917008604,8.0
6.546000000000521,500.0,584.7839850738128,7.891043474161863,7.89619577942292,7.977922338770577,8.0
6.547000000000521,500.0,584.709330080158,7.805030779998004,7.811409129813673,7.89228782397017,8.0
6.548000000000521,500.0,584.5952052927909,7.722499480571212,7.730060509449683,7.810126037234976,8.0
6.549000000000522,500.0,584.443231327703,7.643352973376697,7.65205365406651,7.731339717890258,8.0
6.550000000000522,500.0,584.2549831884872,7.567496822677962,7.577294548889046,7.655833877101287,8.0
6.551000000000522,500.0,584.0319913333205,7.494838716848799,7.505691375398794,7.583515744225586,8.0
6.552000000000523,500.0,583.7757427169618,7.425288426751087,7.437154460193762,7.514294715272367,8.0
6.553000000000523,500.0,583.4876818087176,7.358757765088534,7.371596225779839,7.448082303306213,8.0
6.554000000000523,500.0,583.1692115872656,7.295160546682348,7.30893114314806,7.384792090647765,8.0
6.555000000000524,500.0,582.8216945131508,7.234412549619863,7.249075686005879,7.324339682738174,8.0
6.556000000000524,500.0,582.4464534797162,7.176431477231694,7.191948286543023,7.266642663546724,8.0
6.557000000000524,500.0,582.0447727431716,7.121136920857268,7.137469292623979,7.211620552412608,8.0
6.558000000000525,500.0,581.6178988324561,7.06845032336225,7.085560926309183,7.1591947622221905,8.0
6.559000000000525,500.0,581.1670414395068,7.018294943374796,7.036147243616355,7.109288558832361,8.0
6.560000000000525,500.0,580.6933742905035,6.9705958202104785,6.989154095441559,7.061827021659085,8.0
6.561000000000526,500.0,580.1980359986278,6.925279739458627,6.94450908956728,7.0167370053578235,8.0
6.562000000000526,500.0,579.6821308988336,6.882275199205118,6.90214155369139,6.973947102529385,8.0
6.563000000000526,500.0,579.1467298651064,6.841512376868919,6.861982499417161,6.9333876073909675,8.0
6.564000000000527,500.0,578.5928711106525,6.802923096631716,6.823964587149905,6.8949904803577216,8.0
6.565000000000527,500.0,578.0215609714409,6.7664407974415965,6.788022091850807,6.8586893134851845,8.0
6.566000000000527,500.0,577.4337746734946,6.7320005015735065,6.754090869603092,6.824419296727559,8.0
6.567000000000528,500.0,576.830457084311,6.699538783730578,6.722108324949705,6.792117184970834,8.0
6.568000000000528,500.0,576.2125234487675,6.668993740671536,6.692013378965106,6.76172126580336,8.0
6.569000000000528,500.0,575.5808601098588,6.640304961350987,6.663746438027641,6.733171327990121,8.0
6.570000000000529,500.0,574.9363252145897,6.613413497559788,6.637249363261193,6.706408630619478,8.0
6.571000000000529,500.0,574.2797494053378,6.588261835054338,6.612465440618235,6.681375872894413,8.0
6.572000000000529,500.0,573.6119364969877,6.564793865163823,6.589339351578243,6.658017164542227,8.0
6.57300000000053,500.0,572.9336641401221,6.542954856865599,6.567817144437963,6.636277996819185,8.0
6.57400000000053,500.0,572.2456844705531,6.522691429319429,6.547846206171902,6.616105214088476,8.0
6.57500000000053,500.0,571.5487247454553,6.503951524851757,6.529375234843009,6.597446985951449,8.0
6.576000000000531,500.0,570.8434879663653,6.4866843823820775,6.512354212545546,6.580252779914187,8.0
6.577000000000531,500.0,570.1306534892957,6.470840511283542,6.496734378863085,6.564473334572321,8.0
6.578000000000531,500.0,569.4108776222076,6.456371665670604,6.482468204826201,6.5500606332986955,8.0
6.579000000000532,500.0,568.6847942100777,6.443230819106797,6.4695093673554585,6.536967878419515,8.0
6.580000000000532,500.0,567.9530152077887,6.431372139726168,6.457812724176437,6.525149465865718,8.0
6.581000000000532,500.0,567.2161312410684,6.420750965762066,6.447334289194414,6.514560960287247,8.0
6.582000000000533,500.0,566.474712155693,6.411323781477285,6.4380312083171445,6.505159070618632,8.0
6.583000000000533,500.0,565.7293075551696,6.403048193489962,6.4298617357151455,6.49690162608537,8.0
6.584000000000533,500.0,564.9804473271028,6.395882907489531,6.422785210509288,6.489747552640859,8.0
6.585000000000534,500.0,564.2286421584508,6.389787705337523,6.416762033876388,6.48365684982463,8.0
6.586000000000534,500.0,563.4743840398698,6.384723422548058,6.4117536465639455,6.478590568033066,8.0
6.587000000000534,500.0,562.7181467593383,6.380651926142898,6.407722506805605,6.474510786194108,8.0
6.588000000000535,500.0,561.960386385255,6.3775360928763325,6.4046320686295655,6.471380589838258,8.0
6.589000000000535,500.0,561.2015417391974,6.3753397878250775,6.4024467605524045,6.469164049558333,8.0
6.590000000000535,500.0,560.4420348585234,6.374027843338454,6.401131964651172,6.467826199850804,8.0
6.591000000000536,500.0,559.6822714489957,6.373566038344409,6.400653996007046,6.46733301833204,8.0
6.592000000000536,500.0,558.9226413276082,6.373921078006919,6.400980082514137,6.4676514053230285,8.0
6.593000000000536,500.0,558.1635188557881,6.375060573730253,6.402078345047088,6.468749163796213,8.0
6.594000000000537,500.0,557.405263363143,6.376953023505813,6.403917777981598,6.470594979678589,8.0
6.595000000000537,500.0,556.6482195619244,6.379567792597399,6.406468230062217,6.473158402505378,8.0
6.596000000000537,500.0,555.8927179523707,6.382875094560499,6.409700385611712,6.476409826418571,8.0
6.597000000000538,500.0,555.1390752190948,6.386845972591581,6.413585746076808,6.480320471505149,8.0
6.598000000000538,500.0,554.3875946186764,6.391452281203223,6.4180966119050495,6.484862365469706,8.0
6.599000000000538,500.0,553.6385663586157,6.39666666822094,6.423206064747693,6.490008325636358,8.0
6.600000000000539,500.0,552.8922679678079,6.402462557097791,6.428887949983856,6.4957319412751655,8.0
6.601000000000539,500.0,552.1489646586881,6.408814129542621,6.435116859560987,6.5020075562481106,8.0
6.602000000000539,500.0,551.4089096811996,6.415696308458027,6.441868115147086,6.508810251970035,8.0
6.60300000000054,500.0,550.6723446687353,6.4230847411841605,6.449117751590115,6.516115830679965,8.0
6.60400000000054,500.0,549.9394999761982,6.4309557830442925,6.456842500680018,6.5239007990182225,8.0
6.60500000000054,500.0,549.2105950103253,6.439286481188377,6.465019775209057,6.532142351904996,8.0
6.606000000000541,500.0,548.4858385524174,6.448054558730702,6.473627653326114,6.540818356716024,8.0
6.607000000000541,500.0,547.7654290736181,6.457238399177769,6.482644863180732,6.549907337751115,8.0
6.608000000000541,500.0,547.0495550428762,6.46681703114256,6.4920507678526524,6.559388460991239,8.0
6.609000000000542,500.0,546.3383952277323,6.4767701133414555,6.50182535056284,6.569241519140192,8.0
6.610000000000542,500.0,545.6321189880593,6.487077919869918,6.5119492001618235,6.579446916946588,8.0
6.611000000000542,500.0,544.9308865628956,6.497721325753366,6.522403496891518,6.589985656802351,8.0
6.612000000000543,500.0,544.2348493504965,6.508681792769245,6.533169998416341,6.600839324613492,8.0
6.613000000000543,500.0,543.5441501817343,6.519941355536778,6.544231026119901,6.611990075939396,8.0
6.6140000000005434,500.0,542.8589235869757,6.531482607870698,6.555569451663396,6.6234206223967735,8.0
6.615000000000544,500.0,542.1792960565592,6.543288689395122,6.56716868380176,6.635114218324255,8.0
6.616000000000544,500.0,541.5053862949974,6.555343272414148,6.57901265545397,6.647054647704004,8.0
6.6170000000005444,500.0,540.8373054690243,6.5676305490353295,6.5910858110236195,6.659226211336471,8.0
6.618000000000545,500.0,540.1751574496096,6.5801352185425745,6.603373093966151,6.671613714264615,8.0
6.619000000000545,500.0,539.5190390480551,6.592842475014798,6.615859934599063,6.684202453443893,8.0
6.6200000000005454,500.0,538.869040246291,6.6057379951868676,6.628532238151516,6.696978205654412,8.0
6.621000000000546,500.0,538.2252444214871,6.6188079265491435,6.641376373049615,6.70992721565148,8.0
6.622000000000546,500.0,537.5877285650896,6.632038875682287,6.654379159433991,6.723036184551184,8.0
6.6230000000005464,500.0,536.9565634963964,6.645417896823693,6.667527857906009,6.736292258447252,8.0
6.624000000000547,500.0,536.3318140707796,6.6589324806622,6.680810158499225,6.7496830172558155,8.0
6.625000000000547,500.0,535.7135393826624,6.672570543357514,6.694214169872518,6.7631964637844675,8.0
6.6260000000005475,500.0,535.1017929633558,6.6863204157811325,6.707728408721669,6.776821013022348,8.0
6.627000000000548,500.0,534.496622973863,6.700170832975124,6.721341789405758,6.790545481647596,8.0
6.628000000000548,500.0,533.8980723927489,6.7141109238256504,6.735043613785219,6.804359077749014,8.0
6.6290000000005485,500.0,533.3061791991798,6.728130200947678,6.748823561268065,6.818251390758364,8.0
6.630000000000549,500.0,532.7209765512314,6.742218550777745,6.762671679061124,6.832212381590151,8.0
6.631000000000549,500.0,532.1424929595635,6.756366223871467,6.776578372623002,6.846232372985571,8.0
6.6320000000005495,500.0,531.5707524565556,6.770563825402429,6.790534396315412,6.860302040057245,8.0
6.63300000000055,500.0,531.0057747610033,6.784802305859397,6.804530844249862,6.874412401031636,8.0
6.63400000000055,500.0,530.4475754384623,6.799072951938502,6.8185591413263476,6.888554808185847,8.0
6.6350000000005505,500.0,529.8961660573369,6.8133673776273955,6.832611034461088,6.902720938975781,8.0
6.636000000000551,500.0,529.3515543408009,6.827677515478066,6.8466785840000375,6.916902787352306,8.0
6.637000000000551,500.0,528.8137443146398,6.841995608065416,6.860754155315249,6.931092655262576,8.0
6.6380000000005515,500.0,528.2827364511024,6.856314199628303,6.874830410580904,6.94528314433318,8.0
6.639000000000552,500.0,527.7585278088466,6.870626127890208,6.888900300726144,6.959467147732315,8.0
6.640000000000552,500.0,527.241112169065,6.884924516056388,6.9029570575616175,6.973637842207797,8.0
6.6410000000005525,500.0,526.7304801678722,6.899202764984546,6.916994186076808,6.987788680297997,8.0
6.642000000000553,500.0,526.2266194250358,6.913454545526168,6.931005456905335,7.001913382712797,8.0
6.643000000000553,500.0,525.729514669131,6.92767379103546,6.944984898955193,7.016005930881585,8.0
6.6440000000005535,500.0,525.2391478591993,6.941854690043126,6.958926792201203,7.030060559665449,8.0
6.645000000000554,500.0,524.7554983029842,6.955991679092025,6.972825660636764,7.044071750230685,8.0
6.646000000000554,500.0,524.2785427718262,6.970079435732047,6.9866762653822745,7.05803422308092,8.0
6.6470000000005545,500.0,523.8082556122866,6.9841128716711705,7.000473597947228,7.07194293124482,8.0
6.648000000000555,500.0,523.3446088545762,6.998087126080213,7.014212873643533,7.085793053616962,8.0
6.649000000000555,500.0,522.8875723178598,7.01199755904834,7.027889525147174,7.099579988448855,8.0
6.6500000000005555,500.0,522.4371137125088,7.0258397451867225,7.041499196205596,7.1132993469875565,8.0
6.651000000000556,500.0,521.9931987393694,7.039609467377745,7.055037735488342,7.1269469472593165,8.0
6.652000000000556,500.0,521.5557911861162,7.0533027106669675,7.068501190578104,7.140518807995406,8.0
6.6530000000005565,500.0,521.1248530207574,7.066915656295461,7.081885802099863,7.154011142697774,8.0
6.654000000000557,500.0,520.7003444823587,7.080444675869718,7.095187997985399,7.167420353841779,8.0
6.655000000000557,500.0,520.2822241690483,7.093886325666851,7.108404387870892,7.180743027213664,8.0
6.6560000000005575,500.0,519.8704491233686,7.107237341072336,7.121531757624895,7.1939759263800696,8.0
6.657000000000558,500.0,519.4649749150362,7.120494631148055,7.134567064004512,7.207115987287342,8.0
6.658000000000558,500.0,519.0657557211689,7.133655273328017,7.147507429437162,7.220160312988017,8.0
6.6590000000005585,500.0,518.6727444040449,7.1467165082395665,7.160350136925792,7.233106168492283,8.0
6.660000000000559,500.0,518.2858925864474,7.159675734647426,7.173092625074937,7.245950975741828,8.0
6.661000000000559,500.0,517.9051507246547,7.172530504518516,7.185732483235573,7.258692308703954,8.0
6.6620000000005595,500.0,517.5304681791338,7.185278518205135,7.198267446766401,7.27132788858356,8.0
6.66300000000056,500.0,517.1617932829902,7.197917619744119,7.210695392409235,7.283855579150705,8.0
6.66400000000056,500.0,516.7990734082304,7.210445792269941,7.223014333776475,7.29627338218159,8.0
6.6650000000005605,500.0,516.4422550298884,7.222861153539354,7.235222416948265,7.308579433010625,8.0
6.666000000000561,500.0,516.0912837880716,7.235161951565612,7.2473179161775025,7.320771996191695,8.0
6.667000000000561,500.0,515.7461045479732,7.24734656035985,7.259299229700207,7.332849461266045,8.0
6.6680000000005615,500.0,515.406661457906,7.259413475777768,7.271164875649493,7.34481033863511,8.0
6.669000000000562,500.0,515.0728980054031,7.271361311469355,7.282913488070913,7.356653255535902,8.0
6.670000000000562,500.0,514.7447570714348,7.283188794929729,7.294543813037254,7.368376952117135,8.0
6.6710000000005625,500.0,514.4221809827917,7.294894763648947,7.306054704860682,7.379980277613828,8.0
6.672000000000563,500.0,514.1051115626756,7.306478161358877,7.3174451224003825,7.391462186618629,8.0
6.673000000000563,500.0,513.793490179547,7.317938034375182,7.328714125463738,7.402821735447777,8.0
6.6740000000005635,500.0,513.4872577942739,7.329273528032415,7.339860871299131,7.414058078599808,8.0
6.675000000000564,500.0,513.1863550056228,7.340483883210341,7.350884611178452,7.425170465305062,8.0
6.676000000000564,500.0,512.8907220941371,7.351568432949721,7.361784687067614,7.436158236164259,8.0
6.6770000000005645,500.0,512.6002990644439,7.362526599155492,7.372560528383068,7.447020819874088,8.0
6.678000000000565,500.0,512.3150256860297,7.373357889385829,7.383211648832749,7.457757730038255,8.0
6.679000000000565,500.0,512.0348415325257,7.384061893724953,7.393737643339451,7.4683685620619364,8.0
6.6800000000005655,500.0,511.7596860195415,7.394638281738298,7.404138185045191,7.478852990128173,8.0
6.681000000000566,500.0,511.4894984410863,7.40508679950802,7.414413022394602,7.489210764254242,8.0
6.682000000000566,500.0,511.22421800461467,7.415407266747275,7.424561976295828,7.4994417074264295,8.0
6.6830000000005665,500.0,510.9637838647329,7.42559957399157,7.434584937357217,7.509545712811486,8.0
6.684000000000567,500.0,510.7081351556041,7.435663679865614,7.4444818631983,7.519522741043234,8.0
6.685000000000567,500.0,510.45721102208535,7.445599608423916,7.4542527758332975,7.52937281758255,8.0
6.6860000000005675,500.0,510.2109506496326,7.455407446563644,7.46389775912573,7.539096030149256,8.0
6.687000000000568,500.0,509.96929329300576,7.465087341508115,7.4734169563124935,7.548692526224286,8.0
6.688000000000568,500.0,509.7321783038086,7.474639498359488,7.482810567596002,7.558162510620678,8.0
6.6890000000005685,500.0,509.49954515689404,7.484064177719039,7.492078847802844,7.567506243121844,8.0
6.690000000000569,500.0,509.27133347566854,7.4933616933735685,7.5012221041074625,7.576724036185594,8.0
6.691000000000569,500.0,509.04748305632427,7.502532410046489,7.510240693819468,7.5858162527124975,8.0
6.6920000000005695,500.0,508.82793389102983,7.511576741212179,7.519135022233219,7.594783303877213,8.0
6.69300000000057,500.0,508.61262619011063,7.520495146972188,7.52790554053819,7.603625647021277,8.0
6.69400000000057,500.0,508.401500403246,7.5292881319918825,7.536552743788852,7.612343783606042,8.0
6.6950000000005705,500.0,508.1944972397114,7.537956243496156,7.5450771689326235,7.620938257224346,8.0
6.696000000000571,500.0,507.99155768769396,7.546500069322974,7.553479392894726,7.629409651669669,8.0
6.697000000000571,500.0,507.79262303270855,7.554920236033345,7.56176003071855,7.637758589061436,8.0
6.6980000000005715,500.0,507.59763487513936,7.563217407076452,7.56991973376029,7.645985728025126,8.0
6.699000000000572,500.0,507.4065351469341,7.571392281008706,7.577959187936589,7.65409176192599,8.0
6.700000000000572,500.0,507.2192661274751,7.579445589765441,7.585879112024041,7.662077417155144,8.0
6.7010000000005725,500.0,507.0357704586522,7.587378096984119,7.593680256009287,7.669943451466811,8.0
6.702000000000573,500.0,506.8559911591615,7.595190596377716,7.601363399488527,7.677690652365454,8.0
6.703000000000573,500.0,506.67987163805276,7.602883910157239,7.608929350115355,7.685319835541776,8.0
6.7040000000005735,500.0,506.5073557075498,7.610458887502175,7.616378942095741,7.692831843356304,8.0
6.705000000000574,500.0,506.3383875951635,7.617916403077712,7.623713034729027,7.7002275433694845,8.0
6.706000000000574,500.0,506.1729119551228,7.6252573555976975,7.630932510993923,7.7075078269172135,8.0
6.7070000000005745,500.0,506.0108738791417,7.632482666432165,7.638038276178346,7.714673607730655,8.0
6.708000000000575,500.0,505.8522189065448,7.639593278258452,7.645031256552146,7.721725820599363,8.0
6.709000000000575,500.0,505.69689303377135,7.646590153754757,7.651912398081568,7.728665420076553,8.0
6.7100000000005755,500.0,505.54484272327744,7.653474274335222,7.6586826651846,7.735493379225661,8.0
6.711000000000576,500.0,505.3960149118556,7.660246638925461,7.66534303952607,7.742210688407014,8.0
6.712000000000576,500.0,505.25035701839045,7.666908262777548,7.6718945188515955,7.748818354103756,8.0
6.7130000000005765,500.0,505.1078169510693,7.673460176323563,7.678338115859442,7.755317397786017,8.0
6.714000000000577,500.0,504.9683431140653,7.679903424066686,7.684674857109349,7.761708854812401,8.0
6.715000000000577,500.0,504.83188441370993,7.686239063508894,7.690905781967347,7.767993773367792,8.0
6.7160000000005775,500.0,504.6983902641737,7.692468164114464,7.697031941585794,7.774173213436737,8.0
6.717000000000578,500.0,504.56781059266956,7.698591806308239,7.703054397917634,7.780248245811313,8.0
6.718000000000578,500.0,504.4400958441958,7.704611080507847,7.708974222764046,7.786219951132722,8.0
6.7190000000005785,500.0,504.315196985836,7.710527086189146,7.714792496854786,7.792089418965867,8.0
6.720000000000579,500.0,504.1930655106281,7.7163409309837565,7.720510308960096,7.797857746905751,8.0
6.721000000000579,500.0,504.0736534410214,7.722053729808192,7.726128755033697,7.803526039715262,8.0
6.7220000000005795,500.0,503.9569133319317,7.72766660402349,7.7316489373857955,7.809095408493217,8.0
6.72300000000058,500.0,503.84279827341345,7.733180680624846,7.737071963885605,7.814566969872173,8.0
6.72400000000058,500.0,503.7312618929588,7.738597091460148,7.742398947192312,7.819941845244929,8.0
6.7250000000005805,500.0,503.6222583574397,7.743916972477001,7.747631004014036,7.825221160019264,8.0
6.726000000000581,500.0,503.51574237470487,7.749141462997211,7.752769254393865,7.830406042899947,8.0
6.727000000000581,500.0,503.41166919484476,7.754271705018153,7.757814821022282,7.835497625197405,8.0
6.7280000000005815,500.0,503.30999461113703,7.759308842540303,7.7627688285753695,7.8404970401623295,8.0
6.729000000000582,500.0,503.2106749606843,7.764254020920184,7.767632403078012,7.845405422345512,8.0
6.730000000000582,500.0,503.1136671247566,7.76910838624811,7.772406671291484,7.850223906982249,8.0
6.7310000000005825,500.0,503.0189285288494,7.773873084750021,7.777092760124756,7.854953629400656,8.0
6.732000000000583,500.0,502.9264171424688,7.778549262212764,7.781691796068852,7.859595724453212,8.0
6.733000000000583,500.0,502.83609147865417,7.783138063432159,7.786204904653651,7.864151325970917,8.0
6.7340000000005835,500.0,502.74791059324974,7.7876406316833355,7.7906332099265665,7.8686215662394865,8.0
6.735000000000584,500.0,502.6618340839342,7.792058108212548,7.794977833952394,7.873007575496915,8.0
6.736000000000584,500.0,502.57782208901943,7.796391631750055,7.799239896333846,7.877310481451818,8.0
6.7370000000005845,500.0,502.49583528602756,7.800642338043341,7.803420513752138,7.881531408822012,8.0
6.738000000000585,500.0,502.41583489005563,7.804811359410183,7.807520799527081,7.885671478892755,8.0
6.739000000000585,500.0,502.33778265193683,7.808899824310987,7.811541863196134,7.889731809094037,8.0
6.7400000000005855,500.0,502.26164085620843,7.8129088569399,7.815484810111931,7.893713512596522,8.0
6.741000000000586,500.0,502.18737231889367,7.816839576833999,7.819350741057603,7.897617697925373,8.0
6.742000000000586,500.0,502.1149403851067,7.820693098500248,7.823140751879573,7.901445468591707,8.0
6.7430000000005865,500.0,502.044308926488,7.82447053105956,7.826855933137184,7.905197922740956,8.0
6.744000000000587,500.0,501.9754423384804,7.8281729779075855,7.830497369768788,7.908876152817855,8.0
6.745000000000587,500.0,501.9083055374498,7.831801536391538,7.834066140773606,7.912481245247234,8.0
6.7460000000005875,500.0,501.84286395766094,7.83535729750291,7.837563318909243,7.91601428013064,8.0
6.747000000000588,500.0,501.77908354811535,7.838841345585263,7.8409899704039985,7.919476330957805,8.0
6.748000000000588,500.0,501.7169307692562,7.842254758056844,7.844347154683819,7.92286846433286,8.0
6.7490000000005885,500.0,501.6563725895494,7.8455986051476,7.847635924113353,7.926191739714753,8.0
6.750000000000589,500.0,501.59737648194624,7.848873949649965,7.850857323750629,7.929447209171348,8.0
6.751000000000589,500.0,501.5399104202339,7.852081846683295,7.854012391115092,7.932635917147001,8.0
6.7520000000005895,500.0,501.4839428752811,7.855223343471227,7.85710215596842,7.935758900242952,8.0
6.75300000000059,500.0,501.42944281118406,7.85829947913178,7.8601276401078275,7.938817187010319,8.0
6.75400000000059,500.0,501.3763796813183,7.8613112844796715,7.863089857171425,7.941811797755179,8.0
6.7550000000005905,500.0,501.3247234243031,7.8642597818405555,7.86598981245529,7.944743744355469,8.0
6.756000000000591,500.0,501.2744444598821,7.867145984876794,7.868828502741895,7.947614030089268,8.0
6.757000000000591,500.0,501.2255136847284,7.8699708984243175,7.871606916139441,7.950423649474079,8.0
6.7580000000005915,500.0,501.1779024681763,7.872735518340321,7.874326031931861,7.9531735881168135,8.0
6.759000000000592,500.0,501.1315826478857,7.875440831361346,7.876986820439035,7.955864822574069,8.0
6.760000000000592,500.0,501.08652652544527,7.878087814971536,7.879590242887034,7.958498320222455,8.0
6.7610000000005925,500.0,501.04270686191643,7.8806774372805775,7.882137251287863,7.961075039138514,8.0
6.762000000000593,500.0,501.00009687332516,7.88321065691115,7.884628788328591,7.963595927988024,8.0
6.763000000000593,500.0,500.958670226104,7.8856884228954796,7.887065787269431,7.966061925924342,8.0
6.7640000000005935,500.0,500.91840103249035,7.888111674580717,7.889449171850486,7.96847396249543,8.0
6.765000000000594,500.0,500.87926384588246,7.8904813415428094,7.891779856206894,7.970832957559326,8.0
6.766000000000594,500.0,500.8412336561604,7.892798343508685,7.894058744792106,7.973139821207796,8.0
6.7670000000005945,500.0,500.8042858849732,7.895063590286299,7.896286732308929,7.975395453697774,8.0
6.768000000000595,500.0,500.7683963809958,7.89727798170234,7.898464703648103,7.977600745390385,8.0
6.769000000000595,500.0,500.73354141516137,7.89944240754744,7.900593533834266,7.979756576697371,8.0
6.7700000000005955,500.0,500.6996976758713,7.901557747528419,7.902674087978822,7.981863818034467,8.0
6.771000000000596,500.0,500.666842264184,7.903624871227395,7.904707221239586,7.983923329781577,8.0
6.772000000000596,500.0,500.63495268899015,7.905644638067636,7.906693778787065,7.985935962249608,8.0
6.7730000000005965,500.0,500.604006862173,7.907617897285693,7.908634595776897,7.98790255565349,8.0
6.774000000000597,500.0,500.5739830937594,7.90954548790967,7.91053049732836,7.9898239400913145,8.0
6.775000000000597,500.0,500.54486008706334,7.911428238743529,7.9123822985088,7.991700935529346,8.0
6.7760000000005975,500.0,500.5166169338251,7.913266968356961,7.914190804323537,7.993534351792636,8.0
6.777000000000598,500.0,500.4892331093473,7.915062485080777,7.915956809711223,7.995324988561002,8.0
6.778000000000598,500.0,500.4626884676337,7.916815587007608,7.917681099544394,7.997073635370301,8.0
6.7790000000005985,500.0,500.4369632365275,7.918527061997529,7.919364448634895,7.998781071618539,8.0
6.780000000000599,500.0,500.41203801285843,7.920197687688727,7.921007621744266,8.000448066577,8.0
6.781000000000599,500.0,500.38789375759416,7.921828231512615,7.922611373598479,8.002075379405703,8.0
6.7820000000005995,500.0,500.3645117910038,7.923419450713602,7.924176448907296,8.003663759173506,8.0
6.7830000000006,500.0,500.3418737878302,7.9249720923729745,7.92570358238764,8.005213944882255,8.0
6.7840000000006,500.0,500.31996177247817,7.926486893437046,7.927193498791187,8.006726665495142,8.0
6.7850000000006006,500.0,500.29875811421664,7.927964580749085,7.928646912935669,8.008202639968786,8.0
6.786000000000601,500.0,500.27824552239827,7.9294058710851,7.930064529739975,8.009642577289137,8.0
6.787000000000601,500.0,500.2584070416979,7.930811471193164,7.9314470442627325,8.01104717651085,8.0
6.7880000000006016,500.0,500.2392260473715,7.932182077836188,7.9327951417442994,8.012417126800091,8.0
6.789000000000602,500.0,500.2206862405371,7.933518377837962,7.93410949765194,8.013753107480532,8.0
6.790000000000602,500.0,500.2027716434787,7.934821048132301,7.935390777728097,8.015055788082433,8.0
6.7910000000006026,500.0,500.1854665949759,7.936090755815248,7.936639638041641,8.016325828394733,8.0
6.792000000000603,500.0,500.16875574565887,7.937328158199983,7.937856725041806,8.0175638785198,8.0
6.793000000000603,500.0,500.15262405339183,7.938533902874553,7.9390426756148775,8.018770578930981,8.0
6.794000000000604,500.0,500.1370567786841,7.939708627762042,7.94019811714331,8.019946560532524,8.0
6.795000000000604,500.0,500.1220394801319,7.940852961183297,7.941323667567342,8.021092444722054,8.0
6.796000000000604,500.0,500.10755800989057,7.941967521921839,7.942419935448775,8.02220884345519,8.0
6.797000000000605,500.0,500.0935985091791,7.943052919291051,7.943487520036974,8.02329635931239,8.0
6.798000000000605,500.0,500.08014740381736,7.9441097532033575,7.944527011336853,8.024355585567779,8.0
6.799000000000605,500.0,500.0671913997974,7.945138614241404,7.9455389901788145,8.025387106259927,8.0
6.800000000000606,500.0,500.0547174788893,7.946140083731033,7.946524028290457,8.026391496264408,8.0
6.801000000000606,500.0,500.04271289428306,7.947114733816008,7.947482688370024,8.027369321368093,8.0
6.802000000000606,500.0,500.03116516626596,7.948063127534331,7.94841552416139,8.028321138344971,8.0
6.803000000000607,500.0,500.02006207793784,7.948985818896139,7.9493230805306165,8.029247495033548,8.0
6.804000000000607,500.0,500.00939167096385,7.949883352962982,7.950205893543894,8.03014893041562,8.0
6.805000000000607,500.0,499.9991422413647,7.950756265928374,7.951064490546687,8.031025974696263,8.0
6.806000000000608,500.0,499.9893023353479,7.951605085199723,7.951899390244273,8.031879149385198,8.0
6.807000000000608,500.0,499.97986074517564,7.952430329481251,7.952711102783253,8.03270896737913,8.0
6.808000000000608,500.0,499.9708065050753,7.9532325088580995,7.953500129834219,8.03351593304524,8.0
6.809000000000609,500.0,499.9621288871888,7.954012124881315,7.954266964675289,8.034300542305544,8.0
6.810000000000609,500.0,499.9538173975634,7.95476967065379,7.9550120922766006,8.0350632827222,8.0
6.811000000000609,500.0,499.94586177218366,7.955505630916993,7.9557359893855555,8.035804633583568,8.0
6.81200000000061,500.0,499.93825197304443,7.956220482138443,7.956439124612822,8.036525065991004,8.0
6.81300000000061,500.0,499.9309781842673,7.956914692599933,7.957121958519059,8.037225042946412,8.0
6.81400000000061,500.0,499.9240308082573,7.957588722486178,7.9577849437020625,8.03790501944017,8.0
6.815000000000611,500.0,499.9174004619037,7.95824302397418,7.958428524884634,8.03856544253979,8.0
6.816000000000611,500.0,499.9110779728215,7.958878041322953,7.959053139002777,8.039206751478895,8.0
6.817000000000611,500.0,499.905054375639,7.959494210963722,7.959659215294382,8.039829377746704,8.0
6.818000000000612,500.0,499.8993209083246,7.960091961590346,7.960247175388126,8.040433745177683,8.0
6.819000000000612,500.0,499.8938690085597,7.9606717142501875,7.960817433392806,8.041020270041649,8.0
6.820000000000612,500.0,499.88869031015275,7.96123388243511,7.961370395986818,8.041589361134022,8.0
6.821000000000613,500.0,499.8837766394986,7.961778872172662,7.961906462507801,8.042141419866201,8.0
6.822000000000613,500.0,499.8791200120796,7.962307082117409,7.962426025042431,8.042676840356126,8.0
6.823000000000613,500.0,499.8747126290109,7.9628189036423125,7.962929468516276,8.043196009518855,8.0
6.824000000000614,500.0,499.87054687362945,7.963314720930192,7.963417170783719,8.043699307157233,8.0
6.825000000000614,500.0,499.86661530812546,7.963794911065039,7.9638895027177385,8.044187106052384,8.0
6.826000000000614,500.0,499.86291067021824,7.964259844123419,7.964346828299789,8.044659772054322,8.0
6.827000000000615,500.0,499.85942586987477,7.96470988326568,7.9647895047094694,8.045117664172333,8.0
6.828000000000615,500.0,499.85615398607194,7.9651453848270055,7.965217882414064,8.045561134665192,8.0
6.829000000000615,500.0,499.85308826360153,7.965566698408324,7.965632305257929,8.045990529131279,8.0
6.830000000000616,500.0,499.8502221099188,7.965974166966951,7.966033110551611,8.046406186598361,8.0
6.831000000000616,500.0,499.84754909203366,7.966368126906981,7.9664206291607425,8.04680843961318,8.0
6.832000000000616,500.0,499.84506293344435,7.9667489081693885,7.966795185594631,8.04719761433071,8.0
6.833000000000617,500.0,499.84275751111454,7.967116834321819,7.967157098094544,8.047574030603112,8.0
6.834000000000617,500.0,499.84062685249194,7.967472222647967,7.967506678721614,8.047938002068278,8.0
6.835000000000617,500.0,499.8386651325705,7.967815384236631,7.967844233444394,8.048289836238062,8.0
6.836000000000618,500.0,499.83686667099323,7.968146624070263,7.968170062225932,8.04862983458597,8.0
6.837000000000618,500.0,499.8352259291979,7.968466241113129,7.9684844591104715,8.048958292634511,8.0
6.838000000000618,500.0,499.833737507604,7.968774528398997,7.968787712309672,8.049275500042032,8.0
6.839000000000619,500.0,499.8323961428405,7.9690717731183085,7.969080104288326,8.049581740689057,8.0
6.840000000000619,500.0,499.83119670501674,7.969358256704846,7.969361911849594,8.04987729276413,8.0
6.841000000000619,500.0,499.8301341950316,7.969634254921782,7.96963340621961,8.050162428849013,8.0
6.84200000000062,500.0,499.82920374192514,7.969900037947287,7.969894853131678,8.050437416003497,8.0
6.84300000000062,500.0,499.8284006002698,7.970155870459453,7.970146512909772,8.050702515849455,8.0
6.84400000000062,500.0,499.82772014760207,7.970402011720641,7.970388640551493,8.050957984654405,8.0
6.845000000000621,500.0,499.8271578818936,7.970638715661212,7.970621485810392,8.05120407341438,8.0
6.846000000000621,500.0,499.82670941906144,7.9708662309626055,7.9708452932776925,8.051441027936235,8.0
6.847000000000621,500.0,499.82637049051874,7.971084801139801,7.971060302463357,8.051669088919235,8.0
6.848000000000622,500.0,499.8261369407626,7.9712946646230005,7.971266747876429,8.051888492035966,8.0
6.849000000000622,500.0,499.8260047250009,7.971496054838766,7.971464859104825,8.05209946801266,8.0
6.850000000000622,500.0,499.82596990681884,7.971689200290383,7.971654860894351,8.05230224270873,8.0
6.851000000000623,500.0,499.82602865588075,7.9718743246374855,7.971836973227023,8.052497037195621,8.0
6.852000000000623,500.0,499.82617724567075,7.972051646775,7.972011411398688,8.05268406783494,8.0
6.853000000000623,500.0,499.82641205127146,7.972221380911403,7.972178386095991,8.052863546355935,8.0
6.854000000000624,500.0,499.8267295471771,7.972383736646071,7.972338103472442,8.053035679932044,8.0
6.855000000000624,500.0,499.8271263051452,7.972538919046107,7.972490765223974,8.053200671256963,8.0
6.856000000000624,500.0,499.8275989920835,7.972687128722182,7.972636568663508,8.053358718619682,8.0
6.857000000000625,500.0,499.8281443679718,7.972828561903763,7.972775706794965,8.053510015978965,8.0
6.858000000000625,500.0,499.8287592838207,7.972963410513499,7.972908368386396,8.05365475303697,8.0
6.859000000000625,500.0,499.8294406796637,7.973091862240826,7.9730347380423785,8.053793115312073,8.0
6.860000000000626,500.0,499.83018558258556,7.973214100614815,7.973154996275655,8.053925284210992,8.0
6.861000000000626,500.0,499.83099110478264,7.973330305076156,7.973269319577928,8.0540514371,8.0
6.862000000000626,500.0,499.8318544416592,7.97344065104846,7.973377880489978,8.054171747375495,8.0
6.863000000000627,500.0,499.8327728699562,7.973545310008619,7.9734808476708645,8.054286384533624,8.0
6.864000000000627,500.0,499.8337437459127,7.973644449556472,7.97357838596644,8.054395514239223,8.0
6.865000000000627,500.0,499.8347645034607,7.973738233483609,7.973670656477008,8.054499298393889,8.0
6.866000000000628,500.0,499.8358326524521,7.973826821841395,7.973757816624226,8.054597895203297,8.0
6.867000000000628,500.0,499.8369457769167,7.973910371008092,7.973840020217125,8.05469145924361,8.0
6.868000000000628,500.0,499.8381015333533,7.973989033755352,7.973917417517489,8.054780141527257,8.0
6.869000000000629,500.0,499.83929764905014,7.974062959313661,7.973990155304235,8.054864089567708,8.0
6.870000000000629,500.0,499.8405319204378,7.974132293437178,7.97405837693716,8.054943447443597,8.0
6.871000000000629,500.0,499.84180221147085,7.974197178467596,7.9741222224197665,8.055018355861908,8.0
6.87200000000063,500.0,499.84310645204016,7.974257753397278,7.974181828461336,8.05508895222044,8.0
6.87300000000063,500.0,499.84444263641575,7.974314153931598,7.974237328538263,8.055155370669482,8.0
6.87400000000063,500.0,499.8458088217164,7.974366512550333,7.9742888529544125,8.055217742172527,8.0
6.875000000000631,500.0,499.8472031264104,7.974414958568448,7.974336528900908,8.055276194566416,8.0
6.876000000000631,500.0,499.84862372884396,7.974459618195864,7.974380480514914,8.05533085262045,8.0
6.877000000000631,500.0,499.8500688657965,7.97450061459655,7.97442082893776,8.055381838094865,8.0
6.878000000000632,500.0,499.85153683106546,7.974538067946784,7.974457692372223,8.055429269798417,8.0
6.879000000000632,500.0,499.85302597407707,7.9745720954925785,7.974491186139014,8.055473263645215,8.0
6.880000000000632,500.0,499.85453469852445,7.974602811606319,7.974521422732488,8.055513932710731,8.0
6.881000000000633,500.0,499.85606146103197,7.974630327842616,7.974548511875568,8.055551387287034,8.0
6.882000000000633,500.0,499.8576047698461,7.974654752993371,7.974572560573892,8.055585734937255,8.0
6.883000000000633,500.0,499.85916318355163,7.9746761931420345,7.974593673169196,8.055617080549249,8.0
6.884000000000634,500.0,499.86073530981355,7.974694751717057,7.974611951391872,8.055645526388453,8.0
6.885000000000634,500.0,499.8623198041436,7.97471052954463,7.974627494412845,8.055671172150051,8.0
6.886000000000634,500.0,499.8639153686918,7.974723624900575,7.974640398894589,8.055694115010265,8.0
6.887000000000635,500.0,499.86552075106215,7.974734133561511,7.974650759041477,8.055714449676985,8.0
6.888000000000635,500.0,499.86713474315195,7.974742148855214,7.974658666649291,8.055732268439538,8.0
6.889000000000635,500.0,499.868756180015,7.974747761710265,7.974664211154058,8.055747661217792,8.0
6.890000000000636,500.0,499.8703839387478,7.974751060704883,7.97466747968008,8.055760715610454,8.0
6.891000000000636,500.0,499.8720169373989,7.974752132115066,7.974668557087278,8.055771516942656,8.0
6.892000000000636,500.0,499.8736541338999,7.974751059961923,7.974667526017742,8.055780148312746,8.0
6.893000000000637,500.0,499.87529452501946,7.974747926058341,7.974664466941637,8.055786690638444,8.0
6.894000000000637,500.0,499.8769371453389,7.974742810054851,7.974659458202303,8.055791222702183,8.0
6.895000000000637,500.0,499.8785810662483,7.974735789484787,7.974652576060677,8.055793821195756,8.0
6.896000000000638,500.0,499.8802253949655,7.974726939808776,7.974643894739056,8.055794560764301,8.0
6.897000000000638,500.0,499.8818692735736,7.97471633445839,7.974633486464006,8.055793514049451,8.0
6.898000000000638,500.0,499.883511878081,7.974704044879245,7.974621421508782,8.055790751731944,8.0
6.899000000000639,500.0,499.8851524175,7.974690140573263,7.974607768234868,8.055786342573397,8.0
6.900000000000639,500.0,499.8867901329456,7.974674689140304,7.974592593132948,8.055780353457468,8.0
6.901000000000639,500.0,499.8884242967546,7.974657756319121,7.974575960863155,8.055772849430323,8.0
6.90200000000064,500.0,499.8900542116213,7.974639406027552,7.974557934294636,8.055763893740387,8.0
6.90300000000064,500.0,499.89167920975524,7.974619700402199,7.974538574544557,8.05575354787755,8.0
6.90400000000064,500.0,499.8932986520555,7.974598699837227,7.974517941016256,8.055741871611504,8.0
6.905000000000641,500.0,499.8949119273023,7.974576463022624,7.974496091436899,8.055728923029585,8.0
6.906000000000641,500.0,499.8965184513687,7.974553046981872,7.97447308189451,8.055714758573991,8.0
6.907000000000641,500.0,499.8981176664484,7.974528507108803,7.974448966874228,8.055699433078205,8.0
6.908000000000642,500.0,499.8997090403008,7.974502897203895,7.974423799294001,8.055682999802857,8.0
6.909000000000642,500.0,499.90129206551296,7.9744762695099976,7.974397630539734,8.05566551047106,8.0
6.910000000000642,500.0,499.902866258779,7.974448674747349,7.974370510499717,8.05564701530298,8.0
6.911000000000643,500.0,499.9044311601945,7.974420162147966,7.974342487598457,8.05562756304985,8.0
6.912000000000643,500.0,499.9059863325683,7.974390779489496,7.974313608829972,8.0556072010274,8.0
6.913000000000643,500.0,499.907531360749,7.974360573128386,7.974283919790416,8.055585975148638,8.0
6.914000000000644,500.0,499.909065850967,7.974329588032513,7.974253464710163,8.055563929956097,8.0
6.915000000000644,500.0,499.91058943019294,7.974297867813206,7.974222286485319,8.055541108653472,8.0
6.916000000000644,500.0,499.91210174550883,7.97426545475664,7.974190426708576,8.055517553136637,8.0
6.917000000000645,500.0,499.91360246349615,7.974232389854759,7.974157925699657,8.0554933040242,8.0
6.918000000000645,500.0,499.915091269637,7.9741987128355065,7.974124822535025,8.055468400687378,8.0
6.919000000000645,500.0,499.91656786772904,7.974164462192573,7.97409115507715,8.055442881279365,8.0
6.920000000000646,500.0,499.91803197931574,7.974129675214592,7.9740569600032165,8.055416782764194,8.0
6.921000000000646,500.0,499.9194833431281,7.974094388013741,7.974022272833277,8.05539014094499,8.0
6.922000000000646,500.0,499.9209217145416,7.974058635553865,7.973987127957887,8.055362990491739,8.0
6.923000000000647,500.0,499.9223468650459,7.974022451678011,7.973951558665201,8.055335364968506,8.0
6.924000000000647,500.0,499.9237585817259,7.973985869135441,7.973915597167537,8.055307296860102,8.0
6.925000000000647,500.0,499.9251566667568,7.973948919608188,7.9738792746275005,8.055278817598326,8.0
6.926000000000648,500.0,499.92654093691095,7.973911633737051,7.9738426211835485,8.05524995758764,8.0
6.927000000000648,500.0,499.9279112230775,7.9738740411470905,7.973805665975067,8.055220746230333,8.0
6.928000000000648,500.0,499.9292673697928,7.9738361704726275,7.973768437166949,8.055191211951238,8.0
6.929000000000649,500.0,499.93060923478237,7.973798049381743,7.973730961973715,8.055161382221916,8.0
6.930000000000649,500.0,499.931936688516,7.973759704600396,7.973693266683213,8.055131283584476,8.0
6.931000000000649,500.0,499.93324961377186,7.973721161935876,7.973655376679694,8.05510094167473,8.0
6.93200000000065,500.0,499.9345479052129,7.973682446299955,7.973617316466586,8.05507038124507,8.0
6.93300000000065,500.0,499.93583146897373,7.973643581731536,7.973579109688767,8.055039626186822,8.0
6.93400000000065,500.0,499.93710022225724,7.973604591418744,7.973540779154287,8.05500869955206,8.0
6.935000000000651,500.0,499.9383540929431,7.973565497720771,7.973502346855868,8.054977623575182,8.0
6.936000000000651,500.0,499.93959301920444,7.97352632218906,7.97346383399173,8.05494641969382,8.0
6.937000000000651,500.0,499.94081694913575,7.973487085588209,7.973425260986155,8.054915108569498,8.0
6.938000000000652,500.0,499.94202584039056,7.973447807916418,7.973386647509597,8.054883710107788,8.0
6.939000000000652,500.0,499.9432196598268,7.9734085084254245,7.973348012498289,8.054852243478022,8.0
6.940000000000652,500.0,499.9443983831641,7.97336920564018,7.973309374173602,8.054820727132698,8.0
6.941000000000653,500.0,499.94556199464824,7.973329917377976,7.973270750060846,8.054789178826375,8.0
6.942000000000653,500.0,499.9467104867246,7.973290660767228,7.973232157007761,8.054757615634209,8.0
6.943000000000653,500.0,499.94784385972173,7.9732514522659335,7.973193611202652,8.054726053970167,8.0
6.944000000000654,500.0,499.94896212154174,7.97321230767957,7.973155128192015,8.054694509604705,8.0
6.945000000000654,500.0,499.9500652873602,7.973173242178784,7.973116722897926,8.05466299768223,8.0
6.946000000000654,500.0,499.95115337933396,7.973134270316631,7.973078409634983,8.054631532738105,8.0
6.947000000000655,500.0,499.9522264263163,7.973095406045392,7.973040202126873,8.054600128715252,8.0
6.948000000000655,500.0,499.9532844635806,7.973056662733161,7.973002113522671,8.054568798980526,8.0
6.949000000000655,500.0,499.95432753255164,7.9730180531799615,7.9729641564126945,8.054537556340614,8.0
6.950000000000656,500.0,499.9553556805442,7.972979589633522,7.972926342844021,8.054506413057606,8.0
6.951000000000656,500.0,499.9563689605087,7.972941283804786,7.97288868433575,8.054475380864307,8.0
6.952000000000656,500.0,499.95736743078476,7.972903146882998,7.972851191893821,8.054444470979114,8.0
6.953000000000657,500.0,499.95835115486074,7.972865189550464,7.972813876025562,8.054413694120582,8.0
6.954000000000657,500.0,499.9593202011413,7.9728274219970725,7.972776746753941,8.054383060521754,8.0
6.955000000000657,500.0,499.96027464272015,7.972789853934356,7.972739813631419,8.054352579944037,8.0
6.956000000000658,500.0,499.9612145571611,7.972752494609374,7.972703085753601,8.054322261690901,8.0
6.957000000000658,500.0,499.9621400262842,7.97271535281816,7.972666571772453,8.05429211462113,8.0
6.958000000000658,500.0,499.96305113595866,7.97267843691897,7.9726302799093425,8.054262147161918,8.0
6.959000000000659,500.0,499.9639479759017,7.972641754845137,7.972594217967677,8.054232367321523,8.0
6.960000000000659,500.0,499.9648306394834,7.972605314117709,7.9725583933453406,8.054202782701754,8.0
6.961000000000659,500.0,499.9656992235374,7.9725691218577595,7.97252281304679,8.05417340051009,8.0
6.96200000000066,500.0,499.9665538281776,7.972533184798416,7.972487483694901,8.054144227571573,8.0
6.96300000000066,500.0,499.96739455661987,7.972497509296614,7.972452411542522,8.05411527034039,8.0
6.96400000000066,500.0,499.96822151500913,7.97246210134457,7.972417602483762,8.054086534911177,8.0
6.965000000000661,500.0,499.96903481225297,7.97242696658102,7.972383062065035,8.054058027030111,8.0
6.966000000000661,500.0,499.9698345598586,7.972392110302111,7.972348795495787,8.054029752105652,8.0
6.967000000000661,500.0,499.9706208717762,7.972357537472158,7.9723148076590675,8.054001715219155,8.0
6.968000000000662,500.0,499.971393864247,7.972323252734038,7.972281103121755,8.0539739211351,8.0
6.969000000000662,500.0,499.97215365565563,7.972289260419372,7.972247686144574,8.053946374311158,8.0
6.970000000000662,500.0,499.972900366388,7.972255564558474,7.972214560691876,8.053919078907978,8.0
6.971000000000663,500.0,499.9736341186926,7.972222168890054,7.972181730441191,8.053892038798761,8.0
6.972000000000663,500.0,499.97435503654754,7.972189076870685,7.972149198792534,8.0538652575786,8.0
6.973000000000663,500.0,499.9750632455312,7.97215629168404,7.972116968877487,8.053838738573582,8.0
6.974000000000664,500.0,499.97575887269727,7.972123816249891,7.972085043568062,8.05381248484964,8.0
6.975000000000664,500.0,499.97644204645434,7.972091653232916,7.972053425485347,8.053786499221268,8.0
6.976000000000664,500.0,499.9771128964487,7.972059805051231,7.9720221170079215,8.053760784259902,8.0
6.977000000000665,500.0,499.97777155345227,7.97202827388479,7.971991120280092,8.053735342302215,8.0
6.978000000000665,500.0,499.978418149253,7.971997061683485,7.971960437219877,8.05371017545809,8.0
6.979000000000665,500.0,499.9790528165501,7.971966170175145,7.9719300695268736,8.05368528561851,8.0
6.980000000000666,500.0,499.979675688853,7.971935600873252,7.971900018689836,8.053660674463154,8.0
6.981000000000666,500.0,499.98028690038274,7.971905355084441,7.971870285994072,8.053636343467804,8.0
6.982000000000666,500.0,499.9808865859778,7.971875433915927,7.971840872528721,8.053612293911627,8.0
6.983000000000667,500.0,499.98147488100363,7.971845838282639,7.971811779193801,8.053588526884255,8.0
6.984000000000667,500.0,499.98205192126386,7.971816568914167,7.971783006707011,8.053565043292574,8.0
6.985000000000667,500.0,499.9826178429166,7.971787626361624,7.971754555610514,8.053541843867528,8.0
6.986000000000668,500.0,499.98317278239296,7.971759011004205,7.971726426277361,8.053518929170556,8.0
6.987000000000668,500.0,499.98371687631845,7.971730723055684,7.971698618917896,8.053496299599997,8.0
6.988000000000668,500.0,499.9842502614379,7.971702762570643,7.971671133585874,8.05347395539723,8.0
6.989000000000669,500.0,499.98477307454283,7.9716751294506105,7.971643970184511,8.053451896652716,8.0
6.990000000000669,500.0,499.98528545240123,7.971647823450012,7.971617128472321,8.053430123311848,8.0
6.991000000000669,500.0,499.9857875316922,7.971620844181972,7.971590608068835,8.053408635180686,8.0
6.99200000000067,500.0,499.98627944894014,7.971594191123864,7.971564408460063,8.053387431931405,8.0
6.99300000000067,500.0,499.9867613404535,7.971567863622879,7.9715385290039515,8.053366513107768,8.0
6.99400000000067,500.0,499.987233342266,7.971541860901332,7.971512968935632,8.053345878130397,8.0
6.995000000000671,500.0,499.9876955900792,7.971516182061815,7.971487727372465,8.05332552630178,8.0
6.996000000000671,500.0,499.9881482192093,7.971490826092284,7.971462803319052,8.05330545681133,8.0
6.997000000000671,500.0,499.9885913645339,7.9714657918708935,7.971438195671995,8.053285668740122,8.0
6.998000000000672,500.0,499.9890251604429,7.971441078170819,7.971413903224634,8.053266161065636,8.0
6.999000000000672,500.0,499.9894497407908,7.971416683664848,7.971389924671571,8.053246932666296,8.0
7.000000000000672,1500.0,504.8507813095769,20.0,19.770908084545635,19.968436978545682,8.0
7.001000000000673,1500.0,510.5445792444823,20.0,19.78218525377579,19.980912256611727,8.0
7.002000000000673,1500.0,516.240048972227,20.0,19.783678289229258,19.983529999364638,8.0
7.003000000000673,1500.0,521.9364510305701,20.0,19.785016170676002,19.986018450103035,8.0
7.004000000000674,1500.0,527.6337300931915,20.0,19.786220718031096,19.988398803492487,8.0
7.005000000000674,1500.0,533.3318374197363,20.0,19.787304625712167,19.99068305168686,8.0
7.006000000000674,1500.0,539.030729704257,20.0,19.788279373095992,19.992881981528214,8.0
7.007000000000675,1500.0,544.7303685301052,20.0,19.78915534612107,19.995005296441757,8.0
7.008000000000675,1500.0,550.4307198777781,20.0,19.78994194161793,19.997061720937126,8.0
7.009000000000675,1500.0,556.1317536802544,20.0,19.790647661676356,19.99905909510536,8.0
7.010000000000676,1500.0,561.8334434212762,20.0,19.79128019900506,20.00100446007224,8.0
7.011000000000676,1500.0,567.535765772463,20.0,19.791846514143714,20.002904135272736,8.0
7.012000000000676,1500.0,573.2387002655453,20.0,19.792352905305073,20.004763788328173,8.0
7.013000000000677,1500.0,578.9422289963507,20.0,19.79280507155074,20.006588498233278,8.0
7.014000000000677,1500.0,584.6463363575069,20.0,19.793208169936943,20.008382812492467,8.0
7.015000000000677,1500.0,590.3510087971094,20.0,19.793566867205886,20.010150798783823,8.0
7.016000000000678,1500.0,596.0562346008649,20.0,19.79388538654341,20.011896091673698,8.0
7.017000000000678,1500.0,601.7620036954644,20.0,19.794167549873954,20.01362193485516,8.0
7.018000000000678,1500.0,607.4683074711497,20.0,19.794416816118655,20.015331219337803,8.0
7.019000000000679,1500.0,613.1751386216343,20.0,19.794636315802194,20.01702651797632,8.0
7.020000000000679,1500.0,618.8824909997128,20.0,19.7948288823567,20.01871011668742,8.0
7.021000000000679,1500.0,624.5903594870563,20.0,19.794997080438154,20.020384042671793,8.0
7.02200000000068,1500.0,630.2987398768306,20.0,19.795143231540415,20.02205008992746,8.0
7.02300000000068,1500.0,636.0076287679078,20.0,19.795269437164823,20.02370984231322,8.0
7.02400000000068,1500.0,641.7170234695551,20.0,19.795377599778767,20.025364694396544,8.0
7.025000000000681,1500.0,647.426921915598,20.0,19.795469441774216,20.027015870297745,8.0
7.026000000000681,1500.0,653.1373225871446,20.0,19.79554652261721,20.028664440721837,8.0
7.027000000000681,1500.0,658.848224443046,20.0,19.795610254360916,20.030311338351495,8.0
7.028000000000682,1500.0,664.5596268573515,20.0,19.79566191567849,20.031957371757716,8.0
7.029000000000682,1500.0,670.2715295630833,20.0,19.795702664557105,20.03360323797004,8.0
7.030000000000682,1500.0,675.9839326017207,20.0,19.795733549780792,20.035249533834353,8.0
7.031000000000683,1500.0,681.6968362778414,20.0,19.795755521317886,20.036896766274467,8.0
7.032000000000683,1500.0,687.4102411184291,20.0,19.7957694397175,20.0385453615621,8.0
7.033000000000683,1500.0,693.1241478363858,20.0,19.7957760846097,20.040195673690302,8.0
7.034000000000684,1500.0,698.8385572978506,20.0,19.79577616239488,20.041847991935953,8.0
7.035000000000684,1500.0,704.553470492951,20.0,19.7957703131998,20.043502547689084,8.0
7.036000000000684,1500.0,710.2688885096559,20.0,19.795759117170192,20.045159520619134,8.0
7.037000000000685,1500.0,715.9848125104296,20.0,19.795743100163364,20.04681904424157,8.0
7.038000000000685,1500.0,721.7012437114114,20.0,19.79572273889797,20.04848121094239,8.0
7.039000000000685,1500.0,727.4181833638762,20.0,19.795698465612844,20.05014607651238,8.0
7.040000000000686,1500.0,733.1356327377551,20.0,19.79567067228171,20.051813664238093,8.0
7.041000000000686,1500.0,738.8535931070105,20.0,19.795639714426112,20.053483968591962,8.0
7.042000000000686,1500.0,744.5720657366877,20.0,19.795605914565073,20.055156958560218,8.0
7.043000000000687,1500.0,750.2910518714759,20.0,19.79556956533594,20.056832580643018,8.0
7.044000000000687,1500.0,756.0105527256293,20.0,19.795530932317977,20.0585107615585,8.0
7.045000000000687,1500.0,761.7305694741158,20.0,19.795490256586927,20.060191410679,8.0
7.046000000000688,1500.0,767.4511032448711,20.0,19.795447757026356,20.061874422225266,8.0
7.047000000000688,1500.0,773.1721551120464,20.0,19.795403632418903,20.06355967724192,8.0
7.048000000000688,1500.0,778.8937260901517,20.0,19.795358063338433,20.065247045375063,8.0
7.049000000000689,1500.0,784.6158171290058,20.0,19.795311213862124,20.066936386471205,8.0
7.050000000000689,1500.0,790.3384291094092,20.0,19.795263233119698,20.06862755201466,8.0
7.051000000000689,1500.0,796.0615628394712,20.0,19.79521425669525,20.070320386418977,8.0
7.05200000000069,1500.0,801.7852190515158,20.0,19.795164407895818,20.072014728186407,8.0
7.05300000000069,1500.0,807.5093983995198,20.0,19.795113798899365,20.07371041094828,8.0
7.05400000000069,1500.0,813.2341014570154,20.0,19.795062531793672,20.07540726439762,8.0
7.055000000000691,1500.0,818.9593287154187,20.0,19.79501069951658,20.07710511512459,8.0
7.056000000000691,1500.0,824.6850805827331,20.0,19.794958386707,20.078803787364087,8.0
7.057000000000691,1500.0,830.4113573825922,20.0,19.794905670475085,20.08050310366392,8.0
7.058000000000692,1500.0,836.1381593536031,20.0,19.79485262109949,20.08220288548145,8.0
7.059000000000692,1500.0,841.8654866489604,20.0,19.794799302658426,20.083902953715523,8.0
7.060000000000692,1500.0,847.5933393362993,20.0,19.794745773601,20.085603129180015,8.0
7.061000000000693,1500.0,853.3217173977599,20.0,19.794692087264494,20.087303233024713,8.0
7.062000000000693,1500.0,859.0506207302454,20.0,19.794638292342636,20.089003087108686,8.0
7.063000000000693,1500.0,864.7800491458436,20.0,19.7945844333097,20.0907025143307,8.0
7.064000000000694,1500.0,870.5100023724003,20.0,19.794530550804485,20.09240133892103,8.0
7.065000000000694,1500.0,876.240480054221,20.0,19.79447668197813,20.0940993866984,8.0
7.066000000000694,1500.0,881.9714817528887,20.0,19.794422860809078,20.09579648529544,8.0
7.067000000000695,1500.0,887.7030069481829,20.0,19.79436911838847,20.09749246435588,8.0
7.068000000000695,1500.0,893.4350550390841,20.0,19.794315483178625,20.099187155706254,8.0
7.069000000000695,1500.0,899.1676253448593,20.0,19.794261981247264,20.100880393504507,8.0
7.070000000000696,1500.0,904.900717106208,20.0,19.794208636479805,20.102572014368167,8.0
7.071000000000696,1500.0,910.6343294864688,20.0,19.794155470771738,20.104261857483706,8.0
7.072000000000696,1500.0,916.3684615728722,20.0,19.79410250420301,20.1059497646993,8.0
7.073000000000697,1500.0,922.1031123778342,20.0,19.794049755196163,20.10763558060254,8.0
7.074000000000697,1500.0,927.8382808402837,20.0,19.793997240659717,20.1093191525847,8.0
7.075000000000697,1500.0,933.5739658270188,20.0,19.793944976118226,20.111000330892818,8.0
7.076000000000698,1500.0,939.3101661340835,20.0,19.79389297583027,20.112678968671016,8.0
7.077000000000698,1500.0,945.0468804881617,20.0,19.793841252895543,20.114354921992067,8.0
7.078000000000698,1500.0,950.7841075479862,20.0,19.793789819352014,20.116028049880263,8.0
7.079000000000699,1500.0,956.5218459057543,20.0,19.7937386862642,20.1176982143265,8.0
7.080000000000699,1500.0,962.2600940885501,20.0,19.79368786380329,20.119365280296453,8.0
7.081000000000699,1500.0,967.9988505597684,20.0,19.793637361319966,20.121029115732533,8.0
7.0820000000007,1500.0,973.7381137205397,20.0,19.793587187410562,20.1226895915503,8.0
7.0830000000007,1500.0,979.4778819111496,20.0,19.793537349977242,20.124346581630114,8.0
7.0840000000007,1500.0,985.2181534124552,20.0,19.79348785628271,20.125999962804247,8.0
7.085000000000701,1500.0,990.9589264472942,20.0,19.793438712999986,20.12764961484029,8.0
7.086000000000701,1500.0,996.7001991818835,20.0,19.793389926257753,20.129295420421112,8.0
7.087000000000701,1500.0,1002.44196972721,20.0,19.79334150168164,20.130937265121858,8.0
7.088000000000702,1500.0,1008.1842361404066,20.0,19.793293444431818,20.132575037384274,8.0
7.089000000000702,1500.0,1013.9269964261188,20.0,19.793245759237294,20.13420862848875,8.0
7.090000000000702,1500.0,1019.6702485378536,20.0,19.79319845042726,20.135837932524435,8.0
7.091000000000703,1500.0,1025.4139903793177,20.0,19.793151521959565,20.137462846357497,8.0
7.092000000000703,1500.0,1031.158219805737,20.0,19.79310497744689,20.13908326959801,8.0
7.093000000000703,1500.0,1036.9029346251605,20.0,19.793058820180562,20.140699104565474,8.0
7.094000000000704,1500.0,1042.6481325997495,20.0,19.793013053152375,20.142310256253353,8.0
7.095000000000704,1500.0,1048.3938114470457,20.0,19.79296767907459,20.143916632292605,8.0
7.096000000000704,1500.0,1054.1399688412255,20.0,19.79292270039821,20.14551814291453,8.0
7.097000000000705,1500.0,1059.8866024143344,20.0,19.79287811932982,20.147114700913033,8.0
7.098000000000705,1500.0,1065.6337097575038,20.0,19.79283393784695,20.148706221606343,8.0
7.099000000000705,1500.0,1071.3812884221484,20.0,19.792790157712272,20.15029262279839,8.0
7.100000000000706,1500.0,1077.1293359211459,20.0,19.792746780486613,20.151873824739962,8.0
7.101000000000706,1500.0,1082.8778497299986,20.0,19.792703807540967,20.15344975008965,8.0
7.102000000000706,1500.0,1088.6268272879745,20.0,19.79266124006755,20.155020323874684,8.0
7.103000000000707,1500.0,1094.376265999232,20.0,19.792619079089988,20.156585473451777,8.0
7.104000000000707,1500.0,1100.1261632339229,20.0,19.7925773254728,20.15814512846806,8.0
7.105000000000707,1500.0,1105.8765163292799,20.0,19.79253597993007,20.15969922082201,8.0
7.106000000000708,1500.0,1111.6273225906834,20.0,19.792495043033572,20.161247684624612,8.0
7.107000000000708,1500.0,1117.3785792927101,20.0,19.79245451522027,20.162790456160764,8.0
7.108000000000708,1500.0,1123.1302836801624,20.0,19.792414396799252,20.164327473850754,8.0
7.109000000000709,1500.0,1128.8824329690824,20.0,19.79237468795827,20.165858678212214,8.0
7.110000000000709,1500.0,1134.6350243477443,20.0,19.792335388769718,20.16738401182222,8.0
7.111000000000709,1500.0,1140.3880549776302,20.0,19.792296499196322,20.168903419279832,8.0
7.11200000000071,1500.0,1146.141521994388,20.0,19.79225801909637,20.170416847168916,8.0
7.11300000000071,1500.0,1151.8954225087725,20.0,19.79221994822865,20.171924244021387,8.0
7.11400000000071,1500.0,1157.6497536075663,20.0,19.79218228625706,20.173425560280837,8.0
7.115000000000711,1500.0,1163.4045123544868,20.0,19.792145032754984,20.174920748266576,8.0
7.116000000000711,1500.0,1169.159695791074,20.0,19.792108187209305,20.176409762138068,8.0
7.117000000000711,1500.0,1174.9153009375605,20.0,19.792071749024284,20.17789255785982,8.0
7.118000000000712,1500.0,1180.6713247937284,20.0,19.792035717525167,20.17936909316675,8.0
7.119000000000712,1500.0,1186.4277643397456,20.0,19.79200009196159,20.180839327529917,8.0
7.120000000000712,1500.0,1192.1846165369886,20.0,19.79196487151085,20.18230322212283,8.0
7.121000000000713,1500.0,1197.9418783288475,20.0,19.791930055280908,20.183760739788074,8.0
7.122000000000713,1500.0,1203.6995466415174,20.0,19.791895642313346,20.185211845004517,8.0
7.123000000000713,1500.0,1209.4576183847705,20.0,19.791861631586094,20.186656503854927,8.0
7.124000000000714,1500.0,1215.2160904527175,20.0,19.79182802201609,20.18809468399408,8.0
7.125000000000714,1500.0,1220.9749597245504,20.0,19.791794812461728,20.1895263546173,8.0
7.126000000000714,1500.0,1226.7342230652707,20.0,19.791762001725278,20.190951486429505,8.0
7.127000000000715,1500.0,1232.4938773264037,20.0,19.791729588555175,20.19237005161472,8.0
7.128000000000715,1500.0,1238.2539193467003,20.0,19.791697571648168,20.193782023806023,8.0
7.129000000000715,1500.0,1244.0143459528203,20.0,19.79166594965142,20.195187378055962,8.0
7.130000000000716,1500.0,1249.775153960003,20.0,19.791634721164527,20.196586090807493,8.0
7.131000000000716,1500.0,1255.5363401727286,20.0,19.791603884741384,20.19797813986525,8.0
7.132000000000716,1500.0,1261.2979013853574,20.0,19.791573438892087,20.199363504367412,8.0
7.133000000000717,1500.0,1267.059834382763,20.0,19.791543382084658,20.200742164757926,8.0
7.134000000000717,1500.0,1272.8221359409504,20.0,19.7915137127468,20.202114102759218,8.0
7.135000000000717,1500.0,1278.5848028276582,20.0,19.791484429267484,20.20347930134529,8.0
7.136000000000718,1500.0,1284.3478318029518,20.0,19.79145552999858,20.204837744715373,8.0
7.137000000000718,1500.0,1290.1112196198021,20.0,19.79142701325636,20.20618941826787,8.0
7.138000000000718,1500.0,1295.8749630246527,20.0,19.79139887732298,20.20753430857483,8.0
7.139000000000719,1500.0,1301.639058757974,20.0,19.79137112044792,20.208872403356814,8.0
7.140000000000719,1500.0,1307.4035035548056,20.0,19.791343740849356,20.21020369145819,8.0
7.141000000000719,1500.0,1313.1682941452884,20.0,19.79131673671545,20.211528162822773,8.0
7.14200000000072,1500.0,1318.9334272551841,20.0,19.79129010620575,20.21284580847002,8.0
7.14300000000072,1500.0,1324.698899606382,20.0,19.79126384745233,20.214156620471467,8.0
7.14400000000072,1500.0,1330.4647079173974,20.0,19.791237958561055,20.215460591927677,8.0
7.145000000000721,1500.0,1336.2308489038558,20.0,19.791212437612774,20.216757716945537,8.0
7.146000000000721,1500.0,1341.9973192789716,20.0,19.791187282664424,20.218047990615943,8.0
7.147000000000721,1500.0,1347.764115754009,20.0,19.791162491750153,20.219331408991863,8.0
7.148000000000722,1500.0,1353.5312350387385,20.0,19.7911380628824,20.220607969066812,8.0
7.149000000000722,1500.0,1359.2986738418806,20.0,19.791113994052946,20.221877668753663,8.0
7.1500000000007224,1500.0,1365.0664288715395,20.0,19.791090283233903,20.22314050686382,8.0
7.151000000000723,1500.0,1370.834496835627,20.0,19.791066928378715,20.224396483086785,8.0
7.152000000000723,1500.0,1376.6028744422777,20.0,19.791043927423143,20.225645597970082,8.0
7.1530000000007234,1500.0,1382.3715584002534,20.0,19.79102127828613,20.226887852899456,8.0
7.154000000000724,1500.0,1388.1405454193387,20.0,19.790998978870768,20.22812325007954,8.0
7.155000000000724,1500.0,1393.909832210728,20.0,19.790977027065164,20.22935179251477,8.0
7.1560000000007244,1500.0,1399.6794154874017,20.0,19.79095542074327,20.230573483990653,8.0
7.157000000000725,1500.0,1405.4492919644954,20.0,19.790934157765747,20.231788329055405,8.0
7.158000000000725,1500.0,1411.21945835966,20.0,19.79091323598076,20.232996333001825,8.0
7.1590000000007254,1500.0,1416.9899113934111,20.0,19.790892653224777,20.234197501849657,8.0
7.160000000000726,1500.0,1422.7606477894742,20.0,19.790872407323327,20.235391842328053,8.0
7.161000000000726,1500.0,1428.5316642751172,20.0,19.790852496091738,20.236579361858485,8.0
7.1620000000007265,1500.0,1434.302957581478,20.0,19.790832917335887,20.237760068537977,8.0
7.163000000000727,1500.0,1440.0745244438817,20.0,19.790813668852905,20.238933971122535,8.0
7.164000000000727,1500.0,1445.8463616021525,20.0,19.790794748431846,20.24010107901097,8.0
7.1650000000007275,1500.0,1451.6184658009154,20.0,19.79077615385436,20.241261402228922,8.0
7.166000000000728,1500.0,1457.3908337898913,20.0,19.790757882895353,20.24241495141329,8.0
7.167000000000728,1500.0,1463.1634623241869,20.0,19.790739933323632,20.24356173779683,8.0
7.1680000000007285,1500.0,1468.9363481645735,20.0,19.79072230290251,20.244701773193086,8.0
7.169000000000729,1500.0,1474.709488077761,20.0,19.790704989390395,20.24583506998158,8.0
7.170000000000729,1500.0,1480.4828788366642,20.0,19.790687990541397,20.246961641093318,8.0
7.1710000000007295,1500.0,1486.256517220662,20.0,19.790671304105878,20.24808149999644,8.0
7.17200000000073,1500.0,1492.0304000158526,20.0,19.790654927831017,20.249194660682306,8.0
7.17300000000073,1500.0,1497.8045240152956,20.0,19.790638859461357,20.250301137651675,8.0
7.1740000000007305,1500.0,1503.578886019254,20.0,19.790623096739292,20.251400945901224,8.0
7.175000000000731,1500.0,1509.353482835429,20.0,19.790607637405614,20.252494100910283,8.0
7.176000000000731,1500.0,1515.1283112791834,20.0,19.7905924792,20.253580618627886,8.0
7.1770000000007315,1500.0,1520.903368173765,20.0,19.790577619861487,20.254660515459925,8.0
7.178000000000732,1500.0,1526.6786503505202,20.0,19.790563057128924,20.255733808256657,8.0
7.179000000000732,1500.0,1532.454154649104,20.0,19.79054878874147,20.256800514300423,8.0
7.1800000000007325,1500.0,1538.2298779176813,20.0,19.790534812438985,20.25786065129352,8.0
7.181000000000733,1500.0,1544.005817013126,20.0,19.790521125962503,20.258914237346424,8.0
7.182000000000733,1500.0,1549.78196880121,20.0,19.79050772705463,20.259961290966125,8.0
7.1830000000007335,1500.0,1555.5583301567929,20.0,19.79049461345995,20.26100183104473,8.0
7.184000000000734,1500.0,1561.3348979640002,20.0,19.790481782925415,20.262035876848284,8.0
7.185000000000734,1500.0,1567.1116691163986,20.0,19.790469233200746,20.263063448005774,8.0
7.1860000000007345,1500.0,1572.8886405171681,20.0,19.79045696203878,20.26408456449835,8.0
7.187000000000735,1500.0,1578.6658090792655,20.0,19.79044496719585,20.265099246648788,8.0
7.188000000000735,1500.0,1584.4431717255857,20.0,19.790433246432123,20.26610751511109,8.0
7.1890000000007355,1500.0,1590.2207253891145,20.0,19.790421797511964,20.26710939086032,8.0
7.190000000000736,1500.0,1595.9984670130839,20.0,19.790410618204213,20.268104895182613,8.0
7.191000000000736,1500.0,1601.7763935511125,20.0,19.790399706282567,20.269094049665433,8.0
7.1920000000007365,1500.0,1607.5545019673489,20.0,19.790389059525847,20.27007687618793,8.0
7.193000000000737,1500.0,1613.332789236609,20.0,19.7903786757183,20.271053396911515,8.0
7.194000000000737,1500.0,1619.1112523445051,20.0,19.790368552649937,20.27202363427069,8.0
7.1950000000007375,1500.0,1624.8898882875785,20.0,19.79035868811674,20.272987610963913,8.0
7.196000000000738,1500.0,1630.6686940734176,20.0,19.790349079921004,20.273945349944775,8.0
7.197000000000738,1500.0,1636.4476667207798,20.0,19.790339725871554,20.274896874413272,8.0
7.1980000000007385,1500.0,1642.2268032597055,20.0,19.79033062378402,20.275842207807244,8.0
7.199000000000739,1500.0,1648.0061007316317,20.0,19.790321771481096,20.276781373794076,8.0
7.200000000000739,1500.0,1653.785556189496,20.0,19.790313166792746,20.277714396262382,8.0
7.2010000000007395,1500.0,1659.5651666978392,20.0,19.79030480755647,20.278641299314057,8.0
7.20200000000074,1500.0,1665.3449293329086,20.0,19.790296691617513,20.279562107256353,8.0
7.20300000000074,1500.0,1671.1248411827498,20.0,19.79028881682906,20.280476844594105,8.0
7.2040000000007405,1500.0,1676.9048993473007,20.0,19.79028118105249,20.28138553602222,8.0
7.205000000000741,1500.0,1682.6851009384784,20.0,19.790273782157545,20.282288206418244,8.0
7.206000000000741,1500.0,1688.4654430802661,20.0,19.790266618022525,20.28318488083499,8.0
7.2070000000007415,1500.0,1694.2459229087926,20.0,19.79025968653447,20.28407558449354,8.0
7.208000000000742,1500.0,1700.026537572411,20.0,19.79025298558938,20.28496034277614,8.0
7.209000000000742,1500.0,1705.8072842317727,20.0,19.79024651309233,20.285839181219426,8.0
7.2100000000007425,1500.0,1711.5881600599007,20.0,19.790240266957692,20.28671212550767,8.0
7.211000000000743,1500.0,1717.3691622422568,20.0,19.79023424510925,20.287579201466187,8.0
7.212000000000743,1500.0,1723.1502879768063,20.0,19.790228445480395,20.288440435054973,8.0
7.2130000000007435,1500.0,1728.9315344740808,20.0,19.790222866014233,20.289295852362287,8.0
7.214000000000744,1500.0,1734.7128989572377,20.0,19.79021750466375,20.29014547959855,8.0
7.215000000000744,1500.0,1740.4943786621152,20.0,19.790212359391962,20.29098934309026,8.0
7.2160000000007445,1500.0,1746.2759708372857,20.0,19.790207428172018,20.29182746927407,8.0
7.217000000000745,1500.0,1752.057672744108,20.0,19.790202708987348,20.29265988469097,8.0
7.218000000000745,1500.0,1757.8394816567745,20.0,19.790198199831767,20.293486615980605,8.0
7.2190000000007455,1500.0,1763.6213948623554,20.0,19.79019389870958,20.29430768987569,8.0
7.220000000000746,1500.0,1769.4034096608423,20.0,19.79018980363574,20.295123133196608,8.0
7.221000000000746,1500.0,1775.1855233651859,20.0,19.790185912635902,20.295932972846018,8.0
7.2220000000007465,1500.0,1780.967733301337,20.0,19.790182223746537,20.29673723580363,8.0
7.223000000000747,1500.0,1786.7500368082785,20.0,19.79017873501504,20.29753594912116,8.0
7.224000000000747,1500.0,1792.5324312380592,20.0,19.7901754444998,20.29832913991723,8.0
7.2250000000007475,1500.0,1798.314913955824,20.0,19.790172350270325,20.299116835372555,8.0
7.226000000000748,1500.0,1804.0974823398406,20.0,19.79016945040725,20.299899062725068,8.0
7.227000000000748,1500.0,1809.880133781526,20.0,19.790166743002505,20.300675849265307,8.0
7.2280000000007485,1500.0,1815.6628656854696,20.0,19.790164226159302,20.301447222331745,8.0
7.229000000000749,1500.0,1821.4456754694552,20.0,19.790161897992277,20.302213209306398,8.0
7.230000000000749,1500.0,1827.2285605644786,20.0,19.79015975662749,20.30297383761031,8.0
7.2310000000007495,1500.0,1833.0115184147649,20.0,19.790157800202532,20.303729134699385,8.0
7.23200000000075,1500.0,1838.7945464777838,20.0,19.790156026866565,20.304479128060084,8.0
7.23300000000075,1500.0,1844.5776422242643,20.0,19.79015443478037,20.305223845205372,8.0
7.2340000000007505,1500.0,1850.3608031382014,20.0,19.7901530221164,20.30596331367067,8.0
7.235000000000751,1500.0,1856.1440267168691,20.0,19.790151787058836,20.306697561009983,8.0
7.236000000000751,1500.0,1861.9273104708263,20.0,19.7901507278036,20.30742661479195,8.0
7.2370000000007515,1500.0,1867.7106519239226,20.0,19.79014984255843,20.30815050259621,8.0
7.238000000000752,1500.0,1873.4940486133016,20.0,19.79014912954289,20.308869252009657,8.0
7.239000000000752,1500.0,1879.277498089402,20.0,19.790148586988412,20.3095828906229,8.0
7.2400000000007525,1500.0,1885.0609979159597,20.0,19.790148213138327,20.310291446026717,8.0
7.241000000000753,1500.0,1890.8445456700047,20.0,19.79014800624788,20.310994945808645,8.0
7.242000000000753,1500.0,1896.628138941859,20.0,19.790147964584257,20.31169341754967,8.0
7.2430000000007535,1500.0,1902.4117753351338,20.0,19.79014808642662,20.312386888820914,8.0
7.244000000000754,1500.0,1908.195452466719,20.0,19.790148370066103,20.313075387180476,8.0
7.245000000000754,1500.0,1913.9739030315227,19.987195087199254,19.777589601021443,20.300852645032837,8.0
7.2460000000007545,1500.0,1919.37667952324,19.07563946647268,18.88351513075519,19.38273367706614,8.0
7.247000000000755,1500.0,1924.3509092535332,18.189505064015655,18.013669101654937,18.4892260472035,8.0
7.248000000000755,1500.0,1928.910666555007,17.33361473677777,17.173504707014725,17.625987177842017,8.0
7.2490000000007555,1500.0,1933.0701386244457,16.507238169347083,16.362308563618978,16.792331443394033,8.0
7.250000000000756,1500.0,1936.843170948539,15.709620852417629,15.579338713342612,15.987538264572027,8.0
7.251000000000756,1500.0,1940.2432684409155,14.940022046923666,14.823866754272458,15.21089588213881,8.0
7.2520000000007565,1500.0,1943.2835999316655,14.197715046621688,14.095178147661231,14.461702118810566,8.0
7.253000000000757,1500.0,1945.9770028803603,13.481987158624406,13.392572210989847,13.739264789172612,8.0
7.254000000000757,1500.0,1948.3359882652198,12.792139660509662,12.715362084309787,13.042902053949025,8.0
7.2550000000007575,1500.0,1950.3727456240274,12.127487737736658,12.06287467426029,12.371942724393698,8.0
7.256000000000758,1500.0,1952.0991482242266,11.48736040323002,11.434450578039003,11.725726520406297,8.0
7.257000000000758,1500.0,1953.5267583413383,10.871100400862233,10.82944398942467,11.10360428579176,8.0
7.2580000000007585,1500.0,1954.6668326263673,10.278064094447515,10.247222588789253,10.504938163907198,8.0
7.259000000000759,1500.0,1955.5303275443746,9.707621343753154,9.68716741889014,9.929101736772786,8.0
7.260000000000759,1500.0,1956.127904867787,9.159155368927877,9.148672748091236,9.375480130554452,8.0
7.2610000000007595,1500.0,1956.469937209363,8.632062604649384,8.63114592253212,8.843470090164896,8.0
7.26200000000076,1500.0,1956.5665135809752,8.125752545197138,8.13400720863985,8.332480025568865,8.0
7.26300000000076,1500.0,1956.4274449655438,7.6396475815681555,7.656689627263989,7.841930032225745,8.0
7.2640000000007605,1500.0,1956.0622698905875,7.17318283167004,7.198638780608741,7.371251887954281,8.0
7.265000000000761,1500.0,1955.48025999287,6.725805964543383,6.759312673033772,6.9198890283587495,8.0
7.266000000000761,1500.0,1954.6904255646214,6.296977019493731,6.338181526704913,6.487296502821038,8.0
7.2670000000007615,1500.0,1953.701521072686,5.886168220939865,5.93472759298643,6.072940912928393,8.0
7.268000000000762,1500.0,1952.522050642849,5.492863789721788,5.5484449603887676,5.676300335083367,8.0
7.269000000000762,1500.0,1951.1602735023273,5.116559751547037,5.178839359808346,5.296864228919702,8.0
7.2700000000007625,1500.0,1949.6242093741923,4.756763743197787,4.825427967728551,4.934133333035398,8.0
7.271000000000763,1500.0,1947.9216438181518,4.412994817066071,4.487739207986256,4.587619549445012,8.0
7.272000000000763,1500.0,1946.0601335127512,4.084783244533675,4.1653125526488495,4.256845818050184,8.0
7.2730000000007635,1500.0,1944.0470114746522,3.7716703186667786,3.857698322492819,3.9413459823310317,8.0
7.274000000000764,1500.0,1941.8893922111818,3.473208156650365,3.5644574875233928,3.640664647367939,8.0
7.275000000000764,1500.0,1939.5941768028376,3.188959502347622,3.28516146792949,3.35435703121804,8.0
7.2760000000007645,1500.0,1937.1680579129159,2.9184975293312476,3.0193919358250327,3.081988810588646,8.0
7.277000000000765,1500.0,1934.6175247218218,2.6614056446980427,2.766740618088194,2.823135961673107,8.0
7.278000000000765,1500.0,1931.948867784041,2.4172772939470235,2.5268091005754876,2.5773845969441544,8.0
7.2790000000007655,1500.0,1929.168183806092,2.1857157671694267,2.299208633952986,2.3443307986307373,8.0
7.280000000000766,1500.0,1926.2813803440906,1.9663340067726196,2.083559941358156,2.123580449542912,8.0
7.281000000000766,1500.0,1923.2941804198902,1.7587544169348774,1.879493028078865,1.9147490618510974,8.0
7.2820000000007665,1500.0,1920.2121270549912,1.5626086749624406,1.6866469934090504,1.7174616043692585,8.0
7.283000000000767,1500.0,1917.0405877216963,1.3775375447013118,1.5046698448203428,1.5313523288431918,8.0
7.284000000000767,1500.0,1913.784758711171,1.2031906921342213,1.3332183145660743,1.3560645956955009,8.0
7.2850000000007675,1500.0,1910.4496694183085,1.0392265032774333,1.1719576788176804,1.1912506996371957,8.0
7.286000000000768,1500.0,1907.040186543453,0.8853119044732125,1.0205615794142142,1.0365716955126911,8.0
7.287000000000768,1500.0,1903.5610182112039,0.7411221851605561,0.8787118482923831,0.8916972247092445,8.0
7.2880000000007685,1500.0,1900.0167180066796,0.6063408231922054,0.7460983346496891,0.7563053424259012,8.0
7.289000000000769,1500.0,1896.411688929733,0.4806593127536871,0.6224187348812654,0.6300823460652027,8.0
7.290000000000769,1500.0,1892.7501872677365,0.36377699492907567,0.50737842532005,0.5127226049813611,8.0
7.2910000000007695,1500.0,1889.0363263876611,0.2554008909477474,0.4006902977998624,0.40392839179111995,8.0
7.29200000000077,1500.0,1885.2740804482462,0.15524553813696684,0.3020745980519135,0.3034097154282134,8.0
7.29300000000077,1500.0,1881.4672880331561,0.06303282859765602,0.21125876693825815,0.2108841561001569,8.0
7.2940000000007705,1500.0,1877.6196557060723,-0.0215081493875644,0.1279772845179052,0.12607670228413287,8.0
7.295000000000771,1500.0,1873.7347614887358,-0.0986412672113346,0.051971516935572545,0.04871958987987529,8.0
7.296000000000771,1500.0,1869.8160582630078,-0.1686235090662329,-0.017010433881849696,-0.021447856379689177,8.0
7.2970000000007715,1500.0,1865.8668770980482,-0.23170512234640483,-0.07921387774196212,-0.08467937917653638,8.0
7.298000000000772,1500.0,1861.890430503757,-0.2881297653383932,-0.1348776809398204,-0.14122194244366537,8.0
7.299000000000772,1500.0,1857.8898156116509,-0.3381346522189652,-0.18423440827541201,-0.1913158827333024,8.0
7.3000000000007725,1500.0,1853.8680172843642,-0.3819506953804499,-0.22751046236579633,-0.23519505807211258,8.0
7.301000000000773,1500.0,1849.8279111549864,-0.4198026451078718,-0.2649262202853327,-0.2730869942698794,8.0
7.302000000000773,1500.0,1845.772266597463,-0.45190922663415733,-0.2966961675687604,-0.305213028657021,8.0
7.3030000000007735,1500.0,1841.7037496292871,-0.47848327460287976,-0.3230290296144273,-0.3317884512358219,8.0
7.304000000000774,1500.0,1837.6249257477252,-0.49973186496941224,-0.3441279005258553,-0.35302264323752236,8.0
7.305000000000774,1500.0,1833.538262700806,-0.5158564443731741,-0.3601903694310759,-0.36911921308449247,8.0
7.3060000000007745,1500.0,1829.446133194323,-0.5270529570151723,-0.371408644320041,-0.38027612976291414,8.0
7.307000000000775,1500.0,1825.3508175360678,-0.5335119690763719,-0.3779696734413365,-0.38668585361718133,8.0
7.308000000000775,1500.0,1821.254506218533,-0.5354187907124981,-0.38005526429891673,-0.38853546458110644,8.0
7.3090000000007755,1500.0,1817.1593024412905,-0.5329535956631659,-0.3778422002914121,-0.386006787866891,8.0
7.310000000000776,1500.0,1813.0672245742585,-0.5262915385117246,-0.37150235503458745,-0.37927651713441923,8.0
7.311000000000776,1500.0,1808.9802085630474,-0.5156028696345238,-0.3612028044094137,-0.3685163351686199,8.0
7.3120000000007765,1500.0,1804.9001102775646,-0.5010530478773099,-0.3471059363767759,-0.35389303209411815,8.0
7.313000000000777,1500.0,1800.82870780504,-0.4828028509968192,-0.3293695585998916,-0.3355686211590829,8.0
7.314000000000777,1500.0,1796.7677036886284,-0.4610084839059603,-0.3081470039153683,-0.3137004521223959,8.0
7.3150000000007775,1500.0,1792.7187271127127,-0.4358216847605867,-0.2835872336931485,-0.28844132227967223,8.0
7.316000000000778,1500.0,1788.6833360360276,-0.4073898289254423,-0.25583493912487987,-0.25993958516481414,8.0
7.317000000000778,1500.0,1784.6630192736998,-0.37585603085725694,-0.22503064048026417,-0.2283392569654401,8.0
7.3180000000007785,1500.0,1780.6591985292798,-0.3413592439418949,-0.191310784369684,-0.19378012069071543,8.0
7.319000000000779,1500.0,1776.6732303778283,-0.3040343583226246,-0.15480783905118461,-0.1563978281311476,8.0
7.320000000000779,1500.0,1772.7064082010966,-0.264012296755471,-0.11565038781871902,-0.11632399964983037,8.0
7.3210000000007796,1500.0,1768.75996407582,-0.2214201085282994,-0.07396322050883898,-0.07368632184585193,8.0
7.32200000000078,1500.0,1764.835070616136,-0.17638106147821375,-0.029867423160917193,-0.028608643129262534,8.0
7.32300000000078,1500.0,1760.9328427710918,-0.12901473214300196,0.016519534133191214,0.018788932751472875,8.0
7.3240000000007806,1500.0,1757.0543395782288,-0.07943709407987498,0.06508371115665772,0.06838995519059794,8.0
7.325000000000781,1500.0,1753.200565874169,-0.027760604386593002,0.11571461323741916,0.12008153717376911,8.0
7.326000000000781,1500.0,1749.3724739631396,0.025905711543213528,0.16830510862852005,0.17375426765633636,8.0
7.3270000000007816,1500.0,1745.570965244344,0.08145617699703323,0.2227513475658743,0.22930212583130938,8.0
7.328000000000782,1500.0,1741.7968917990625,0.138788382621005,0.2789526829722168,0.28662239724887806,8.0
7.329000000000782,1500.0,1738.0510579383606,0.19780310676694413,0.33681159277667233,0.3456155917498635,8.0
7.330000000000783,1500.0,1734.3342217122497,0.2584042374773148,0.39623360381910677,0.40618536317510695,8.0
7.331000000000783,1500.0,1730.6470963811455,0.32049869607907766,0.45712721731085326,0.4682384308152151,8.0
7.332000000000783,1500.0,1726.9903518504352,0.38399636235543255,0.5194038358216717,0.5316845025633216,8.0
7.333000000000784,1500.0,1723.3646160689568,0.44881000126740744,0.5829776917657153,0.5964361997365083,8.0
7.334000000000784,1500.0,1719.7704763921763,0.5148551911963679,0.6477657773585269,0.6624089835308444,8.0
7.335000000000784,1500.0,1716.2084809108283,0.5820502536796468,0.7136877760181236,0.729521083076151,8.0
7.336000000000785,1500.0,1712.6791397457769,0.6503161846117429,0.7806659951837207,0.7976934250572101,8.0
7.337000000000785,1500.0,1709.1829263098293,0.7195765868843012,0.8486253005262303,0.8668495648688952,8.0
7.338000000000785,1500.0,1705.720278537225,0.7897576044387336,0.9174930515254378,0.9369156192736252,8.0
7.339000000000786,1500.0,1702.291600081508,0.860787857705116,0.9871990383886204,1.0078202005295855,8.0
7.340000000000786,1500.0,1698.8972614824722,0.9325983804028404,1.0576754202870513,1.0794943519600608,8.0
7.341000000000786,1500.0,1695.5376013028606,1.0051225576772573,1.1288566648857894,1.1518714849333418,8.0
7.342000000000787,1500.0,1692.2129272354764,1.0782960655484501,1.2006794891439128,1.2248873172246948,8.0
7.343000000000787,1500.0,1688.9235171813643,1.1520568116485599,1.273082801362727,1.2984798127324217,8.0
7.344000000000787,1500.0,1685.6696202996868,1.2263448772230525,1.3460076444584395,1.372589122519241,8.0
7.345000000000788,1500.0,1682.4514580299365,1.301102460374393,1.4193971404387529,1.447157527153412,8.0
7.346000000000788,1500.0,1679.2692250870753,1.3762738205238456,1.493196436060269,1.522129380321649,8.0
7.347000000000788,1500.0,1676.1230904302156,1.4518052240707426,1.5673526496470251,1.5974510536895572,8.0
7.348000000000789,1500.0,1673.0131982054213,1.5276448912265064,1.6418148190484885,1.673070882983527,8.0
7.349000000000789,1500.0,1669.9396686632053,1.6037429440019988,1.71653385071665,1.748939115269533,8.0
7.350000000000789,1500.0,1666.9025990512894,1.6800513553277199,1.7914624698826993,1.8250078574053619,8.0
7.35100000000079,1500.0,1663.9020644831744,1.756523899285387,1.8665551718128395,1.9012310256420566,8.0
7.35200000000079,1500.0,1660.9381187830609,1.833116102431406,1.9417681741246848,1.9775642963524436,8.0
7.35300000000079,1500.0,1658.0107953076583,1.9097851961916508,2.0170593701446435,2.0539650578637687,8.0
7.354000000000791,1500.0,1655.1201077453939,1.9864900703079886,2.0923882832876264,2.130392363372579,8.0
7.355000000000791,1500.0,1652.266050893529,2.063191227317409,2.16771602244086,2.2068068849206135,8.0
7.356000000000791,1500.0,1649.4486014136955,2.139850738044972,2.243005238333894,2.283170868410947,8.0
7.357000000000792,1500.0,1646.667718566325,2.216432198091022,2.3182200808761264,2.3594480896430112,8.0
7.358000000000792,1500.0,1643.92334492446,2.2929006852953364,2.3933261574453315,2.435603811347474,8.0
7.359000000000792,1500.0,1641.2154070674176,2.369222718159449,2.468290492109278,2.5116047412006566,8.0
7.360000000000793,1500.0,1638.543816254758,2.4453662152095443,2.543081485763614,2.587418990799451,8.0
7.361000000000793,1500.0,1635.9084690810278,2.521300455282601,2.6176688771694265,2.663016035578038,8.0
7.362000000000793,1500.0,1633.3092481116955,2.5969960387178457,2.692023704873379,2.7383666756473266,8.0
7.363000000000794,1500.0,1630.746022500736,2.672424849437588,2.766118269995135,2.8134429975399886,8.0
7.364000000000794,1500.0,1628.2186485902782,2.7475600179000725,2.839926099865432,2.8882183368427112,8.0
7.365000000000794,1500.0,1625.7269704927407,2.8223758849077587,2.913421912498936,2.962667241698157,8.0
7.366000000000795,1500.0,1623.2708206558534,2.896847966255221,2.986581581886668,3.0367654371599273,8.0
7.367000000000795,1500.0,1620.850020410979,2.970952918200691,3.0593821040927045,3.110489790383768,8.0
7.368000000000795,1500.0,1618.4643805051205,3.044668503745374,3.131801564139896,3.183818276638454,8.0
7.369000000000796,1500.0,1616.113701617,3.117973559705087,3.2038191036697246,3.2567299461202017,8.0
7.370000000000796,1500.0,1613.7977748575915,3.190847964559234,3.2754148893619197,3.3292048915550616,8.0
7.371000000000796,1500.0,1611.5163822554741,3.2632726070618077,3.3465700820990643,3.401224216573421,8.0
7.372000000000797,1500.0,1609.2692972273712,3.335229355599729,3.4172668068620475,3.4727700048414363,8.0
7.373000000000797,1500.0,1607.0562850342292,3.4067010282842975,3.4874881233426467,3.5438252899347242,8.0
7.374000000000797,1500.0,1604.877103223186,3.477671363760942,3.5572179972589546,3.6143740259391146,8.0
7.375000000000798,1500.0,1602.7315020557746,3.548124992723837,3.6264412723606574,3.684401058764604,8.0
7.376000000000798,1500.0,1600.6192249226913,3.61804741012053,3.6951436431098363,3.7538920981574053,8.0
7.377000000000798,1500.0,1598.54000874546,3.6874249480340424,3.763311628025142,3.822833690397192,8.0
7.378000000000799,1500.0,1596.4935843653163,3.756244749228099,3.8309325436754857,3.8912131916649315,8.0
7.379000000000799,1500.0,1594.4796769196203,3.824494741342603,3.897994479310765,3.9590187420682117,8.0
7.380000000000799,1500.0,1592.4980062061163,3.892163611726623,3.9644862721172722,4.026239240311052,8.0
7.3810000000008,1500.0,1590.548287035336,3.959240782895309,4.030397483084639,4.092864318994446,8.0
7.3820000000008,1500.0,1588.630229571445,4.0257163885986555,4.095718373472575,4.15888432053534,8.0
7.3830000000008,1500.0,1586.7435396618139,4.091581250489505,4.16043988186519,4.224290273691331,8.0
7.384000000000801,1500.0,1584.8879191556196,4.156826855378931,4.224553601801336,4.289073870678948,8.0
7.385000000000801,1500.0,1583.0630662117317,4.221445333065901,4.2880517599682975,4.353227444872418,8.0
7.386000000000801,1500.0,1581.2686755961734,4.285429434730619,4.350927194948446,4.416743949072044,8.0
7.387000000000802,1500.0,1579.5044389694144,4.348772511879043,4.413173336506787,4.479616934329689,8.0
7.388000000000802,1500.0,1577.770045163767,4.411468495827594,4.474784185408624,4.541840529320162,8.0
7.389000000000802,1500.0,1576.065180451133,4.473511877716337,4.535754293755945,4.603409420246719,8.0
7.390000000000803,1500.0,1574.3895288013584,4.534897689039742,4.596078745831977,4.664318831269713,8.0
7.391000000000803,1500.0,1572.7427721314389,4.595621482684177,4.6557531394432505,4.724564505447372,8.0
7.392000000000803,1500.0,1571.1245905458154,4.655679314461253,4.7147735677486065,4.784142686177779,8.0
7.393000000000804,1500.0,1569.534662568,4.715067725126448,4.7731366015648335,4.84305009913138,8.0
7.394000000000804,1500.0,1567.9726653637558,4.773783722872796,4.830839272138941,4.901283934663681,8.0
7.395000000000804,1500.0,1566.438274956065,4.83182476628913,4.887879054376816,4.958841830697562,8.0
7.396000000000805,1500.0,1564.9311664320917,4.88918874777299,4.944253850518615,5.015721856065232,8.0
7.397000000000805,1500.0,1563.451014142375,4.945873977388638,4.999961974251532,5.071922494300138,8.0
7.398000000000805,1500.0,1561.9974918924433,5.001879167159774,5.055002135249748,5.127442627868364,8.0
7.399000000000806,1500.0,1560.5702731270721,5.057203415788008,5.109373424132875,5.182281522830467,8.0
7.400000000000806,1500.0,1559.1690311073746,5.111846193787394,5.163075297833369,5.236438813923998,8.0
7.401000000000806,1500.0,1557.7934390809348,5.165807329026287,5.216107565364338,5.289914490057815,8.0
7.402000000000807,1500.0,1556.443170445163,5.2190869926666394,5.268470373978122,5.342708880208269,8.0
7.403000000000807,1500.0,1555.1178989040764,5.271685685492863,5.320164195707905,5.394822639709256,8.0
7.404000000000807,1500.0,1553.8172986186771,5.323604224620651,5.37118981428294,5.446256736926465,8.0
7.405000000000808,1500.0,1552.5410443511166,5.374843730577641,5.4215483124094535,5.497012440307574,8.0
7.406000000000808,1500.0,1551.2888116028173,5.42540561474762,5.471241059409085,5.54709130580003,8.0
7.407000000000808,1500.0,1550.0602767467255,5.475291567169608,5.520269699206381,5.596495164627612,8.0
7.408000000000809,1500.0,1548.855117153867,5.524503544684077,5.568636138657732,5.64522611141799,8.0
7.409000000000809,1500.0,1547.6730113143653,5.573043759418083,5.61634253621369,5.693286492672875,8.0
7.410000000000809,1500.0,1546.513638953085,5.6209146676016495,5.66339129090717,5.740678895573075,8.0
7.41100000000081,1500.0,1545.3766811400576,5.668118958707707,5.7097850316599645,5.7874061371106285,8.0
7.41200000000081,1500.0,1544.261820395843,5.71465954490808,5.755526606900224,5.833471253540379,8.0
7.41300000000081,1500.0,1543.168740791976,5.760539550838121,5.800619074483606,5.878877490143506,8.0
7.414000000000811,1500.0,1542.0971280466435,5.805762303662686,5.845065691910958,5.92362829129563,8.0
7.415000000000811,1500.0,1541.046669615739,5.850331323436535,5.8888699068357075,5.967727290832396,8.0
7.416000000000811,1500.0,1540.017054779424,5.894250313751854,5.932035347853824,6.011178302705217,8.0
7.417000000000812,1500.0,1539.007974724347,5.937523152666646,5.97456581557018,6.053985311920723,8.0
7.418000000000812,1500.0,1538.0191226216393,5.980153883906578,6.0164652739340365,6.096152465756481,8.0
7.419000000000812,1500.0,1537.0501937008237,6.022146708334187,6.057737841837682,6.137684065246733,8.0
7.420000000000813,1500.0,1536.1008853197618,6.063505975679092,6.0983877849719565,6.178584556931687,8.0
7.421000000000813,1500.0,1535.170897030764,6.104236176522511,6.138419507932076,6.218858524863593,8.0
7.422000000000813,1500.0,1534.2599306429804,6.144341934530031,6.1778375465678526,6.25851068286342,8.0
7.423000000000814,1500.0,1533.3676902811885,6.183827998926795,6.216646560572503,6.297545867022196,8.0
7.424000000000814,1500.0,1532.4938824411004,6.2226992372090635,6.254851326304155,6.335969028440846,8.0
7.425000000000814,1500.0,1531.6382160412895,6.260960628086043,6.2924567298340435,6.373785226202372,8.0
7.426000000000815,1500.0,1530.8004024718546,6.298617254646702,6.32946776021619,6.410999620570937,8.0
7.427000000000815,1500.0,1529.980155639923,6.335674297745772,6.365889502972853,6.4476174664119625,8.0
7.428000000000815,1500.0,1529.1771920120993,6.372137029603424,6.401727133790354,6.483644106827645,8.0
7.429000000000816,1500.0,1528.3912306539564,6.40801080761334,6.436985912420082,6.5190849670025255,8.0
7.430000000000816,1500.0,1527.62199326667,6.44330106835406,6.471671176779613,6.553945548253836,8.0
7.431000000000816,1500.0,1526.8692042208913,6.478013321798208,6.505788337248673,6.588231422281196,8.0
7.432000000000817,1500.0,1526.1325905879537,6.512153145714741,6.5393428711551405,6.621948225610669,8.0
7.433000000000817,1500.0,1525.4118821684988,6.545726180259253,6.57234031744622,6.655101654228147,8.0
7.434000000000817,1500.0,1524.706811518617,6.578738122747524,6.604786271540022,6.687697458397114,8.0
7.435000000000818,1500.0,1524.0171139735828,6.611194722607504,6.6366863803528915,6.719741437655985,8.0
7.436000000000818,1500.0,1523.342527669273,6.643101776505427,6.668046337498129,6.751239435990489,8.0
7.437000000000818,1500.0,1522.6827935613494,6.674465123640993,6.69887187865123,6.782197337176081,8.0
7.438000000000819,1500.0,1522.0376554422776,6.7052906412077,6.7291687770777635,6.812621060286313,8.0
7.439000000000819,1500.0,1521.4068599562788,6.735584240013972,6.75894283931954,6.842516555362753,8.0
7.440000000000819,1500.0,1520.7901566122625,6.765351860260219,6.788199901034374,6.871889799241471,8.0
7.44100000000082,1500.0,1520.1872977948385,6.7945994674687,6.816945822986296,6.90074679153296,8.0
7.44200000000082,1500.0,1519.5980387734653,6.82333304856123,6.845186487181366,6.929093550750392,8.0
7.44300000000082,1500.0,1519.0221377098098,6.851558608081396,6.872927793145785,6.956936110582819,8.0
7.444000000000821,1500.0,1518.4593556633833,6.87928216455689,6.900175654342004,6.984280516308892,8.0
7.445000000000821,1500.0,1517.9094565955206,6.906509746998676,6.9269359947195674,7.011132821347685,8.0
7.446000000000821,1500.0,1517.3722073717674,6.933247391533,6.9532147453968065,7.03749908394264,8.0
7.447000000000822,1500.0,1516.847377762738,6.959501138162631,6.979017841469769,7.063385363974897,8.0
7.448000000000822,1500.0,1516.3347404434974,6.98527702765373,7.004351218944912,7.088797719902384,8.0
7.449000000000822,1500.0,1515.8340709915396,7.010581098545373,7.029220811792533,7.113742205821602,8.0
7.450000000000823,1500.0,1515.3451478834045,7.035419384277432,7.053632549116828,7.138224868647798,8.0
7.451000000000823,1500.0,1514.8677524900002,7.059797910434629,7.077592352440307,7.162251745411247,8.0
7.452000000000823,1500.0,1514.401669070678,7.083722692102425,7.101106133098395,7.185828860665272,8.0
7.453000000000824,1500.0,1513.9466847661156,7.107199731332492,7.124179789741918,7.208962224003684,8.0
7.454000000000824,1500.0,1513.5025895900585,7.130235014714181,7.146819205944015,7.231657827684051,8.0
7.455000000000824,1500.0,1513.0691764199687,7.152834511048999,7.169030247908491,7.253921644353701,8.0
7.456000000000825,1500.0,1512.6462409866267,7.175004169125458,7.190818762277011,7.275759624875832,8.0
7.457000000000825,1500.0,1512.2335818627419,7.196749915591091,7.212190574032003,7.297177696252451,8.0
7.458000000000825,1500.0,1511.8310004506009,7.218077652918949,7.23315148449265,7.318181759641472,8.0
7.459000000000826,1500.0,1511.4383009688163,7.238993257466012,7.253707269401328,7.338777688465241,8.0
7.460000000000826,1500.0,1511.0552904382032,7.259502577620427,7.2738636770976175,7.35897132660755,8.0
7.461000000000826,1500.0,1510.681778666829,7.279611432035296,7.29362642677751,7.378768486696668,8.0
7.462000000000827,1500.0,1510.3175782342885,7.299325607946719,7.313001206835612,7.398174948472162,8.0
7.463000000000827,1500.0,1509.9625044752192,7.318650859572488,7.331993673286783,7.4171964572318245,8.0
7.464000000000827,1500.0,1509.6163754621186,7.3375929065905865,7.35060944826639,7.435838722357875,8.0
7.465000000000828,1500.0,1509.279011987483,7.356157432693717,7.368854118605423,7.45410741591858,8.0
7.466000000000828,1500.0,1508.9502375453148,7.3743500842185155,7.386733234479191,7.472008171343981,8.0
7.467000000000828,1500.0,1508.6298783120242,7.392176468846452,7.404252308126626,7.489546582172682,8.0
7.468000000000829,1500.0,1508.3177631267606,7.409642154374811,7.421416812638589,7.506728200868068,8.0
7.469000000000829,1500.0,1508.013723471212,7.426752667555269,7.438232180812801,7.523558537701463,8.0
7.470000000000829,1500.0,1507.7175934488932,7.4435134929980755,7.454703804073347,7.540043059700212,8.0
7.47100000000083,1500.0,1507.4292097639639,7.459930072139674,7.470837031452696,7.556187189658507,8.0
7.47200000000083,1500.0,1507.1484116995935,7.476007802271925,7.4866371686343856,7.571996305209111,8.0
7.47300000000083,1500.0,1506.875041095915,7.4917520356309275,7.502109477054412,7.587475737953943,8.0
7.474000000000831,1500.0,1506.6089423275832,7.507168078543468,7.517259173059383,7.602630772651599,8.0
7.475000000000831,1500.0,1506.3499622809716,7.522261190629325,7.5320914271197035,7.617466646459945,8.0
7.476000000000831,1500.0,1506.0979503310286,7.537036584057521,7.546611363095855,7.631988548231915,8.0
7.477000000000832,1500.0,1505.8527583178184,7.55149942285491,7.5608240575562995,7.646201617862927,8.0
7.478000000000832,1500.0,1505.6142405227768,7.565654822265482,7.574734539145259,7.660110945688195,8.0
7.479000000000832,1500.0,1505.3822536446955,7.579507848158052,7.588347787998218,7.6737215719276985,8.0
7.480000000000833,1500.0,1505.156656775464,7.593063516481667,7.601668735204401,7.687038486178087,8.0
7.481000000000833,1500.0,1504.937311375585,7.6063267927664056,7.614702262313957,7.700066626949186,8.0
7.482000000000833,1500.0,1504.724081249493,7.619302591668329,7.627453200888658,7.7128108812439065,8.0
7.483000000000834,1500.0,1504.5168325206864,7.6319957765571065,7.639926332094626,7.725276084180033,8.0
7.484000000000834,1500.0,1504.3154336066968,7.6444111591445685,7.652126386335348,7.737467018652155,8.0
7.485000000000834,1500.0,1504.1197551939179,7.656553499153224,7.664058042924107,7.749388415032808,8.0
7.486000000000835,1500.0,1503.9296702123027,7.6684275040226915,7.675725929793714,7.76104495091073,8.0
7.487000000000835,1500.0,1503.745053809957,7.680037828653421,7.687134623243016,7.772441250865656,8.0
7.488000000000835,1500.0,1503.5657833276375,7.691389075185849,7.6982886477182735,7.78358188627776,8.0
7.489000000000836,1500.0,1503.391738273175,7.702485792813908,7.70919247562839,7.794471375170685,8.0
7.490000000000836,1500.0,1503.222800295838,7.7133324776315915,7.719850527192711,7.805114182086886,8.0
7.491000000000836,1500.0,1503.058853160649,7.723933572511348,7.7302671703201895,7.815514717994023,8.0
7.492000000000837,1500.0,1502.899782722672,7.734293467013189,7.740446720518775,7.825677340221336,8.0
7.493000000000837,1500.0,1502.7454769012784,7.744416497323278,7.750393440833865,7.835606352424742,8.0
7.494000000000837,1500.0,1502.5958256544152,7.75430694622098,7.76011154181481,7.845306004579664,8.0
7.495000000000838,1500.0,1502.4507209528772,7.763969043072987,7.769605181508033,7.85478049300019,8.0
7.496000000000838,1500.0,1502.3100567545998,7.773406963853778,7.778878465476176,7.86403396038388,8.0
7.497000000000838,1500.0,1502.1737289789894,7.78262483119141,7.787935446842137,7.873070495881149,8.0
7.498000000000839,1500.0,1502.0416354812903,7.791626714437225,7.796780126356681,7.881894135187876,8.0
7.499000000000839,1500.0,1501.913676027014,7.8004166297590025,7.805416452489177,7.890508860660772,8.0
7.500000000000839,1500.0,1501.7897522664296,7.808998540256235,7.813848321540081,7.898918601454152,8.0
7.50100000000084,1500.0,1501.6697677091274,7.817376356096488,7.822079577774251,7.907127233677169,8.0
7.50200000000084,1500.0,1501.553627698673,7.825553934672877,7.83011401357502,7.915138580571437,8.0
7.50300000000084,1500.0,1501.44123938735,7.83353508078033,7.83795536961678,7.922956412706788,8.0
7.504000000000841,1500.0,1501.3325117110044,7.84132354681087,7.845607335056341,7.930584448195463,8.0
7.505000000000841,1500.0,1501.2273553640064,7.84892303296704,7.853073547742124,7.93802635292373,8.0
7.506000000000841,1500.0,1501.1256827743211,7.856337187491859,7.860357594439656,7.945285740799435,8.0
7.507000000000842,1500.0,1501.0274080787144,7.863569606915597,7.867463011073652,7.952366174015782,8.0
7.508000000000842,1500.0,1500.9324470980844,7.87062383631764,7.874393282984943,7.959271163329548,8.0
7.509000000000842,1500.0,1500.8407173129383,7.877503369603525,7.881151845202352,7.966004168353915,8.0
7.510000000000843,1500.0,1500.7521378390134,7.884211649795936,7.887742082728349,7.972568597864663,8.0
7.511000000000843,1500.0,1500.66662940305,7.890752069339018,7.8941673308377975,7.978967810119097,8.0
7.512000000000843,1500.0,1500.5841143187258,7.897127970415636,7.900430875389492,7.985205113187389,8.0
7.513000000000844,1500.0,1500.5045164627531,7.903342645276464,7.906535953149301,7.991283765295155,8.0
7.514000000000844,1500.0,1500.427761251141,7.909399336580711,7.912485752124847,7.997206975177189,8.0
7.515000000000844,1500.0,1500.3537756156393,7.915301237747712,7.918283411910828,8.002977902441476,8.0
7.516000000000845,1500.0,1500.2824879803572,7.921051493318703,7.923932024044419,8.008599657942929,8.0
7.517000000000845,1500.0,1500.2138282385647,7.9266531993281735,7.929434632370091,8.014075304166152,8.0
7.518000000000845,1500.0,1500.1477277296854,7.932109403684564,7.9347942334136325,8.019407855617072,8.0
7.519000000000846,1500.0,1500.0841192164742,7.937423106559283,7.940013776764401,8.024600279222424,8.0
7.520000000000846,1500.0,1500.0229368623975,7.9425972607841,7.945096165465817,8.029655494737149,8.0
7.521000000000846,1500.0,1499.964116209207,7.947634772255864,7.950044256413043,8.034576375158586,8.0
7.522000000000847,1500.0,1499.9075941547173,7.952538500348175,7.954860860757582,8.039365747147288,8.0
7.523000000000847,1500.0,1499.853308930786,7.957311258330033,7.959548744318693,8.044026391454263,8.0
7.524000000000847,1500.0,1499.8012000815033,7.961955813790296,7.964110628000585,8.048561043353688,8.0
7.525000000000848,1500.0,1499.7512084415919,7.966474889067918,7.968549188215257,8.052972393080921,8.0
7.526000000000848,1500.0,1499.7032761150153,7.9708711616874,7.972867057310534,8.05726308627538,8.0
7.527000000000848,1500.0,1499.6573464538071,7.975147264799248,7.977066824002977,8.061435724427973,8.0
7.528000000000849,1500.0,1499.613364037109,7.979305787624539,7.981151033814923,8.065492865332333,8.0
7.529000000000849,1500.0,1499.5712746504335,7.983349275903985,7.985122189515878,8.069437023540086,8.0
7.530000000000849,1500.0,1499.53102526514,7.98728023235019,7.988982751567131,8.073270670819046,8.0
7.53100000000085,1500.0,1499.4925640181395,7.991101117103687,7.992735138570044,8.076996236614752,8.0
7.53200000000085,1500.0,1499.455840191814,7.994814348191615,7.996381727716987,8.080616108514363,8.0
7.53300000000085,1500.0,1499.4208041941667,7.99842230198909,7.999924855244895,8.084132632712892,8.0
7.534000000000851,1500.0,1499.3874075391898,8.001927313682888,8.003366816891152,8.087548114481436,8.0
7.535000000000851,1500.0,1499.355602827463,8.00533167773722,8.006709868351496,8.090864818637165,8.0
7.536000000000851,1500.0,1499.3253437269732,8.00863764836101,8.009956225739453,8.09408497001456,8.0
7.537000000000852,1500.0,1499.2965849541654,8.01184743997684,8.01310806604738,8.097210753937981,8.0
7.538000000000852,1500.0,1499.2692822552176,8.014963227690634,8.016167527608264,8.100244316694685,8.0
7.539000000000852,1500.0,1499.2433923875435,8.017987147762426,8.019136710558596,8.103187766008698,8.0
7.540000000000853,1500.0,1499.2188731015224,8.020921298077711,8.02201767730181,8.106043171514969,8.0
7.541000000000853,1500.0,1499.1956831224552,8.023767738618961,8.024812452971908,8.108812565233439,8.0
7.542000000000853,1500.0,1499.1737821327515,8.026528491937542,8.027523025897466,8.11149794204326,8.0
7.543000000000854,1500.0,1499.153130754339,8.02920554362501,8.030151348065056,8.114101260156156,8.0
7.544000000000854,1500.0,1499.1336905313028,8.031800842784541,8.03269933558279,8.11662444158969,8.0
7.545000000000854,1500.0,1499.1154239127507,8.034316302501443,8.035168869142964,8.119069372639377,8.0
7.546000000000855,1500.0,1499.0982942359028,8.036753800312946,8.037561794484024,8.121437904349868,8.0
7.547000000000855,1500.0,1499.0822657094086,8.039115178677186,8.0398799228517,8.123731852985117,8.0
7.548000000000855,1500.0,1499.067303396888,8.041402245440782,8.042125031458804,8.125953000496937,8.0
7.549000000000856,1500.0,1499.0533732006948,8.043616774305061,8.04429886394367,8.128103094992017,8.0
7.550000000000856,1500.0,1499.0404418459061,8.045760505291167,8.046403130827516,8.13018385119763,8.0
7.551000000000856,1500.0,1499.0284768645317,8.047835145202773,8.048439509969452,8.132196950924762,8.0
7.552000000000857,1500.0,1499.0174465799466,8.049842368087598,8.050409647020302,8.134144043529878,8.0
7.553000000000857,1500.0,1499.0073200915406,8.051783815696528,8.052315155874107,8.13602674637413,8.0
7.554000000000857,1500.0,1498.9980672595927,8.053661097940793,8.054157619117667,8.13784664528046,8.0
7.555000000000858,1500.0,1498.9896586903565,8.055475793346659,8.055938588477694,8.139605294988048,8.0
7.556000000000858,1500.0,1498.9820657213688,8.057229449507938,8.057659585265776,8.141304219604455,8.0
7.557000000000858,1500.0,1498.9752604069683,8.058923583535684,8.059322100820628,8.142944913054816,8.0
7.558000000000859,1500.0,1498.9692155040332,8.060559682505575,8.060927596948007,8.144528839528537,8.0
7.559000000000859,1500.0,1498.9639044579274,8.06213920390206,8.062477506357496,8.146057433922692,8.0
7.560000000000859,1500.0,1498.9593013886602,8.063663576060161,8.063973233096977,8.147532102282907,8.0
7.56100000000086,1500.0,1498.9553810772557,8.065134198603802,8.065416152983659,8.148954222240672,8.0
7.56200000000086,1500.0,1498.9521189523311,8.066552442881328,8.066807614032374,8.150325143447708,8.0
7.56300000000086,1500.0,1498.9494910768792,8.067919652397793,8.068148936880702,8.151646188007053,8.0
7.564000000000861,1500.0,1498.9474741352587,8.06923714324391,8.069441415210775,8.152918650900627,8.0
7.565000000000861,1500.0,1498.9460454203877,8.070506204521756,8.070686316167945,8.15414380041352,8.0
7.566000000000861,1500.0,1498.9451828211352,8.071728098767037,8.071884880776024,8.155322878554717,8.0
7.567000000000862,1500.0,1498.9448648099185,8.072904062367872,8.073038324349112,8.15645710147426,8.0
7.568000000000862,1500.0,1498.9450704304954,8.074035305979917,8.074147836899861,8.157547659876668,8.0
7.569000000000862,1500.0,1498.945779285952,8.075123014938002,8.07521458354426,8.158595719430789,8.0
7.570000000000863,1500.0,1498.9469715268908,8.076168349663984,8.076239704902726,8.159602421175798,8.0
7.571000000000863,1500.0,1498.9486278398015,8.077172446070858,8.077224317497532,8.160568881923385,8.0
7.572000000000863,1500.0,1498.9507294356338,8.078136415963314,8.078169514146676,8.16149619465629,8.0
7.573000000000864,1500.0,1498.9532580385546,8.079061347434125,8.079076364353746,8.162385428922665,8.0
7.574000000000864,1500.0,1498.9561958748898,8.079948305256748,8.07994591469398,8.163237631226538,8.0
7.575000000000864,1500.0,1498.9595256622576,8.08079833127421,8.080779189196704,8.164053825414529,8.0
7.576000000000865,1500.0,1498.9632305988782,8.081612444783774,8.081577189723625,8.16483501305829,8.0
7.577000000000865,1500.0,1498.967294353073,8.082391642917822,8.08234089634339,8.165582173833114,8.0
7.578000000000865,1500.0,1498.9717010529357,8.083136901020511,8.083071267702017,8.166296265892283,8.0
7.579000000000866,1500.0,1498.9764352761874,8.083849173020667,8.083769241389561,8.166978226237577,8.0
7.580000000000866,1500.0,1498.981482040201,8.084529391800249,8.084435734302522,8.16762897108536,8.0
7.581000000000866,1500.0,1498.9868267922075,8.085178469559203,8.085071643002594,8.16824939622899,8.0
7.582000000000867,1500.0,1498.9924553996652,8.085797298175521,8.08567784407079,8.168840377396394,8.0
7.583000000000867,1500.0,1498.9983541408048,8.086386749561948,8.086255194458216,8.1694027706043,8.0
7.584000000000867,1500.0,1499.0045096953406,8.086947676018005,8.08680453183226,8.169937412507712,8.0
7.585000000000868,1500.0,1499.0109091353456,8.08748091057803,8.087326674918852,8.170445120745393,8.0
7.586000000000868,1500.0,1499.0175399162918,8.087987267355148,8.087822423840734,8.170926694281286,8.0
7.587000000000868,1500.0,1499.024389868254,8.088467541880972,8.088292560451517,8.171382913741589,8.0
7.588000000000869,1500.0,1499.0314471872696,8.088922511441123,8.088737848665652,8.171814541747668,8.0
7.589000000000869,1500.0,1499.0387004268584,8.08935293540672,8.089159034784396,8.172222323244931,8.0
7.590000000000869,1500.0,1499.0461384896987,8.089759555561558,8.089556847817569,8.172606985827327,8.0
7.59100000000087,1500.0,1499.053750619454,8.090143096425146,8.089931999801236,8.172969240057764,8.0
7.59200000000087,1500.0,1499.0615263927548,8.090504265571806,8.090285186111508,8.17330977978452,8.0
7.59300000000087,1500.0,1499.0694557113286,8.090843753945189,8.090617085773829,8.173629282453087,8.0
7.594000000000871,1500.0,1499.0775287942795,8.091162236169094,8.090928361768631,8.1739284094143,8.0
7.595000000000871,1500.0,1499.0857361705064,8.091460370853738,8.091219661332547,8.174207806227958,8.0
7.596000000000871,1500.0,1499.0940686712765,8.091738800898508,8.091491616256093,8.174468102962834,8.0
7.597000000000872,1500.0,1499.102517422932,8.091998153789726,8.091744843176523,8.174709914491796,8.0
7.598000000000872,1500.0,1499.1110738397379,8.092239041895189,8.091979943867454,8.17493384078363,8.0
7.599000000000872,1500.0,1499.11972961687,8.092462062754052,8.092197505523947,8.17514046719025,8.0
7.600000000000873,1500.0,1499.1284767235375,8.092667799362955,8.092398101043868,8.175330364730128,8.0
7.601000000000873,1500.0,1499.1373073962407,8.092856820457959,8.092582289305147,8.175504090367566,8.0
7.602000000000873,1500.0,1499.1462141321572,8.093029680792483,8.092750615439096,8.175662187287944,8.0
7.603000000000874,1500.0,1499.1551896826625,8.093186921411306,8.092903611099857,8.175805185169082,8.0
7.604000000000874,1500.0,1499.164227046978,8.093329069920575,8.093041794729903,8.175933600448541,8.0
7.605000000000874,1500.0,1499.173319465943,8.093456640753665,8.093165671821499,8.17604793658688,8.0
7.606000000000875,1500.0,1499.182460415913,8.093570135433456,8.093275735174613,8.176148684327272,8.0
7.607000000000875,1500.0,1499.1916436027805,8.093670042830407,8.093372465150683,8.176236321950952,8.0
7.608000000000875,1500.0,1499.200862956116,8.093756839416894,8.09345632992274,8.176311315528942,8.0
7.609000000000876,1500.0,1499.2101126234272,8.093830989517643,8.093527785721673,8.176374119169893,8.0
7.610000000000876,1500.0,1499.2193869645396,8.093892945556442,8.09358727707882,8.176425175264182,8.0
7.611000000000876,1500.0,1499.228680546085,8.093943148298763,8.093635237064568,8.176464914723987,8.0
7.612000000000877,1500.0,1499.2379881361098,8.093982027091034,8.09367208752363,8.176493757219987,8.0
7.613000000000877,1500.0,1499.247304698792,8.09401000009584,8.093698239306333,8.17651211141402,8.0
7.614000000000877,1500.0,1499.2566253892692,8.09402747452357,8.093714092496409,8.176520375188218,8.0
7.615000000000878,1500.0,1499.265945548573,8.094034846860346,8.093720036635132,8.176518935870423,8.0
7.616000000000878,1500.0,1499.275260698672,8.094032503092363,8.093716450941903,8.176508170456039,8.0
7.617000000000878,1500.0,1499.2845665376187,8.094020818926536,8.093703704531237,8.176488445826195,8.0
7.618000000000879,1500.0,1499.2938589347987,8.09400016000759,8.093682156626226,8.176460118962417,8.0
7.619000000000879,1500.0,1499.3031339262843,8.093970882131686,8.0936521567686,8.176423537157792,8.0
7.620000000000879,1500.0,1499.3123877102798,8.093933331456284,8.09361404502511,8.17637903822444,8.0
7.62100000000088,1500.0,1499.3216166426755,8.093887844707037,8.09356815219094,8.176326950698009,8.0
7.62200000000088,1500.0,1499.3308172326892,8.093834749380623,8.09351479998919,8.176267594038151,8.0
7.62300000000088,1500.0,1499.3399861386076,8.093774363944616,8.093454301267384,8.176201278826033,8.0
7.624000000000881,1500.0,1499.3491201636186,8.09370699803386,8.093386960190568,8.17612830695839,8.0
7.625000000000881,1500.0,1499.358216251735,8.093632952643333,8.093313072430984,8.176048971838105,8.0
7.626000000000881,1500.0,1499.3672714838096,8.093552520318038,8.093232925354753,8.17596355856178,8.0
7.627000000000882,1500.0,1499.3762830736357,8.093465985339314,8.093146798205094,8.17587234410383,8.0
7.628000000000882,1500.0,1499.3852483641401,8.093373623908164,8.09305496228259,8.175775597497559,8.0
7.629000000000882,1500.0,1499.3941648236532,8.093275704325151,8.092957681122071,8.175673580012852,8.0
7.630000000000883,1500.0,1499.403030042271,8.09317248716741,8.092855210666677,8.17556654533099,8.0
7.631000000000883,1500.0,1499.411841728294,8.093064225462333,8.09274779943863,8.175454739716177,8.0
7.632000000000883,1500.0,1499.4205977047502,8.092951164858187,8.092635688707,8.175338402184025,8.0
7.633000000000884,1500.0,1499.4292959059949,8.092833543791754,8.092519112652537,8.175217764667053,8.0
7.634000000000884,1500.0,1499.43793437439,8.09271159365304,8.092398298529647,8.175093052177342,8.0
7.635000000000884,1500.0,1499.44651125706,8.092585538946798,8.09227346682519,8.174964482965962,8.0
7.636000000000885,1500.0,1499.4550248027217,8.092455597451226,8.092144831414524,8.174832268679626,8.0
7.637000000000885,1500.0,1499.4634733585908,8.092321980373926,8.09201259971486,8.174696614514644,8.0
7.638000000000885,1500.0,1499.4718553673563,8.092184892504598,8.091876972835394,8.174557719367614,8.0
7.639000000000886,1500.0,1499.4801693642296,8.092044532365382,8.091738145725138,8.174415775983796,8.0
7.640000000000886,1500.0,1499.4884139740627,8.091901092358041,8.091596307317626,8.174270971102338,8.0
7.641000000000886,1500.0,1499.4965879085348,8.091754758908637,8.091451640673167,8.17412348559903,8.0
7.642000000000887,1500.0,1499.5046899634037,8.091605712609182,8.091304323118136,8.173973494626079,8.0
7.643000000000887,1500.0,1499.5127190158269,8.091454128357148,8.091154526382123,8.17382116774971,8.0
7.644000000000887,1500.0,1499.5206740217436,8.09130017549169,8.091002416731888,8.173666669084577,8.0
7.645000000000888,1500.0,1499.5285540133248,8.091144017927785,8.09084815510324,8.173510157426044,8.0
7.646000000000888,1500.0,1499.5363580964784,8.090985814287476,8.090691897230082,8.173351786379635,8.0
7.647000000000888,1500.0,1499.544085448426,8.090825718028805,8.090533793771176,8.173191704488197,8.0
7.648000000000889,1500.0,1499.5517353153243,8.09066387757188,8.090373990434097,8.173030055356215,8.0
7.649000000000889,1500.0,1499.559307009963,8.090500436423193,8.090212628097463,8.172866977772383,8.0
7.650000000000889,1500.0,1499.5667999095044,8.090335533296553,8.090049842929831,8.172702605828848,8.0
7.65100000000089,1500.0,1499.574213453288,8.09016930223247,8.089885766507082,8.1725370690389,8.0
7.65200000000089,1500.0,1499.5815471406888,8.09000187271474,8.089720525927035,8.1723704924519,8.0
7.65300000000089,1500.0,1499.5888005290294,8.089833369784797,8.089554243921887,8.172202996765995,8.0
7.654000000000891,1500.0,1499.5959732315416,8.08966391415372,8.089387038968326,8.17203469843852,8.0
7.655000000000891,1500.0,1499.6030649153877,8.089493622312256,8.089219025395714,8.171865709794417,8.0
7.656000000000891,1500.0,1499.6100752997243,8.089322606638225,8.089050313491674,8.171696139132086,8.0
7.657000000000892,1500.0,1499.6170041538212,8.089150975502005,8.088881009605801,8.171526090827316,8.0
7.658000000000892,1500.0,1499.6238512952293,8.088978833369824,8.088711216251212,8.17135566543505,8.0
7.659000000000892,1500.0,1499.6306165879912,8.088806280904848,8.088541032203937,8.171184959788986,8.0
7.660000000000893,1500.0,1499.6372999409039,8.088633415066305,8.088370552600372,8.171014067099225,8.0
7.661000000000893,1500.0,1499.6439013058264,8.088460329206493,8.088199869032637,8.170843077047815,8.0
7.662000000000893,1500.0,1499.6504206760303,8.088287113165684,8.0880290696419,8.170672075882212,8.0
7.663000000000894,1500.0,1499.6568580845947,8.088113853365162,8.087858239209831,8.170501146506933,8.0
7.664000000000894,1500.0,1499.663213602845,8.08794063289843,8.087687459248272,8.170330368573346,8.0
7.665000000000894,1500.0,1499.6694873388353,8.087767531620072,8.087516808086603,8.170159818567175,8.0
7.666000000000895,1500.0,1499.6756794358691,8.087594626233173,8.087346360957682,8.169989569894575,8.0
7.667000000000895,1500.0,1499.6817900710605,8.087421990374544,8.087176190081633,8.169819692966026,8.0
7.668000000000895,1500.0,1499.6878194539374,8.087249694698416,8.087006364748117,8.169650255278714,8.0
7.669000000000896,1500.0,1499.6937678250824,8.087077806958046,8.086836951396556,8.169481321496853,8.0
7.670000000000896,1500.0,1499.6996354548073,8.08690639208569,8.08666801369478,8.169312953530406,8.0
7.671000000000896,1500.0,1499.7054226418722,8.086735512271032,8.086499612616095,8.169145210612246,8.0
7.672000000000897,1500.0,1499.7111297122358,8.086565227037408,8.086331806514234,8.168978149373178,8.0
7.673000000000897,1500.0,1499.7167570178387,8.086395593316729,8.08616465119701,8.168811823915622,8.0
7.674000000000897,1500.0,1499.7223049354284,8.08622666552292,8.085998199998505,8.168646285885906,8.0
7.675000000000898,1500.0,1499.727773865412,8.086058495623092,8.085832503849046,8.168481584544242,8.0
7.676000000000898,1500.0,1499.733164230744,8.08589113320776,8.085667611344217,8.1683177668338,8.0
7.677000000000898,1500.0,1499.738476475847,8.085724625559205,8.085503568812072,8.168154877447943,8.0
7.678000000000899,1500.0,1499.7437110655637,8.08555901771829,8.085340420378818,8.16799295889593,8.0
7.679000000000899,1500.0,1499.7488684841383,8.085394352549745,8.085178208032989,8.167832051567114,8.0
7.680000000000899,1500.0,1499.7539492342287,8.085230670806157,8.08501697168834,8.167672193793841,8.0
7.6810000000009,1500.0,1499.7589538359518,8.085068011190327,8.084856749245166,8.167513421912764,8.0
7.6820000000009,1500.0,1499.7638828259498,8.084906410416187,8.084697576650163,8.167355770324724,8.0
7.6830000000009,1500.0,1499.768736756492,8.084745903268455,8.084539487955064,8.167199271553349,8.0
7.684000000000901,1500.0,1499.7735161946,8.084586522660734,8.084382515373779,8.167043956302194,8.0
7.685000000000901,1500.0,1499.7782217212018,8.084428299692373,8.084226689338262,8.166889853510597,8.0
7.6860000000009014,1500.0,1499.7828539303107,8.084271263704014,8.084072038553128,8.166736990408229,8.0
7.687000000000902,1500.0,1499.7874134282283,8.08411544233165,8.08391859004876,8.166585392568228,8.0
7.688000000000902,1500.0,1499.7919008327774,8.08396086155976,8.083766369233585,8.166435083959392,8.0
7.6890000000009024,1500.0,1499.796316772555,8.083807545772716,8.083615399944557,8.16628608699664,8.0
7.690000000000903,1500.0,1499.800661886208,8.083655517805362,8.083465704496907,8.166138422590718,8.0
7.691000000000903,1500.0,1499.8049368217376,8.083504798992173,8.083317303732452,8.165992110196441,8.0
7.6920000000009034,1500.0,1499.809142235821,8.083355409215361,8.083170217066867,8.165847167859933,8.0
7.693000000000904,1500.0,1499.8132787931581,8.083207366951562,8.083024462535588,8.165703612264453,8.0
7.694000000000904,1500.0,1499.8173471658376,8.083060689317742,8.082880056838937,8.165561458775459,8.0
7.6950000000009044,1500.0,1499.8213480327267,8.082915392115725,8.082737015385867,8.165420721484296,8.0
7.696000000000905,1500.0,1499.8252820788794,8.082771489875656,8.082595352336707,8.16528141325086,8.0
7.697000000000905,1500.0,1499.8291499949653,8.0826289958985,8.082455080644904,8.165143545745268,8.0
7.6980000000009055,1500.0,1499.8329524767178,8.082487922297373,8.082316212097679,8.165007129488435,8.0
7.699000000000906,1500.0,1499.8366902244018,8.082348280037895,8.082178757355656,8.164872173891636,8.0
7.700000000000906,1500.0,1499.8403639422984,8.082210078977486,8.082042725991503,8.164738687295028,8.0
7.7010000000009065,1500.0,1499.8439743382098,8.082073327903766,8.081908126527669,8.164606677005338,8.0
7.702000000000907,1500.0,1499.8475221229799,8.081938034571879,8.081774966473066,8.16447614933243,8.0
7.703000000000907,1500.0,1499.8510080100336,8.081804205740971,8.081643252358914,8.164347109625062,8.0
7.7040000000009075,1500.0,1499.854432714931,8.081671847209487,8.081512989773438,8.164219562305497,8.0
7.705000000000908,1500.0,1499.8577969549417,8.081540963849951,8.081384183396048,8.164093510903566,8.0
7.706000000000908,1500.0,1499.8611014486269,8.081411559642332,8.081256837030132,8.163968958089376,8.0
7.7070000000009085,1500.0,1499.8643469154465,8.08128363770731,8.081130953635736,8.16384590570588,8.0
7.708000000000909,1500.0,1499.8675340753755,8.081157200337673,8.081006535360437,8.16372435479965,8.0
7.709000000000909,1500.0,1499.8706636485358,8.081032249029814,8.080883583570289,8.163604305651695,8.0
7.7100000000009095,1500.0,1499.8737363548435,8.080908784513717,8.080762098879282,8.16348575780684,8.0
7.71100000000091,1500.0,1499.876752913669,8.080786806782577,8.080642081178464,8.163368710102713,8.0
7.71200000000091,1500.0,1499.8797140435106,8.080666315121377,8.080523529664019,8.163253160697725,8.0
7.7130000000009105,1500.0,1499.882620461682,8.08054730813485,8.080406442864737,8.163139107098411,8.0
7.714000000000911,1500.0,1499.8854728840115,8.080429783774573,8.080290818668646,8.163026546185959,8.0
7.715000000000911,1500.0,1499.888272024554,8.080313739365392,8.080176654348985,8.162915474242052,8.0
7.7160000000009115,1500.0,1499.8910185953157,8.080199171631088,8.080063946589407,8.162805886973953,8.0
7.717000000000912,1500.0,1499.8937133059894,8.080086076719304,8.079952691508495,8.162697779538915,8.0
7.718000000000912,1500.0,1499.8963568637023,8.079974450225926,8.079842884683694,8.16259114656797,8.0
7.7190000000009125,1500.0,1499.8989499727743,8.079864287218548,8.079734521174386,8.162485982188887,8.0
7.720000000000913,1500.0,1499.901493334487,8.079755582259457,8.079627595544467,8.162382280048636,8.0
7.721000000000913,1500.0,1499.9039876468617,8.079648329427942,8.079522101884278,8.162280033335172,8.0
7.7220000000009135,1500.0,1499.9064336044512,8.079542522341992,8.079418033831907,8.16217923479863,8.0
7.723000000000914,1500.0,1499.9088318981399,8.07943815417921,8.079315384593748,8.162079876771742,8.0
7.724000000000914,1500.0,1499.9111832149495,8.079335217697297,8.07921414696463,8.161981951189848,8.0
7.7250000000009145,1500.0,1499.91348823786,8.079233705253905,8.079114313347306,8.161885449610251,8.0
7.726000000000915,1500.0,1499.9157476456376,8.079133608825906,8.07901587577141,8.161790363231036,8.0
7.727000000000915,1500.0,1499.9179621126693,8.079034920028024,8.078918825911737,8.161696682909238,8.0
7.7280000000009155,1500.0,1499.9201323088075,8.078937630130984,8.078823155106093,8.161604399178545,8.0
7.729000000000916,1500.0,1499.922258899225,8.078841730079162,8.078728854372626,8.161513502266502,8.0
7.730000000000916,1500.0,1499.9243425442733,8.0787472105076,8.078635914426533,8.161423982111081,8.0
7.7310000000009165,1500.0,1499.9263838993518,8.07865406175861,8.078544325696383,8.161335828376892,8.0
7.732000000000917,1500.0,1499.9283836147858,8.078562273897822,8.078454078339885,8.161249030470794,8.0
7.733000000000917,1500.0,1499.9303423357085,8.078471836729689,8.078365162259114,8.161163577556994,8.0
7.7340000000009175,1500.0,1499.93226070195,8.078382739812621,8.078277567115375,8.161079458571782,8.0
7.735000000000918,1500.0,1499.9341393479383,8.078294972473628,8.07819128234358,8.160996662237778,8.0
7.736000000000918,1500.0,1499.9359789026005,8.078208523822394,8.07810629716609,8.160915177077637,8.0
7.7370000000009185,1500.0,1499.9377799892716,8.078123382764975,8.07802260060616,8.160834991427345,8.0
7.738000000000919,1500.0,1499.9395432256156,8.078039538017277,8.077940181501171,8.160756093449358,8.0
7.739000000000919,1500.0,1499.9412692235446,8.077956978117596,8.077859028514963,8.160678471144745,8.0
7.7400000000009195,1500.0,1499.9429585891469,8.07787569143933,8.0777791301503,8.16060211236557,8.0
7.74100000000092,1500.0,1499.9446119226232,8.077795666202862,8.077700474760567,8.160527004826426,8.0
7.74200000000092,1500.0,1499.9462298182232,8.077716890487224,8.077623050561195,8.160453136115738,8.0
7.7430000000009205,1500.0,1499.947812864193,8.077639352241384,8.077546845640768,8.160380493706738,8.0
7.744000000000921,1500.0,1499.949361642724,8.07756303929501,8.07747184797158,8.160309064967883,8.0
7.745000000000921,1500.0,1499.9508767299044,8.077487939369034,8.077398045420024,8.160238837173107,8.0
7.7460000000009215,1500.0,1499.9523586956816,8.077414040085962,8.077325425756706,8.16016979751182,8.0
7.747000000000922,1500.0,1499.953808103826,8.077341328979486,8.077253976665874,8.160101933098195,8.0
7.748000000000922,1500.0,1499.9552255118977,8.077269793503945,8.077183685754738,8.160035230980348,8.0
7.7490000000009225,1500.0,1499.9566114712195,8.077199421043556,8.077114540562494,8.159969678149245,8.0
7.750000000000923,1500.0,1499.9579665268534,8.077130198921235,8.077046528569024,8.159905261547262,8.0
7.751000000000923,1500.0,1499.959291217582,8.07706211440699,8.076979637203106,8.159841968076279,8.0
7.7520000000009235,1500.0,1499.960586075891,8.076995154726184,8.076913853850533,8.15977978460564,8.0
7.753000000000924,1500.0,1499.9618516279581,8.076929307067404,8.07684916586186,8.159718697979798,8.0
7.754000000000924,1500.0,1499.963088393645,8.076864558590179,8.076785560559957,8.159658695025735,8.0
7.7550000000009245,1500.0,1499.9642968864912,8.07680089643205,8.076723025246952,8.159599762559766,8.0
7.756000000000925,1500.0,1499.9654776137136,8.076738307715901,8.076661547211426,8.159541887394616,8.0
7.757000000000925,1500.0,1499.966631076205,8.076676779556474,8.076601113734824,8.159485056345698,8.0
7.7580000000009255,1500.0,1499.9677577685404,8.076616299067144,8.076541712098088,8.159429256237619,8.0
7.759000000000926,1500.0,1499.9688581789853,8.076556853366053,8.076483329587687,8.159374473910098,8.0
7.760000000000926,1500.0,1499.9699327895028,8.076498429582024,8.076425953501401,8.1593206962236,8.0
7.7610000000009265,1500.0,1499.9709820757673,8.07644101486055,8.07636957115422,8.159267910065143,8.0
7.762000000000927,1500.0,1499.972006507181,8.07638459636922,8.076314169883673,8.15921610235347,8.0
7.763000000000927,1500.0,1499.9730065468893,8.07632916130298,8.076259737054965,8.159165260044086,8.0
7.7640000000009275,1500.0,1499.9739826518016,8.076274696889428,8.076206260066188,8.15911537013434,8.0
7.765000000000928,1500.0,1499.9749352726149,8.076221190393502,8.076153726352915,8.159066419667898,8.0
7.766000000000928,1500.0,1499.9758648538357,8.076168629122197,8.076102123392833,8.159018395739254,8.0
7.7670000000009285,1500.0,1499.9767718338069,8.076117000429107,8.076051438710191,8.158971285498064,8.0
7.768000000000929,1500.0,1499.9776566447383,8.076066291718682,8.076001659879985,8.158925076153194,8.0
7.769000000000929,1500.0,1499.9785197127335,8.076016490450185,8.075952774531828,8.1588797549765,8.0
7.7700000000009295,1500.0,1499.979361457824,8.07596758414183,8.075904770354017,8.158835309306758,8.0
7.77100000000093,1500.0,1499.9801822940042,8.075919560374219,8.075857635096884,8.15879172655291,8.0
7.77200000000093,1500.0,1499.9809826292612,8.075872406794039,8.075811356576452,8.158748994197591,8.0
7.7730000000009305,1500.0,1499.981762865619,8.075826111117513,8.075765922677794,8.158707099800383,8.0
7.774000000000931,1500.0,1499.9825233991703,8.075780661133315,8.075721321357896,8.15866603100056,8.0
7.775000000000931,1500.0,1499.9832646201203,8.075736044705986,8.075677540649009,8.15862577552034,8.0
7.7760000000009315,1500.0,1499.9839869128248,8.075692249778488,8.075634568661147,8.158586321167252,8.0
7.777000000000932,1500.0,1499.9846906558341,8.075649264375206,8.075592393585039,8.158547655836983,8.0
7.778000000000932,1500.0,1499.9853762219375,8.075607076604399,8.075551003694503,8.158509767515662,8.0
7.7790000000009325,1500.0,1499.9860439782042,8.075565674660554,8.075510387348784,8.158472644282048,8.0
7.780000000000933,1500.0,1499.986694286032,8.075525046826945,8.07547053299504,8.158436274309949,8.0
7.781000000000933,1500.0,1499.987327501192,8.075485181477614,8.075431429170292,8.158400645870048,8.0
7.7820000000009335,1500.0,1499.987943973876,8.075446067079495,8.075393064503496,8.158365747331855,8.0
7.783000000000934,1500.0,1499.988544048746,8.075407692194394,8.075355427717483,8.158331567165567,8.0
7.784000000000934,1500.0,1499.9891280649822,8.075370045480698,8.07531850763063,8.158298093943621,8.0
7.7850000000009345,1500.0,1499.9896963563328,8.075333115695017,8.075282293158468,8.158265316342193,8.0
7.786000000000935,1500.0,1499.9902492511637,8.075296891693885,8.075246773315353,8.158233223142783,8.0
7.787000000000935,1500.0,1499.9907870725121,8.075261362435244,8.075211937215899,8.158201803233535,8.0
7.7880000000009355,1500.0,1499.991310138137,8.075226516979614,8.075177774076124,8.158171045610281,8.0
7.789000000000936,1500.0,1499.991818760568,8.075192344491432,8.07514427321478,8.15814093937778,8.0
7.790000000000936,1500.0,1499.9923132471636,8.075158834240346,8.075111424054597,8.158111473750857,8.0
7.7910000000009365,1500.0,1499.992793900161,8.075125975602097,8.07507921612313,8.158082638055163,8.0
7.792000000000937,1500.0,1499.99326101673,8.075093758059499,8.075047639053752,8.15805442172805,8.0
7.793000000000937,1500.0,1499.9937148890278,8.075062171203395,8.075016682586552,8.158026814319392,8.0
7.7940000000009375,1500.0,1499.994155804253,8.075031204733465,8.074986336569145,8.157999805492302,8.0
7.795000000000938,1500.0,1499.9945840446999,8.075000848458757,8.074956590957164,8.157973385023517,8.0
7.796000000000938,1500.0,1499.9949998878121,8.074971092298451,8.074927435815026,8.157947542804079,8.0
7.7970000000009385,1500.0,1499.9954036062406,8.074941926282477,8.07489886131651,8.157922268839823,8.0
7.798000000000939,1500.0,1499.9957954678953,8.074913340551742,8.074870857744996,8.157897553251523,8.0
7.799000000000939,1500.0,1499.996175736003,8.074885325358814,8.074843415494113,8.157873386275448,8.0
7.8000000000009395,1500.0,1499.9965446691617,8.074857871068057,8.074816525067877,8.157849758263414,8.0
7.80100000000094,1500.0,1499.9969025213966,8.074830968155904,8.074790177080935,8.157826659682943,8.0
7.80200000000094,1500.0,1499.997249542215,8.074804607211181,8.074764362258893,8.157804081117499,8.0
7.8030000000009405,1500.0,1499.9975859766625,8.074778778935093,8.074739071438293,8.157782013266386,8.0
7.804000000000941,1500.0,1499.9979120653788,8.07475347414136,8.074714295566727,8.15776044694477,8.0
7.805000000000941,1500.0,1499.9982280446518,8.074728683756284,8.07469002570291,8.157739373083672,8.0
7.8060000000009415,1500.0,1499.9985341464753,8.074704398818643,8.074666253016566,8.15771878272977,8.0
7.807000000000942,1500.0,1499.9988305986012,8.074680610479552,8.074642968788284,8.157698667045178,8.0
7.808000000000942,1500.0,1499.9991176245976,8.074657310002545,8.074620164409586,8.157679017307427,8.0
7.8090000000009425,1500.0,1499.9993954439042,8.074634488763175,8.074597831382537,8.157659824908993,8.0
7.810000000000943,1500.0,1499.9996642718843,8.074612138248751,8.07457596131947,8.157641081356957,8.0
7.811000000000943,1500.0,1499.9999243198824,8.074590250058217,8.074554545942874,8.157622778272799,8.0
7.8120000000009435,1500.0,1500.0001757952784,8.074568815901722,8.074533577084951,8.157604907391887,8.0
7.813000000000944,1500.0,1500.0004189015408,8.074547827600249,8.074513046687247,8.15758746056303,8.0
7.814000000000944,1500.0,1500.0006538382822,8.074527277085254,8.074492946800309,8.157570429748056,8.0
7.8150000000009445,1500.0,1500.0008808013113,8.074507156398155,8.074473269583153,8.157553807021213,8.0
7.816000000000945,1500.0,1500.0010999826893,8.074487457690044,8.074454007302988,8.157537584568814,8.0
7.817000000000945,1500.0,1500.0013115707816,8.074468173220874,8.074435152334404,8.157521754688357,8.0
7.8180000000009455,1500.0,1500.0015157503108,8.074449295359134,8.074416697159055,8.157506309788133,8.0
7.819000000000946,1500.0,1500.0017127024103,8.074430816581192,8.074398634364996,8.157491242386497,8.0
7.820000000000946,1500.0,1500.0019026046764,8.074412729470675,8.074380956646085,8.15747654511119,8.0
7.8210000000009465,1500.0,1500.0020856312212,8.074395026717843,8.07436365680134,8.157462210698647,8.0
7.822000000000947,1500.0,1500.0022619527217,8.074377701118925,8.0743467277343,8.15744823199326,8.0
7.823000000000947,1500.0,1500.002431736474,8.074360745575559,8.074330162452464,8.157434601946793,8.0
7.8240000000009475,1500.0,1500.002595146445,8.074344153093826,8.07431395406632,8.157421313617299,8.0
7.825000000000948,1500.0,1500.0027523433193,8.074327916783623,8.074298095788746,8.157408360168482,8.0
7.826000000000948,1500.0,1500.0029034845538,8.074312029858081,8.074282580934423,8.157395734869045,8.0
7.8270000000009485,1500.0,1500.0030487244237,8.074296485632436,8.07426740291872,8.157383431091503,8.0
7.828000000000949,1500.0,1500.0031882140754,8.074281277523625,8.074252555257287,8.157371442311725,8.0
7.829000000000949,1500.0,1500.003322101573,8.074266399049149,8.074238031564946,8.157359762107749,8.0
7.8300000000009495,1500.0,1500.0034505319486,8.07425184382641,8.074223825555007,8.157348384159045,8.0
7.83100000000095,1500.0,1500.0035736472498,8.074237605571781,8.07420993103839,8.157337302245585,8.0
7.83200000000095,1500.0,1500.0036915865876,8.074223678099823,8.074196341922809,8.157326510246953,8.0
7.8330000000009505,1500.0,1500.0038044861828,8.07421005532234,8.074183052211861,8.15731600214138,8.0
7.834000000000951,1500.0,1500.0039124794146,8.07419673124752,8.074170056004185,8.157305772004854,8.0
7.835000000000951,1500.0,1500.0040156968669,8.074183699979077,8.07415734749258,8.157295814010169,8.0
7.8360000000009515,1500.0,1500.0041142663724,8.074170955715156,8.07414492096296,8.157286122425832,8.0
7.837000000000952,1500.0,1500.004208313059,8.074158492747637,8.074132770793645,8.157276691615305,8.0
7.838000000000952,1500.0,1500.0042979593961,8.074146305461191,8.07412089145443,8.157267516036,8.0
7.8390000000009525,1500.0,1500.004383325238,8.074134388332087,8.07410927750542,8.157258590238083,8.0
7.840000000000953,1500.0,1500.0044645278676,8.074122735927475,8.0740979235963,8.157249908863676,8.0
7.841000000000953,1500.0,1500.0045416820408,8.074111342904423,8.074086824465418,8.157241466645893,8.0
7.8420000000009535,1500.0,1500.0046149000302,8.07410020400887,8.074075974938701,8.157233258407707,8.0
7.843000000000954,1500.0,1500.0046842916652,8.074089314074628,8.074065369928721,8.15722527906096,8.0
7.844000000000954,1500.0,1500.004749964378,8.074078668022596,8.074055004433886,8.157217523605512,8.0
7.8450000000009545,1500.0,1500.0048120232414,8.074068260859523,8.074044873537229,8.157209987127978,8.0
7.846000000000955,1500.0,1500.0048705710137,8.074058087677265,8.074034972405672,8.157202664800938,8.0
7.847000000000955,1500.0,1500.0049257081762,8.074048143651618,8.074025296288884,8.157195551881758,8.0
7.8480000000009555,1500.0,1500.004977532974,8.074038424041449,8.074015840518411,8.157188643711663,8.0
7.849000000000956,1500.0,1500.0050261414585,8.074028924187797,8.074006600506797,8.157181935714824,8.0
7.850000000000956,1500.0,1500.0050716275234,8.074019639512587,8.073997571746299,8.157175423397012,8.0
7.8510000000009565,1500.0,1500.0051140829446,8.074010565517893,8.073988749808185,8.15716910234487,8.0
7.852000000000957,1500.0,1500.0051535974187,8.074001697784936,8.073980130341731,8.15716296822485,8.0
7.853000000000957,1500.0,1500.0051902586015,8.07399303197295,8.07397170907309,8.157157016782048,8.0
7.8540000000009575,1500.0,1500.0052241521428,8.073984563818287,8.073963481804439,8.157151243839303,8.0
7.855000000000958,1500.0,1500.0052553617259,8.07397628913352,8.07395544441307,8.15714564529625,8.0
7.856000000000958,1500.0,1500.0052839691027,8.07396820380628,8.073947592850242,8.157140217128134,8.0
7.8570000000009586,1500.0,1500.0053100541297,8.073960303798339,8.073939923140292,8.15713495538487,8.0
7.858000000000959,1500.0,1500.005333694803,8.07395258514471,8.073932431379738,8.15712985619012,8.0
7.859000000000959,1500.0,1500.005354967293,8.073945043952614,8.073925113736264,8.157124915740226,8.0
7.8600000000009596,1500.0,1500.0053739459797,8.073937676400535,8.073917966447775,8.157120130303234,8.0
7.86100000000096,1500.0,1500.005390703487,8.073930478737159,8.073910985821366,8.157115496217823,8.0
7.86200000000096,1500.0,1500.0054053107147,8.07392344728044,8.073904168232396,8.157111009892345,8.0
7.8630000000009606,1500.0,1500.0054178368716,8.073916578416712,8.073897510123604,8.157106667803891,8.0
7.864000000000961,1500.0,1500.0054283495092,8.073909868599689,8.073891008004138,8.157102466497305,8.0
7.865000000000961,1500.0,1500.0054369145532,8.073903314349513,8.073884658448602,8.157098402584182,8.0
7.866000000000962,1500.0,1500.0054435963334,8.073896912251765,8.073878458096088,8.157094472741864,8.0
7.867000000000962,1500.0,1500.0054484576178,8.073890658956634,8.073872403649357,8.157090673712592,8.0
7.868000000000962,1500.0,1500.0054515596416,8.073884551177867,8.073866491873796,8.157087002302426,8.0
7.869000000000963,1500.0,1500.0054529621364,8.073878585691878,8.073860719596553,8.15708345538035,8.0
7.870000000000963,1500.0,1500.005452723362,8.073872759336828,8.073855083705608,8.157080029877314,8.0
7.871000000000963,1500.0,1500.0054509001347,8.073867069011772,8.073849581148952,8.157076722785373,8.0
7.872000000000964,1500.0,1500.0054475478564,8.073861511675512,8.073844208933457,8.157073531156525,8.0
7.873000000000964,1500.0,1500.0054427205407,8.073856084346062,8.073838964124327,8.157070452102143,8.0
7.874000000000964,1500.0,1500.005436470846,8.07385078409954,8.073833843844028,8.157067482791852,8.0
7.875000000000965,1500.0,1500.0054288500985,8.073845608069119,8.073828845271239,8.157064620452473,8.0
7.876000000000965,1500.0,1500.00541990832,8.073840553444429,8.073823965640273,8.157061862367415,8.0
7.877000000000965,1500.0,1500.0054096942563,8.073835617470575,8.073819202240099,8.157059205875647,8.0
7.878000000000966,1500.0,1500.0053982554025,8.073830797447261,8.073814552413483,8.15705664837083,8.0
7.879000000000966,1500.0,1500.0053856380287,8.073826090727849,8.073810013556063,8.157054187300343,8.0
7.880000000000966,1500.0,1500.0053718872048,8.073821494718645,8.07380558311565,8.157051820164597,8.0
7.881000000000967,1500.0,1500.0053570468272,8.073817006878029,8.073801258591342,8.157049544516072,8.0
7.882000000000967,1500.0,1500.005341159641,8.07381262471547,8.073797037532593,8.157047357958398,8.0
7.883000000000967,1500.0,1500.0053242672668,8.073808345790953,8.07379291753862,8.157045258145718,8.0
7.884000000000968,1500.0,1500.005306410223,8.073804167713865,8.073788896257318,8.15704324278158,8.0
7.885000000000968,1500.0,1500.005287627948,8.073800088142448,8.073784971384706,8.157041309618362,8.0
7.886000000000968,1500.0,1500.0052679588255,8.073796104782843,8.07378114066401,8.157039456456337,8.0
7.887000000000969,1500.0,1500.0052474402069,8.07379221538834,8.073777401884897,8.157037681142853,8.0
7.888000000000969,1500.0,1500.0052261084313,8.073788417758548,8.073773752882673,8.157035981571553,8.0
7.889000000000969,1500.0,1500.0052039988507,8.073784709738637,8.073770191537525,8.157034355681557,8.0
7.89000000000097,1500.0,1500.0051811458475,8.073781089218604,8.073766715773809,8.15703280145674,8.0
7.89100000000097,1500.0,1500.005157582859,8.073777554132459,8.073763323559238,8.157031316924904,8.0
7.89200000000097,1500.0,1500.0051333423955,8.073774102457534,8.073760012904218,8.157029900157081,8.0
7.893000000000971,1500.0,1500.0051084560635,8.073770732213706,8.073756781861055,8.157028549266736,8.0
7.894000000000971,1500.0,1500.005082954583,8.073767441462593,8.073753628523178,8.157027262408938,8.0
7.895000000000971,1500.0,1500.0050568678091,8.073764228306946,8.073750551024538,8.157026037779769,8.0
7.896000000000972,1500.0,1500.0050302247503,8.073761090889814,8.07374754753879,8.157024873615477,8.0
7.897000000000972,1500.0,1500.005003053586,8.073758027393904,8.073744616278663,8.157023768191817,8.0
7.898000000000972,1500.0,1500.0049753816897,8.073755036041,8.073741755495359,8.157022719823441,8.0
7.899000000000973,1500.0,1500.0049472356422,8.07375211509091,8.073738963477567,8.157021726862888,8.0
7.900000000000973,1500.0,1500.0049186412518,8.073749262841147,8.073736238551092,8.157020787700198,8.0
7.901000000000973,1500.0,1500.0048896235721,8.073746477626125,8.073733579078114,8.157019900762148,8.0
7.902000000000974,1500.0,1500.0048602069191,8.073743757816526,8.073730983456525,8.157019064511575,8.0
7.903000000000974,1500.0,1500.004830414888,8.073741101818444,8.073728450119102,8.157018277446529,8.0
7.904000000000974,1500.0,1500.0048002703697,8.073738508073028,8.073725977533162,8.157017538099911,8.0
7.905000000000975,1500.0,1500.0047697955686,8.073735975055635,8.073723564199708,8.157016845038612,8.0
7.906000000000975,1500.0,1500.0047390120153,8.07373350127525,8.07372120865287,8.157016196862912,8.0
7.907000000000975,1500.0,1500.0047079405858,8.073731085273916,8.073718909459354,8.157015592205944,8.0
7.908000000000976,1500.0,1500.0046766015143,8.073728725626138,8.073716665217828,8.157015029733047,8.0
7.909000000000976,1500.0,1500.004645014411,8.073726420938195,8.073714474558262,8.157014508141092,8.0
7.910000000000976,1500.0,1500.0046131982758,8.073724169847516,8.073712336141305,8.157014026157842,8.0
7.911000000000977,1500.0,1500.0045811715108,8.073721971022112,8.073710248657743,8.1570135825414,8.0
7.912000000000977,1500.0,1500.0045489519368,8.073719823160184,8.073708210828084,8.157013176079783,8.0
7.913000000000977,1500.0,1500.0045165568085,8.0737177249893,8.07370622140177,8.157012805590114,8.0
7.914000000000978,1500.0,1500.0044840028252,8.073715675265888,8.073704279156663,8.15701246991809,8.0
7.915000000000978,1500.0,1500.0044513061464,8.0737136727748,8.073702382898627,8.157012167937557,8.0
7.916000000000978,1500.0,1500.0044184824042,8.073711716328562,8.073700531460782,8.15701189854975,8.0
7.917000000000979,1500.0,1500.0043855467159,8.073709804767091,8.073698723703222,8.157011660683,8.0
7.918000000000979,1500.0,1500.0043525136969,8.07370793695691,8.073696958512254,8.157011453291954,8.0
7.919000000000979,1500.0,1500.0043193974748,8.073706111790838,8.073695234800079,8.157011275357245,8.0
7.92000000000098,1500.0,1500.0042862116982,8.073704328187299,8.073693551504116,8.157011125884814,8.0
7.92100000000098,1500.0,1500.004252969553,8.073702585089936,8.073691907586623,8.1570110039055,8.0
7.92200000000098,1500.0,1500.0042196837694,8.073700881467008,8.073690302034102,8.157010908474456,8.0
7.923000000000981,1500.0,1500.0041863666368,8.073699216310978,8.073688733856896,8.157010838670713,8.0
7.924000000000981,1500.0,1500.0041530300127,8.073697588638062,8.073687202088742,8.157010793596735,8.0
7.925000000000981,1500.0,1500.0041196853363,8.073695997487652,8.073685705786188,8.157010772377827,8.0
7.926000000000982,1500.0,1500.0040863436375,8.073694441921868,8.073684244028188,8.157010774161709,8.0
7.927000000000982,1500.0,1500.0040530155466,8.073692921025115,8.073682815915616,8.157010798118026,8.0
7.928000000000982,1500.0,1500.004019711306,8.073691433903681,8.07368142057092,8.157010843437998,8.0
7.929000000000983,1500.0,1500.003986440782,8.073689979685227,8.073680057137585,8.15701090933386,8.0
7.930000000000983,1500.0,1500.0039532134685,8.073688557518322,8.073678724779688,8.157010995038409,8.0
7.931000000000983,1500.0,1500.0039200385065,8.073687166572164,8.073677422681623,8.157011099804738,8.0
7.932000000000984,1500.0,1500.0038869246823,8.073685806035847,8.07367615004737,8.157011222905469,8.0
7.933000000000984,1500.0,1500.0038538804472,8.07368447511836,8.073674906100512,8.157011363632783,8.0
7.934000000000984,1500.0,1500.0038209139188,8.073683173047728,8.073673690083364,8.157011521297523,8.0
7.935000000000985,1500.0,1500.0037880328937,8.07368189907098,8.073672501256967,8.157011695229198,8.0
7.936000000000985,1500.0,1500.003755244856,8.073680652453609,8.073671338900528,8.157011884775402,8.0
7.937000000000985,1500.0,1500.0037225569843,8.073679432479073,8.073670202310963,8.157012089301345,8.0
7.938000000000986,1500.0,1500.003689976162,8.073678238448569,8.073669090802639,8.157012308189602,8.0
7.939000000000986,1500.0,1500.003657508983,8.073677069680606,8.07366800370698,8.157012540839698,8.0
7.940000000000986,1500.0,1500.0036251617614,8.073675925510608,8.073666940372053,8.157012786667702,8.0
7.941000000000987,1500.0,1500.0035929405394,8.073674805290677,8.07366590016237,8.157013045105996,8.0
7.942000000000987,1500.0,1500.003560851093,8.073673708388947,8.073664882458202,8.157013315602605,8.0
7.943000000000987,1500.0,1500.003528898942,8.073672634189572,8.07366388665561,8.157013597621217,8.0
7.944000000000988,1500.0,1500.0034970893562,8.073671582092171,8.073662912165869,8.157013890640595,8.0
7.945000000000988,1500.0,1500.0034654273616,8.073670551511478,8.073661958415151,8.157014194154248,8.0
7.946000000000988,1500.0,1500.003433917749,8.073669541877123,8.073661024844279,8.157014507670198,8.0
7.947000000000989,1500.0,1500.0034025650777,8.073668552633215,8.07366011090834,8.157014830710558,8.0
7.948000000000989,1500.0,1500.0033713736875,8.07366758323819,8.073659216076525,8.157015162811403,8.0
7.949000000000989,1500.0,1500.0033403476993,8.073666633164176,8.073658339831502,8.157015503522103,8.0
7.95000000000099,1500.0,1500.003309491026,8.07366570189701,8.073657481669429,8.157015852405348,8.0
7.95100000000099,1500.0,1500.003278807375,8.073664788935705,8.073656641099452,8.157016209036641,8.0
7.95200000000099,1500.0,1500.0032483002576,8.07366389379236,8.073655817643584,8.157016573004158,8.0
7.953000000000991,1500.0,1500.0032179729924,8.073663015991567,8.073655010836145,8.1570169439082,8.0
7.954000000000991,1500.0,1500.0031878287118,8.07366215507054,8.073654220223874,8.15701732136129,8.0
7.955000000000991,1500.0,1500.0031578703688,8.073661310578435,8.073653445365267,8.157017704987505,8.0
7.956000000000992,1500.0,1500.0031281007407,8.073660482076296,8.073652685830526,8.15701809442243,8.0
7.957000000000992,1500.0,1500.0030985224364,8.07365966913669,8.073651941201188,8.157018489312769,8.0
7.958000000000992,1500.0,1500.0030691378984,8.073658871343492,8.07365121106993,8.157018889316161,8.0
7.959000000000993,1500.0,1500.0030399494117,8.073658088291687,8.073650495040358,8.157019294100948,8.0
7.960000000000993,1500.0,1500.003010959107,8.073657319586937,8.073649792726586,8.157019703345757,8.0
7.961000000000993,1500.0,1500.0029821689652,8.07365656484545,8.073649103753109,8.157020116739375,8.0
7.962000000000994,1500.0,1500.002953580822,8.07365582369373,8.073648427754561,8.157020533980498,8.0
7.963000000000994,1500.0,1500.002925196374,8.073655095768373,8.073647764375494,8.157020954777506,8.0
7.964000000000994,1500.0,1500.0028970171832,8.073654380715714,8.07364711327006,8.157021378848135,8.0
7.965000000000995,1500.0,1500.0028690446782,8.073653678191615,8.07364647410178,8.157021805919262,8.0
7.966000000000995,1500.0,1500.0028412801628,8.073652987861415,8.0736458465435,8.157022235726824,8.0
7.967000000000995,1500.0,1500.002813724818,8.073652309399447,8.073645230276924,8.157022668015392,8.0
7.968000000000996,1500.0,1500.0027863797054,8.073651642488993,8.07364462499255,8.15702310253807,8.0
7.969000000000996,1500.0,1500.0027592457725,8.073650986822042,8.07364403038945,8.157023539056272,8.0
7.970000000000996,1500.0,1500.0027323238573,8.073650342099086,8.07364344617507,8.157023977339538,8.0
7.971000000000997,1500.0,1500.0027056146891,8.073649708028762,8.073642872064859,8.157024417165157,8.0
7.972000000000997,1500.0,1500.0026791188945,8.073649084327954,8.073642307782384,8.157024858318266,8.0
7.973000000000997,1500.0,1500.0026528370024,8.07364847072137,8.073641753058912,8.157025300591435,8.0
7.974000000000998,1500.0,1500.0026267694443,8.073647866941275,8.073641207633141,8.157025743784406,8.0
7.975000000000998,1500.0,1500.002600916558,8.073647272727495,8.07364067125121,8.15702618770408,8.0
7.976000000000998,1500.0,1500.0025752785934,8.073646687827297,8.073640143666582,8.157026632164419,8.0
7.977000000000999,1500.0,1500.0025498557145,8.073646111994956,8.073639624639608,8.157027076985996,8.0
7.978000000000999,1500.0,1500.0025246480006,8.073645544991653,8.07363911393743,8.157027521995893,8.0
7.979000000000999,1500.0,1500.0024996554528,8.073644986585485,8.073638611334006,8.15702796702774,8.0
7.980000000001,1500.0,1500.0024748779956,8.073644436551069,8.073638116609688,8.157028411921267,8.0
7.981000000001,1500.0,1500.002450315478,8.073643894669399,8.073637629551122,8.157028856522226,8.0
7.982000000001,1500.0,1500.0024259676786,8.073643360727878,8.073637149951237,8.157029300682364,8.0
7.983000000001001,1500.0,1500.0024018343079,8.073642834519973,8.073636677608938,8.157029744259116,8.0
7.984000000001001,1500.0,1500.0023779150108,8.073642315845117,8.073636212328994,8.157030187115495,8.0
7.985000000001001,1500.0,1500.0023542093681,8.073641804508457,8.073635753921797,8.157030629119843,8.0
7.986000000001002,1500.0,1500.0023307169004,8.073641300320963,8.073635302203456,8.157031070145939,8.0
7.987000000001002,1500.0,1500.0023074370704,8.073640803099055,8.073634856995444,8.157031510072628,8.0
7.988000000001002,1500.0,1500.0022843692852,8.073640312664494,8.073634418124488,8.15703194878371,8.0
7.989000000001003,1500.0,1500.0022615128985,8.073639828844286,8.073633985422468,8.157032386167849,8.0
7.990000000001003,1500.0,1500.0022388672123,8.073639351470561,8.073633558726307,8.157032822118456,8.0
7.991000000001003,1500.0,1500.0022164314805,8.073638880380356,8.073633137877744,8.157033256533463,8.0
7.992000000001004,1500.0,1500.0021942049088,8.073638415415576,8.073632722723309,8.157033689315297,8.0
7.993000000001004,1500.0,1500.0021721866597,8.073637956422864,8.073632313114183,8.15703412037073,8.0
7.994000000001004,1500.0,1500.002150375852,8.07363750325338,8.073631908905998,8.157034549610689,8.0
7.995000000001005,1500.0,1500.0021287715645,8.073637055762772,8.073631509958789,8.157034976950204,8.0
7.996000000001005,1500.0,1500.0021073728374,8.073636613811003,8.073631116136823,8.157035402308237,8.0
7.997000000001005,1500.0,1500.002086178672,8.073636177262204,8.073630727308487,8.157035825607561,8.0
7.998000000001006,1500.0,1500.0020651880357,8.073635745984788,8.073630343346363,8.157036246774855,8.0
7.999000000001006,1500.0,1500.0020443998628,8.073635319851029,8.07362996412681,8.157036665740259,8.0
8.000000000001005,0.0,1492.7814402653091,-20.0,-19.53150440429511,-19.71584682108196,0.0
8.001000000001005,0.0,1483.2786504580065,-20.0,-19.570204981525276,-19.75704502383279,0.0
8.002000000001004,0.0,1473.7684913954508,-20.0,-19.579729127377835,-19.768888388237407,0.0
8.003000000001004,0.0,1464.2533696516068,-20.0,-19.58832690949106,-19.779855535672326,0.0
8.004000000001003,0.0,1454.7336746871435,-20.0,-19.59610578125708,-19.79005112388179,0.0
8.005000000001003,0.0,1445.209757068327,-20.0,-19.603142810200687,-19.79954946392925,0.0
8.006000000001002,0.0,1435.6819335931493,-20.0,-19.60950777343165,-19.808417755541534,0.0
8.007000000001002,0.0,1426.150490517774,-20.0,-19.615263862319512,-19.816716777818037,0.0
8.008000000001001,0.0,1416.6156864756779,-20.0,-19.620468304853368,-19.82450149858533,0.0
8.009000000001,0.0,1407.0777551197568,-20.0,-19.625172929162694,-19.83182162591309,0.0
8.010000000001,0.0,1397.5369075136723,-20.0,-19.629424673773446,-19.838722107307113,0.0
8.011000000001,0.0,1387.9933342962395,-20.0,-19.63326604963449,-19.84524358155565,0.0
8.012000000000999,0.0,1378.447207640368,-20.0,-19.636735558473426,-19.85142278772958,0.0
8.013000000000998,0.0,1368.8986830260403,-20.0,-19.639868071609754,-19.857292935406985,0.0
8.014000000000998,0.0,1359.347900844959,-20.0,-19.64269517296318,-19.862884039804737,0.0
8.015000000000997,0.0,1349.7949878528118,-20.0,-19.645245469641438,-19.868223225148355,0.0
8.016000000000997,0.0,1340.240058483599,-20.0,-19.647544873172098,-19.873334999294087,0.0
8.017000000000996,0.0,1330.6832160390934,-20.0,-19.64961685415304,-19.878241502330376,0.0
8.018000000000995,0.0,1321.1245537652621,-20.0,-19.651482672834238,-19.882962731626318,0.0
8.019000000000995,0.0,1311.5641558263596,-20.0,-19.653161587905682,-19.88751674556016,0.0
8.020000000000994,0.0,1302.0020981863904,-20.0,-19.654671045551453,-19.89191984794853,0.0
8.021000000000994,0.0,1292.4384494067042,-20.0,-19.65602685063523,-19.896186755005417,0.0
8.022000000000993,0.0,1282.8732713676845,-20.0,-19.657243321706083,-19.900330746485928,0.0
8.023000000000993,0.0,1273.306619921706,-20.0,-19.658333431353892,-19.90436380251294,0.0
8.024000000000992,0.0,1263.7385454838811,-20.0,-19.65930893329919,-19.90829672744283,0.0
8.025000000000992,0.0,1254.1690935664838,-20.0,-19.66018047747118,-19.912139261997226,0.0
8.026000000000991,0.0,1244.598305262387,-20.0,-19.66095771420946,-19.91590018477222,0.0
8.02700000000099,0.0,1235.026217682346,-20.0,-19.661649388617317,-19.91958740413032,0.0
8.02800000000099,0.0,1225.4528643505005,-20.0,-19.662263425997654,-19.923208041385852,0.0
8.02900000000099,0.0,1215.8782755620498,-20.0,-19.66280700921429,-19.926768506107607,0.0
8.030000000000989,0.0,1206.302478706692,-20.0,-19.663286648741963,-19.93027456428497,0.0
8.031000000000988,0.0,1196.7254985610678,-20.0,-19.66370824609611,-19.93373140003296,0.0
8.032000000000988,0.0,1187.1473575531502,-20.0,-19.66407715126819,-19.93714367144743,0.0
8.033000000000987,0.0,1177.5680760012362,-20.0,-19.664398214733183,-19.940515561164187,0.0
8.034000000000987,0.0,1167.9876723299524,-20.0,-19.664675834542322,-19.94385082212306,0.0
8.035000000000986,0.0,1158.4061632654532,-20.0,-19.664913998965652,-19.947152818990638,0.0
8.036000000000985,0.0,1148.8235640117857,-20.0,-19.665116325105075,-19.95042456565254,0.0
8.037000000000985,0.0,1139.2398884102095,-20.0,-19.665286093858807,-19.953668759147046,0.0
8.038000000000984,0.0,1129.6551490830868,-20.0,-19.66542628158207,-19.95688781037682,0.0
8.039000000000984,0.0,1120.0693575638147,-20.0,-19.66553958875645,-19.96008387190362,0.0
8.040000000000983,0.0,1110.4825244141152,-20.0,-19.665628465950565,-19.963258863102084,0.0
8.041000000000983,0.0,1100.8946593298956,-20.0,-19.665695137328175,-19.96641449292223,0.0
8.042000000000982,0.0,1091.305771236757,-20.0,-19.665741621935595,-19.969552280487363,0.0
8.043000000000982,0.0,1081.7158683761425,-20.0,-19.665769752978235,-19.972673573731882,0.0
8.044000000000981,0.0,1072.1249583830113,-20.0,-19.66578119527648,-19.975779566264684,0.0
8.04500000000098,0.0,1062.5330483558464,-20.0,-19.665777461072985,-19.978871312626097,0.0
8.04600000000098,0.0,1052.9401449197312,-20.0,-19.66575992434718,-19.98194974209038,0.0
8.04700000000098,0.0,1043.3462542831487,-20.0,-19.665729833778155,-19.985015671151395,0.0
8.048000000000979,0.0,1033.7513822891074,-20.0,-19.66568832448369,-19.98806981481631,0.0
8.049000000000978,0.0,1024.155534461135,-20.0,-19.66563642865117,-19.991112796820108,0.0
8.050000000000978,0.0,1014.5587160446288,-20.0,-19.665575085164985,-19.994145158863024,0.0
8.051000000000977,0.0,1004.9609320440096,-20.0,-19.665505148325476,-19.997167368963563,0.0
8.052000000000977,0.0,995.362187256079,-20.0,-19.66542739574519,-20.000179829010882,0.0
8.053000000000976,0.0,985.7624862999448,-20.0,-19.665342535500212,-20.003182881592352,0.0
8.054000000000975,0.0,976.1618336438459,-20.0,-19.665251212607025,-20.006176816165,0.0
8.055000000000975,0.0,966.560233629172,-20.0,-19.66515401488867,-20.009161874633055,0.0
8.056000000000974,0.0,956.9576904919502,-20.0,-19.665051478287857,-20.01213825638785,0.0
8.057000000000974,0.0,947.354208382041,-20.0,-19.664944091679416,-20.015106122861226,0.0
8.058000000000973,0.0,937.7497913802698,-20.0,-19.664832301229282,-20.018065601638337,0.0
8.059000000000973,0.0,928.1444435136862,-20.0,-19.66471651434297,-20.021016790171892,0.0
8.060000000000972,0.0,918.53816876914,-20.0,-19.664597103242308,-20.023959759135604,0.0
8.061000000000972,0.0,908.9309711053335,-20.0,-19.664474408205535,-20.026894555451044,0.0
8.062000000000971,0.0,899.3228544634986,-20.0,-19.664348740502653,-20.029821205019083,0.0
8.06300000000097,0.0,889.7138227768373,-20.0,-19.66422038505471,-20.032739715183766,0.0
8.06400000000097,0.0,880.10387997884,-20.0,-19.6640896028432,-20.035650076954308,0.0
8.06500000000097,0.0,870.4930300106,-20.0,-19.663956633093214,-20.03855226700815,0.0
8.066000000000969,0.0,860.8812768272152,-20.0,-19.66382169525153,-20.04144624949575,0.0
8.067000000000968,0.0,851.2686244033745,-20.0,-19.66368499077931,-20.04433197766633,0.0
8.068000000000968,0.0,841.6550767382056,-20.0,-19.663546704776607,-20.047209395331286,0.0
8.069000000000967,0.0,832.0406378594594,-20.0,-19.663407007454797,-20.050078438181046,0.0
8.070000000000967,0.0,822.4253118270985,-20.0,-19.663266055471194,-20.052939034969185,0.0
8.071000000000966,0.0,812.8091027363477,-20.0,-19.663123993138864,-20.05579110857657,0.0
8.072000000000966,0.0,803.1920147202652,-20.0,-19.662980953523462,-20.058634576966988,0.0
8.073000000000965,0.0,793.5740519518787,-20.0,-19.66283705943768,-20.06146935404462,0.0
8.074000000000964,0.0,783.9552186459345,-20.0,-19.662692424343103,-20.064295350422853,0.0
8.075000000000964,0.0,774.3355190602998,-20.0,-19.662547153168,-20.06711247411281,0.0
8.076000000000963,0.0,764.7149574970522,-20.0,-19.662401343049268,-20.069920631139517,0.0
8.077000000000963,0.0,755.0935383032925,-20.0,-19.662255084005352,-20.072719726092416,0.0
8.078000000000962,0.0,745.4712658717061,-20.0,-19.66210845954692,-20.075509662616742,0.0
8.079000000000962,0.0,735.8481446409078,-20.0,-19.661961547231055,-20.07829034385149,0.0
8.080000000000961,0.0,726.224179095584,-20.0,-19.661814419164205,-20.08106167281894,0.0
8.08100000000096,0.0,716.5993737664622,-20.0,-19.6616671424589,-20.083823552770696,0.0
8.08200000000096,0.0,706.9737332301252,-20.0,-19.661519779648412,-20.086575887494284,0.0
8.08300000000096,0.0,697.3472621086852,-20.0,-19.661372389063434,-20.08931858158417,0.0
8.084000000000959,0.0,687.7199650693387,-20.0,-19.661225025174286,-20.0920515406808,0.0
8.085000000000958,0.0,678.0918468238137,-20.0,-19.661077738901938,-20.094774671680675,0.0
8.086000000000958,0.0,668.4629121277226,-20.0,-19.66093057790073,-20.09748788292031,0.0
8.087000000000957,0.0,658.8331657798321,-20.0,-19.660783586815445,-20.100191084336682,0.0
8.088000000000957,0.0,649.2026126212647,-20.0,-19.660636807515267,-20.102884187606605,0.0
8.089000000000956,0.0,639.5712575346339,-20.0,-19.66049027930656,-20.105567106266864,0.0
8.090000000000956,0.0,629.9391054431309,-20.0,-19.660344039126702,-20.108239755817305,0.0
8.091000000000955,0.0,620.306161309562,-20.0,-19.660198121720555,-20.110902053808424,0.0
8.092000000000954,0.0,610.6724301353507,-20.0,-19.66005255980129,-20.113553919915052,0.0
8.093000000000954,0.0,601.0379169595051,-20.0,-19.659907384197048,-20.11619527599765,0.0
8.094000000000953,0.0,591.4026268575608,-20.0,-19.659762623984662,-20.118826046152275,0.0
8.095000000000953,0.0,581.7665649405008,-20.0,-19.65961830661174,-20.121446156750594,0.0
8.096000000000952,0.0,572.1297363536606,-20.0,-19.65947445800816,-20.124055536470845,0.0
8.097000000000952,0.0,562.4921462756183,-20.0,-19.659331102687943,-20.126654116320758,0.0
8.098000000000951,0.0,552.853799917077,-20.0,-19.65918826384243,-20.12924182965325,0.0
8.09900000000095,0.0,543.214702519741,-20.0,-19.659045963425534,-20.131818612175657,0.0
8.10000000000095,0.0,533.5748593551882,-20.0,-19.658904222231843,-20.13438440195327,0.0
8.10100000000095,0.0,523.9342757237445,-20.0,-19.658763059968184,-20.136939139407716,0.0
8.102000000000949,0.0,514.2929569533566,-20.0,-19.6586224953193,-20.13948276731077,0.0
8.103000000000948,0.0,504.6509083984722,-20.0,-19.658482546008152,-20.14201523077421,0.0
8.104000000000948,0.0,495.0081354389239,-20.0,-19.658343228851322,-20.14453647723598,0.0
8.105000000000947,0.0,485.3646434788211,-20.0,-19.658204559810034,-20.14704645644332,0.0
8.106000000000947,0.0,475.72043794545084,-20.0,-19.658066554037077,-20.14954512043296,0.0
8.107000000000946,0.0,466.0755242881886,-20.0,-19.65792922592017,-20.152032423509098,0.0
8.108000000000946,0.0,456.42990797742,-20.0,-19.65779258912188,-20.154508322218977,0.0
8.109000000000945,0.0,446.7835945034755,-20.0,-19.657656656616624,-20.156972775326842,0.0
8.110000000000944,0.0,437.1365893755766,-20.0,-19.657521440724818,-20.159425743786116,0.0
8.111000000000944,0.0,427.48889812079733,-20.0,-19.6573869531446,-20.16186719071034,0.0
8.112000000000943,0.0,417.8405262830381,-20.0,-19.657253204981206,-20.164297081342752,0.0
8.113000000000943,0.0,408.19147942201647,-20.0,-19.657120206774284,-20.16671538302505,0.0
8.114000000000942,0.0,398.5417631122711,-20.0,-19.656987968523346,-20.16912206516523,0.0
8.115000000000942,0.0,388.89138294218293,-20.0,-19.65685649971141,-20.171517099204685,0.0
8.116000000000941,0.0,379.240344513011,-20.0,-19.656725809327128,-20.173900458584846,0.0
8.11700000000094,0.0,369.5886534379452,-20.0,-19.65659590588545,-20.17627211871333,0.0
8.11800000000094,0.0,359.9363153411746,-20.0,-19.65646679744693,-20.178632056929725,0.0
8.11900000000094,0.0,350.2833358569731,-20.0,-19.656338491635918,-20.180980252471226,0.0
8.120000000000939,0.0,340.6297206288011,-20.0,-19.65621099565751,-20.183316686438033,0.0
8.121000000000938,0.0,330.97547530842303,-20.0,-19.656084316313624,-20.185641341758675,0.0
8.122000000000938,0.0,321.32060555504296,-20.0,-19.655958460018045,-20.187954203155385,0.0
8.123000000000937,0.0,311.6651170344561,-20.0,-19.655833432810674,-20.190255257109456,0.0
8.124000000000937,0.0,302.009015418216,-20.0,-19.655709240370978,-20.19254449182677,0.0
8.125000000000936,0.0,292.3523063828195,-20.0,-19.655585888030704,-20.194821897203393,0.0
8.126000000000936,0.0,282.6949956089079,-20.0,-19.655463380785953,-20.197087464791437,0.0
8.127000000000935,0.0,273.0370887804835,-20.0,-19.655341723308645,-20.199341187765086,0.0
8.128000000000934,0.0,263.3785915841435,-20.0,-19.655220919957394,-20.201583060886968,0.0
8.129000000000934,0.0,253.71950970832904,-20.0,-19.655100974787874,-20.203813080474717,0.0
8.130000000000933,0.0,244.0598488425908,-20.0,-19.654981891562734,-20.20603124436797,0.0
8.131000000000933,0.0,234.39961467686976,-20.0,-19.654863673761025,-20.20823755189559,0.0
8.132000000000932,0.0,224.738812900794,-20.0,-19.654746324587226,-20.210432003843287,0.0
8.133000000000932,0.0,215.0774492029908,-20.0,-19.654629846979876,-20.212614602421645,0.0
8.134000000000931,0.0,205.4155292704137,-20.0,-19.65451424361991,-20.21478535123453,0.0
8.13500000000093,0.0,195.7530587876851,-20.0,-19.654399516938554,-20.216944255247803,0.0
8.13600000000093,0.0,186.090043436453,-20.0,-19.654285669125024,-20.21909132075864,0.0
8.13700000000093,0.0,176.42648889476314,-20.0,-19.65417270213383,-20.22122655536502,0.0
8.138000000000929,0.0,166.76240083644493,-20.0,-19.654060617691915,-20.223349967935864,0.0
8.139000000000928,0.0,157.09778493051206,-20.0,-19.653949417305416,-20.22546156858143,0.0
8.140000000000928,0.0,147.4326468405769,-20.0,-19.65383910226633,-20.22756136862429,0.0
8.141000000000927,0.0,137.76699222427882,-20.0,-19.653729673658802,-20.22964938057062,0.0
8.142000000000927,0.0,128.10082673272606,-20.0,-19.653621132365355,-20.231725618081995,0.0
8.143000000000926,0.0,118.43415600995104,-20.0,-19.65351347907278,-20.23379009594761,0.0
8.144000000000926,0.0,108.76698569237878,-20.0,-19.65340671427794,-20.235842830056917,0.0
8.145000000000925,0.0,99.09932140830844,-20.0,-19.653300838293326,-20.237883837372763,0.0
8.146000000000925,0.0,89.43116877740754,-20.0,-19.653195851252526,-20.239913135904896,0.0
8.147000000000924,0.0,79.76253341021867,-20.0,-19.65309175311542,-20.241930744683923,0.0
8.148000000000923,0.0,70.09342090767868,-20.0,-19.65298854367332,-20.24393668373575,0.0
8.149000000000923,0.0,60.42383686064998,-20.0,-19.652886222553928,-20.24593097405639,0.0
8.150000000000922,0.0,50.75378684946367,-20.0,-19.65278478922614,-20.247913637587235,0.0
8.151000000000922,0.0,41.08327644347458,-20.0,-19.65268424300473,-20.249884697190733,0.0
8.152000000000921,0.0,31.412311200627656,-20.0,-19.652584583054942,-20.251844176626527,0.0
8.15300000000092,0.0,21.740896667035848,-20.0,-19.652485808396886,-20.25379210052794,0.0
8.15400000000092,0.0,12.069038376568999,-20.0,-19.65238791790988,-20.255728494378936,0.0
8.15500000000092,0.0,2.3967418504537306,-20.0,-19.652290910336667,-20.25765338449149,0.0
8.156000000000919,0.0,-7.27598740311595,-20.0,-19.65219478428748,-20.259566797983254,0.0
8.157000000000918,0.0,-16.949143889357483,-20.0,-19.652099538244084,-20.261468762755815,0.0
8.158000000000918,0.0,-26.62272212726823,-20.0,-19.652005170563637,-20.263359307473156,0.0
8.159000000000917,0.0,-36.29671664998381,-20.0,-19.65191167948251,-20.265238461540626,0.0
8.160000000000917,0.0,-45.9711220051264,-20.0,-19.651819063119984,-20.267106255084247,0.0
8.161000000000916,0.0,-55.64593275514323,-20.0,-19.65172731948186,-20.2689627189304,0.0
8.162000000000916,0.0,-65.32114347763554,-20.0,-19.651636446464007,-20.27080788458591,0.0
8.163000000000915,0.0,-74.99674876567803,-20.0,-19.65154644185578,-20.272641784218486,0.0
8.164000000000915,0.0,-84.67274322812901,-20.0,-19.6514573033434,-20.27446445063748,0.0
8.165000000000914,0.0,-94.34912148993142,-20.0,-19.65136902851323,-20.27627591727512,0.0
8.166000000000913,0.0,-104.02587819240522,-20.0,-19.65128161485498,-20.278076218167975,0.0
8.167000000000913,0.0,-113.70300799353049,-20.0,-19.651195059764824,-20.279865387938777,0.0
8.168000000000912,0.0,-123.38050556822247,-20.0,-19.651109360548467,-20.281643461778724,0.0
8.169000000000912,0.0,-133.05836560859785,-20.0,-19.651024514424144,-20.28341047542996,0.0
8.170000000000911,0.0,-142.7365828242328,-20.0,-19.650940518525488,-20.28516646516843,0.0
8.17100000000091,0.0,-152.41515194241327,-20.0,-19.650857369904433,-20.286911467787128,0.0
8.17200000000091,0.0,-162.09406770837663,-20.0,-19.650775065533942,-20.288645520579585,0.0
8.17300000000091,0.0,-171.773324885546,-20.0,-19.65069360231078,-20.29036866132374,0.0
8.174000000000909,0.0,-181.4529182557571,-20.0,-19.650612977058117,-20.29208092826605,0.0
8.175000000000908,0.0,-191.132842619477,-20.0,-19.650533186528147,-20.29378236010598,0.0
8.176000000000908,0.0,-200.8130927960162,-20.0,-19.650454227404627,-20.295472995980784,0.0
8.177000000000907,0.0,-210.4936636237327,-20.0,-19.65037609630533,-20.29715287545051,0.0
8.178000000000907,0.0,-220.17454996022963,-20.0,-19.650298789784483,-20.298822038483387,0.0
8.179000000000906,0.0,-229.85574668254594,-20.0,-19.650222304335113,-20.300480525441447,0.0
8.180000000000906,0.0,-239.53724868733974,-20.0,-19.65014663639138,-20.30212837706647,0.0
8.181000000000905,0.0,-249.21905089106554,-20.0,-19.650071782330798,-20.303765634466146,0.0
8.182000000000905,0.0,-258.90114823014466,-20.0,-19.64999773847647,-20.305392339100585,0.0
8.183000000000904,0.0,-268.58353566112936,-20.0,-19.649924501099218,-20.30700853276905,0.0
8.184000000000903,0.0,-278.2662081608608,-20.0,-19.649852066419694,-20.308614257596943,0.0
8.185000000000903,0.0,-287.94916072662045,-20.0,-19.649780430610438,-20.310209556023114,0.0
8.186000000000902,0.0,-297.63238837627574,-20.0,-19.64970958979788,-20.311794470787348,0.0
8.187000000000902,0.0,-307.31588614842013,-20.0,-19.64963954006429,-20.31336904491816,0.0
8.188000000000901,0.0,-316.99964910250674,-20.0,-19.649570277449705,-20.3149333217208,0.0
8.1890000000009,0.0,-326.68367231897656,-20.0,-19.649501797953796,-20.316487344765548,0.0
8.1900000000009,0.0,-336.3679508993817,-20.0,-19.64943409753769,-20.318031157876185,0.0
8.1910000000009,0.0,-346.052479966502,-20.0,-19.649367172125743,-20.31956480511874,0.0
8.192000000000899,0.0,-355.73725466445774,-20.0,-19.649301017607314,-20.32108833079051,0.0
8.193000000000898,0.0,-365.42227015881565,-20.0,-19.64923562983842,-20.322601779409162,0.0
8.194000000000898,0.0,-375.10752163669093,-20.0,-19.64917100464342,-20.324105195702263,0.0
8.195000000000897,0.0,-384.79300430684407,-20.0,-19.649107137816642,-20.32559862459684,0.0
8.196000000000897,0.0,-394.4787133997723,-20.0,-19.649044025123946,-20.327082111209258,0.0
8.197000000000896,0.0,-404.16464416779627,-20.0,-19.648981662304276,-20.328555700835295,0.0
8.198000000000896,0.0,-413.8507918851432,-20.0,-19.64892004507116,-20.330019438940404,0.0
8.199000000000895,0.0,-423.53715184802354,-20.0,-19.648859169114207,-20.33147337115024,0.0
8.200000000000895,0.0,-433.2237193747047,-20.0,-19.648799030100495,-20.332917543241244,0.0
8.201000000000894,0.0,-442.9104898055793,-20.0,-19.648739623676015,-20.33435200113163,0.0
8.202000000000893,0.0,-452.59745850323026,-20.0,-19.648680945466996,-20.335776790872387,0.0
8.203000000000893,0.0,-462.28462085249055,-20.0,-19.648622991081286,-20.33719195863857,0.0
8.204000000000892,0.0,-471.97197226049923,-20.0,-19.64856575610961,-20.33859755072072,0.0
8.205000000000892,0.0,-481.65950815675376,-20.0,-19.64850923612685,-20.339993613516548,0.0
8.206000000000891,0.0,-491.34722399315785,-20.0,-19.648453426693294,-20.341380193522706,0.0
8.20700000000089,0.0,-501.03511524406576,-20.0,-19.648398323355817,-20.342757337326795,0.0
8.20800000000089,0.0,-510.7231774063225,-20.0,-19.648343921649072,-20.344125091599544,0.0
8.20900000000089,0.0,-520.4114059993013,-20.0,-19.648290217096648,-20.34548350308713,0.0
8.210000000000889,0.0,-530.0997965649357,-20.0,-19.64823720521216,-20.34683261860369,0.0
8.211000000000888,0.0,-539.7883446677495,-20.0,-19.648184881500338,-20.34817248502399,0.0
8.212000000000888,0.0,-549.3998420787311,-19.814060050777563,-19.465750362527118,-20.160232934775305,0.0
8.213000000000887,0.0,-558.4291817432434,-18.443584093908022,-18.12128842262274,-18.766241632427995,0.0
8.214000000000887,0.0,-566.8080057826776,-17.111813733807423,-16.813814106247815,-17.410023921660915,0.0
8.215000000000886,0.0,-574.5574722402644,-15.825085340888954,-15.550526269430792,-16.099201386513418,0.0
8.216000000000886,0.0,-581.6988757026336,-14.582307601437506,-14.33036464896556,-14.832808183134755,0.0
8.217000000000885,0.0,-588.2530262965646,-13.3823556060538,-13.15222823923938,-13.609818806725436,0.0
8.218000000000885,0.0,-594.2402461205736,-12.22412273171313,-12.015033071189459,-12.42920957415934,0.0
8.219000000000884,0.0,-599.680370972508,-11.106521448037142,-10.917713214686879,-11.28996110340612,0.0
8.220000000000883,0.0,-604.5927530234699,-10.028483683625254,-9.859221279890013,-10.191060178691801,0.0
8.221000000000883,0.0,-608.99626431495,-8.988961111297414,-8.838528818108195,-9.131501420370224,0.0
8.222000000000882,0.0,-612.9093009916762,-7.986925361571664,-7.854626634066096,-8.110288775459626,0.0
8.223000000000882,0.0,-616.3497881889637,-7.021368170844369,-6.906525018097311,-7.126436841456314,0.0
8.224000000000881,0.0,-619.3351854991643,-6.091301470306462,-5.993253906144135,-6.178972035453816,0.0
8.22500000000088,0.0,-621.8824929473466,-5.19575742122715,-5.113862974843287,-5.266933620022675,0.0
8.22600000000088,0.0,-624.0082574116057,-4.3337884018520185,-4.267421678415426,-4.3893745967311055,0.0
8.22700000000088,0.0,-625.7285794283869,-3.5044669507940966,-3.4530192335473764,-3.5453624776129504,0.0
8.228000000000879,0.0,-627.0591203279324,-2.706885671446784,-2.66976455796093,-2.73397994432379,0.0
8.229000000000879,0.0,-628.0151096494135,-1.9401571016139627,-1.9167861678970102,-1.9543254041688132,0.0
8.230000000000878,0.0,-628.6113527894962,-1.203413552237059,-1.1932320393099254,-1.2055134516428763,0.0
8.231000000000877,0.0,-628.862238842036,-0.49580691880073857,-0.4982694371613259,-0.48667524359519976,0.0
8.232000000000877,0.0,-628.781748590286,0.18349153128272633,0.16891528317432808,0.20304120437982037,0.0
8.233000000000876,0.0,-628.3834626164601,0.8352913922758916,0.8091168987330413,0.8644707932172715,0.0
8.234000000000876,0.0,-627.6805694967202,1.4603833719194412,1.4231115626797384,1.4984311806858779,0.0
8.235000000000875,0.0,-626.685874052666,2.0595395588842678,2.0116570658917117,2.1057226805387197,0.0
8.236000000000875,0.0,-625.4118056332077,2.633513703538924,2.5754931136577426,2.6871282147597175,0.0
8.237000000000874,0.0,-623.8704264033044,3.1830415099032834,3.1153416150033424,3.2434133135663052,0.0
8.238000000000874,0.0,-622.0734396184594,3.7088409368502084,3.6319069823929335,3.7753261582194755,0.0
8.239000000000873,0.0,-620.0321978661065,4.211612506793941,4.12587643978074,4.283597662061672,0.0
8.240000000000872,0.0,-617.7577112570759,4.6920396202697034,4.597920337186892,4.768941585553151,0.0
8.241000000000872,0.0,-615.2606555522405,5.150788874961634,5.048692470162439,5.232054681406469,0.0
8.242000000000871,0.0,-612.5513802111947,5.588510387878451,5.478830402679743,5.673616866229257,0.0
8.24300000000087,0.0,-609.639916351433,6.00583811950753,5.88895579214284,6.094291415376681,0.0
8.24400000000087,0.0,-606.5359846079702,6.403390198899601,6.279674715357497,6.494725177988468,0.0
8.24500000000087,0.0,-603.2490028847112,6.781769248747672,6.651577994432676,6.875548809440539,0.0
8.246000000000869,0.0,-599.7880939901058,7.141562709627763,7.005241521707165,7.237377018681204,0.0
8.247000000000869,0.0,-596.1620931507667,7.4833431626628055,7.341226582904532,7.580808828144038,0.0
8.248000000000868,0.0,-592.3795553977499,7.8076686499587,7.660080177820648,7.906427844137642,0.0
8.249000000000867,0.0,-588.4487628211381,8.115082992240986,7.962335337939357,8.214802535805887,0.0
8.250000000000867,0.0,-584.3777316894173,8.40611610319327,8.248511440454308,8.5064865209311,0.0
8.251000000000866,0.0,-580.1742194308961,8.681284300065585,8.51911451825066,8.782018857019745,0.0
8.252000000000866,0.0,-575.845731475122,8.941090610180694,8.774637565467373,9.041924336263321,0.0
8.253000000000865,0.0,-571.3995279528608,9.186025073022485,9.015560838322902,9.286713783110605,0.0
8.254000000000865,0.0,-566.8426302537704,9.41656503763955,9.242352150941162,9.516884353317764,0.0
8.255000000000864,0.0,-562.1818274413982,9.633175455143416,9.455467165964986,9.732919833464981,0.0
8.256000000000864,0.0,-557.4236825255759,9.836309166120898,9.655349679787786,9.935290940039057,0.0
8.257000000000863,0.0,-552.5745385926793,10.026407182817742,9.842431902274285,10.124455617284392,0.0
8.258000000000862,0.0,-547.6405247945752,10.203898965983193,10.017134730875819,10.30085933311829,0.0
8.259000000000862,0.0,-542.6275621973748,10.369202696295446,10.179868019077485,10.464935372493192,0.0
8.260000000000861,0.0,-537.5413694913921,10.52272554031407,10.331030839141624,10.617105127666647,0.0
8.26100000000086,0.0,-532.38746856393,10.664863910929412,10.471011739136735,10.757778384911994,0.0
8.26200000000086,0.0,-527.1711899367236,10.796003722299815,10.600188994262133,10.887353607268158,0.0
8.26300000000086,0.0,-521.8976780700368,10.916520639286148,10.718930852497374,11.006218212986468,0.0
8.264000000000859,0.0,-516.5718965355603,11.026780321409234,10.827595774621406,11.114748849386224,0.0
8.265000000000859,0.0,-511.1986330603727,11.12713866137041,10.92653266866081,11.213311661880281,0.0
8.266000000000858,0.0,-505.7825044443322,11.217942018187387,11.016081118837828,11.302262557975373,0.0
8.267000000000857,0.0,-500.3279613533417,11.299527445008582,11.096571609099309,11.381947466092216,0.0
8.268000000000857,0.0,-494.8392929909941,11.372222911678243,11.168325741316156,11.452702589086233,0.0
8.269000000000856,0.0,-489.32063165115215,11.436347522132195,11.231656448249545,11.514854652381516,0.0
8.270000000000856,0.0,-483.7759571540468,11.49221172671096,11.286868201386227,11.568721146659776,0.0
8.271000000000855,0.0,-478.20910116849944,11.54011752948194,11.334257213749385,11.614610565071219,0.0
8.272000000000855,0.0,-472.62375142288056,11.5803586906671,11.37411163779517,11.652822634957232,0.0
8.273000000000854,0.0,-467.02345580741644,11.613220924275588,11.40671175850731,11.683648544094465,0.0
8.274000000000854,0.0,-461.4116263704453,11.638982091043697,11.432330181804096,11.707371161487895,0.0
8.275000000000853,0.0,-455.7915432112051,11.657912386786258,11.451232018372801,11.724265252755462,0.0
8.276000000000852,0.0,-450.16635827171234,11.67027452626482,11.463675063047102,11.734597690160673,0.0
8.277000000000852,0.0,-444.53909903025874,11.676323922678534,11.469909969842533,11.738627657360697,0.0
8.278000000000851,0.0,-438.9126720990183,11.676308862883861,11.47018042276455,11.736606848947652,0.0
8.27900000000085,0.0,-433.2898667282188,11.670470678448968,11.464723302502577,11.72877966486919,0.0
8.28000000000085,0.0,-427.6733582192848,11.659043912647707,11.45376884912166,11.715383399821125,0.0
8.28100000000085,0.0,-422.0657112493183,11.64225648349736,11.437540820861965,11.696648427711208,0.0
8.28200000000085,0.0,-416.4693831092297,11.620329842942702,11.416256649153894,11.672798381297252,0.0
8.283000000000849,0.0,-410.88672685778465,11.593479132287566,11.390127589954629,11.644050327106882,0.0
8.284000000000848,0.0,-405.31999439377927,11.56191333397306,11.35935887150923,11.61061493574871,0.0
8.285000000000847,0.0,-399.771339448503,11.525835419799872,11.324149838637041,11.572696647726886,0.0
8.286000000000847,0.0,-394.2428205005953,11.4854424956898,11.284694093641352,11.53049383487211,0.0
8.287000000000846,0.0,-388.73640361534746,11.440925943079424,11.241179633937552,11.484198957502876,0.0
8.288000000000846,0.0,-383.25396521044894,11.392471557036561,11.193788986492121,11.433998717430743,0.0
8.289000000000845,0.0,-377.79729475011936,11.340259681187845,11.142699339162236,11.380074206923252,0.0
8.290000000000845,0.0,-372.3680973695185,11.2844653395431,11.088082669022517,11.322601053736868,0.0
8.291000000000844,0.0,-366.96799643126974,11.225258365299876,11.030105867762874,11.261749562331392,0.0
8.292000000000844,0.0,-361.59853601588105,11.162803526709087,10.968930864238601,11.197684851375845,0.0
8.293000000000843,0.0,-356.26118334779625,11.097260650080063,10.904714744250908,11.1305669876537,0.0
8.294000000000842,0.0,-350.9573311587593,11.028784740000884,10.837609867633386,11.060551116473535,0.0
8.295000000000842,0.0,-345.6882999901214,10.95752609684764,10.76776398271739,10.987787588689072,0.0
8.296000000000841,0.0,-340.45534043567557,10.883630431653494,10.695320338246386,10.912422084429792,0.0
8.29700000000084,0.0,-335.2596353265551,10.807238978406343,10.62041779280692,10.83459573364117,0.0
8.29800000000084,0.0,-330.1023018596836,10.728488603841537,10.543190921841509,10.754445233530936,0.0
8.29900000000084,0.0,-324.9843936712221,10.647511914793604,10.463770122305887,10.67210296301479,0.0
8.30000000000084,0.0,-319.90690285641483,10.564437363168949,10.382281715031137,10.587697094252587,0.0
8.301000000000839,0.0,-314.87076193719054,10.479389348599415,10.298848044848878,10.501351701363188,0.0
8.302000000000838,0.0,-309.87684577883806,10.392488318834124,10.213587578535174,10.41318686640318,0.0
8.303000000000837,0.0,-304.9259734570325,10.30385086792553,10.12661500062729,10.323318782692233,0.0
8.304000000000837,0.0,-300.01891007645315,10.213589832263116,10.038041307164793,10.231859855564679,0.0
8.305000000000836,0.0,-295.15636854219196,10.121814384506823,9.947973897405152,10.138918800624673,0.0
8.306000000000836,0.0,-290.3390112851224,10.02863012546995,9.856516663561555,10.044600739579014,0.0
8.307000000000835,0.0,-285.567451942358,9.934139174000022,9.763770078609468,9.94900729371963,0.0
8.308000000000835,0.0,-280.84225699389884,9.838440254904068,9.66983128220627,9.85223667512461,0.0
8.309000000000834,0.0,-276.1639473565343,9.741628784963323,9.574794164766978,9.754383775644497,0.0
8.310000000000834,0.0,-271.5329999360345,9.643796957080855,9.47874944973753,9.655540253737906,0.0
8.311000000000833,0.0,-266.9498491386377,9.545033822603994,9.381784774105395,9.555794619218087,0.0
8.312000000000833,0.0,-262.4148883428109,9.445425371862187,9.283984767186194,9.455232315969818,0.0
8.313000000000832,0.0,-257.92847133223074,9.345054612959476,9.185431127723486,9.353935802693705,0.0
8.314000000000831,0.0,-253.49091369091093,9.244001648859491,9.086202699337631,9.251984631732684,0.0
8.31500000000083,0.0,-249.10249416137032,9.142343752799775,8.986375544358658,9.149455526033638,0.0
8.31600000000083,0.0,-244.76345596671692,9.040155442070828,8.886023016076534,9.046422454294637,0.0
8.31700000000083,0.0,-240.47400809749556,8.93750855019442,8.785215829441618,8.942956704346772,0.0
8.31800000000083,0.0,-236.23432656412703,8.834472297534452,8.68402213024668,8.839126954817289,0.0
8.319000000000829,0.0,-232.04455561574366,8.731113360372822,8.582507562821199,8.734999345119224,0.0
8.320000000000828,0.0,-227.9048089262043,8.627495938481617,8.480735336267525,8.63063754381082,0.0
8.321000000000828,0.0,-223.81517074805404,8.52368182122214,8.378766289267748,8.526102815366428,0.0
8.322000000000827,0.0,-219.77569703517185,8.419730452200463,8.276658953489267,8.421454085399002,0.0
8.323000000000826,0.0,-215.7864165348336,8.315698992508214,8.174469615616305,8.31674800437276,0.0
8.324000000000826,0.0,-211.84733184989688,8.211642382576725,8.072252378033824,8.212039009843267,0.0
8.325000000000825,0.0,-207.9584204717994,8.107613402671754,7.970059218189674,8.107379387260597,0.0
8.326000000000825,0.0,-204.11963578504427,8.003662732055355,7.867940046660124,8.002819329370151,0.0
8.327000000000824,0.0,-200.33090804383124,7.899839006840859,7.765942763943257,7.898406994244337,0.0
8.328000000000824,0.0,-196.5921453214748,7.796188876566184,7.664113316004251,7.794188561977162,0.0
8.329000000000823,0.0,-192.9032344332387,7.692757059510134,7.562495748595847,7.690208290072691,0.0
8.330000000000823,0.0,-189.2640418331983,7.589586396775802,7.4611322603769175,7.586508567557255,0.0
8.331000000000822,0.0,-185.67441448573115,7.486717905164586,7.360063254851467,7.483129967844214,0.0
8.332000000000821,0.0,-182.1341807122212,7.3841908288638045,7.259327391149912,7.380111300379214,0.0
8.33300000000082,0.0,-178.6431510135497,7.282042689970479,7.158961633674147,7.277489661092963,0.0
8.33400000000082,0.0,-175.20111886893247,7.1803093378732425,7.059001300627275,7.175300481687521,0.0
8.33500000000082,0.0,-171.80786151165228,7.079024997514024,6.9594801114486975,7.073577577781585,0.0
8.33600000000082,0.0,-168.4631406822219,6.978222316550583,6.86043023317468,6.972353195939181,0.0
8.337000000000819,0.0,-165.1667033595029,6.877932411440653,6.761882325744202,6.87165805960557,0.0
8.338000000000818,0.0,-161.91828247029318,6.778184912468006,6.663865586269604,6.771521413973509,0.0
8.339000000000818,0.0,-158.7175975778876,6.67900800773039,6.566407792291079,6.671971069802323,0.0
8.340000000000817,0.0,-155.56435555010145,6.580428486108915,6.469535344033834,6.573033446211517,0.0
8.341000000000816,0.0,-152.45825120724123,6.482471779238058,6.373273305686341,6.474733612470237,0.0
8.342000000000816,0.0,-149.39896795049344,6.385162002495256,6.277645445717875,6.377095328803204,0.0
8.343000000000815,0.0,-146.38617837119406,6.2885219950285505,6.18267427625316,6.280141086233247,0.0
8.344000000000815,0.0,-143.41954484143216,6.192573358840573,6.08838109152173,6.183892145480037,0.0
8.345000000000814,0.0,-140.49872008643067,6.097336496946764,5.994786005399286,6.088368574934225,0.0
8.346000000000814,0.0,-137.6233477391397,6.002830650625485,5.901907988058081,5.993589287725567,0.0
8.347000000000813,0.0,-134.79306287746815,5.9090739357773305,5.809764901743098,5.8995720779033505,0.0
8.348000000000813,0.0,-132.00749254457097,5.816083378410734,5.71837353569056,5.8063336557469265,0.0
8.349000000000812,0.0,-129.26625625260135,5.723874949270641,5.627749640205016,5.713889682223797,0.0
8.350000000000811,0.0,-126.56896647032852,5.632463597626775,5.53790795991104,5.622254802612267,0.0
8.35100000000081,0.0,-123.91522909501404,5.541863284237753,5.448862266195342,5.531442679305416,0.0
8.35200000000081,0.0,-121.30464390893151,5.45208701350711,5.360625388854873,5.441466023812728,0.0
8.35300000000081,0.0,-118.73680502090701,5.363146864846913,5.273209246966179,5.352336627975337,0.0
8.35400000000081,0.0,-116.2113012932502,5.275054023264592,5.186624878991252,5.264065394410719,0.0
8.355000000000809,0.0,-113.72771675443778,5.187818809188184,5.100882472134632,5.176662366202083,0.0
8.356000000000808,0.0,-111.28563099790536,5.101450707545118,5.015991390966551,5.090136755847711,0.0
8.357000000000808,0.0,-108.88461956729462,5.015958396109317,4.931960205326519,5.004496973484972,0.0
8.358000000000807,0.0,-106.52425432849775,4.931349773131244,4.848796717521641,4.91975065440362,0.0
8.359000000000806,0.0,-104.20410382883223,4.847631984265276,4.766507988833732,4.835904685862689,0.0
8.360000000000806,0.0,-101.92373364367444,4.7648114488085405,4.685100365349009,4.752965233224935,0.0
8.361000000000805,0.0,-99.6827067108717,4.682893885265209,4.604579503124116,4.670937765422767,0.0
8.362000000000805,0.0,-97.4805836532481,4.601884336249949,4.5249503927018475,4.58982707976912,0.0
8.363000000000804,0.0,-95.31692308951077,4.521787192744063,4.446217382989829,4.509637326126605,0.0
8.364000000000804,0.0,-93.1912819338593,4.44260621771765,4.368384204515247,4.430372030448119,0.0
8.365000000000803,0.0,-91.10321568459264,4.364344569130905,4.291453992068469,4.3520341177017325,0.0
8.366000000000803,0.0,-89.05227870200366,4.2870048223274475,4.215429306748188,4.274625934192539,0.0
8.367000000000802,0.0,-87.03802447584391,4.210588991832432,4.140312157420655,4.198149269293974,0.0
8.368000000000801,0.0,-85.06000588263645,4.135098552567896,4.06610402160516,4.122605376600794,0.0
8.369000000000801,0.0,-83.11777543310846,4.060534460497734,3.992805865797989,4.047994994515859,0.0
8.3700000000008,0.0,-81.21088551000915,3.986897172714385,3.920418165246699,3.9743183662825214,0.0
8.3710000000008,0.0,-79.33888859657351,3.9141866669791594,3.8489409231864453,3.9015752594743436,0.0
8.3720000000008,0.0,-77.50133749588699,3.842402460727958,3.7783736895499125,3.8297649849535835,0.0
8.373000000000799,0.0,-75.69778554140021,3.7715436295539444,3.708715579162216,3.758886415309778,0.0
8.374000000000798,0.0,-73.9277867988378,3.701608825178548,3.639965289431971,3.6889380027895786,0.0
8.375000000000798,0.0,-72.19089625974036,3.632596292921914,3.57212111754946,3.619917796728674,0.0
8.376000000000797,0.0,-70.48667002687317,3.564503888683891,3.5051809772028193,3.551823460496674,0.0
8.377000000000796,0.0,-68.8146654917302,3.4973290954462968,3.4391424148228102,3.484652287965474,0.0
8.378000000000796,0.0,-67.17444150435693,3.4310690393071344,3.374002625366696,3.418401219511555,0.0
8.379000000000795,0.0,-65.56555853571102,3.3657205050571917,3.3097584676514664,3.3530668575624007,0.0
8.380000000000795,0.0,-63.98757883277422,3.3012799513093203,3.246406479246589,3.2886454816971926,0.0
8.381000000000794,0.0,-62.44006656662512,3.237743525190486,3.1839428909362,3.225133063311619,0.0
8.382000000000794,0.0,-60.922587973676734,3.175107076606524,3.1223636407605246,3.162525279856587,0.0
8.383000000000793,0.0,-59.43471149027905,3.1133661720893415,3.0616643876461302,3.1008175286603965,0.0
8.384000000000793,0.0,-57.97600788088179,3.05251610823617,3.0018405246344746,3.040004940343811,0.0
8.385000000000792,0.0,-56.54605035994828,2.99255192475027,2.9428871917180013,2.98008239183727,0.0
8.386000000000791,0.0,-55.14441470780685,2.933468417092346,2.884799288292918,2.9210445190093712,0.0
8.387000000000791,0.0,-53.77067938062221,2.8752601487517357,2.827571485237583,2.8628857289155434,0.0
8.38800000000079,0.0,-52.4244256146645,2.817921463146319,2.77119823662532,2.8056002116757237,0.0
8.38900000000079,0.0,-51.10523752505035,2.761446495159876,2.715673791080257,2.749181951989668,0.0
8.39000000000079,0.0,-49.81270219912518,2.705829182325508,2.6609922027846906,2.6936247402983957,0.0
8.391000000000789,0.0,-48.546409784652994,2.651063275663546,2.607147342146261,2.6389221836000836,0.0
8.392000000000788,0.0,-47.30595357297534,2.597142350182227,2.5541329061331233,2.5850677159286324,0.0
8.393000000000788,0.0,-46.09093007729755,2.544059815049267,2.5019424282850946,2.5320546085029054,0.0
8.394000000000787,0.0,-44.90093910625628,2.4918089234422967,2.450569288408666,2.4798759795545977,0.0
8.395000000000786,0.0,-43.73558383291921,2.4403827820859787,2.4000067219635506,2.4285248038424214,0.0
8.396000000000786,0.0,-42.594470859363504,2.389774360483469,2.350247829148344,2.3779939218602686,0.0
8.397000000000785,0.0,-41.47721027697626,2.3399764998497585,2.30128558369271,2.328276048746804,0.0
8.398000000000785,0.0,-40.38341572261702,2.290981921754246,2.253112841363344,2.2793637829038156,0.0
8.399000000000784,0.0,-39.31270443077832,2.2427832364797884,2.2057223481908528,2.2312496143305194,0.0
8.400000000000784,0.0,-38.26469728187737,2.195372951105304,2.159106748424525,2.1839259326808724,0.0
8.401000000000783,0.0,-37.239018846808634,2.1487434773188836,2.113258592221837,2.1373850350508192,0.0
8.402000000000783,0.0,-36.235297427883175,2.102887138968213,2.068170343079417,2.0916191335022574,0.0
8.403000000000782,0.0,-35.253165096278515,2.0577961793549697,2.023834385012011,2.046620362330379,0.0
8.404000000000782,0.0,-34.29225772611864,2.0134627682797372,1.9802430294859112,2.002380785080905,0.0
8.405000000000781,0.0,-33.352215025301255,1.9698790088438347,1.937388522113153,1.9588924013236273,0.0
8.40600000000078,0.0,-32.43268056318626,1.9270369440143327,1.8952630491126414,1.9161471531885081,0.0
8.40700000000078,0.0,-31.53330179525639,1.884928562958394,1.8538587435442784,1.8741369316704966,0.0
8.40800000000078,0.0,-30.65373008485821,1.8435458071529545,1.8131676913219927,1.8328535827090686,0.0
8.409000000000779,0.0,-29.793620722128743,1.8028805762756281,1.7731819370114894,1.7922889130483997,0.0
8.410000000000778,0.0,-28.95263294021014,1.7629247338826082,1.733893489418389,1.752434695883946,0.0
8.411000000000778,0.0,-28.13042992885241,1.7236701128791876,1.6952943269723038,1.713282676301072,0.0
8.412000000000777,0.0,-27.3266788455012,1.6851085207884469,1.6573764029123113,1.674824576511302,0.0
8.413000000000777,0.0,-26.5410508239652,1.6472317448234892,1.6201316502791239,1.63705210089158,0.0
8.414000000000776,0.0,-25.773220980755216,1.6100315567685195,1.5835519867191725,1.5999569408318746,0.0
8.415000000000775,0.0,-25.022868419184363,1.5734997176739471,1.5476293191057036,1.563530779396316,0.0
8.416000000000775,0.0,-24.289676231316538,1.5376279823705559,1.5123555479818531,1.5277652958029493,0.0
8.417000000000774,0.0,-23.57333149784767,1.502408103807707,1.4777225718305922,1.4926521697270834,0.0
8.418000000000774,0.0,-22.87352528600234,1.4678318372204053,1.443722291176296,1.4581830854331121,0.0
8.419000000000773,0.0,-22.18995264552564,1.4338909441299696,1.4103466125226045,1.424349735739553,0.0
8.420000000000773,0.0,-21.52231260284808,1.4005771961829292,1.3775874521311247,1.391143825821981,0.0
8.421000000000772,0.0,-20.870308153499376,1.3678823788326733,1.3454367396454328,1.3585570768583972,0.0
8.422000000000772,0.0,-20.233646252844387,1.335798294868284,1.3138864215647301,1.3265812295214994,0.0
8.423000000000771,0.0,-19.612037805212776,1.304316767794861,1.282928464571406,1.295208047322197,0.0
8.42400000000077,0.0,-19.005197651491642,1.2734296450695821,1.252554858716672,1.2644293198086443,0.0
8.42500000000077,0.0,-18.412844555248622,1.2431288011976132,1.2227576204683237,1.234236865624935,0.0
8.42600000000077,0.0,-17.834701187450747,1.2134061406919097,1.193528795624604,1.2046225354335336,0.0
8.427000000000769,0.0,-17.27049410984263,1.1842536009008504,1.1648604620980487,1.1755782147054123,0.0
8.428000000000768,0.0,-16.71995375704569,1.155663154707551,1.1367447325731004,1.1470958263817848,0.0
8.429000000000768,0.0,-16.18281441743811,1.127626813104624,1.1091737570411917,1.1191673334112124,0.0
8.430000000000767,0.0,-15.658814212873708,1.1001366276480495,1.0821397252169132,1.0917847411658004,0.0
8.431000000000767,0.0,-15.147695077295968,1.0731846927937512,1.0556348688387922,1.0649400997400895,0.0
8.432000000000766,0.0,-14.649202734301852,1.0467631481203763,1.0296514638581296,1.0386255061361853,0.0
8.433000000000765,0.0,-14.163086673708442,1.0208641804416982,1.0041818325192624,1.0128331063385645,0.0
8.434000000000765,0.0,-13.689100127173617,0.9954800258119809,0.9792183453345256,0.9875550972819243,0.0
8.435000000000764,0.0,-13.227000042920709,0.9706029714275617,0.9547534229571297,0.9627837287153679,0.0
8.436000000000764,0.0,-12.776547059615222,0.9462253574278319,0.9307795379550708,0.9385113049661181,0.0
8.437000000000763,0.0,-12.337505479440491,0.9223395785987193,0.9072892164891349,0.9147301866059031,0.0
8.438000000000763,0.0,-11.909643240417424,0.8989380859816994,0.884275039897966,0.8914327920230527,0.0
8.439000000000762,0.0,-11.492731888012267,0.876013388391288,0.861729646193112,0.8686115989032938,0.0
8.440000000000762,0.0,-11.086546546074775,0.8535580538438989,0.8396457314668728,0.8462591456221402,0.0
8.441000000000761,0.0,-10.69086588714792,0.8315647109008729,0.8180160512157219,0.824368032551715,0.0
8.44200000000076,0.0,-10.305472102188878,0.8100260499284248,0.7968334215819942,0.802930923284766,0.0
8.44300000000076,0.0,-9.930150869739759,0.7889348242771774,0.7760907205164704,0.7819405457785661,0.0
8.44400000000076,0.0,-9.564691324585313,0.7682838513838899,0.755780888864421,0.7613896934213271,0.0
8.445000000000759,0.0,-9.20888602593357,0.7480660137979215,0.7358969313776059,0.741271226023683,0.0
8.446000000000758,0.0,-8.86253092515421,0.7282742601349084,0.7164319176546714,0.7215780707377385,0.0
8.447000000000758,0.0,-8.52542533310829,0.7089016059600668,0.6973789830123122,0.7023032229061135,0.0
8.448000000000757,0.0,-8.197371887101772,0.6899411346034791,0.6787313292895213,0.683439746843356,0.0
8.449000000000757,0.0,-7.878176517494263,0.6713859979096489,0.6604822255871714,0.6649807765520201,0.0
8.450000000000756,0.0,-7.567648413993256,0.6532294169235677,0.6426250089451345,0.6469195163756695,0.0
8.451000000000755,0.0,-7.265599991663081,0.6354646825154641,0.6251530849590771,0.6292492415909892,0.0
8.452000000000755,0.0,-6.971846856676826,0.6180851559463582,0.6080599283390131,0.6119632989411362,0.0
8.453000000000754,0.0,-6.686207771838427,0.6010842693764873,0.591339083411651,0.5950551071124128,0.0
8.454000000000754,0.0,-6.408504621901189,0.5844555263186124,0.5749841645685084,0.5785181571562744,0.0
8.455000000000753,0.0,-6.13856237870803,0.5681925020381646,0.5589888566617214,0.5623460128586458,0.0
8.456000000000753,0.0,-5.876209066177864,0.5522888439021402,0.5433469153494249,0.5465323110584608,0.0
8.457000000000752,0.0,-5.62127572516159,0.5367382716785984,0.5280521673925281,0.5310707619172845,0.0
8.458000000000752,0.0,-5.373596378190305,0.5215345777885704,0.5130985109046625,0.5159551491418388,0.0
8.459000000000751,0.0,-5.133007994137565,0.5066716275121362,0.4984799155570303,0.5011793301611898,0.0
8.46000000000075,0.0,-4.899350452816582,0.49214335915038604,0.48419042273983925,0.4867372362603147,0.0
8.46100000000075,0.0,-4.672466509532543,0.47794378414492333,0.47022414568195836,0.4726228726717242,0.0
8.46200000000075,0.0,-4.452201759609418,0.464066987156537,0.45657526953038763,0.4588303186267525,0.0
8.463000000000749,0.0,-4.238404602909858,0.4505071261046133,0.4432380513910926,0.4453537273681039,0.0
8.464000000000748,0.0,-4.030926208366074,0.43725843216882354,0.4302068203327097,0.43218732612518657,0.0
8.465000000000748,0.0,-3.829620478538842,0.42431520975457493,0.41747597735458825,0.4193254160537249,0.0
8.466000000000747,0.0,-3.634344014221104,0.41167183642367644,0.40503999532059365,0.40676237214110444,0.0
8.467000000000747,0.0,-3.444956079101948,0.39932276279162543,0.39289341886005646,0.39449264307885223,0.0
8.468000000000746,0.0,-3.261318564506101,0.3872625123928869,0.381030864237215,0.3825107511036294,0.0
8.469000000000745,0.0,-3.083295954223419,0.37548568151549433,0.36944701919045936,0.3708112918080606,0.0
8.470000000000745,0.0,-2.9107552894422493,0.363986939006265,0.3581366427426463,0.35938893392269294,0.0
8.471000000000744,0.0,-2.7435661337999244,0.3527610260478882,0.3470945649837255,0.34823841907034314,0.0
8.472000000000744,0.0,-2.581600538563088,0.34180275590910314,0.33631568682687,0.33735456149404575,0.0
8.473000000000743,0.0,-2.424733007949939,0.3311070136691552,0.3257949797392837,0.3267322477597897,0.0
8.474000000000743,0.0,-2.272840464605992,0.3206687559176785,0.31552748544881104,0.3163664364351882,0.0
8.475000000000742,0.0,-2.125802215244348,0.3104830104311249,0.3055083156274535,0.3062521577451981,0.0
8.476000000000742,0.0,-1.9834999164610125,0.300544875826821,0.29573265155285483,0.29638451320596837,0.0
8.477000000000741,0.0,-1.8458175407352528,0.2908495211957087,0.28619574374879286,0.28675867523786797,0.0
8.47800000000074,0.0,-1.7126413426245115,0.28139218571478974,0.27689291160568313,0.2773698867587093,0.0
8.47900000000074,0.0,-1.5838598251629297,0.2721681782402641,0.26781954298206656,0.2682134607581542,0.0
8.48000000000074,0.0,-1.4593637064720517,0.2631728768823265,0.25897109378802924,0.25928477985425913,0.0
8.481000000000739,0.0,-1.3390458865918617,0.25440172856255033,0.25034308755146956,0.2505792958330865,0.0
8.482000000000738,0.0,-1.2228014145398525,0.2458502485547652,0.241931114968103,0.24209252917228113,0.0
8.483000000000738,0.0,-1.1105274556054214,0.23751402001030364,0.23373083343606546,0.23382006854948234,0.0
8.484000000000737,0.0,-1.0021232588864712,0.2293886934684668,0.22573796657595338,0.2257575703364169,0.0
8.485000000000737,0.0,-0.8974901250747158,0.2214699863530319,0.21794830373710555,0.21790075807948658,0.0
8.486000000000736,0.0,-0.7965313744957963,0.21375368245559923,0.21035769949091623,0.2102454219676457,0.0
8.487000000000736,0.0,-0.6991523154099565,0.2062356314065516,0.20296207311193637,0.20278741828833205,0.0
8.488000000000735,0.0,-0.6052602125786629,0.19891174813437323,0.1957574080474992,0.19552266887219324,0.0
8.489000000000734,0.0,-0.5147642561022133,0.1917780123140536,0.18873975137658364,0.18844716052732782,0.0
8.490000000000734,0.0,-0.4275755305330448,0.18483046780527612,0.18190521325860423,0.18155694446373227,0.0
8.491000000000733,0.0,-0.3436069842691294,0.17806522208107106,0.1752499663727954,0.17484813570862892,0.0
8.492000000000733,0.0,-0.262773399231532,0.17147844564758802,0.1687702453488353,0.1683169125133206,0.0
8.493000000000732,0.0,-0.18499136082990555,0.16506637145562358,0.1624623461893346,0.16195951575220313,0.0
8.494000000000732,0.0,-0.11017922821940672,0.15882529430451742,0.15632262568479297,0.15577224831453987,0.0
8.495000000000731,0.0,-0.03825710485223355,0.15275157023901026,0.150347500821608,0.1497514744895856,0.0
8.49600000000073,0.0,0.030853190673284986,0.1468416159396373,0.14453344818370029,0.14389361934562533,0.0
8.49700000000073,0.0,0.09722815346338028,0.14109190810721073,0.1388770033482995,0.13819516810347565,0.0
8.49800000000073,0.0,0.16094262087690286,0.13549898284192682,0.13337476027641876,0.13265266550497537,0.0
8.499000000000729,0.0,0.2220698007685792,0.1300594350176137,0.1280233706985248,0.1272627151769754,0.0
8.500000000000728,0.0,0.28068129942553316,0.12476991765161885,0.12281954349589497,0.12202197899131896,0.0
